station_id,country,region,Name,Name2,lat,lon,elevation,year,month,Tem,Os,date
17115,TR,BAL,LTBG,Bandirma,40.3167,27.9667,51,1950,1,1.8,106.0,1950-01-01
17115,TR,BAL,LTBG,Bandirma,40.3167,27.9667,51,1950,2,5.6,57.0,1950-02-01
17115,TR,BAL,LTBG,Bandirma,40.3167,27.9667,51,1950,3,7.3,74.0,1950-03-01
17115,TR,BAL,LTBG,Bandirma,40.3167,27.9667,51,1950,4,14.7,20.0,1950-04-01
17115,TR,BAL,LTBG,Bandirma,40.3167,27.9667,51,1950,5,16.5,27.0,1950-05-01
17115,TR,BAL,LTBG,Bandirma,40.3167,27.9667,51,1950,6,21.7,0.7,1950-06-01
17115,TR,BAL,LTBG,Bandirma,40.3167,27.9667,51,1950,7,24.1,1.0,1950-07-01
17115,TR,BAL,LTBG,Bandirma,40.3167,27.9667,51,1950,8,23.3,13.0,1950-08-01
17115,TR,BAL,LTBG,Bandirma,40.3167,27.9667,51,1950,9,21.6,137.0,1950-09-01
17115,TR,BAL,LTBG,Bandirma,40.3167,27.9667,51,1950,10,14.5,45.0,1950-10-01
17115,TR,BAL,LTBG,Bandirma,40.3167,27.9667,51,1950,11,10.5,61.0,1950-11-01
17115,TR,BAL,LTBG,Bandirma,40.3167,27.9667,51,1950,12,9.8,83.0,1950-12-01
17115,TR,BAL,LTBG,Bandirma,40.3167,27.9667,51,1951,1,7.6,91.0,1951-01-01
17115,TR,BAL,LTBG,Bandirma,40.3167,27.9667,51,1951,2,8.0,69.0,1951-02-01
17115,TR,BAL,LTBG,Bandirma,40.3167,27.9667,51,1951,3,10.2,105.0,1951-03-01
17115,TR,BAL,LTBG,Bandirma,40.3167,27.9667,51,1951,4,14.0,40.0,1951-04-01
17115,TR,BAL,LTBG,Bandirma,40.3167,27.9667,51,1951,5,18.2,35.0,1951-05-01
17115,TR,BAL,LTBG,Bandirma,40.3167,27.9667,51,1951,6,21.1,16.0,1951-06-01
17115,TR,BAL,LTBG,Bandirma,40.3167,27.9667,51,1951,7,24.0,12.0,1951-07-01
17115,TR,BAL,LTBG,Bandirma,40.3167,27.9667,51,1951,8,24.8,48.0,1951-08-01
17115,TR,BAL,LTBG,Bandirma,40.3167,27.9667,51,1951,9,21.4,11.0,1951-09-01
17115,TR,BAL,LTBG,Bandirma,40.3167,27.9667,51,1951,10,13.9,69.0,1951-10-01
17115,TR,BAL,LTBG,Bandirma,40.3167,27.9667,51,1951,11,12.3,95.0,1951-11-01
17115,TR,BAL,LTBG,Bandirma,40.3167,27.9667,51,1951,12,5.7,62.0,1951-12-01
17115,TR,BAL,LTBG,Bandirma,40.3167,27.9667,51,1952,1,7.0,101.0,1952-01-01
17115,TR,BAL,LTBG,Bandirma,40.3167,27.9667,51,1952,2,6.9,95.0,1952-02-01
17115,TR,BAL,LTBG,Bandirma,40.3167,27.9667,51,1952,3,7.9,59.0,1952-03-01
17115,TR,BAL,LTBG,Bandirma,40.3167,27.9667,51,1952,4,12.2,2.0,1952-04-01
17115,TR,BAL,LTBG,Bandirma,40.3167,27.9667,51,1952,5,15.7,16.0,1952-05-01
17115,TR,BAL,LTBG,Bandirma,40.3167,27.9667,51,1952,6,20.1,72.0,1952-06-01
17115,TR,BAL,LTBG,Bandirma,40.3167,27.9667,51,1952,7,22.8,0.0,1952-07-01
17115,TR,BAL,LTBG,Bandirma,40.3167,27.9667,51,1952,8,25.2,,1952-08-01
17115,TR,BAL,LTBG,Bandirma,40.3167,27.9667,51,1952,9,23.2,24.0,1952-09-01
17115,TR,BAL,LTBG,Bandirma,40.3167,27.9667,51,1952,10,16.8,105.0,1952-10-01
17115,TR,BAL,LTBG,Bandirma,40.3167,27.9667,51,1952,11,13.0,111.0,1952-11-01
17115,TR,BAL,LTBG,Bandirma,40.3167,27.9667,51,1952,12,11.0,113.0,1952-12-01
17115,TR,BAL,LTBG,Bandirma,40.3167,27.9667,51,1953,1,7.4,135.0,1953-01-01
17115,TR,BAL,LTBG,Bandirma,40.3167,27.9667,51,1953,2,7.0,127.0,1953-02-01
17115,TR,BAL,LTBG,Bandirma,40.3167,27.9667,51,1953,3,4.5,86.0,1953-03-01
17115,TR,BAL,LTBG,Bandirma,40.3167,27.9667,51,1953,4,11.8,32.0,1953-04-01
17115,TR,BAL,LTBG,Bandirma,40.3167,27.9667,51,1953,5,15.4,59.0,1953-05-01
17115,TR,BAL,LTBG,Bandirma,40.3167,27.9667,51,1953,6,21.1,80.0,1953-06-01
17115,TR,BAL,LTBG,Bandirma,40.3167,27.9667,51,1953,7,23.8,,1953-07-01
17115,TR,BAL,LTBG,Bandirma,40.3167,27.9667,51,1953,8,24.0,0.9,1953-08-01
17115,TR,BAL,LTBG,Bandirma,40.3167,27.9667,51,1953,9,20.2,19.0,1953-09-01
17115,TR,BAL,LTBG,Bandirma,40.3167,27.9667,51,1953,10,16.2,139.0,1953-10-01
17115,TR,BAL,LTBG,Bandirma,40.3167,27.9667,51,1953,11,8.5,13.0,1953-11-01
17115,TR,BAL,LTBG,Bandirma,40.3167,27.9667,51,1953,12,3.7,36.0,1953-12-01
17115,TR,BAL,LTBG,Bandirma,40.3167,27.9667,51,1954,1,1.4,131.0,1954-01-01
17115,TR,BAL,LTBG,Bandirma,40.3167,27.9667,51,1954,2,2.7,73.0,1954-02-01
17115,TR,BAL,LTBG,Bandirma,40.3167,27.9667,51,1954,3,7.8,55.0,1954-03-01
17115,TR,BAL,LTBG,Bandirma,40.3167,27.9667,51,1954,4,9.9,41.0,1954-04-01
17115,TR,BAL,LTBG,Bandirma,40.3167,27.9667,51,1954,5,17.1,47.0,1954-05-01
17115,TR,BAL,LTBG,Bandirma,40.3167,27.9667,51,1954,6,22.9,4.0,1954-06-01
17115,TR,BAL,LTBG,Bandirma,40.3167,27.9667,51,1954,7,24.6,,1954-07-01
17115,TR,BAL,LTBG,Bandirma,40.3167,27.9667,51,1954,8,24.9,0.3,1954-08-01
17115,TR,BAL,LTBG,Bandirma,40.3167,27.9667,51,1954,9,22.6,29.0,1954-09-01
17115,TR,BAL,LTBG,Bandirma,40.3167,27.9667,51,1954,10,16.4,40.0,1954-10-01
17115,TR,BAL,LTBG,Bandirma,40.3167,27.9667,51,1954,11,11.9,68.0,1954-11-01
17115,TR,BAL,LTBG,Bandirma,40.3167,27.9667,51,1954,12,7.6,104.0,1954-12-01
17115,TR,BAL,LTBG,Bandirma,40.3167,27.9667,51,1955,1,9.0,79.0,1955-01-01
17115,TR,BAL,LTBG,Bandirma,40.3167,27.9667,51,1955,2,11.2,106.0,1955-02-01
17115,TR,BAL,LTBG,Bandirma,40.3167,27.9667,51,1955,3,8.9,48.0,1955-03-01
17115,TR,BAL,LTBG,Bandirma,40.3167,27.9667,51,1955,4,9.8,72.0,1955-04-01
17115,TR,BAL,LTBG,Bandirma,40.3167,27.9667,51,1955,5,16.6,2.0,1955-05-01
17115,TR,BAL,LTBG,Bandirma,40.3167,27.9667,51,1955,6,20.4,3.0,1955-06-01
17115,TR,BAL,LTBG,Bandirma,40.3167,27.9667,51,1955,7,24.2,20.0,1955-07-01
17115,TR,BAL,LTBG,Bandirma,40.3167,27.9667,51,1955,8,23.0,36.0,1955-08-01
17115,TR,BAL,LTBG,Bandirma,40.3167,27.9667,51,1955,9,21.3,16.0,1955-09-01
17115,TR,BAL,LTBG,Bandirma,40.3167,27.9667,51,1955,10,18.9,101.0,1955-10-01
17115,TR,BAL,LTBG,Bandirma,40.3167,27.9667,51,1955,11,11.0,359.0,1955-11-01
17115,TR,BAL,LTBG,Bandirma,40.3167,27.9667,51,1955,12,8.5,60.0,1955-12-01
17115,TR,BAL,LTBG,Bandirma,40.3167,27.9667,51,1956,1,6.8,120.0,1956-01-01
17115,TR,BAL,LTBG,Bandirma,40.3167,27.9667,51,1956,2,4.6,142.0,1956-02-01
17115,TR,BAL,LTBG,Bandirma,40.3167,27.9667,51,1956,3,4.6,63.0,1956-03-01
17115,TR,BAL,LTBG,Bandirma,40.3167,27.9667,51,1956,4,12.8,26.0,1956-04-01
17115,TR,BAL,LTBG,Bandirma,40.3167,27.9667,51,1956,5,16.2,28.0,1956-05-01
17115,TR,BAL,LTBG,Bandirma,40.3167,27.9667,51,1956,6,20.6,44.0,1956-06-01
17115,TR,BAL,LTBG,Bandirma,40.3167,27.9667,51,1956,7,23.6,0.0,1956-07-01
17115,TR,BAL,LTBG,Bandirma,40.3167,27.9667,51,1956,8,24.7,0.3,1956-08-01
17115,TR,BAL,LTBG,Bandirma,40.3167,27.9667,51,1956,9,19.8,12.0,1956-09-01
17115,TR,BAL,LTBG,Bandirma,40.3167,27.9667,51,1956,10,14.8,21.0,1956-10-01
17115,TR,BAL,LTBG,Bandirma,40.3167,27.9667,51,1956,11,10.1,95.0,1956-11-01
17115,TR,BAL,LTBG,Bandirma,40.3167,27.9667,51,1956,12,5.9,55.0,1956-12-01
17115,TR,BAL,LTBG,Bandirma,40.3167,27.9667,51,1957,1,4.4,40.0,1957-01-01
17115,TR,BAL,LTBG,Bandirma,40.3167,27.9667,51,1957,2,7.7,32.0,1957-02-01
17115,TR,BAL,LTBG,Bandirma,40.3167,27.9667,51,1957,3,6.7,62.0,1957-03-01
17115,TR,BAL,LTBG,Bandirma,40.3167,27.9667,51,1957,4,11.3,33.0,1957-04-01
17115,TR,BAL,LTBG,Bandirma,40.3167,27.9667,51,1957,5,15.5,73.0,1957-05-01
17115,TR,BAL,LTBG,Bandirma,40.3167,27.9667,51,1957,6,21.3,2.0,1957-06-01
17115,TR,BAL,LTBG,Bandirma,40.3167,27.9667,51,1957,7,23.7,5.0,1957-07-01
17115,TR,BAL,LTBG,Bandirma,40.3167,27.9667,51,1957,8,25.0,0.0,1957-08-01
17115,TR,BAL,LTBG,Bandirma,40.3167,27.9667,51,1957,9,22.7,15.0,1957-09-01
17115,TR,BAL,LTBG,Bandirma,40.3167,27.9667,51,1957,10,17.7,11.0,1957-10-01
17115,TR,BAL,LTBG,Bandirma,40.3167,27.9667,51,1957,11,11.7,71.0,1957-11-01
17115,TR,BAL,LTBG,Bandirma,40.3167,27.9667,51,1957,12,6.6,112.0,1957-12-01
17115,TR,BAL,LTBG,Bandirma,40.3167,27.9667,51,1958,1,5.9,124.0,1958-01-01
17115,TR,BAL,LTBG,Bandirma,40.3167,27.9667,51,1958,2,9.3,35.0,1958-02-01
17115,TR,BAL,LTBG,Bandirma,40.3167,27.9667,51,1958,3,8.2,118.0,1958-03-01
17115,TR,BAL,LTBG,Bandirma,40.3167,27.9667,51,1958,4,11.8,39.0,1958-04-01
17115,TR,BAL,LTBG,Bandirma,40.3167,27.9667,51,1958,5,18.2,27.0,1958-05-01
17115,TR,BAL,LTBG,Bandirma,40.3167,27.9667,51,1958,6,21.3,13.0,1958-06-01
17115,TR,BAL,LTBG,Bandirma,40.3167,27.9667,51,1958,7,23.5,0.9,1958-07-01
17115,TR,BAL,LTBG,Bandirma,40.3167,27.9667,51,1958,8,23.9,2.0,1958-08-01
17115,TR,BAL,LTBG,Bandirma,40.3167,27.9667,51,1958,9,19.0,84.0,1958-09-01
17115,TR,BAL,LTBG,Bandirma,40.3167,27.9667,51,1958,10,14.8,108.0,1958-10-01
17115,TR,BAL,LTBG,Bandirma,40.3167,27.9667,51,1958,11,11.5,25.0,1958-11-01
17115,TR,BAL,LTBG,Bandirma,40.3167,27.9667,51,1958,12,9.2,91.0,1958-12-01
17115,TR,BAL,LTBG,Bandirma,40.3167,27.9667,51,1959,1,6.5,165.0,1959-01-01
17115,TR,BAL,LTBG,Bandirma,40.3167,27.9667,51,1959,2,3.2,46.0,1959-02-01
17115,TR,BAL,LTBG,Bandirma,40.3167,27.9667,51,1959,3,6.6,42.0,1959-03-01
17115,TR,BAL,LTBG,Bandirma,40.3167,27.9667,51,1959,4,12.3,13.0,1959-04-01
17115,TR,BAL,LTBG,Bandirma,40.3167,27.9667,51,1959,5,15.5,45.0,1959-05-01
17115,TR,BAL,LTBG,Bandirma,40.3167,27.9667,51,1959,6,19.9,21.0,1959-06-01
17115,TR,BAL,LTBG,Bandirma,40.3167,27.9667,51,1959,7,23.8,68.0,1959-07-01
17115,TR,BAL,LTBG,Bandirma,40.3167,27.9667,51,1959,8,24.0,0.0,1959-08-01
17115,TR,BAL,LTBG,Bandirma,40.3167,27.9667,51,1959,9,17.8,28.0,1959-09-01
17115,TR,BAL,LTBG,Bandirma,40.3167,27.9667,51,1959,10,12.8,46.0,1959-10-01
17115,TR,BAL,LTBG,Bandirma,40.3167,27.9667,51,1959,11,10.2,105.0,1959-11-01
17115,TR,BAL,LTBG,Bandirma,40.3167,27.9667,51,1959,12,9.5,95.0,1959-12-01
17115,TR,BAL,LTBG,Bandirma,40.3167,27.9667,51,1960,1,7.2,93.0,1960-01-01
17115,TR,BAL,LTBG,Bandirma,40.3167,27.9667,51,1960,2,6.2,83.0,1960-02-01
17115,TR,BAL,LTBG,Bandirma,40.3167,27.9667,51,1960,3,7.4,72.0,1960-03-01
17115,TR,BAL,LTBG,Bandirma,40.3167,27.9667,51,1960,4,10.7,59.0,1960-04-01
17115,TR,BAL,LTBG,Bandirma,40.3167,27.9667,51,1960,5,16.1,56.0,1960-05-01
17115,TR,BAL,LTBG,Bandirma,40.3167,27.9667,51,1960,6,19.8,109.0,1960-06-01
17115,TR,BAL,LTBG,Bandirma,40.3167,27.9667,51,1960,7,22.6,3.0,1960-07-01
17115,TR,BAL,LTBG,Bandirma,40.3167,27.9667,51,1960,8,23.3,3.0,1960-08-01
17115,TR,BAL,LTBG,Bandirma,40.3167,27.9667,51,1960,9,19.6,25.0,1960-09-01
17115,TR,BAL,LTBG,Bandirma,40.3167,27.9667,51,1960,10,18.9,32.0,1960-10-01
17115,TR,BAL,LTBG,Bandirma,40.3167,27.9667,51,1960,11,13.5,50.0,1960-11-01
17115,TR,BAL,LTBG,Bandirma,40.3167,27.9667,51,1960,12,11.7,124.0,1960-12-01
17115,TR,BAL,LTBG,Bandirma,40.3167,27.9667,51,1961,1,5.8,101.0,1961-01-01
17115,TR,BAL,LTBG,Bandirma,40.3167,27.9667,51,1961,2,5.5,87.0,1961-02-01
17115,TR,BAL,LTBG,Bandirma,40.3167,27.9667,51,1961,3,8.6,33.0,1961-03-01
17115,TR,BAL,LTBG,Bandirma,40.3167,27.9667,51,1961,4,14.0,57.0,1961-04-01
17115,TR,BAL,LTBG,Bandirma,40.3167,27.9667,51,1961,5,17.5,65.0,1961-05-01
17115,TR,BAL,LTBG,Bandirma,40.3167,27.9667,51,1961,6,21.4,27.0,1961-06-01
17115,TR,BAL,LTBG,Bandirma,40.3167,27.9667,51,1961,7,23.2,0.2,1961-07-01
17115,TR,BAL,LTBG,Bandirma,40.3167,27.9667,51,1961,8,24.1,7.0,1961-08-01
17115,TR,BAL,LTBG,Bandirma,40.3167,27.9667,51,1961,9,19.5,37.0,1961-09-01
17115,TR,BAL,LTBG,Bandirma,40.3167,27.9667,51,1961,10,15.6,75.0,1961-10-01
17115,TR,BAL,LTBG,Bandirma,40.3167,27.9667,51,1961,11,13.9,43.0,1961-11-01
17115,TR,BAL,LTBG,Bandirma,40.3167,27.9667,51,1961,12,8.7,113.0,1961-12-01
17115,TR,BAL,LTBG,Bandirma,40.3167,27.9667,51,1962,1,6.8,48.0,1962-01-01
17115,TR,BAL,LTBG,Bandirma,40.3167,27.9667,51,1962,2,5.0,90.0,1962-02-01
17115,TR,BAL,LTBG,Bandirma,40.3167,27.9667,51,1962,3,9.9,124.0,1962-03-01
17115,TR,BAL,LTBG,Bandirma,40.3167,27.9667,51,1962,4,11.8,62.0,1962-04-01
17115,TR,BAL,LTBG,Bandirma,40.3167,27.9667,51,1962,5,17.8,4.0,1962-05-01
17115,TR,BAL,LTBG,Bandirma,40.3167,27.9667,51,1962,6,20.1,10.0,1962-06-01
17115,TR,BAL,LTBG,Bandirma,40.3167,27.9667,51,1962,7,23.0,33.0,1962-07-01
17115,TR,BAL,LTBG,Bandirma,40.3167,27.9667,51,1962,8,24.8,,1962-08-01
17115,TR,BAL,LTBG,Bandirma,40.3167,27.9667,51,1962,9,20.8,15.0,1962-09-01
17115,TR,BAL,LTBG,Bandirma,40.3167,27.9667,51,1962,10,17.2,159.0,1962-10-01
17115,TR,BAL,LTBG,Bandirma,40.3167,27.9667,51,1962,11,15.5,101.0,1962-11-01
17115,TR,BAL,LTBG,Bandirma,40.3167,27.9667,51,1962,12,7.9,227.0,1962-12-01
17115,TR,BAL,LTBG,Bandirma,40.3167,27.9667,51,1963,1,4.9,179.0,1963-01-01
17115,TR,BAL,LTBG,Bandirma,40.3167,27.9667,51,1963,2,7.9,89.0,1963-02-01
17115,TR,BAL,LTBG,Bandirma,40.3167,27.9667,51,1963,3,6.8,88.0,1963-03-01
17115,TR,BAL,LTBG,Bandirma,40.3167,27.9667,51,1963,4,10.6,39.0,1963-04-01
17115,TR,BAL,LTBG,Bandirma,40.3167,27.9667,51,1963,5,15.7,22.0,1963-05-01
17115,TR,BAL,LTBG,Bandirma,40.3167,27.9667,51,1963,6,21.4,5.0,1963-06-01
17115,TR,BAL,LTBG,Bandirma,40.3167,27.9667,51,1963,7,24.7,1.0,1963-07-01
17115,TR,BAL,LTBG,Bandirma,40.3167,27.9667,51,1963,8,25.1,,1963-08-01
17115,TR,BAL,LTBG,Bandirma,40.3167,27.9667,51,1963,9,22.6,9.0,1963-09-01
17115,TR,BAL,LTBG,Bandirma,40.3167,27.9667,51,1963,10,16.9,49.0,1963-10-01
17115,TR,BAL,LTBG,Bandirma,40.3167,27.9667,51,1963,11,12.0,26.0,1963-11-01
17115,TR,BAL,LTBG,Bandirma,40.3167,27.9667,51,1963,12,8.1,349.0,1963-12-01
17115,TR,BAL,LTBG,Bandirma,40.3167,27.9667,51,1964,1,2.8,32.0,1964-01-01
17115,TR,BAL,LTBG,Bandirma,40.3167,27.9667,51,1964,2,4.2,105.0,1964-02-01
17115,TR,BAL,LTBG,Bandirma,40.3167,27.9667,51,1964,3,7.1,92.0,1964-03-01
17115,TR,BAL,LTBG,Bandirma,40.3167,27.9667,51,1964,4,12.1,8.0,1964-04-01
17115,TR,BAL,LTBG,Bandirma,40.3167,27.9667,51,1964,5,14.6,40.0,1964-05-01
17115,TR,BAL,LTBG,Bandirma,40.3167,27.9667,51,1964,6,21.6,4.0,1964-06-01
17115,TR,BAL,LTBG,Bandirma,40.3167,27.9667,51,1964,7,22.8,0.8,1964-07-01
17115,TR,BAL,LTBG,Bandirma,40.3167,27.9667,51,1964,8,22.6,23.0,1964-08-01
17115,TR,BAL,LTBG,Bandirma,40.3167,27.9667,51,1964,9,19.3,94.0,1964-09-01
17115,TR,BAL,LTBG,Bandirma,40.3167,27.9667,51,1964,10,17.3,0.5,1964-10-01
17115,TR,BAL,LTBG,Bandirma,40.3167,27.9667,51,1964,11,11.2,65.0,1964-11-01
17115,TR,BAL,LTBG,Bandirma,40.3167,27.9667,51,1964,12,9.1,128.0,1964-12-01
17115,TR,BAL,LTBG,Bandirma,40.3167,27.9667,51,1965,1,6.0,40.0,1965-01-01
17115,TR,BAL,LTBG,Bandirma,40.3167,27.9667,51,1965,2,3.7,212.0,1965-02-01
17115,TR,BAL,LTBG,Bandirma,40.3167,27.9667,51,1965,3,7.5,96.0,1965-03-01
17115,TR,BAL,LTBG,Bandirma,40.3167,27.9667,51,1965,4,10.9,213.0,1965-04-01
17115,TR,BAL,LTBG,Bandirma,40.3167,27.9667,51,1965,5,15.9,44.0,1965-05-01
17115,TR,BAL,LTBG,Bandirma,40.3167,27.9667,51,1965,6,21.4,1.0,1965-06-01
17115,TR,BAL,LTBG,Bandirma,40.3167,27.9667,51,1965,7,23.3,3.0,1965-07-01
17115,TR,BAL,LTBG,Bandirma,40.3167,27.9667,51,1965,8,21.8,6.0,1965-08-01
17115,TR,BAL,LTBG,Bandirma,40.3167,27.9667,51,1965,9,20.7,,1965-09-01
17115,TR,BAL,LTBG,Bandirma,40.3167,27.9667,51,1965,10,14.2,35.0,1965-10-01
17115,TR,BAL,LTBG,Bandirma,40.3167,27.9667,51,1965,11,11.8,150.0,1965-11-01
17115,TR,BAL,LTBG,Bandirma,40.3167,27.9667,51,1965,12,9.5,123.0,1965-12-01
17115,TR,BAL,LTBG,Bandirma,40.3167,27.9667,51,1966,1,6.1,191.0,1966-01-01
17115,TR,BAL,LTBG,Bandirma,40.3167,27.9667,51,1966,2,10.1,6.0,1966-02-01
17115,TR,BAL,LTBG,Bandirma,40.3167,27.9667,51,1966,3,8.6,164.0,1966-03-01
17115,TR,BAL,LTBG,Bandirma,40.3167,27.9667,51,1966,4,13.7,57.0,1966-04-01
17115,TR,BAL,LTBG,Bandirma,40.3167,27.9667,51,1966,5,16.6,16.0,1966-05-01
17115,TR,BAL,LTBG,Bandirma,40.3167,27.9667,51,1966,6,20.3,15.0,1966-06-01
17115,TR,BAL,LTBG,Bandirma,40.3167,27.9667,51,1966,7,24.5,0.2,1966-07-01
17115,TR,BAL,LTBG,Bandirma,40.3167,27.9667,51,1966,8,25.2,32.0,1966-08-01
17115,TR,BAL,LTBG,Bandirma,40.3167,27.9667,51,1966,9,20.1,31.0,1966-09-01
17115,TR,BAL,LTBG,Bandirma,40.3167,27.9667,51,1966,10,19.1,12.0,1966-10-01
17115,TR,BAL,LTBG,Bandirma,40.3167,27.9667,51,1966,11,14.7,103.0,1966-11-01
17115,TR,BAL,LTBG,Bandirma,40.3167,27.9667,51,1966,12,8.0,186.0,1966-12-01
17115,TR,BAL,LTBG,Bandirma,40.3167,27.9667,51,1967,1,3.9,154.0,1967-01-01
17115,TR,BAL,LTBG,Bandirma,40.3167,27.9667,51,1967,2,3.4,40.0,1967-02-01
17115,TR,BAL,LTBG,Bandirma,40.3167,27.9667,51,1967,3,8.0,43.0,1967-03-01
17115,TR,BAL,LTBG,Bandirma,40.3167,27.9667,51,1967,4,11.9,78.0,1967-04-01
17115,TR,BAL,LTBG,Bandirma,40.3167,27.9667,51,1967,5,17.1,20.0,1967-05-01
17115,TR,BAL,LTBG,Bandirma,40.3167,27.9667,51,1967,6,20.4,17.0,1967-06-01
17115,TR,BAL,LTBG,Bandirma,40.3167,27.9667,51,1967,7,23.7,16.0,1967-07-01
17115,TR,BAL,LTBG,Bandirma,40.3167,27.9667,51,1967,8,24.1,31.0,1967-08-01
17115,TR,BAL,LTBG,Bandirma,40.3167,27.9667,51,1967,9,20.7,8.0,1967-09-01
17115,TR,BAL,LTBG,Bandirma,40.3167,27.9667,51,1967,10,16.4,71.0,1967-10-01
17115,TR,BAL,LTBG,Bandirma,40.3167,27.9667,51,1967,11,10.9,24.0,1967-11-01
17115,TR,BAL,LTBG,Bandirma,40.3167,27.9667,51,1967,12,7.5,133.0,1967-12-01
17115,TR,BAL,LTBG,Bandirma,40.3167,27.9667,51,1968,1,3.8,190.0,1968-01-01
17115,TR,BAL,LTBG,Bandirma,40.3167,27.9667,51,1968,2,6.3,39.0,1968-02-01
17115,TR,BAL,LTBG,Bandirma,40.3167,27.9667,51,1968,3,7.7,99.0,1968-03-01
17115,TR,BAL,LTBG,Bandirma,40.3167,27.9667,51,1968,4,13.1,21.0,1968-04-01
17115,TR,BAL,LTBG,Bandirma,40.3167,27.9667,51,1968,5,18.6,10.0,1968-05-01
17115,TR,BAL,LTBG,Bandirma,40.3167,27.9667,51,1968,6,20.8,32.0,1968-06-01
17115,TR,BAL,LTBG,Bandirma,40.3167,27.9667,51,1968,7,23.5,0.0,1968-07-01
17115,TR,BAL,LTBG,Bandirma,40.3167,27.9667,51,1968,8,22.6,50.0,1968-08-01
17115,TR,BAL,LTBG,Bandirma,40.3167,27.9667,51,1968,9,19.8,154.0,1968-09-01
17115,TR,BAL,LTBG,Bandirma,40.3167,27.9667,51,1968,10,14.5,28.0,1968-10-01
17115,TR,BAL,LTBG,Bandirma,40.3167,27.9667,51,1968,11,12.0,123.0,1968-11-01
17115,TR,BAL,LTBG,Bandirma,40.3167,27.9667,51,1968,12,7.6,121.0,1968-12-01
17115,TR,BAL,LTBG,Bandirma,40.3167,27.9667,51,1969,1,3.3,121.0,1969-01-01
17115,TR,BAL,LTBG,Bandirma,40.3167,27.9667,51,1969,2,7.7,85.0,1969-02-01
17115,TR,BAL,LTBG,Bandirma,40.3167,27.9667,51,1969,3,6.2,50.0,1969-03-01
17115,TR,BAL,LTBG,Bandirma,40.3167,27.9667,51,1969,4,10.8,130.0,1969-04-01
17115,TR,BAL,LTBG,Bandirma,40.3167,27.9667,51,1969,5,17.8,22.0,1969-05-01
17115,TR,BAL,LTBG,Bandirma,40.3167,27.9667,51,1969,6,22.0,52.0,1969-06-01
17115,TR,BAL,LTBG,Bandirma,40.3167,27.9667,51,1969,7,21.7,11.0,1969-07-01
17115,TR,BAL,LTBG,Bandirma,40.3167,27.9667,51,1969,8,23.4,,1969-08-01
17115,TR,BAL,LTBG,Bandirma,40.3167,27.9667,51,1969,9,21.8,0.5,1969-09-01
17115,TR,BAL,LTBG,Bandirma,40.3167,27.9667,51,1969,10,15.9,4.0,1969-10-01
17115,TR,BAL,LTBG,Bandirma,40.3167,27.9667,51,1969,11,12.0,28.0,1969-11-01
17115,TR,BAL,LTBG,Bandirma,40.3167,27.9667,51,1969,12,9.3,169.0,1969-12-01
17115,TR,BAL,LTBG,Bandirma,40.3167,27.9667,51,1970,1,7.4,117.0,1970-01-01
17115,TR,BAL,LTBG,Bandirma,40.3167,27.9667,51,1970,2,8.8,170.0,1970-02-01
17115,TR,BAL,LTBG,Bandirma,40.3167,27.9667,51,1970,3,9.5,68.0,1970-03-01
17115,TR,BAL,LTBG,Bandirma,40.3167,27.9667,51,1970,4,14.9,73.0,1970-04-01
17115,TR,BAL,LTBG,Bandirma,40.3167,27.9667,51,1970,5,16.2,25.0,1970-05-01
17115,TR,BAL,LTBG,Bandirma,40.3167,27.9667,51,1970,6,20.8,4.0,1970-06-01
17115,TR,BAL,LTBG,Bandirma,40.3167,27.9667,51,1970,7,24.2,2.0,1970-07-01
17115,TR,BAL,LTBG,Bandirma,40.3167,27.9667,51,1970,8,24.0,2.0,1970-08-01
17115,TR,BAL,LTBG,Bandirma,40.3167,27.9667,51,1970,9,20.0,36.0,1970-09-01
17115,TR,BAL,LTBG,Bandirma,40.3167,27.9667,51,1970,10,14.5,75.0,1970-10-01
17115,TR,BAL,LTBG,Bandirma,40.3167,27.9667,51,1970,11,11.3,108.0,1970-11-01
17115,TR,BAL,LTBG,Bandirma,40.3167,27.9667,51,1970,12,7.1,76.0,1970-12-01
17115,TR,BAL,LTBG,Bandirma,40.3167,27.9667,51,1971,1,8.6,75.0,1971-01-01
17115,TR,BAL,LTBG,Bandirma,40.3167,27.9667,51,1971,2,6.3,67.0,1971-02-01
17115,TR,BAL,LTBG,Bandirma,40.3167,27.9667,51,1971,3,8.0,169.0,1971-03-01
17115,TR,BAL,LTBG,Bandirma,40.3167,27.9667,51,1971,4,11.3,27.0,1971-04-01
17115,TR,BAL,LTBG,Bandirma,40.3167,27.9667,51,1971,5,17.3,18.0,1971-05-01
17115,TR,BAL,LTBG,Bandirma,40.3167,27.9667,51,1971,6,21.2,17.0,1971-06-01
17115,TR,BAL,LTBG,Bandirma,40.3167,27.9667,51,1971,7,22.4,18.0,1971-07-01
17115,TR,BAL,LTBG,Bandirma,40.3167,27.9667,51,1971,8,23.8,10.0,1971-08-01
17115,TR,BAL,LTBG,Bandirma,40.3167,27.9667,51,1971,9,20.4,20.0,1971-09-01
17115,TR,BAL,LTBG,Bandirma,40.3167,27.9667,51,1971,10,13.5,90.0,1971-10-01
17115,TR,BAL,LTBG,Bandirma,40.3167,27.9667,51,1971,11,10.9,110.0,1971-11-01
17115,TR,BAL,LTBG,Bandirma,40.3167,27.9667,51,1971,12,6.1,52.0,1971-12-01
17115,TR,BAL,LTBG,Bandirma,40.3167,27.9667,51,1972,1,3.4,32.0,1972-01-01
17115,TR,BAL,LTBG,Bandirma,40.3167,27.9667,51,1972,2,4.4,36.0,1972-02-01
17115,TR,BAL,LTBG,Bandirma,40.3167,27.9667,51,1972,3,7.3,19.0,1972-03-01
17115,TR,BAL,LTBG,Bandirma,40.3167,27.9667,51,1972,4,14.4,67.0,1972-04-01
17115,TR,BAL,LTBG,Bandirma,40.3167,27.9667,51,1972,5,16.4,38.0,1972-05-01
17115,TR,BAL,LTBG,Bandirma,40.3167,27.9667,51,1972,6,22.0,23.0,1972-06-01
17115,TR,BAL,LTBG,Bandirma,40.3167,27.9667,51,1972,7,23.9,55.0,1972-07-01
17115,TR,BAL,LTBG,Bandirma,40.3167,27.9667,51,1972,8,23.5,90.0,1972-08-01
17115,TR,BAL,LTBG,Bandirma,40.3167,27.9667,51,1972,9,20.3,86.0,1972-09-01
17115,TR,BAL,LTBG,Bandirma,40.3167,27.9667,51,1972,10,14.4,140.0,1972-10-01
17115,TR,BAL,LTBG,Bandirma,40.3167,27.9667,51,1972,11,10.9,85.0,1972-11-01
17115,TR,BAL,LTBG,Bandirma,40.3167,27.9667,51,1972,12,5.9,11.0,1972-12-01
17115,TR,BAL,LTBG,Bandirma,40.3167,27.9667,51,1973,1,4.1,44.0,1973-01-01
17115,TR,BAL,LTBG,Bandirma,40.3167,27.9667,51,1973,2,7.8,88.0,1973-02-01
17115,TR,BAL,LTBG,Bandirma,40.3167,27.9667,51,1973,3,6.7,64.0,1973-03-01
17115,TR,BAL,LTBG,Bandirma,40.3167,27.9667,51,1973,4,11.7,77.0,1973-04-01
17115,TR,BAL,LTBG,Bandirma,40.3167,27.9667,51,1973,5,17.0,7.0,1973-05-01
17115,TR,BAL,LTBG,Bandirma,40.3167,27.9667,51,1973,6,19.6,42.0,1973-06-01
17115,TR,BAL,LTBG,Bandirma,40.3167,27.9667,51,1973,7,23.9,,1973-07-01
17115,TR,BAL,LTBG,Bandirma,40.3167,27.9667,51,1973,8,22.6,32.0,1973-08-01
17115,TR,BAL,LTBG,Bandirma,40.3167,27.9667,51,1973,9,20.5,24.0,1973-09-01
17115,TR,BAL,LTBG,Bandirma,40.3167,27.9667,51,1973,10,16.6,95.0,1973-10-01
17115,TR,BAL,LTBG,Bandirma,40.3167,27.9667,51,1973,11,8.8,52.0,1973-11-01
17115,TR,BAL,LTBG,Bandirma,40.3167,27.9667,51,1973,12,7.4,74.0,1973-12-01
17115,TR,BAL,LTBG,Bandirma,40.3167,27.9667,51,1974,1,2.6,60.0,1974-01-01
17115,TR,BAL,LTBG,Bandirma,40.3167,27.9667,51,1974,2,6.0,70.0,1974-02-01
17115,TR,BAL,LTBG,Bandirma,40.3167,27.9667,51,1974,3,7.0,73.0,1974-03-01
17115,TR,BAL,LTBG,Bandirma,40.3167,27.9667,51,1974,4,10.5,28.0,1974-04-01
17115,TR,BAL,LTBG,Bandirma,40.3167,27.9667,51,1974,5,16.4,122.0,1974-05-01
17115,TR,BAL,LTBG,Bandirma,40.3167,27.9667,51,1974,6,20.6,2.0,1974-06-01
17115,TR,BAL,LTBG,Bandirma,40.3167,27.9667,51,1974,7,22.6,7.0,1974-07-01
17115,TR,BAL,LTBG,Bandirma,40.3167,27.9667,51,1974,8,22.8,0.3,1974-08-01
17115,TR,BAL,LTBG,Bandirma,40.3167,27.9667,51,1974,9,20.6,20.0,1974-09-01
17115,TR,BAL,LTBG,Bandirma,40.3167,27.9667,51,1974,10,19.5,35.0,1974-10-01
17115,TR,BAL,LTBG,Bandirma,40.3167,27.9667,51,1974,11,11.2,85.0,1974-11-01
17115,TR,BAL,LTBG,Bandirma,40.3167,27.9667,51,1974,12,6.4,88.0,1974-12-01
17115,TR,BAL,LTBG,Bandirma,40.3167,27.9667,51,1975,1,4.6,161.0,1975-01-01
17115,TR,BAL,LTBG,Bandirma,40.3167,27.9667,51,1975,2,4.6,112.0,1975-02-01
17115,TR,BAL,LTBG,Bandirma,40.3167,27.9667,51,1975,3,10.2,64.0,1975-03-01
17115,TR,BAL,LTBG,Bandirma,40.3167,27.9667,51,1975,4,13.4,62.0,1975-04-01
17115,TR,BAL,LTBG,Bandirma,40.3167,27.9667,51,1975,5,16.8,55.0,1975-05-01
17115,TR,BAL,LTBG,Bandirma,40.3167,27.9667,51,1975,6,21.0,95.0,1975-06-01
17115,TR,BAL,LTBG,Bandirma,40.3167,27.9667,51,1975,7,24.1,5.0,1975-07-01
17115,TR,BAL,LTBG,Bandirma,40.3167,27.9667,51,1975,8,23.2,25.0,1975-08-01
17115,TR,BAL,LTBG,Bandirma,40.3167,27.9667,51,1975,9,21.2,5.0,1975-09-01
17115,TR,BAL,LTBG,Bandirma,40.3167,27.9667,51,1975,10,15.5,53.0,1975-10-01
17115,TR,BAL,LTBG,Bandirma,40.3167,27.9667,51,1975,11,10.7,85.0,1975-11-01
17115,TR,BAL,LTBG,Bandirma,40.3167,27.9667,51,1975,12,4.7,150.0,1975-12-01
17115,TR,BAL,LTBG,Bandirma,40.3167,27.9667,51,1976,1,4.5,62.0,1976-01-01
17115,TR,BAL,LTBG,Bandirma,40.3167,27.9667,51,1976,2,3.5,43.0,1976-02-01
17115,TR,BAL,LTBG,Bandirma,40.3167,27.9667,51,1976,3,5.8,24.0,1976-03-01
17115,TR,BAL,LTBG,Bandirma,40.3167,27.9667,51,1976,4,11.9,34.0,1976-04-01
17115,TR,BAL,LTBG,Bandirma,40.3167,27.9667,51,1976,5,15.6,20.0,1976-05-01
17115,TR,BAL,LTBG,Bandirma,40.3167,27.9667,51,1976,6,19.7,17.0,1976-06-01
17115,TR,BAL,LTBG,Bandirma,40.3167,27.9667,51,1976,7,22.9,84.0,1976-07-01
17115,TR,BAL,LTBG,Bandirma,40.3167,27.9667,51,1976,8,21.0,36.0,1976-08-01
17115,TR,BAL,LTBG,Bandirma,40.3167,27.9667,51,1976,9,18.9,17.0,1976-09-01
17115,TR,BAL,LTBG,Bandirma,40.3167,27.9667,51,1976,10,15.8,100.0,1976-10-01
17115,TR,BAL,LTBG,Bandirma,40.3167,27.9667,51,1976,11,12.1,77.0,1976-11-01
17115,TR,BAL,LTBG,Bandirma,40.3167,27.9667,51,1976,12,7.2,109.0,1976-12-01
17115,TR,BAL,LTBG,Bandirma,40.3167,27.9667,51,1977,1,6.5,68.0,1977-01-01
17115,TR,BAL,LTBG,Bandirma,40.3167,27.9667,51,1977,2,9.9,50.0,1977-02-01
17115,TR,BAL,LTBG,Bandirma,40.3167,27.9667,51,1977,3,7.7,115.0,1977-03-01
17115,TR,BAL,LTBG,Bandirma,40.3167,27.9667,51,1977,4,11.6,48.0,1977-04-01
17115,TR,BAL,LTBG,Bandirma,40.3167,27.9667,51,1977,5,16.6,11.0,1977-05-01
17115,TR,BAL,LTBG,Bandirma,40.3167,27.9667,51,1977,6,21.1,8.0,1977-06-01
17115,TR,BAL,LTBG,Bandirma,40.3167,27.9667,51,1977,7,23.3,69.0,1977-07-01
17115,TR,BAL,LTBG,Bandirma,40.3167,27.9667,51,1977,8,24.2,0.3,1977-08-01
17115,TR,BAL,LTBG,Bandirma,40.3167,27.9667,51,1977,9,19.4,55.0,1977-09-01
17115,TR,BAL,LTBG,Bandirma,40.3167,27.9667,51,1977,10,13.0,25.0,1977-10-01
17115,TR,BAL,LTBG,Bandirma,40.3167,27.9667,51,1977,11,13.0,100.0,1977-11-01
17115,TR,BAL,LTBG,Bandirma,40.3167,27.9667,51,1977,12,6.1,191.0,1977-12-01
17115,TR,BAL,LTBG,Bandirma,40.3167,27.9667,51,1978,1,5.5,334.0,1978-01-01
17115,TR,BAL,LTBG,Bandirma,40.3167,27.9667,51,1978,2,8.1,129.0,1978-02-01
17115,TR,BAL,LTBG,Bandirma,40.3167,27.9667,51,1978,3,8.9,91.0,1978-03-01
17115,TR,BAL,LTBG,Bandirma,40.3167,27.9667,51,1978,4,12.2,93.0,1978-04-01
17115,TR,BAL,LTBG,Bandirma,40.3167,27.9667,51,1978,5,17.6,33.0,1978-05-01
17115,TR,BAL,LTBG,Bandirma,40.3167,27.9667,51,1978,6,21.3,0.1,1978-06-01
17115,TR,BAL,LTBG,Bandirma,40.3167,27.9667,51,1978,7,23.1,1.0,1978-07-01
17115,TR,BAL,LTBG,Bandirma,40.3167,27.9667,51,1978,8,22.3,0.5,1978-08-01
17115,TR,BAL,LTBG,Bandirma,40.3167,27.9667,51,1978,9,18.4,137.0,1978-09-01
17115,TR,BAL,LTBG,Bandirma,40.3167,27.9667,51,1978,10,15.6,69.0,1978-10-01
17115,TR,BAL,LTBG,Bandirma,40.3167,27.9667,51,1978,11,10.3,76.0,1978-11-01
17115,TR,BAL,LTBG,Bandirma,40.3167,27.9667,51,1978,12,8.2,122.0,1978-12-01
17115,TR,BAL,LTBG,Bandirma,40.3167,27.9667,51,1979,1,6.0,147.0,1979-01-01
17115,TR,BAL,LTBG,Bandirma,40.3167,27.9667,51,1979,2,7.3,60.0,1979-02-01
17115,TR,BAL,LTBG,Bandirma,40.3167,27.9667,51,1979,3,10.3,23.0,1979-03-01
17115,TR,BAL,LTBG,Bandirma,40.3167,27.9667,51,1979,4,11.9,40.0,1979-04-01
17115,TR,BAL,LTBG,Bandirma,40.3167,27.9667,51,1979,5,16.6,20.0,1979-05-01
17115,TR,BAL,LTBG,Bandirma,40.3167,27.9667,51,1979,6,22.4,7.0,1979-06-01
17115,TR,BAL,LTBG,Bandirma,40.3167,27.9667,51,1979,7,22.8,19.0,1979-07-01
17115,TR,BAL,LTBG,Bandirma,40.3167,27.9667,51,1979,8,23.3,118.0,1979-08-01
17115,TR,BAL,LTBG,Bandirma,40.3167,27.9667,51,1979,9,20.2,34.0,1979-09-01
17115,TR,BAL,LTBG,Bandirma,40.3167,27.9667,51,1979,10,15.2,66.0,1979-10-01
17115,TR,BAL,LTBG,Bandirma,40.3167,27.9667,51,1979,11,11.2,111.0,1979-11-01
17115,TR,BAL,LTBG,Bandirma,40.3167,27.9667,51,1979,12,8.0,92.0,1979-12-01
17115,TR,BAL,LTBG,Bandirma,40.3167,27.9667,51,1980,1,3.4,119.0,1980-01-01
17115,TR,BAL,LTBG,Bandirma,40.3167,27.9667,51,1980,2,4.5,68.0,1980-02-01
17115,TR,BAL,LTBG,Bandirma,40.3167,27.9667,51,1980,3,6.7,128.0,1980-03-01
17115,TR,BAL,LTBG,Bandirma,40.3167,27.9667,51,1980,4,11.1,63.0,1980-04-01
17115,TR,BAL,LTBG,Bandirma,40.3167,27.9667,51,1980,5,16.0,54.0,1980-05-01
17115,TR,BAL,LTBG,Bandirma,40.3167,27.9667,51,1980,6,20.2,38.0,1980-06-01
17115,TR,BAL,LTBG,Bandirma,40.3167,27.9667,51,1980,7,23.1,23.0,1980-07-01
17115,TR,BAL,LTBG,Bandirma,40.3167,27.9667,51,1980,8,23.6,1.0,1980-08-01
17115,TR,BAL,LTBG,Bandirma,40.3167,27.9667,51,1980,9,18.6,14.0,1980-09-01
17115,TR,BAL,LTBG,Bandirma,40.3167,27.9667,51,1980,10,17.1,13.0,1980-10-01
17115,TR,BAL,LTBG,Bandirma,40.3167,27.9667,51,1980,11,12.2,115.0,1980-11-01
17115,TR,BAL,LTBG,Bandirma,40.3167,27.9667,51,1980,12,7.8,128.0,1980-12-01
17115,TR,BAL,LTBG,Bandirma,40.3167,27.9667,51,1981,1,4.6,284.0,1981-01-01
17115,TR,BAL,LTBG,Bandirma,40.3167,27.9667,51,1981,2,5.1,122.0,1981-02-01
17115,TR,BAL,LTBG,Bandirma,40.3167,27.9667,51,1981,3,9.8,60.0,1981-03-01
17115,TR,BAL,LTBG,Bandirma,40.3167,27.9667,51,1981,4,11.5,14.0,1981-04-01
17115,TR,BAL,LTBG,Bandirma,40.3167,27.9667,51,1981,5,14.6,78.0,1981-05-01
17115,TR,BAL,LTBG,Bandirma,40.3167,27.9667,51,1981,6,21.5,22.0,1981-06-01
17115,TR,BAL,LTBG,Bandirma,40.3167,27.9667,51,1981,7,22.7,16.0,1981-07-01
17115,TR,BAL,LTBG,Bandirma,40.3167,27.9667,51,1981,8,22.7,0.3,1981-08-01
17115,TR,BAL,LTBG,Bandirma,40.3167,27.9667,51,1981,9,20.0,13.0,1981-09-01
17115,TR,BAL,LTBG,Bandirma,40.3167,27.9667,51,1981,10,17.9,86.0,1981-10-01
17115,TR,BAL,LTBG,Bandirma,40.3167,27.9667,51,1981,11,8.6,113.0,1981-11-01
17115,TR,BAL,LTBG,Bandirma,40.3167,27.9667,51,1981,12,10.9,242.0,1981-12-01
17115,TR,BAL,LTBG,Bandirma,40.3167,27.9667,51,1982,1,6.1,115.0,1982-01-01
17115,TR,BAL,LTBG,Bandirma,40.3167,27.9667,51,1982,2,3.8,26.0,1982-02-01
17115,TR,BAL,LTBG,Bandirma,40.3167,27.9667,51,1982,3,6.5,40.0,1982-03-01
17115,TR,BAL,LTBG,Bandirma,40.3167,27.9667,51,1982,4,10.8,99.0,1982-04-01
17115,TR,BAL,LTBG,Bandirma,40.3167,27.9667,51,1982,5,15.2,75.0,1982-05-01
17115,TR,BAL,LTBG,Bandirma,40.3167,27.9667,51,1982,6,20.1,3.0,1982-06-01
17115,TR,BAL,LTBG,Bandirma,40.3167,27.9667,51,1982,7,22.1,19.0,1982-07-01
17115,TR,BAL,LTBG,Bandirma,40.3167,27.9667,51,1982,8,22.9,6.0,1982-08-01
17115,TR,BAL,LTBG,Bandirma,40.3167,27.9667,51,1982,9,21.8,2.0,1982-09-01
17115,TR,BAL,LTBG,Bandirma,40.3167,27.9667,51,1982,10,16.6,37.0,1982-10-01
17115,TR,BAL,LTBG,Bandirma,40.3167,27.9667,51,1982,11,10.0,33.0,1982-11-01
17115,TR,BAL,LTBG,Bandirma,40.3167,27.9667,51,1982,12,9.7,85.0,1982-12-01
17115,TR,BAL,LTBG,Bandirma,40.3167,27.9667,51,1983,1,4.3,136.0,1983-01-01
17115,TR,BAL,LTBG,Bandirma,40.3167,27.9667,51,1983,2,6.2,94.0,1983-02-01
17115,TR,BAL,LTBG,Bandirma,40.3167,27.9667,51,1983,3,8.8,8.0,1983-03-01
17115,TR,BAL,LTBG,Bandirma,40.3167,27.9667,51,1983,4,13.6,75.0,1983-04-01
17115,TR,BAL,LTBG,Bandirma,40.3167,27.9667,51,1983,5,17.9,22.0,1983-05-01
17115,TR,BAL,LTBG,Bandirma,40.3167,27.9667,51,1983,6,20.1,62.0,1983-06-01
17115,TR,BAL,LTBG,Bandirma,40.3167,27.9667,51,1983,7,23.1,29.0,1983-07-01
17115,TR,BAL,LTBG,Bandirma,40.3167,27.9667,51,1983,8,22.7,4.0,1983-08-01
17115,TR,BAL,LTBG,Bandirma,40.3167,27.9667,51,1983,9,19.8,79.0,1983-09-01
17115,TR,BAL,LTBG,Bandirma,40.3167,27.9667,51,1983,10,15.0,38.0,1983-10-01
17115,TR,BAL,LTBG,Bandirma,40.3167,27.9667,51,1983,11,10.3,92.0,1983-11-01
17115,TR,BAL,LTBG,Bandirma,40.3167,27.9667,51,1983,12,8.6,58.0,1983-12-01
17115,TR,BAL,LTBG,Bandirma,40.3167,27.9667,51,1984,1,7.5,94.0,1984-01-01
17115,TR,BAL,LTBG,Bandirma,40.3167,27.9667,51,1984,2,6.6,51.0,1984-02-01
17115,TR,BAL,LTBG,Bandirma,40.3167,27.9667,51,1984,3,7.6,100.0,1984-03-01
17115,TR,BAL,LTBG,Bandirma,40.3167,27.9667,51,1984,4,9.5,84.0,1984-04-01
17115,TR,BAL,LTBG,Bandirma,40.3167,27.9667,51,1984,5,17.8,16.0,1984-05-01
17115,TR,BAL,LTBG,Bandirma,40.3167,27.9667,51,1984,6,20.5,12.0,1984-06-01
17115,TR,BAL,LTBG,Bandirma,40.3167,27.9667,51,1984,7,22.3,15.0,1984-07-01
17115,TR,BAL,LTBG,Bandirma,40.3167,27.9667,51,1984,8,22.4,13.0,1984-08-01
17115,TR,BAL,LTBG,Bandirma,40.3167,27.9667,51,1984,9,21.4,0.2,1984-09-01
17115,TR,BAL,LTBG,Bandirma,40.3167,27.9667,51,1984,10,18.1,17.0,1984-10-01
17115,TR,BAL,LTBG,Bandirma,40.3167,27.9667,51,1984,11,12.8,65.0,1984-11-01
17115,TR,BAL,LTBG,Bandirma,40.3167,27.9667,51,1984,12,6.7,16.0,1984-12-01
17115,TR,BAL,LTBG,Bandirma,40.3167,27.9667,51,1985,1,8.2,164.0,1985-01-01
17115,TR,BAL,LTBG,Bandirma,40.3167,27.9667,51,1985,2,1.5,73.0,1985-02-01
17115,TR,BAL,LTBG,Bandirma,40.3167,27.9667,51,1985,3,6.6,28.0,1985-03-01
17115,TR,BAL,LTBG,Bandirma,40.3167,27.9667,51,1985,4,14.0,32.0,1985-04-01
17115,TR,BAL,LTBG,Bandirma,40.3167,27.9667,51,1985,5,18.4,13.0,1985-05-01
17115,TR,BAL,LTBG,Bandirma,40.3167,27.9667,51,1985,6,20.7,3.0,1985-06-01
17115,TR,BAL,LTBG,Bandirma,40.3167,27.9667,51,1985,7,22.2,5.0,1985-07-01
17115,TR,BAL,LTBG,Bandirma,40.3167,27.9667,51,1985,8,23.6,1.0,1985-08-01
17115,TR,BAL,LTBG,Bandirma,40.3167,27.9667,51,1985,9,19.3,2.0,1985-09-01
17115,TR,BAL,LTBG,Bandirma,40.3167,27.9667,51,1985,10,13.9,109.0,1985-10-01
17115,TR,BAL,LTBG,Bandirma,40.3167,27.9667,51,1985,11,12.9,157.0,1985-11-01
17115,TR,BAL,LTBG,Bandirma,40.3167,27.9667,51,1985,12,8.9,59.0,1985-12-01
17115,TR,BAL,LTBG,Bandirma,40.3167,27.9667,51,1986,1,7.9,189.0,1986-01-01
17115,TR,BAL,LTBG,Bandirma,40.3167,27.9667,51,1986,2,7.2,136.0,1986-02-01
17115,TR,BAL,LTBG,Bandirma,40.3167,27.9667,51,1986,3,6.9,34.0,1986-03-01
17115,TR,BAL,LTBG,Bandirma,40.3167,27.9667,51,1986,4,13.4,78.0,1986-04-01
17115,TR,BAL,LTBG,Bandirma,40.3167,27.9667,51,1986,5,15.7,10.0,1986-05-01
17115,TR,BAL,LTBG,Bandirma,40.3167,27.9667,51,1986,6,22.0,68.0,1986-06-01
17115,TR,BAL,LTBG,Bandirma,40.3167,27.9667,51,1986,7,23.7,,1986-07-01
17115,TR,BAL,LTBG,Bandirma,40.3167,27.9667,51,1986,8,24.9,0.0,1986-08-01
17115,TR,BAL,LTBG,Bandirma,40.3167,27.9667,51,1986,9,20.8,4.0,1986-09-01
17115,TR,BAL,LTBG,Bandirma,40.3167,27.9667,51,1986,10,14.9,58.0,1986-10-01
17115,TR,BAL,LTBG,Bandirma,40.3167,27.9667,51,1986,11,8.7,57.0,1986-11-01
17115,TR,BAL,LTBG,Bandirma,40.3167,27.9667,51,1986,12,6.1,68.0,1986-12-01
17115,TR,BAL,LTBG,Bandirma,40.3167,27.9667,51,1987,1,6.4,146.0,1987-01-01
17115,TR,BAL,LTBG,Bandirma,40.3167,27.9667,51,1987,2,7.4,37.0,1987-02-01
17115,TR,BAL,LTBG,Bandirma,40.3167,27.9667,51,1987,3,4.3,138.0,1987-03-01
17115,TR,BAL,LTBG,Bandirma,40.3167,27.9667,51,1987,4,10.2,42.0,1987-04-01
17115,TR,BAL,LTBG,Bandirma,40.3167,27.9667,51,1987,5,14.7,36.0,1987-05-01
17115,TR,BAL,LTBG,Bandirma,40.3167,27.9667,51,1987,6,20.1,14.0,1987-06-01
17115,TR,BAL,LTBG,Bandirma,40.3167,27.9667,51,1987,7,23.9,21.0,1987-07-01
17115,TR,BAL,LTBG,Bandirma,40.3167,27.9667,51,1987,8,21.7,7.0,1987-08-01
17115,TR,BAL,LTBG,Bandirma,40.3167,27.9667,51,1987,9,20.1,1.0,1987-09-01
17115,TR,BAL,LTBG,Bandirma,40.3167,27.9667,51,1987,10,14.1,61.0,1987-10-01
17115,TR,BAL,LTBG,Bandirma,40.3167,27.9667,51,1987,11,10.2,132.0,1987-11-01
17115,TR,BAL,LTBG,Bandirma,40.3167,27.9667,51,1987,12,6.6,122.0,1987-12-01
17115,TR,BAL,LTBG,Bandirma,40.3167,27.9667,51,1988,1,6.5,12.0,1988-01-01
17115,TR,BAL,LTBG,Bandirma,40.3167,27.9667,51,1988,2,5.1,57.0,1988-02-01
17115,TR,BAL,LTBG,Bandirma,40.3167,27.9667,51,1988,3,7.5,80.0,1988-03-01
17115,TR,BAL,LTBG,Bandirma,40.3167,27.9667,51,1988,4,10.0,69.0,1988-04-01
17115,TR,BAL,LTBG,Bandirma,40.3167,27.9667,51,1988,5,15.3,4.0,1988-05-01
17115,TR,BAL,LTBG,Bandirma,40.3167,27.9667,51,1988,6,20.6,48.0,1988-06-01
17115,TR,BAL,LTBG,Bandirma,40.3167,27.9667,51,1988,7,24.3,15.0,1988-07-01
17115,TR,BAL,LTBG,Bandirma,40.3167,27.9667,51,1988,8,23.6,8.0,1988-08-01
17115,TR,BAL,LTBG,Bandirma,40.3167,27.9667,51,1988,9,19.2,12.0,1988-09-01
17115,TR,BAL,LTBG,Bandirma,40.3167,27.9667,51,1988,10,14.8,30.0,1988-10-01
17115,TR,BAL,LTBG,Bandirma,40.3167,27.9667,51,1988,11,7.0,363.0,1988-11-01
17115,TR,BAL,LTBG,Bandirma,40.3167,27.9667,51,1988,12,6.4,168.0,1988-12-01
17115,TR,BAL,LTBG,Bandirma,40.3167,27.9667,51,1989,1,3.0,15.0,1989-01-01
17115,TR,BAL,LTBG,Bandirma,40.3167,27.9667,51,1989,2,5.7,13.0,1989-02-01
17115,TR,BAL,LTBG,Bandirma,40.3167,27.9667,51,1989,3,8.6,40.0,1989-03-01
17115,TR,BAL,LTBG,Bandirma,40.3167,27.9667,51,1989,4,15.2,14.0,1989-04-01
17115,TR,BAL,LTBG,Bandirma,40.3167,27.9667,51,1989,5,15.8,72.0,1989-05-01
17115,TR,BAL,LTBG,Bandirma,40.3167,27.9667,51,1989,6,18.9,25.0,1989-06-01
17115,TR,BAL,LTBG,Bandirma,40.3167,27.9667,51,1989,7,22.8,0.0,1989-07-01
17115,TR,BAL,LTBG,Bandirma,40.3167,27.9667,51,1989,8,23.6,3.0,1989-08-01
17115,TR,BAL,LTBG,Bandirma,40.3167,27.9667,51,1989,9,19.8,12.0,1989-09-01
17115,TR,BAL,LTBG,Bandirma,40.3167,27.9667,51,1989,10,14.2,158.0,1989-10-01
17115,TR,BAL,LTBG,Bandirma,40.3167,27.9667,51,1989,11,8.7,126.0,1989-11-01
17115,TR,BAL,LTBG,Bandirma,40.3167,27.9667,51,1989,12,6.5,137.0,1989-12-01
17115,TR,BAL,LTBG,Bandirma,40.3167,27.9667,51,1990,1,3.8,27.0,1990-01-01
17115,TR,BAL,LTBG,Bandirma,40.3167,27.9667,51,1990,2,6.3,24.0,1990-02-01
17115,TR,BAL,LTBG,Bandirma,40.3167,27.9667,51,1990,3,9.0,43.0,1990-03-01
17115,TR,BAL,LTBG,Bandirma,40.3167,27.9667,51,1990,4,12.9,44.0,1990-04-01
17115,TR,BAL,LTBG,Bandirma,40.3167,27.9667,51,1990,5,15.3,51.0,1990-05-01
17115,TR,BAL,LTBG,Bandirma,40.3167,27.9667,51,1990,6,20.4,68.0,1990-06-01
17115,TR,BAL,LTBG,Bandirma,40.3167,27.9667,51,1990,7,23.6,6.0,1990-07-01
17115,TR,BAL,LTBG,Bandirma,40.3167,27.9667,51,1990,8,23.1,0.4,1990-08-01
17115,TR,BAL,LTBG,Bandirma,40.3167,27.9667,51,1990,9,18.7,47.0,1990-09-01
17115,TR,BAL,LTBG,Bandirma,40.3167,27.9667,51,1990,10,15.3,58.0,1990-10-01
17115,TR,BAL,LTBG,Bandirma,40.3167,27.9667,51,1990,11,13.8,87.0,1990-11-01
17115,TR,BAL,LTBG,Bandirma,40.3167,27.9667,51,1990,12,9.0,175.0,1990-12-01
17115,TR,BAL,LTBG,Bandirma,40.3167,27.9667,51,1991,1,5.6,42.0,1991-01-01
17115,TR,BAL,LTBG,Bandirma,40.3167,27.9667,51,1991,2,5.2,45.0,1991-02-01
17115,TR,BAL,LTBG,Bandirma,40.3167,27.9667,51,1991,3,6.7,28.0,1991-03-01
17115,TR,BAL,LTBG,Bandirma,40.3167,27.9667,51,1991,4,11.1,87.0,1991-04-01
17115,TR,BAL,LTBG,Bandirma,40.3167,27.9667,51,1991,5,15.4,104.0,1991-05-01
17115,TR,BAL,LTBG,Bandirma,40.3167,27.9667,51,1991,6,20.4,15.0,1991-06-01
17115,TR,BAL,LTBG,Bandirma,40.3167,27.9667,51,1991,7,23.7,7.0,1991-07-01
17115,TR,BAL,LTBG,Bandirma,40.3167,27.9667,51,1991,8,24.0,0.8,1991-08-01
17115,TR,BAL,LTBG,Bandirma,40.3167,27.9667,51,1991,9,19.9,51.0,1991-09-01
17115,TR,BAL,LTBG,Bandirma,40.3167,27.9667,51,1991,10,16.4,205.0,1991-10-01
17115,TR,BAL,LTBG,Bandirma,40.3167,27.9667,51,1991,11,11.4,77.0,1991-11-01
17115,TR,BAL,LTBG,Bandirma,40.3167,27.9667,51,1991,12,3.5,134.0,1991-12-01
17115,TR,BAL,LTBG,Bandirma,40.3167,27.9667,51,1992,1,3.9,,1992-01-01
17115,TR,BAL,LTBG,Bandirma,40.3167,27.9667,51,1992,2,2.8,,1992-02-01
17115,TR,BAL,LTBG,Bandirma,40.3167,27.9667,51,1992,3,7.5,,1992-03-01
17115,TR,BAL,LTBG,Bandirma,40.3167,27.9667,51,1992,4,11.7,,1992-04-01
17115,TR,BAL,LTBG,Bandirma,40.3167,27.9667,51,1992,5,14.1,,1992-05-01
17115,TR,BAL,LTBG,Bandirma,40.3167,27.9667,51,1992,6,21.0,,1992-06-01
17115,TR,BAL,LTBG,Bandirma,40.3167,27.9667,51,1992,7,21.8,,1992-07-01
17115,TR,BAL,LTBG,Bandirma,40.3167,27.9667,51,1992,8,24.9,,1992-08-01
17115,TR,BAL,LTBG,Bandirma,40.3167,27.9667,51,1992,9,19.7,,1992-09-01
17115,TR,BAL,LTBG,Bandirma,40.3167,27.9667,51,1992,10,18.6,,1992-10-01
17115,TR,BAL,LTBG,Bandirma,40.3167,27.9667,51,1992,11,10.2,,1992-11-01
17115,TR,BAL,LTBG,Bandirma,40.3167,27.9667,51,1992,12,4.9,,1992-12-01
17115,TR,BAL,LTBG,Bandirma,40.3167,27.9667,51,1993,1,4.0,,1993-01-01
17115,TR,BAL,LTBG,Bandirma,40.3167,27.9667,51,1993,2,3.0,,1993-02-01
17115,TR,BAL,LTBG,Bandirma,40.3167,27.9667,51,1993,3,6.9,,1993-03-01
17115,TR,BAL,LTBG,Bandirma,40.3167,27.9667,51,1993,4,11.8,,1993-04-01
17115,TR,BAL,LTBG,Bandirma,40.3167,27.9667,51,1993,5,15.2,,1993-05-01
17115,TR,BAL,LTBG,Bandirma,40.3167,27.9667,51,1993,6,20.5,,1993-06-01
17115,TR,BAL,LTBG,Bandirma,40.3167,27.9667,51,1993,7,22.4,,1993-07-01
17115,TR,BAL,LTBG,Bandirma,40.3167,27.9667,51,1993,8,23.5,,1993-08-01
17115,TR,BAL,LTBG,Bandirma,40.3167,27.9667,51,1993,9,19.3,,1993-09-01
17115,TR,BAL,LTBG,Bandirma,40.3167,27.9667,51,1993,10,17.5,,1993-10-01
17115,TR,BAL,LTBG,Bandirma,40.3167,27.9667,51,1993,11,9.4,,1993-11-01
17115,TR,BAL,LTBG,Bandirma,40.3167,27.9667,51,1993,12,8.9,,1993-12-01
17115,TR,BAL,LTBG,Bandirma,40.3167,27.9667,51,1994,1,7.5,,1994-01-01
17115,TR,BAL,LTBG,Bandirma,40.3167,27.9667,51,1994,2,5.7,,1994-02-01
17115,TR,BAL,LTBG,Bandirma,40.3167,27.9667,51,1994,3,8.7,,1994-03-01
17115,TR,BAL,LTBG,Bandirma,40.3167,27.9667,51,1994,4,13.7,,1994-04-01
17115,TR,BAL,LTBG,Bandirma,40.3167,27.9667,51,1994,5,16.6,,1994-05-01
17115,TR,BAL,LTBG,Bandirma,40.3167,27.9667,51,1994,6,19.8,,1994-06-01
17115,TR,BAL,LTBG,Bandirma,40.3167,27.9667,51,1994,7,24.0,,1994-07-01
17115,TR,BAL,LTBG,Bandirma,40.3167,27.9667,51,1994,8,24.4,,1994-08-01
17115,TR,BAL,LTBG,Bandirma,40.3167,27.9667,51,1994,9,23.3,,1994-09-01
17115,TR,BAL,LTBG,Bandirma,40.3167,27.9667,51,1994,10,18.0,,1994-10-01
17115,TR,BAL,LTBG,Bandirma,40.3167,27.9667,51,1994,11,9.5,,1994-11-01
17115,TR,BAL,LTBG,Bandirma,40.3167,27.9667,51,1994,12,5.6,,1994-12-01
17115,TR,BAL,LTBG,Bandirma,40.3167,27.9667,51,1995,1,6.4,,1995-01-01
17115,TR,BAL,LTBG,Bandirma,40.3167,27.9667,51,1995,2,7.9,,1995-02-01
17115,TR,BAL,LTBG,Bandirma,40.3167,27.9667,51,1995,3,9.0,,1995-03-01
17115,TR,BAL,LTBG,Bandirma,40.3167,27.9667,51,1995,4,11.3,,1995-04-01
17115,TR,BAL,LTBG,Bandirma,40.3167,27.9667,51,1995,5,16.6,,1995-05-01
17115,TR,BAL,LTBG,Bandirma,40.3167,27.9667,51,1995,6,22.8,,1995-06-01
17115,TR,BAL,LTBG,Bandirma,40.3167,27.9667,51,1995,7,24.2,,1995-07-01
17115,TR,BAL,LTBG,Bandirma,40.3167,27.9667,51,1995,8,23.7,,1995-08-01
17115,TR,BAL,LTBG,Bandirma,40.3167,27.9667,51,1995,9,20.3,,1995-09-01
17115,TR,BAL,LTBG,Bandirma,40.3167,27.9667,51,1995,10,14.2,,1995-10-01
17115,TR,BAL,LTBG,Bandirma,40.3167,27.9667,51,1995,11,7.5,,1995-11-01
17115,TR,BAL,LTBG,Bandirma,40.3167,27.9667,51,1995,12,7.5,,1995-12-01
17115,TR,BAL,LTBG,Bandirma,40.3167,27.9667,51,1996,1,3.6,,1996-01-01
17115,TR,BAL,LTBG,Bandirma,40.3167,27.9667,51,1996,2,5.2,,1996-02-01
17115,TR,BAL,LTBG,Bandirma,40.3167,27.9667,51,1996,3,4.9,,1996-03-01
17115,TR,BAL,LTBG,Bandirma,40.3167,27.9667,51,1996,4,9.7,,1996-04-01
17115,TR,BAL,LTBG,Bandirma,40.3167,27.9667,51,1996,5,18.2,,1996-05-01
17115,TR,BAL,LTBG,Bandirma,40.3167,27.9667,51,1996,6,20.5,,1996-06-01
17115,TR,BAL,LTBG,Bandirma,40.3167,27.9667,51,1996,7,23.2,,1996-07-01
17115,TR,BAL,LTBG,Bandirma,40.3167,27.9667,51,1996,8,23.8,,1996-08-01
17115,TR,BAL,LTBG,Bandirma,40.3167,27.9667,51,1996,9,19.3,,1996-09-01
17115,TR,BAL,LTBG,Bandirma,40.3167,27.9667,51,1996,10,14.2,,1996-10-01
17115,TR,BAL,LTBG,Bandirma,40.3167,27.9667,51,1996,11,11.4,,1996-11-01
17115,TR,BAL,LTBG,Bandirma,40.3167,27.9667,51,1996,12,9.4,,1996-12-01
17115,TR,BAL,LTBG,Bandirma,40.3167,27.9667,51,1997,1,6.1,,1997-01-01
17115,TR,BAL,LTBG,Bandirma,40.3167,27.9667,51,1997,2,4.8,,1997-02-01
17115,TR,BAL,LTBG,Bandirma,40.3167,27.9667,51,1997,3,5.5,,1997-03-01
17115,TR,BAL,LTBG,Bandirma,40.3167,27.9667,51,1997,4,9.2,,1997-04-01
17115,TR,BAL,LTBG,Bandirma,40.3167,27.9667,51,1997,5,16.6,,1997-05-01
17115,TR,BAL,LTBG,Bandirma,40.3167,27.9667,51,1997,6,21.2,,1997-06-01
17115,TR,BAL,LTBG,Bandirma,40.3167,27.9667,51,1997,7,23.8,,1997-07-01
17115,TR,BAL,LTBG,Bandirma,40.3167,27.9667,51,1997,8,22.2,,1997-08-01
17115,TR,BAL,LTBG,Bandirma,40.3167,27.9667,51,1997,9,18.3,,1997-09-01
17115,TR,BAL,LTBG,Bandirma,40.3167,27.9667,51,1997,10,14.8,,1997-10-01
17115,TR,BAL,LTBG,Bandirma,40.3167,27.9667,51,1997,11,11.2,,1997-11-01
17115,TR,BAL,LTBG,Bandirma,40.3167,27.9667,51,1997,12,7.6,,1997-12-01
17115,TR,BAL,LTBG,Bandirma,40.3167,27.9667,51,1998,1,5.5,,1998-01-01
17115,TR,BAL,LTBG,Bandirma,40.3167,27.9667,51,1998,2,6.2,,1998-02-01
17115,TR,BAL,LTBG,Bandirma,40.3167,27.9667,51,1998,3,6.8,,1998-03-01
17115,TR,BAL,LTBG,Bandirma,40.3167,27.9667,51,1998,4,14.6,,1998-04-01
17115,TR,BAL,LTBG,Bandirma,40.3167,27.9667,51,1998,5,16.4,,1998-05-01
17115,TR,BAL,LTBG,Bandirma,40.3167,27.9667,51,1998,6,22.0,,1998-06-01
17115,TR,BAL,LTBG,Bandirma,40.3167,27.9667,51,1998,7,24.3,,1998-07-01
17115,TR,BAL,LTBG,Bandirma,40.3167,27.9667,51,1998,8,25.1,,1998-08-01
17115,TR,BAL,LTBG,Bandirma,40.3167,27.9667,51,1998,9,20.2,,1998-09-01
17115,TR,BAL,LTBG,Bandirma,40.3167,27.9667,51,1998,10,17.0,,1998-10-01
17115,TR,BAL,LTBG,Bandirma,40.3167,27.9667,51,1998,11,12.1,,1998-11-01
17115,TR,BAL,LTBG,Bandirma,40.3167,27.9667,51,1998,12,6.6,,1998-12-01
17115,TR,BAL,LTBG,Bandirma,40.3167,27.9667,51,1999,1,7.1,,1999-01-01
17115,TR,BAL,LTBG,Bandirma,40.3167,27.9667,51,1999,2,6.2,,1999-02-01
17115,TR,BAL,LTBG,Bandirma,40.3167,27.9667,51,1999,3,8.9,,1999-03-01
17115,TR,BAL,LTBG,Bandirma,40.3167,27.9667,51,1999,4,13.8,,1999-04-01
17115,TR,BAL,LTBG,Bandirma,40.3167,27.9667,51,1999,5,17.3,,1999-05-01
17115,TR,BAL,LTBG,Bandirma,40.3167,27.9667,51,1999,6,22.6,,1999-06-01
17115,TR,BAL,LTBG,Bandirma,40.3167,27.9667,51,1999,7,25.8,,1999-07-01
17115,TR,BAL,LTBG,Bandirma,40.3167,27.9667,51,1999,8,25.3,,1999-08-01
17115,TR,BAL,LTBG,Bandirma,40.3167,27.9667,51,1999,9,20.9,,1999-09-01
17115,TR,BAL,LTBG,Bandirma,40.3167,27.9667,51,1999,10,16.8,,1999-10-01
17115,TR,BAL,LTBG,Bandirma,40.3167,27.9667,51,1999,11,11.5,,1999-11-01
17115,TR,BAL,LTBG,Bandirma,40.3167,27.9667,51,1999,12,10.1,,1999-12-01
17115,TR,BAL,LTBG,Bandirma,40.3167,27.9667,51,2000,1,3.4,,2000-01-01
17115,TR,BAL,LTBG,Bandirma,40.3167,27.9667,51,2000,2,6.3,,2000-02-01
17115,TR,BAL,LTBG,Bandirma,40.3167,27.9667,51,2000,3,8.2,,2000-03-01
17115,TR,BAL,LTBG,Bandirma,40.3167,27.9667,51,2000,4,14.8,,2000-04-01
17115,TR,BAL,LTBG,Bandirma,40.3167,27.9667,51,2000,5,16.7,,2000-05-01
17115,TR,BAL,LTBG,Bandirma,40.3167,27.9667,51,2000,6,20.9,,2000-06-01
17115,TR,BAL,LTBG,Bandirma,40.3167,27.9667,51,2000,7,24.7,,2000-07-01
17115,TR,BAL,LTBG,Bandirma,40.3167,27.9667,51,2000,8,24.3,,2000-08-01
17115,TR,BAL,LTBG,Bandirma,40.3167,27.9667,51,2000,9,21.2,,2000-09-01
17115,TR,BAL,LTBG,Bandirma,40.3167,27.9667,51,2000,10,15.9,,2000-10-01
17115,TR,BAL,LTBG,Bandirma,40.3167,27.9667,51,2000,11,13.1,,2000-11-01
17115,TR,BAL,LTBG,Bandirma,40.3167,27.9667,51,2000,12,8.8,,2000-12-01
17115,TR,BAL,LTBG,Bandirma,40.3167,27.9667,51,2001,1,8.1,,2001-01-01
17115,TR,BAL,LTBG,Bandirma,40.3167,27.9667,51,2001,2,7.6,,2001-02-01
17115,TR,BAL,LTBG,Bandirma,40.3167,27.9667,51,2001,3,13.1,,2001-03-01
17115,TR,BAL,LTBG,Bandirma,40.3167,27.9667,51,2001,4,13.1,,2001-04-01
17115,TR,BAL,LTBG,Bandirma,40.3167,27.9667,51,2001,5,16.6,,2001-05-01
17115,TR,BAL,LTBG,Bandirma,40.3167,27.9667,51,2001,6,20.9,,2001-06-01
17115,TR,BAL,LTBG,Bandirma,40.3167,27.9667,51,2001,7,26.1,,2001-07-01
17115,TR,BAL,LTBG,Bandirma,40.3167,27.9667,51,2001,8,25.8,,2001-08-01
17115,TR,BAL,LTBG,Bandirma,40.3167,27.9667,51,2001,9,20.8,,2001-09-01
17115,TR,BAL,LTBG,Bandirma,40.3167,27.9667,51,2001,10,17.3,,2001-10-01
17115,TR,BAL,LTBG,Bandirma,40.3167,27.9667,51,2001,11,10.8,,2001-11-01
17115,TR,BAL,LTBG,Bandirma,40.3167,27.9667,51,2001,12,4.8,,2001-12-01
17115,TR,BAL,LTBG,Bandirma,40.3167,27.9667,51,2002,1,4.2,,2002-01-01
17115,TR,BAL,LTBG,Bandirma,40.3167,27.9667,51,2002,2,9.3,,2002-02-01
17115,TR,BAL,LTBG,Bandirma,40.3167,27.9667,51,2002,3,10.1,,2002-03-01
17115,TR,BAL,LTBG,Bandirma,40.3167,27.9667,51,2002,4,11.1,,2002-04-01
17115,TR,BAL,LTBG,Bandirma,40.3167,27.9667,51,2002,5,16.8,,2002-05-01
17115,TR,BAL,LTBG,Bandirma,40.3167,27.9667,51,2002,6,22.4,,2002-06-01
17115,TR,BAL,LTBG,Bandirma,40.3167,27.9667,51,2002,7,26.2,,2002-07-01
17115,TR,BAL,LTBG,Bandirma,40.3167,27.9667,51,2002,8,24.6,,2002-08-01
17115,TR,BAL,LTBG,Bandirma,40.3167,27.9667,51,2002,9,20.3,,2002-09-01
17115,TR,BAL,LTBG,Bandirma,40.3167,27.9667,51,2002,10,15.8,,2002-10-01
17115,TR,BAL,LTBG,Bandirma,40.3167,27.9667,51,2002,11,11.2,,2002-11-01
17115,TR,BAL,LTBG,Bandirma,40.3167,27.9667,51,2002,12,5.8,,2002-12-01
17115,TR,BAL,LTBG,Bandirma,40.3167,27.9667,51,2003,1,7.8,,2003-01-01
17115,TR,BAL,LTBG,Bandirma,40.3167,27.9667,51,2003,2,2.5,,2003-02-01
17115,TR,BAL,LTBG,Bandirma,40.3167,27.9667,51,2003,3,4.7,,2003-03-01
17115,TR,BAL,LTBG,Bandirma,40.3167,27.9667,51,2003,4,9.1,,2003-04-01
17115,TR,BAL,LTBG,Bandirma,40.3167,27.9667,51,2003,5,17.1,,2003-05-01
17115,TR,BAL,LTBG,Bandirma,40.3167,27.9667,51,2003,6,22.3,,2003-06-01
17115,TR,BAL,LTBG,Bandirma,40.3167,27.9667,51,2003,7,24.3,,2003-07-01
17115,TR,BAL,LTBG,Bandirma,40.3167,27.9667,51,2003,8,25.0,,2003-08-01
17115,TR,BAL,LTBG,Bandirma,40.3167,27.9667,51,2003,9,19.6,,2003-09-01
17115,TR,BAL,LTBG,Bandirma,40.3167,27.9667,51,2003,10,16.4,,2003-10-01
17115,TR,BAL,LTBG,Bandirma,40.3167,27.9667,51,2003,11,10.2,,2003-11-01
17115,TR,BAL,LTBG,Bandirma,40.3167,27.9667,51,2003,12,6.8,,2003-12-01
17115,TR,BAL,LTBG,Bandirma,40.3167,27.9667,51,2004,1,4.7,,2004-01-01
17115,TR,BAL,LTBG,Bandirma,40.3167,27.9667,51,2004,2,5.5,,2004-02-01
17115,TR,BAL,LTBG,Bandirma,40.3167,27.9667,51,2004,3,9.1,,2004-03-01
17115,TR,BAL,LTBG,Bandirma,40.3167,27.9667,51,2004,4,12.3,,2004-04-01
17115,TR,BAL,LTBG,Bandirma,40.3167,27.9667,51,2004,5,15.9,,2004-05-01
17115,TR,BAL,LTBG,Bandirma,40.3167,27.9667,51,2004,6,21.0,,2004-06-01
17115,TR,BAL,LTBG,Bandirma,40.3167,27.9667,51,2004,7,23.4,,2004-07-01
17115,TR,BAL,LTBG,Bandirma,40.3167,27.9667,51,2004,8,23.4,,2004-08-01
17115,TR,BAL,LTBG,Bandirma,40.3167,27.9667,51,2004,9,20.6,,2004-09-01
17115,TR,BAL,LTBG,Bandirma,40.3167,27.9667,51,2004,10,17.5,,2004-10-01
17115,TR,BAL,LTBG,Bandirma,40.3167,27.9667,51,2004,11,11.1,,2004-11-01
17115,TR,BAL,LTBG,Bandirma,40.3167,27.9667,51,2004,12,8.3,,2004-12-01
17115,TR,BAL,LTBG,Bandirma,40.3167,27.9667,51,2005,1,6.3,,2005-01-01
17115,TR,BAL,LTBG,Bandirma,40.3167,27.9667,51,2005,2,6.0,,2005-02-01
17115,TR,BAL,LTBG,Bandirma,40.3167,27.9667,51,2005,3,7.3,,2005-03-01
17115,TR,BAL,LTBG,Bandirma,40.3167,27.9667,51,2005,4,12.2,,2005-04-01
17115,TR,BAL,LTBG,Bandirma,40.3167,27.9667,51,2005,5,16.6,,2005-05-01
17115,TR,BAL,LTBG,Bandirma,40.3167,27.9667,51,2005,6,20.2,,2005-06-01
17115,TR,BAL,LTBG,Bandirma,40.3167,27.9667,51,2005,7,24.1,,2005-07-01
17115,TR,BAL,LTBG,Bandirma,40.3167,27.9667,51,2005,8,25.1,,2005-08-01
17115,TR,BAL,LTBG,Bandirma,40.3167,27.9667,51,2005,9,20.8,,2005-09-01
17115,TR,BAL,LTBG,Bandirma,40.3167,27.9667,51,2005,10,14.8,,2005-10-01
17115,TR,BAL,LTBG,Bandirma,40.3167,27.9667,51,2005,11,10.1,,2005-11-01
17115,TR,BAL,LTBG,Bandirma,40.3167,27.9667,51,2005,12,8.3,,2005-12-01
17115,TR,BAL,LTBG,Bandirma,40.3167,27.9667,51,2006,1,3.2,,2006-01-01
17115,TR,BAL,LTBG,Bandirma,40.3167,27.9667,51,2006,2,4.9,,2006-02-01
17115,TR,BAL,LTBG,Bandirma,40.3167,27.9667,51,2006,3,9.0,,2006-03-01
17115,TR,BAL,LTBG,Bandirma,40.3167,27.9667,51,2006,4,12.6,,2006-04-01
17115,TR,BAL,LTBG,Bandirma,40.3167,27.9667,51,2006,5,17.0,,2006-05-01
17115,TR,BAL,LTBG,Bandirma,40.3167,27.9667,51,2006,6,21.5,,2006-06-01
17115,TR,BAL,LTBG,Bandirma,40.3167,27.9667,51,2006,7,23.8,,2006-07-01
17115,TR,BAL,LTBG,Bandirma,40.3167,27.9667,51,2006,8,25.9,,2006-08-01
17115,TR,BAL,LTBG,Bandirma,40.3167,27.9667,51,2006,9,20.4,,2006-09-01
17115,TR,BAL,LTBG,Bandirma,40.3167,27.9667,51,2006,10,16.6,,2006-10-01
17115,TR,BAL,LTBG,Bandirma,40.3167,27.9667,51,2006,11,9.3,,2006-11-01
17115,TR,BAL,LTBG,Bandirma,40.3167,27.9667,51,2006,12,6.4,,2006-12-01
17115,TR,BAL,LTBG,Bandirma,40.3167,27.9667,51,2007,1,7.2,,2007-01-01
17115,TR,BAL,LTBG,Bandirma,40.3167,27.9667,51,2007,2,6.6,,2007-02-01
17115,TR,BAL,LTBG,Bandirma,40.3167,27.9667,51,2007,3,8.7,,2007-03-01
17115,TR,BAL,LTBG,Bandirma,40.3167,27.9667,51,2007,4,10.7,,2007-04-01
17115,TR,BAL,LTBG,Bandirma,40.3167,27.9667,51,2007,5,18.4,,2007-05-01
17115,TR,BAL,LTBG,Bandirma,40.3167,27.9667,51,2007,6,23.7,,2007-06-01
17115,TR,BAL,LTBG,Bandirma,40.3167,27.9667,51,2007,7,25.3,,2007-07-01
17115,TR,BAL,LTBG,Bandirma,40.3167,27.9667,51,2007,8,25.8,,2007-08-01
17115,TR,BAL,LTBG,Bandirma,40.3167,27.9667,51,2007,9,20.2,,2007-09-01
17115,TR,BAL,LTBG,Bandirma,40.3167,27.9667,51,2007,10,16.7,,2007-10-01
17115,TR,BAL,LTBG,Bandirma,40.3167,27.9667,51,2007,11,10.0,,2007-11-01
17115,TR,BAL,LTBG,Bandirma,40.3167,27.9667,51,2007,12,5.8,,2007-12-01
17115,TR,BAL,LTBG,Bandirma,40.3167,27.9667,51,2008,1,3.2,,2008-01-01
17115,TR,BAL,LTBG,Bandirma,40.3167,27.9667,51,2008,2,5.2,,2008-02-01
17115,TR,BAL,LTBG,Bandirma,40.3167,27.9667,51,2008,3,11.5,,2008-03-01
17115,TR,BAL,LTBG,Bandirma,40.3167,27.9667,51,2008,4,14.3,,2008-04-01
17115,TR,BAL,LTBG,Bandirma,40.3167,27.9667,51,2008,5,16.6,,2008-05-01
17115,TR,BAL,LTBG,Bandirma,40.3167,27.9667,51,2008,6,22.6,,2008-06-01
17115,TR,BAL,LTBG,Bandirma,40.3167,27.9667,51,2008,7,23.9,,2008-07-01
17115,TR,BAL,LTBG,Bandirma,40.3167,27.9667,51,2008,8,25.9,,2008-08-01
17115,TR,BAL,LTBG,Bandirma,40.3167,27.9667,51,2008,9,20.9,,2008-09-01
17115,TR,BAL,LTBG,Bandirma,40.3167,27.9667,51,2008,10,16.5,,2008-10-01
17115,TR,BAL,LTBG,Bandirma,40.3167,27.9667,51,2008,11,12.3,,2008-11-01
17115,TR,BAL,LTBG,Bandirma,40.3167,27.9667,51,2008,12,7.6,,2008-12-01
17115,TR,BAL,LTBG,Bandirma,40.3167,27.9667,51,2009,1,6.2,,2009-01-01
17115,TR,BAL,LTBG,Bandirma,40.3167,27.9667,51,2009,2,7.1,,2009-02-01
17115,TR,BAL,LTBG,Bandirma,40.3167,27.9667,51,2009,3,8.3,,2009-03-01
17115,TR,BAL,LTBG,Bandirma,40.3167,27.9667,51,2009,4,11.5,,2009-04-01
17115,TR,BAL,LTBG,Bandirma,40.3167,27.9667,51,2009,5,17.1,,2009-05-01
17115,TR,BAL,LTBG,Bandirma,40.3167,27.9667,51,2009,6,22.1,,2009-06-01
17115,TR,BAL,LTBG,Bandirma,40.3167,27.9667,51,2009,7,25.0,,2009-07-01
17115,TR,BAL,LTBG,Bandirma,40.3167,27.9667,51,2009,8,24.5,,2009-08-01
17115,TR,BAL,LTBG,Bandirma,40.3167,27.9667,51,2009,9,19.8,,2009-09-01
17115,TR,BAL,LTBG,Bandirma,40.3167,27.9667,51,2009,10,17.2,,2009-10-01
17115,TR,BAL,LTBG,Bandirma,40.3167,27.9667,51,2009,11,11.2,,2009-11-01
17115,TR,BAL,LTBG,Bandirma,40.3167,27.9667,51,2009,12,9.6,,2009-12-01
17115,TR,BAL,LTBG,Bandirma,40.3167,27.9667,51,2010,1,6.3,,2010-01-01
17115,TR,BAL,LTBG,Bandirma,40.3167,27.9667,51,2010,2,8.9,,2010-02-01
17115,TR,BAL,LTBG,Bandirma,40.3167,27.9667,51,2010,3,8.9,,2010-03-01
17115,TR,BAL,LTBG,Bandirma,40.3167,27.9667,51,2010,4,12.8,,2010-04-01
17115,TR,BAL,LTBG,Bandirma,40.3167,27.9667,51,2010,5,17.7,,2010-05-01
17115,TR,BAL,LTBG,Bandirma,40.3167,27.9667,51,2010,6,22.1,,2010-06-01
17115,TR,BAL,LTBG,Bandirma,40.3167,27.9667,51,2010,7,24.9,,2010-07-01
17115,TR,BAL,LTBG,Bandirma,40.3167,27.9667,51,2010,8,27.0,,2010-08-01
17115,TR,BAL,LTBG,Bandirma,40.3167,27.9667,51,2010,9,21.3,,2010-09-01
17115,TR,BAL,LTBG,Bandirma,40.3167,27.9667,51,2010,10,15.1,,2010-10-01
17115,TR,BAL,LTBG,Bandirma,40.3167,27.9667,51,2010,11,15.0,,2010-11-01
17115,TR,BAL,LTBG,Bandirma,40.3167,27.9667,51,2010,12,9.7,,2010-12-01
17115,TR,BAL,LTBG,Bandirma,40.3167,27.9667,51,2011,1,5.3,,2011-01-01
17115,TR,BAL,LTBG,Bandirma,40.3167,27.9667,51,2011,2,5.5,,2011-02-01
17115,TR,BAL,LTBG,Bandirma,40.3167,27.9667,51,2011,3,8.0,,2011-03-01
17115,TR,BAL,LTBG,Bandirma,40.3167,27.9667,51,2011,4,10.3,,2011-04-01
17115,TR,BAL,LTBG,Bandirma,40.3167,27.9667,51,2011,5,15.9,,2011-05-01
17115,TR,BAL,LTBG,Bandirma,40.3167,27.9667,51,2011,6,21.5,,2011-06-01
17115,TR,BAL,LTBG,Bandirma,40.3167,27.9667,51,2011,7,25.4,,2011-07-01
17115,TR,BAL,LTBG,Bandirma,40.3167,27.9667,51,2011,8,24.2,,2011-08-01
17115,TR,BAL,LTBG,Bandirma,40.3167,27.9667,51,2011,9,22.4,,2011-09-01
17115,TR,BAL,LTBG,Bandirma,40.3167,27.9667,51,2011,10,13.9,,2011-10-01
17115,TR,BAL,LTBG,Bandirma,40.3167,27.9667,51,2011,11,8.2,,2011-11-01
17115,TR,BAL,LTBG,Bandirma,40.3167,27.9667,51,2011,12,7.6,,2011-12-01
17115,TR,BAL,LTBG,Bandirma,40.3167,27.9667,51,2012,1,3.6,,2012-01-01
17115,TR,BAL,LTBG,Bandirma,40.3167,27.9667,51,2012,2,3.0,,2012-02-01
17115,TR,BAL,LTBG,Bandirma,40.3167,27.9667,51,2012,3,7.2,,2012-03-01
17115,TR,BAL,LTBG,Bandirma,40.3167,27.9667,51,2012,4,14.2,,2012-04-01
17115,TR,BAL,LTBG,Bandirma,40.3167,27.9667,51,2012,5,17.2,,2012-05-01
17115,TR,BAL,LTBG,Bandirma,40.3167,27.9667,51,2012,6,23.2,,2012-06-01
17115,TR,BAL,LTBG,Bandirma,40.3167,27.9667,51,2012,7,26.6,,2012-07-01
17115,TR,BAL,LTBG,Bandirma,40.3167,27.9667,51,2012,8,25.2,,2012-08-01
17115,TR,BAL,LTBG,Bandirma,40.3167,27.9667,51,2012,9,21.9,,2012-09-01
17115,TR,BAL,LTBG,Bandirma,40.3167,27.9667,51,2012,10,19.1,,2012-10-01
17115,TR,BAL,LTBG,Bandirma,40.3167,27.9667,51,2012,11,13.8,,2012-11-01
17115,TR,BAL,LTBG,Bandirma,40.3167,27.9667,51,2012,12,7.2,,2012-12-01
17115,TR,BAL,LTBG,Bandirma,40.3167,27.9667,51,2013,1,6.7,,2013-01-01
17115,TR,BAL,LTBG,Bandirma,40.3167,27.9667,51,2013,2,7.9,,2013-02-01
17115,TR,BAL,LTBG,Bandirma,40.3167,27.9667,51,2013,3,10.2,,2013-03-01
17115,TR,BAL,LTBG,Bandirma,40.3167,27.9667,51,2013,4,13.1,,2013-04-01
17115,TR,BAL,LTBG,Bandirma,40.3167,27.9667,51,2013,5,19.0,,2013-05-01
17115,TR,BAL,LTBG,Bandirma,40.3167,27.9667,51,2013,6,22.0,,2013-06-01
17115,TR,BAL,LTBG,Bandirma,40.3167,27.9667,51,2013,7,24.2,,2013-07-01
17115,TR,BAL,LTBG,Bandirma,40.3167,27.9667,51,2013,8,26.0,,2013-08-01
17115,TR,BAL,LTBG,Bandirma,40.3167,27.9667,51,2013,9,20.2,,2013-09-01
17115,TR,BAL,LTBG,Bandirma,40.3167,27.9667,51,2013,10,13.8,,2013-10-01
17115,TR,BAL,LTBG,Bandirma,40.3167,27.9667,51,2013,11,12.4,,2013-11-01
17115,TR,BAL,LTBG,Bandirma,40.3167,27.9667,51,2013,12,4.6,,2013-12-01
17115,TR,BAL,LTBG,Bandirma,40.3167,27.9667,51,2014,1,8.6,,2014-01-01
17115,TR,BAL,LTBG,Bandirma,40.3167,27.9667,51,2014,2,8.1,,2014-02-01
17115,TR,BAL,LTBG,Bandirma,40.3167,27.9667,51,2014,3,9.4,,2014-03-01
17115,TR,BAL,LTBG,Bandirma,40.3167,27.9667,51,2014,4,12.9,,2014-04-01
17115,TR,BAL,LTBG,Bandirma,40.3167,27.9667,51,2014,5,17.2,,2014-05-01
17115,TR,BAL,LTBG,Bandirma,40.3167,27.9667,51,2014,6,21.5,,2014-06-01
17115,TR,BAL,LTBG,Bandirma,40.3167,27.9667,51,2014,7,24.9,,2014-07-01
17115,TR,BAL,LTBG,Bandirma,40.3167,27.9667,51,2014,8,25.3,,2014-08-01
17115,TR,BAL,LTBG,Bandirma,40.3167,27.9667,51,2014,9,20.8,,2014-09-01
17115,TR,BAL,LTBG,Bandirma,40.3167,27.9667,51,2014,10,15.9,,2014-10-01
17115,TR,BAL,LTBG,Bandirma,40.3167,27.9667,51,2014,11,11.0,,2014-11-01
17115,TR,BAL,LTBG,Bandirma,40.3167,27.9667,51,2014,12,9.0,,2014-12-01
17115,TR,BAL,LTBG,Bandirma,40.3167,27.9667,51,2015,1,5.5,,2015-01-01
17115,TR,BAL,LTBG,Bandirma,40.3167,27.9667,51,2015,2,6.4,,2015-02-01
17115,TR,BAL,LTBG,Bandirma,40.3167,27.9667,51,2015,3,7.9,,2015-03-01
17115,TR,BAL,LTBG,Bandirma,40.3167,27.9667,51,2015,4,10.6,,2015-04-01
17115,TR,BAL,LTBG,Bandirma,40.3167,27.9667,51,2015,5,17.3,,2015-05-01
17115,TR,BAL,LTBG,Bandirma,40.3167,27.9667,51,2015,6,20.6,,2015-06-01
17115,TR,BAL,LTBG,Bandirma,40.3167,27.9667,51,2015,7,24.5,,2015-07-01
17115,TR,BAL,LTBG,Bandirma,40.3167,27.9667,51,2015,8,25.8,,2015-08-01
17115,TR,BAL,LTBG,Bandirma,40.3167,27.9667,51,2015,9,22.8,,2015-09-01
17115,TR,BAL,LTBG,Bandirma,40.3167,27.9667,51,2015,10,16.6,,2015-10-01
17115,TR,BAL,LTBG,Bandirma,40.3167,27.9667,51,2015,11,12.5,,2015-11-01
17115,TR,BAL,LTBG,Bandirma,40.3167,27.9667,51,2015,12,5.3,,2015-12-01
17115,TR,BAL,LTBG,Bandirma,40.3167,27.9667,51,2016,1,5.0,,2016-01-01
17115,TR,BAL,LTBG,Bandirma,40.3167,27.9667,51,2016,2,10.0,,2016-02-01
17115,TR,BAL,LTBG,Bandirma,40.3167,27.9667,51,2016,3,10.2,,2016-03-01
17115,TR,BAL,LTBG,Bandirma,40.3167,27.9667,51,2016,4,14.8,,2016-04-01
17115,TR,BAL,LTBG,Bandirma,40.3167,27.9667,51,2016,5,17.5,,2016-05-01
17115,TR,BAL,LTBG,Bandirma,40.3167,27.9667,51,2016,6,23.0,,2016-06-01
17115,TR,BAL,LTBG,Bandirma,40.3167,27.9667,51,2016,7,25.3,,2016-07-01
17115,TR,BAL,LTBG,Bandirma,40.3167,27.9667,51,2016,8,25.5,,2016-08-01
17115,TR,BAL,LTBG,Bandirma,40.3167,27.9667,51,2016,9,21.4,,2016-09-01
17115,TR,BAL,LTBG,Bandirma,40.3167,27.9667,51,2016,10,15.9,,2016-10-01
17115,TR,BAL,LTBG,Bandirma,40.3167,27.9667,51,2016,11,10.8,,2016-11-01
17115,TR,BAL,LTBG,Bandirma,40.3167,27.9667,51,2016,12,3.7,,2016-12-01
17115,TR,BAL,LTBG,Bandirma,40.3167,27.9667,51,2017,1,2.4,,2017-01-01
17115,TR,BAL,LTBG,Bandirma,40.3167,27.9667,51,2017,2,6.8,,2017-02-01
17115,TR,BAL,LTBG,Bandirma,40.3167,27.9667,51,2017,3,9.1,,2017-03-01
17115,TR,BAL,LTBG,Bandirma,40.3167,27.9667,51,2017,4,11.3,,2017-04-01
17115,TR,BAL,LTBG,Bandirma,40.3167,27.9667,51,2017,5,16.8,,2017-05-01
17115,TR,BAL,LTBG,Bandirma,40.3167,27.9667,51,2017,6,22.4,,2017-06-01
17115,TR,BAL,LTBG,Bandirma,40.3167,27.9667,51,2017,7,24.4,,2017-07-01
17115,TR,BAL,LTBG,Bandirma,40.3167,27.9667,51,2017,8,25.0,,2017-08-01
17115,TR,BAL,LTBG,Bandirma,40.3167,27.9667,51,2017,9,21.6,,2017-09-01
17115,TR,BAL,LTBG,Bandirma,40.3167,27.9667,51,2017,10,14.3,,2017-10-01
17115,TR,BAL,LTBG,Bandirma,40.3167,27.9667,51,2017,11,10.6,,2017-11-01
17115,TR,BAL,LTBG,Bandirma,40.3167,27.9667,51,2017,12,9.5,,2017-12-01
17115,TR,BAL,LTBG,Bandirma,40.3167,27.9667,51,2018,1,5.9,23.0,2018-01-01
17115,TR,BAL,LTBG,Bandirma,40.3167,27.9667,51,2018,2,7.9,50.0,2018-02-01
17115,TR,BAL,LTBG,Bandirma,40.3167,27.9667,51,2018,3,10.8,45.0,2018-03-01
17115,TR,BAL,LTBG,Bandirma,40.3167,27.9667,51,2018,4,13.4,2.0,2018-04-01
17115,TR,BAL,LTBG,Bandirma,40.3167,27.9667,51,2018,5,18.0,35.0,2018-05-01
17115,TR,BAL,LTBG,Bandirma,40.3167,27.9667,51,2018,6,22.2,14.0,2018-06-01
17115,TR,BAL,LTBG,Bandirma,40.3167,27.9667,51,2018,7,25.5,4.0,2018-07-01
17115,TR,BAL,LTBG,Bandirma,40.3167,27.9667,51,2018,8,25.9,0.0,2018-08-01
17115,TR,BAL,LTBG,Bandirma,40.3167,27.9667,51,2018,9,21.4,82.0,2018-09-01
17115,TR,BAL,LTBG,Bandirma,40.3167,27.9667,51,2018,10,16.7,1.0,2018-10-01
17115,TR,BAL,LTBG,Bandirma,40.3167,27.9667,51,2018,11,12.7,98.0,2018-11-01
17115,TR,BAL,LTBG,Bandirma,40.3167,27.9667,51,2018,12,6.0,54.0,2018-12-01
17115,TR,BAL,LTBG,Bandirma,40.3167,27.9667,51,2019,1,6.2,53.0,2019-01-01
17115,TR,BAL,LTBG,Bandirma,40.3167,27.9667,51,2019,2,6.4,94.0,2019-02-01
17115,TR,BAL,LTBG,Bandirma,40.3167,27.9667,51,2019,3,9.4,27.0,2019-03-01
17115,TR,BAL,LTBG,Bandirma,40.3167,27.9667,51,2019,4,11.9,43.0,2019-04-01
17115,TR,BAL,LTBG,Bandirma,40.3167,27.9667,51,2019,5,18.2,42.0,2019-05-01
17115,TR,BAL,LTBG,Bandirma,40.3167,27.9667,51,2019,6,24.0,2.0,2019-06-01
17115,TR,BAL,LTBG,Bandirma,40.3167,27.9667,51,2019,7,24.1,19.0,2019-07-01
17115,TR,BAL,LTBG,Bandirma,40.3167,27.9667,51,2019,8,24.9,12.0,2019-08-01
17115,TR,BAL,LTBG,Bandirma,40.3167,27.9667,51,2019,9,21.3,5.0,2019-09-01
17115,TR,BAL,LTBG,Bandirma,40.3167,27.9667,51,2019,10,17.5,27.0,2019-10-01
17115,TR,BAL,LTBG,Bandirma,40.3167,27.9667,51,2019,11,14.3,20.0,2019-11-01
17115,TR,BAL,LTBG,Bandirma,40.3167,27.9667,51,2019,12,7.7,93.0,2019-12-01
17115,TR,BAL,LTBG,Bandirma,40.3167,27.9667,51,2020,1,5.8,141.0,2020-01-01
17115,TR,BAL,LTBG,Bandirma,40.3167,27.9667,51,2020,2,7.7,60.0,2020-02-01
17115,TR,BAL,LTBG,Bandirma,40.3167,27.9667,51,2020,3,9.8,44.0,2020-03-01
17115,TR,BAL,LTBG,Bandirma,40.3167,27.9667,51,2020,4,11.0,53.0,2020-04-01
17115,TR,BAL,LTBG,Bandirma,40.3167,27.9667,51,2020,5,16.5,67.0,2020-05-01
17115,TR,BAL,LTBG,Bandirma,40.3167,27.9667,51,2020,6,21.5,22.0,2020-06-01
17115,TR,BAL,LTBG,Bandirma,40.3167,27.9667,51,2020,7,24.7,0.0,2020-07-01
17115,TR,BAL,LTBG,Bandirma,40.3167,27.9667,51,2020,8,25.1,0.2,2020-08-01
17115,TR,BAL,LTBG,Bandirma,40.3167,27.9667,51,2020,9,23.2,6.0,2020-09-01
17115,TR,BAL,LTBG,Bandirma,40.3167,27.9667,51,2020,10,17.9,54.0,2020-10-01
17115,TR,BAL,LTBG,Bandirma,40.3167,27.9667,51,2020,11,11.3,31.0,2020-11-01
17115,TR,BAL,LTBG,Bandirma,40.3167,27.9667,51,2020,12,9.8,42.0,2020-12-01
17115,TR,BAL,LTBG,Bandirma,40.3167,27.9667,51,2021,1,7.4,153.0,2021-01-01
17115,TR,BAL,LTBG,Bandirma,40.3167,27.9667,51,2021,2,7.4,54.0,2021-02-01
17115,TR,BAL,LTBG,Bandirma,40.3167,27.9667,51,2021,3,6.8,88.0,2021-03-01
17115,TR,BAL,LTBG,Bandirma,40.3167,27.9667,51,2021,4,11.3,51.0,2021-04-01
17115,TR,BAL,LTBG,Bandirma,40.3167,27.9667,51,2021,5,17.6,66.0,2021-05-01
17115,TR,BAL,LTBG,Bandirma,40.3167,27.9667,51,2021,6,21.2,22.0,2021-06-01
17115,TR,BAL,LTBG,Bandirma,40.3167,27.9667,51,2021,7,25.9,0.6,2021-07-01
17115,TR,BAL,LTBG,Bandirma,40.3167,27.9667,51,2021,8,25.9,2.0,2021-08-01
17115,TR,BAL,LTBG,Bandirma,40.3167,27.9667,51,2021,9,20.7,13.0,2021-09-01
17115,TR,BAL,LTBG,Bandirma,40.3167,27.9667,51,2021,10,15.7,59.0,2021-10-01
17115,TR,BAL,LTBG,Bandirma,40.3167,27.9667,51,2021,11,12.4,1036.0,2021-11-01
17115,TR,BAL,LTBG,Bandirma,40.3167,27.9667,51,2021,12,8.7,100.0,2021-12-01
17115,TR,BAL,LTBG,Bandirma,40.3167,27.9667,51,2022,1,4.9,62.0,2022-01-01
17115,TR,BAL,LTBG,Bandirma,40.3167,27.9667,51,2022,2,6.4,137.0,2022-02-01
17115,TR,BAL,LTBG,Bandirma,40.3167,27.9667,51,2022,3,5.3,39.0,2022-03-01
17115,TR,BAL,LTBG,Bandirma,40.3167,27.9667,51,2022,4,12.8,26.0,2022-04-01
17115,TR,BAL,LTBG,Bandirma,40.3167,27.9667,51,2022,5,16.8,12.0,2022-05-01
17115,TR,BAL,LTBG,Bandirma,40.3167,27.9667,51,2022,6,22.5,16.0,2022-06-01
17115,TR,BAL,LTBG,Bandirma,40.3167,27.9667,51,2022,7,24.3,31.0,2022-07-01
17115,TR,BAL,LTBG,Bandirma,40.3167,27.9667,51,2022,8,25.6,13.0,2022-08-01
17115,TR,BAL,LTBG,Bandirma,40.3167,27.9667,51,2022,9,21.1,2.0,2022-09-01
17115,TR,BAL,LTBG,Bandirma,40.3167,27.9667,51,2022,10,16.6,12.0,2022-10-01
17115,TR,BAL,LTBG,Bandirma,40.3167,27.9667,51,2022,11,13.6,28.0,2022-11-01
17115,TR,BAL,LTBG,Bandirma,40.3167,27.9667,51,2022,12,9.7,22.0,2022-12-01
17115,TR,BAL,LTBG,Bandirma,40.3167,27.9667,51,2023,1,7.9,40.0,2023-01-01
17115,TR,BAL,LTBG,Bandirma,40.3167,27.9667,51,2023,2,5.9,38.0,2023-02-01
17115,TR,BAL,LTBG,Bandirma,40.3167,27.9667,51,2023,3,9.3,79.0,2023-03-01
17115,TR,BAL,LTBG,Bandirma,40.3167,27.9667,51,2023,4,12.0,75.0,2023-04-01
17115,TR,BAL,LTBG,Bandirma,40.3167,27.9667,51,2023,5,15.7,54.0,2023-05-01
17115,TR,BAL,LTBG,Bandirma,40.3167,27.9667,51,2023,6,21.3,29.0,2023-06-01
17115,TR,BAL,LTBG,Bandirma,40.3167,27.9667,51,2023,7,25.5,0.0,2023-07-01
17115,TR,BAL,LTBG,Bandirma,40.3167,27.9667,51,2023,8,25.8,0.8,2023-08-01
17115,TR,BAL,LTBG,Bandirma,40.3167,27.9667,51,2023,9,22.7,21.0,2023-09-01
17115,TR,BAL,LTBG,Bandirma,40.3167,27.9667,51,2023,10,18.0,12.0,2023-10-01
17115,TR,BAL,LTBG,Bandirma,40.3167,27.9667,51,2023,11,13.4,171.0,2023-11-01
17115,TR,BAL,LTBG,Bandirma,40.3167,27.9667,51,2023,12,9.9,69.0,2023-12-01
17115,TR,BAL,LTBG,Bandirma,40.3167,27.9667,51,2024,1,7.7,184.0,2024-01-01
17115,TR,BAL,LTBG,Bandirma,40.3167,27.9667,51,2024,2,9.0,44.0,2024-02-01
17115,TR,BAL,LTBG,Bandirma,40.3167,27.9667,51,2024,3,9.6,79.0,2024-03-01
17115,TR,BAL,LTBG,Bandirma,40.3167,27.9667,51,2024,4,15.4,42.0,2024-04-01
17115,TR,BAL,LTBG,Bandirma,40.3167,27.9667,51,2024,5,16.0,52.0,2024-05-01
17115,TR,BAL,LTBG,Bandirma,40.3167,27.9667,51,2024,6,24.2,0.0,2024-06-01
17115,TR,BAL,LTBG,Bandirma,40.3167,27.9667,51,2024,7,26.6,1.0,2024-07-01
17115,TR,BAL,LTBG,Bandirma,40.3167,27.9667,51,2024,8,25.9,0.2,2024-08-01
17115,TR,BAL,LTBG,Bandirma,40.3167,27.9667,51,2024,9,22.2,30.0,2024-09-01
17115,TR,BAL,LTBG,Bandirma,40.3167,27.9667,51,2024,10,16.9,12.0,2024-10-01
17115,TR,BAL,LTBG,Bandirma,40.3167,27.9667,51,2024,11,10.9,77.0,2024-11-01
17115,TR,BAL,LTBG,Bandirma,40.3167,27.9667,51,2024,12,8.9,118.0,2024-12-01
17115,TR,BAL,LTBG,Bandirma,40.3167,27.9667,51,2025,1,7.4,73.0,2025-01-01
17115,TR,BAL,LTBG,Bandirma,40.3167,27.9667,51,2025,2,4.8,40.0,2025-02-01
17115,TR,BAL,LTBG,Bandirma,40.3167,27.9667,51,2025,3,10.9,42.0,2025-03-01
17115,TR,BAL,LTBG,Bandirma,40.3167,27.9667,51,2025,4,10.8,23.0,2025-04-01
17115,TR,BAL,LTBG,Bandirma,40.3167,27.9667,51,2025,5,16.5,105.0,2025-05-01
17115,TR,BAL,LTBG,Bandirma,40.3167,27.9667,51,2025,6,22.4,0.0,2025-06-01
17115,TR,BAL,LTBG,Bandirma,40.3167,27.9667,51,2025,7,26.1,0.0,2025-07-01
17115,TR,BAL,LTBG,Bandirma,40.3167,27.9667,51,2025,8,25.2,7.0,2025-08-01
17115,TR,BAL,LTBG,Bandirma,40.3167,27.9667,51,2025,9,22.2,21.0,2025-09-01
17115,TR,BAL,LTBG,Bandirma,40.3167,27.9667,51,2025,10,15.3,58.0,2025-10-01
17115,TR,BAL,LTBG,Bandirma,40.3167,27.9667,51,2025,11,13.4,62.0,2025-11-01
17115,TR,BAL,LTBG,Bandirma,40.3167,27.9667,51,2025,12,7.4,37.0,2025-12-01
17115,TR,BAL,LTBG,Bandirma,40.3167,27.9667,51,2026,1,7.6,105.0,2026-01-01
17115,TR,BAL,LTBG,Bandirma,40.3167,27.9667,51,2026,2,8.7,94.0,2026-02-01
17115,TR,BAL,LTBG,Bandirma,40.3167,27.9667,51,2026,3,8.4,82.0,2026-03-01
17115,TR,BAL,LTBG,Bandirma,40.3167,27.9667,51,2026,4,,,2026-04-01
17115,TR,BAL,LTBG,Bandirma,40.3167,27.9667,51,2026,5,,,2026-05-01
17115,TR,BAL,LTBG,Bandirma,40.3167,27.9667,51,2026,6,,,2026-06-01
17115,TR,BAL,LTBG,Bandirma,40.3167,27.9667,51,2026,7,,,2026-07-01
17115,TR,BAL,LTBG,Bandirma,40.3167,27.9667,51,2026,8,,,2026-08-01
17115,TR,BAL,LTBG,Bandirma,40.3167,27.9667,51,2026,9,,,2026-09-01
17115,TR,BAL,LTBG,Bandirma,40.3167,27.9667,51,2026,10,,,2026-10-01
17115,TR,BAL,LTBG,Bandirma,40.3167,27.9667,51,2026,11,,,2026-11-01
17115,TR,BAL,LTBG,Bandirma,40.3167,27.9667,51,2026,12,,,2026-12-01
17116,TR,BRS,LTBE,Bursa,40.1833,29.0667,101,1931,1,,128.0,1931-01-01
17116,TR,BRS,LTBE,Bursa,40.1833,29.0667,101,1931,2,,62.0,1931-02-01
17116,TR,BRS,LTBE,Bursa,40.1833,29.0667,101,1931,3,,95.0,1931-03-01
17116,TR,BRS,LTBE,Bursa,40.1833,29.0667,101,1931,4,,108.0,1931-04-01
17116,TR,BRS,LTBE,Bursa,40.1833,29.0667,101,1931,5,,48.0,1931-05-01
17116,TR,BRS,LTBE,Bursa,40.1833,29.0667,101,1931,6,,63.0,1931-06-01
17116,TR,BRS,LTBE,Bursa,40.1833,29.0667,101,1931,7,,3.0,1931-07-01
17116,TR,BRS,LTBE,Bursa,40.1833,29.0667,101,1931,8,,8.0,1931-08-01
17116,TR,BRS,LTBE,Bursa,40.1833,29.0667,101,1931,9,,67.0,1931-09-01
17116,TR,BRS,LTBE,Bursa,40.1833,29.0667,101,1931,10,,60.0,1931-10-01
17116,TR,BRS,LTBE,Bursa,40.1833,29.0667,101,1931,11,,66.0,1931-11-01
17116,TR,BRS,LTBE,Bursa,40.1833,29.0667,101,1931,12,,107.0,1931-12-01
17116,TR,BRS,LTBE,Bursa,40.1833,29.0667,101,1932,1,,78.0,1932-01-01
17116,TR,BRS,LTBE,Bursa,40.1833,29.0667,101,1932,2,,82.0,1932-02-01
17116,TR,BRS,LTBE,Bursa,40.1833,29.0667,101,1932,3,,68.0,1932-03-01
17116,TR,BRS,LTBE,Bursa,40.1833,29.0667,101,1932,4,,73.0,1932-04-01
17116,TR,BRS,LTBE,Bursa,40.1833,29.0667,101,1932,5,,38.0,1932-05-01
17116,TR,BRS,LTBE,Bursa,40.1833,29.0667,101,1932,6,,60.0,1932-06-01
17116,TR,BRS,LTBE,Bursa,40.1833,29.0667,101,1932,7,,2.0,1932-07-01
17116,TR,BRS,LTBE,Bursa,40.1833,29.0667,101,1932,8,,1.0,1932-08-01
17116,TR,BRS,LTBE,Bursa,40.1833,29.0667,101,1932,9,,2.0,1932-09-01
17116,TR,BRS,LTBE,Bursa,40.1833,29.0667,101,1932,10,,16.0,1932-10-01
17116,TR,BRS,LTBE,Bursa,40.1833,29.0667,101,1932,11,,76.0,1932-11-01
17116,TR,BRS,LTBE,Bursa,40.1833,29.0667,101,1932,12,,19.0,1932-12-01
17116,TR,BRS,LTBE,Bursa,40.1833,29.0667,101,1933,1,,56.0,1933-01-01
17116,TR,BRS,LTBE,Bursa,40.1833,29.0667,101,1933,2,,132.0,1933-02-01
17116,TR,BRS,LTBE,Bursa,40.1833,29.0667,101,1933,3,,30.0,1933-03-01
17116,TR,BRS,LTBE,Bursa,40.1833,29.0667,101,1933,4,,51.0,1933-04-01
17116,TR,BRS,LTBE,Bursa,40.1833,29.0667,101,1933,5,,177.0,1933-05-01
17116,TR,BRS,LTBE,Bursa,40.1833,29.0667,101,1933,6,,29.0,1933-06-01
17116,TR,BRS,LTBE,Bursa,40.1833,29.0667,101,1933,7,,62.0,1933-07-01
17116,TR,BRS,LTBE,Bursa,40.1833,29.0667,101,1933,8,,9.0,1933-08-01
17116,TR,BRS,LTBE,Bursa,40.1833,29.0667,101,1933,9,,20.0,1933-09-01
17116,TR,BRS,LTBE,Bursa,40.1833,29.0667,101,1933,10,,44.0,1933-10-01
17116,TR,BRS,LTBE,Bursa,40.1833,29.0667,101,1933,11,,75.0,1933-11-01
17116,TR,BRS,LTBE,Bursa,40.1833,29.0667,101,1933,12,,195.0,1933-12-01
17116,TR,BRS,LTBE,Bursa,40.1833,29.0667,101,1934,1,,45.0,1934-01-01
17116,TR,BRS,LTBE,Bursa,40.1833,29.0667,101,1934,2,,110.0,1934-02-01
17116,TR,BRS,LTBE,Bursa,40.1833,29.0667,101,1934,3,,16.0,1934-03-01
17116,TR,BRS,LTBE,Bursa,40.1833,29.0667,101,1934,4,,14.0,1934-04-01
17116,TR,BRS,LTBE,Bursa,40.1833,29.0667,101,1934,5,,31.0,1934-05-01
17116,TR,BRS,LTBE,Bursa,40.1833,29.0667,101,1934,6,,25.0,1934-06-01
17116,TR,BRS,LTBE,Bursa,40.1833,29.0667,101,1934,7,,39.0,1934-07-01
17116,TR,BRS,LTBE,Bursa,40.1833,29.0667,101,1934,8,,15.0,1934-08-01
17116,TR,BRS,LTBE,Bursa,40.1833,29.0667,101,1934,9,,2.0,1934-09-01
17116,TR,BRS,LTBE,Bursa,40.1833,29.0667,101,1934,10,,48.0,1934-10-01
17116,TR,BRS,LTBE,Bursa,40.1833,29.0667,101,1934,11,,57.0,1934-11-01
17116,TR,BRS,LTBE,Bursa,40.1833,29.0667,101,1934,12,,46.0,1934-12-01
17116,TR,BRS,LTBE,Bursa,40.1833,29.0667,101,1935,1,,40.0,1935-01-01
17116,TR,BRS,LTBE,Bursa,40.1833,29.0667,101,1935,2,,69.0,1935-02-01
17116,TR,BRS,LTBE,Bursa,40.1833,29.0667,101,1935,3,,50.0,1935-03-01
17116,TR,BRS,LTBE,Bursa,40.1833,29.0667,101,1935,4,,59.0,1935-04-01
17116,TR,BRS,LTBE,Bursa,40.1833,29.0667,101,1935,5,,45.0,1935-05-01
17116,TR,BRS,LTBE,Bursa,40.1833,29.0667,101,1935,6,,30.0,1935-06-01
17116,TR,BRS,LTBE,Bursa,40.1833,29.0667,101,1935,7,,9.0,1935-07-01
17116,TR,BRS,LTBE,Bursa,40.1833,29.0667,101,1935,8,,6.0,1935-08-01
17116,TR,BRS,LTBE,Bursa,40.1833,29.0667,101,1935,9,,141.0,1935-09-01
17116,TR,BRS,LTBE,Bursa,40.1833,29.0667,101,1935,10,,56.0,1935-10-01
17116,TR,BRS,LTBE,Bursa,40.1833,29.0667,101,1935,11,,97.0,1935-11-01
17116,TR,BRS,LTBE,Bursa,40.1833,29.0667,101,1935,12,,86.0,1935-12-01
17116,TR,BRS,LTBE,Bursa,40.1833,29.0667,101,1936,1,,43.0,1936-01-01
17116,TR,BRS,LTBE,Bursa,40.1833,29.0667,101,1936,2,,172.0,1936-02-01
17116,TR,BRS,LTBE,Bursa,40.1833,29.0667,101,1936,3,,59.0,1936-03-01
17116,TR,BRS,LTBE,Bursa,40.1833,29.0667,101,1936,4,,54.0,1936-04-01
17116,TR,BRS,LTBE,Bursa,40.1833,29.0667,101,1936,5,,83.0,1936-05-01
17116,TR,BRS,LTBE,Bursa,40.1833,29.0667,101,1936,6,,34.0,1936-06-01
17116,TR,BRS,LTBE,Bursa,40.1833,29.0667,101,1936,7,,114.0,1936-07-01
17116,TR,BRS,LTBE,Bursa,40.1833,29.0667,101,1936,8,,0.5,1936-08-01
17116,TR,BRS,LTBE,Bursa,40.1833,29.0667,101,1936,9,,16.0,1936-09-01
17116,TR,BRS,LTBE,Bursa,40.1833,29.0667,101,1936,10,,91.0,1936-10-01
17116,TR,BRS,LTBE,Bursa,40.1833,29.0667,101,1936,11,,96.0,1936-11-01
17116,TR,BRS,LTBE,Bursa,40.1833,29.0667,101,1936,12,,53.0,1936-12-01
17116,TR,BRS,LTBE,Bursa,40.1833,29.0667,101,1937,1,,86.0,1937-01-01
17116,TR,BRS,LTBE,Bursa,40.1833,29.0667,101,1937,2,,68.0,1937-02-01
17116,TR,BRS,LTBE,Bursa,40.1833,29.0667,101,1937,3,,12.0,1937-03-01
17116,TR,BRS,LTBE,Bursa,40.1833,29.0667,101,1937,4,,88.0,1937-04-01
17116,TR,BRS,LTBE,Bursa,40.1833,29.0667,101,1937,5,,,1937-05-01
17116,TR,BRS,LTBE,Bursa,40.1833,29.0667,101,1937,6,,3.0,1937-06-01
17116,TR,BRS,LTBE,Bursa,40.1833,29.0667,101,1937,7,,3.0,1937-07-01
17116,TR,BRS,LTBE,Bursa,40.1833,29.0667,101,1937,8,,74.0,1937-08-01
17116,TR,BRS,LTBE,Bursa,40.1833,29.0667,101,1937,9,,0.0,1937-09-01
17116,TR,BRS,LTBE,Bursa,40.1833,29.0667,101,1937,10,,107.0,1937-10-01
17116,TR,BRS,LTBE,Bursa,40.1833,29.0667,101,1937,11,,117.0,1937-11-01
17116,TR,BRS,LTBE,Bursa,40.1833,29.0667,101,1937,12,,90.0,1937-12-01
17116,TR,BRS,LTBE,Bursa,40.1833,29.0667,101,1938,1,,82.0,1938-01-01
17116,TR,BRS,LTBE,Bursa,40.1833,29.0667,101,1938,2,,42.0,1938-02-01
17116,TR,BRS,LTBE,Bursa,40.1833,29.0667,101,1938,3,,79.0,1938-03-01
17116,TR,BRS,LTBE,Bursa,40.1833,29.0667,101,1938,4,,85.0,1938-04-01
17116,TR,BRS,LTBE,Bursa,40.1833,29.0667,101,1938,5,,65.0,1938-05-01
17116,TR,BRS,LTBE,Bursa,40.1833,29.0667,101,1938,6,,6.0,1938-06-01
17116,TR,BRS,LTBE,Bursa,40.1833,29.0667,101,1938,7,,57.0,1938-07-01
17116,TR,BRS,LTBE,Bursa,40.1833,29.0667,101,1938,8,,15.0,1938-08-01
17116,TR,BRS,LTBE,Bursa,40.1833,29.0667,101,1938,9,,118.0,1938-09-01
17116,TR,BRS,LTBE,Bursa,40.1833,29.0667,101,1938,10,,42.0,1938-10-01
17116,TR,BRS,LTBE,Bursa,40.1833,29.0667,101,1938,11,,25.0,1938-11-01
17116,TR,BRS,LTBE,Bursa,40.1833,29.0667,101,1938,12,,67.0,1938-12-01
17116,TR,BRS,LTBE,Bursa,40.1833,29.0667,101,1939,1,,71.0,1939-01-01
17116,TR,BRS,LTBE,Bursa,40.1833,29.0667,101,1939,2,,43.0,1939-02-01
17116,TR,BRS,LTBE,Bursa,40.1833,29.0667,101,1939,3,,154.0,1939-03-01
17116,TR,BRS,LTBE,Bursa,40.1833,29.0667,101,1939,4,,3.0,1939-04-01
17116,TR,BRS,LTBE,Bursa,40.1833,29.0667,101,1939,5,,65.0,1939-05-01
17116,TR,BRS,LTBE,Bursa,40.1833,29.0667,101,1939,6,,47.0,1939-06-01
17116,TR,BRS,LTBE,Bursa,40.1833,29.0667,101,1939,7,,18.0,1939-07-01
17116,TR,BRS,LTBE,Bursa,40.1833,29.0667,101,1939,8,,62.0,1939-08-01
17116,TR,BRS,LTBE,Bursa,40.1833,29.0667,101,1939,9,,67.0,1939-09-01
17116,TR,BRS,LTBE,Bursa,40.1833,29.0667,101,1939,10,,32.0,1939-10-01
17116,TR,BRS,LTBE,Bursa,40.1833,29.0667,101,1939,11,,149.0,1939-11-01
17116,TR,BRS,LTBE,Bursa,40.1833,29.0667,101,1939,12,,205.0,1939-12-01
17116,TR,BRS,LTBE,Bursa,40.1833,29.0667,101,1940,1,,63.0,1940-01-01
17116,TR,BRS,LTBE,Bursa,40.1833,29.0667,101,1940,2,,93.0,1940-02-01
17116,TR,BRS,LTBE,Bursa,40.1833,29.0667,101,1940,3,,86.0,1940-03-01
17116,TR,BRS,LTBE,Bursa,40.1833,29.0667,101,1940,4,,137.0,1940-04-01
17116,TR,BRS,LTBE,Bursa,40.1833,29.0667,101,1940,5,,55.0,1940-05-01
17116,TR,BRS,LTBE,Bursa,40.1833,29.0667,101,1940,6,,35.0,1940-06-01
17116,TR,BRS,LTBE,Bursa,40.1833,29.0667,101,1940,7,,2.0,1940-07-01
17116,TR,BRS,LTBE,Bursa,40.1833,29.0667,101,1940,8,,43.0,1940-08-01
17116,TR,BRS,LTBE,Bursa,40.1833,29.0667,101,1940,9,,27.0,1940-09-01
17116,TR,BRS,LTBE,Bursa,40.1833,29.0667,101,1940,10,,49.0,1940-10-01
17116,TR,BRS,LTBE,Bursa,40.1833,29.0667,101,1940,11,,108.0,1940-11-01
17116,TR,BRS,LTBE,Bursa,40.1833,29.0667,101,1940,12,,239.0,1940-12-01
17116,TR,BRS,LTBE,Bursa,40.1833,29.0667,101,1941,1,,132.0,1941-01-01
17116,TR,BRS,LTBE,Bursa,40.1833,29.0667,101,1941,2,,106.0,1941-02-01
17116,TR,BRS,LTBE,Bursa,40.1833,29.0667,101,1941,3,,40.0,1941-03-01
17116,TR,BRS,LTBE,Bursa,40.1833,29.0667,101,1941,4,,37.0,1941-04-01
17116,TR,BRS,LTBE,Bursa,40.1833,29.0667,101,1941,5,,108.0,1941-05-01
17116,TR,BRS,LTBE,Bursa,40.1833,29.0667,101,1941,6,,66.0,1941-06-01
17116,TR,BRS,LTBE,Bursa,40.1833,29.0667,101,1941,7,,104.0,1941-07-01
17116,TR,BRS,LTBE,Bursa,40.1833,29.0667,101,1941,8,,0.0,1941-08-01
17116,TR,BRS,LTBE,Bursa,40.1833,29.0667,101,1941,9,,16.0,1941-09-01
17116,TR,BRS,LTBE,Bursa,40.1833,29.0667,101,1941,10,,196.0,1941-10-01
17116,TR,BRS,LTBE,Bursa,40.1833,29.0667,101,1941,11,,84.0,1941-11-01
17116,TR,BRS,LTBE,Bursa,40.1833,29.0667,101,1941,12,,101.0,1941-12-01
17116,TR,BRS,LTBE,Bursa,40.1833,29.0667,101,1942,1,,193.0,1942-01-01
17116,TR,BRS,LTBE,Bursa,40.1833,29.0667,101,1942,2,,54.0,1942-02-01
17116,TR,BRS,LTBE,Bursa,40.1833,29.0667,101,1942,3,,32.0,1942-03-01
17116,TR,BRS,LTBE,Bursa,40.1833,29.0667,101,1942,4,,50.0,1942-04-01
17116,TR,BRS,LTBE,Bursa,40.1833,29.0667,101,1942,5,,14.0,1942-05-01
17116,TR,BRS,LTBE,Bursa,40.1833,29.0667,101,1942,6,,5.0,1942-06-01
17116,TR,BRS,LTBE,Bursa,40.1833,29.0667,101,1942,7,,,1942-07-01
17116,TR,BRS,LTBE,Bursa,40.1833,29.0667,101,1942,8,,108.0,1942-08-01
17116,TR,BRS,LTBE,Bursa,40.1833,29.0667,101,1942,9,,93.0,1942-09-01
17116,TR,BRS,LTBE,Bursa,40.1833,29.0667,101,1942,10,,77.0,1942-10-01
17116,TR,BRS,LTBE,Bursa,40.1833,29.0667,101,1942,11,,123.0,1942-11-01
17116,TR,BRS,LTBE,Bursa,40.1833,29.0667,101,1942,12,,27.0,1942-12-01
17116,TR,BRS,LTBE,Bursa,40.1833,29.0667,101,1943,1,,145.0,1943-01-01
17116,TR,BRS,LTBE,Bursa,40.1833,29.0667,101,1943,2,,33.0,1943-02-01
17116,TR,BRS,LTBE,Bursa,40.1833,29.0667,101,1943,3,,21.0,1943-03-01
17116,TR,BRS,LTBE,Bursa,40.1833,29.0667,101,1943,4,,78.0,1943-04-01
17116,TR,BRS,LTBE,Bursa,40.1833,29.0667,101,1943,5,,123.0,1943-05-01
17116,TR,BRS,LTBE,Bursa,40.1833,29.0667,101,1943,6,,81.0,1943-06-01
17116,TR,BRS,LTBE,Bursa,40.1833,29.0667,101,1943,7,,27.0,1943-07-01
17116,TR,BRS,LTBE,Bursa,40.1833,29.0667,101,1943,8,,,1943-08-01
17116,TR,BRS,LTBE,Bursa,40.1833,29.0667,101,1943,9,,80.0,1943-09-01
17116,TR,BRS,LTBE,Bursa,40.1833,29.0667,101,1943,10,,59.0,1943-10-01
17116,TR,BRS,LTBE,Bursa,40.1833,29.0667,101,1943,11,,77.0,1943-11-01
17116,TR,BRS,LTBE,Bursa,40.1833,29.0667,101,1943,12,,101.0,1943-12-01
17116,TR,BRS,LTBE,Bursa,40.1833,29.0667,101,1944,1,,90.0,1944-01-01
17116,TR,BRS,LTBE,Bursa,40.1833,29.0667,101,1944,2,,108.0,1944-02-01
17116,TR,BRS,LTBE,Bursa,40.1833,29.0667,101,1944,3,,201.0,1944-03-01
17116,TR,BRS,LTBE,Bursa,40.1833,29.0667,101,1944,4,,46.0,1944-04-01
17116,TR,BRS,LTBE,Bursa,40.1833,29.0667,101,1944,5,,87.0,1944-05-01
17116,TR,BRS,LTBE,Bursa,40.1833,29.0667,101,1944,6,,3.0,1944-06-01
17116,TR,BRS,LTBE,Bursa,40.1833,29.0667,101,1944,7,,22.0,1944-07-01
17116,TR,BRS,LTBE,Bursa,40.1833,29.0667,101,1944,8,,6.0,1944-08-01
17116,TR,BRS,LTBE,Bursa,40.1833,29.0667,101,1944,9,,9.0,1944-09-01
17116,TR,BRS,LTBE,Bursa,40.1833,29.0667,101,1944,10,,74.0,1944-10-01
17116,TR,BRS,LTBE,Bursa,40.1833,29.0667,101,1944,11,,55.0,1944-11-01
17116,TR,BRS,LTBE,Bursa,40.1833,29.0667,101,1944,12,,64.0,1944-12-01
17116,TR,BRS,LTBE,Bursa,40.1833,29.0667,101,1945,1,,221.0,1945-01-01
17116,TR,BRS,LTBE,Bursa,40.1833,29.0667,101,1945,2,,56.0,1945-02-01
17116,TR,BRS,LTBE,Bursa,40.1833,29.0667,101,1945,3,,108.0,1945-03-01
17116,TR,BRS,LTBE,Bursa,40.1833,29.0667,101,1945,4,,81.0,1945-04-01
17116,TR,BRS,LTBE,Bursa,40.1833,29.0667,101,1945,5,,,1945-05-01
17116,TR,BRS,LTBE,Bursa,40.1833,29.0667,101,1945,6,,3.0,1945-06-01
17116,TR,BRS,LTBE,Bursa,40.1833,29.0667,101,1945,7,,0.1,1945-07-01
17116,TR,BRS,LTBE,Bursa,40.1833,29.0667,101,1945,8,,10.0,1945-08-01
17116,TR,BRS,LTBE,Bursa,40.1833,29.0667,101,1945,9,,12.0,1945-09-01
17116,TR,BRS,LTBE,Bursa,40.1833,29.0667,101,1945,10,,48.0,1945-10-01
17116,TR,BRS,LTBE,Bursa,40.1833,29.0667,101,1945,11,,41.0,1945-11-01
17116,TR,BRS,LTBE,Bursa,40.1833,29.0667,101,1945,12,,133.0,1945-12-01
17116,TR,BRS,LTBE,Bursa,40.1833,29.0667,101,1946,1,,26.0,1946-01-01
17116,TR,BRS,LTBE,Bursa,40.1833,29.0667,101,1946,2,,130.0,1946-02-01
17116,TR,BRS,LTBE,Bursa,40.1833,29.0667,101,1946,3,,112.0,1946-03-01
17116,TR,BRS,LTBE,Bursa,40.1833,29.0667,101,1946,4,,26.0,1946-04-01
17116,TR,BRS,LTBE,Bursa,40.1833,29.0667,101,1946,5,,61.0,1946-05-01
17116,TR,BRS,LTBE,Bursa,40.1833,29.0667,101,1946,6,,6.0,1946-06-01
17116,TR,BRS,LTBE,Bursa,40.1833,29.0667,101,1946,7,,1.0,1946-07-01
17116,TR,BRS,LTBE,Bursa,40.1833,29.0667,101,1946,8,,15.0,1946-08-01
17116,TR,BRS,LTBE,Bursa,40.1833,29.0667,101,1946,9,,,1946-09-01
17116,TR,BRS,LTBE,Bursa,40.1833,29.0667,101,1946,10,,83.0,1946-10-01
17116,TR,BRS,LTBE,Bursa,40.1833,29.0667,101,1946,11,,67.0,1946-11-01
17116,TR,BRS,LTBE,Bursa,40.1833,29.0667,101,1946,12,,43.0,1946-12-01
17116,TR,BRS,LTBE,Bursa,40.1833,29.0667,101,1947,1,,98.0,1947-01-01
17116,TR,BRS,LTBE,Bursa,40.1833,29.0667,101,1947,2,,77.0,1947-02-01
17116,TR,BRS,LTBE,Bursa,40.1833,29.0667,101,1947,3,,49.0,1947-03-01
17116,TR,BRS,LTBE,Bursa,40.1833,29.0667,101,1947,4,,25.0,1947-04-01
17116,TR,BRS,LTBE,Bursa,40.1833,29.0667,101,1947,5,,19.0,1947-05-01
17116,TR,BRS,LTBE,Bursa,40.1833,29.0667,101,1947,6,,32.0,1947-06-01
17116,TR,BRS,LTBE,Bursa,40.1833,29.0667,101,1947,7,,37.0,1947-07-01
17116,TR,BRS,LTBE,Bursa,40.1833,29.0667,101,1947,8,,46.0,1947-08-01
17116,TR,BRS,LTBE,Bursa,40.1833,29.0667,101,1947,9,,60.0,1947-09-01
17116,TR,BRS,LTBE,Bursa,40.1833,29.0667,101,1947,10,,62.0,1947-10-01
17116,TR,BRS,LTBE,Bursa,40.1833,29.0667,101,1947,11,,87.0,1947-11-01
17116,TR,BRS,LTBE,Bursa,40.1833,29.0667,101,1947,12,,113.0,1947-12-01
17116,TR,BRS,LTBE,Bursa,40.1833,29.0667,101,1948,1,,79.0,1948-01-01
17116,TR,BRS,LTBE,Bursa,40.1833,29.0667,101,1948,2,,206.0,1948-02-01
17116,TR,BRS,LTBE,Bursa,40.1833,29.0667,101,1948,3,,87.0,1948-03-01
17116,TR,BRS,LTBE,Bursa,40.1833,29.0667,101,1948,4,,87.0,1948-04-01
17116,TR,BRS,LTBE,Bursa,40.1833,29.0667,101,1948,5,,71.0,1948-05-01
17116,TR,BRS,LTBE,Bursa,40.1833,29.0667,101,1948,6,,85.0,1948-06-01
17116,TR,BRS,LTBE,Bursa,40.1833,29.0667,101,1948,7,,,1948-07-01
17116,TR,BRS,LTBE,Bursa,40.1833,29.0667,101,1948,8,,0.8,1948-08-01
17116,TR,BRS,LTBE,Bursa,40.1833,29.0667,101,1948,9,,4.0,1948-09-01
17116,TR,BRS,LTBE,Bursa,40.1833,29.0667,101,1948,10,,35.0,1948-10-01
17116,TR,BRS,LTBE,Bursa,40.1833,29.0667,101,1948,11,,56.0,1948-11-01
17116,TR,BRS,LTBE,Bursa,40.1833,29.0667,101,1948,12,,45.0,1948-12-01
17116,TR,BRS,LTBE,Bursa,40.1833,29.0667,101,1949,1,3.3,49.0,1949-01-01
17116,TR,BRS,LTBE,Bursa,40.1833,29.0667,101,1949,2,2.9,32.0,1949-02-01
17116,TR,BRS,LTBE,Bursa,40.1833,29.0667,101,1949,3,5.9,113.0,1949-03-01
17116,TR,BRS,LTBE,Bursa,40.1833,29.0667,101,1949,4,10.1,88.0,1949-04-01
17116,TR,BRS,LTBE,Bursa,40.1833,29.0667,101,1949,5,18.8,37.0,1949-05-01
17116,TR,BRS,LTBE,Bursa,40.1833,29.0667,101,1949,6,21.5,44.0,1949-06-01
17116,TR,BRS,LTBE,Bursa,40.1833,29.0667,101,1949,7,22.2,124.0,1949-07-01
17116,TR,BRS,LTBE,Bursa,40.1833,29.0667,101,1949,8,21.8,11.0,1949-08-01
17116,TR,BRS,LTBE,Bursa,40.1833,29.0667,101,1949,9,17.6,185.0,1949-09-01
17116,TR,BRS,LTBE,Bursa,40.1833,29.0667,101,1949,10,14.5,0.2,1949-10-01
17116,TR,BRS,LTBE,Bursa,40.1833,29.0667,101,1949,11,13.6,38.0,1949-11-01
17116,TR,BRS,LTBE,Bursa,40.1833,29.0667,101,1949,12,8.4,100.0,1949-12-01
17116,TR,BRS,LTBE,Bursa,40.1833,29.0667,101,1950,1,2.0,148.0,1950-01-01
17116,TR,BRS,LTBE,Bursa,40.1833,29.0667,101,1950,2,4.9,88.0,1950-02-01
17116,TR,BRS,LTBE,Bursa,40.1833,29.0667,101,1950,3,8.1,41.0,1950-03-01
17116,TR,BRS,LTBE,Bursa,40.1833,29.0667,101,1950,4,15.9,29.0,1950-04-01
17116,TR,BRS,LTBE,Bursa,40.1833,29.0667,101,1950,5,17.4,32.0,1950-05-01
17116,TR,BRS,LTBE,Bursa,40.1833,29.0667,101,1950,6,22.2,21.0,1950-06-01
17116,TR,BRS,LTBE,Bursa,40.1833,29.0667,101,1950,7,25.0,0.9,1950-07-01
17116,TR,BRS,LTBE,Bursa,40.1833,29.0667,101,1950,8,23.9,8.0,1950-08-01
17116,TR,BRS,LTBE,Bursa,40.1833,29.0667,101,1950,9,21.6,44.0,1950-09-01
17116,TR,BRS,LTBE,Bursa,40.1833,29.0667,101,1950,10,13.6,56.0,1950-10-01
17116,TR,BRS,LTBE,Bursa,40.1833,29.0667,101,1950,11,10.2,84.0,1950-11-01
17116,TR,BRS,LTBE,Bursa,40.1833,29.0667,101,1950,12,10.0,65.0,1950-12-01
17116,TR,BRS,LTBE,Bursa,40.1833,29.0667,101,1951,1,7.3,87.0,1951-01-01
17116,TR,BRS,LTBE,Bursa,40.1833,29.0667,101,1951,2,8.3,104.0,1951-02-01
17116,TR,BRS,LTBE,Bursa,40.1833,29.0667,101,1951,3,10.8,104.0,1951-03-01
17116,TR,BRS,LTBE,Bursa,40.1833,29.0667,101,1951,4,13.8,42.0,1951-04-01
17116,TR,BRS,LTBE,Bursa,40.1833,29.0667,101,1951,5,18.5,39.0,1951-05-01
17116,TR,BRS,LTBE,Bursa,40.1833,29.0667,101,1951,6,21.4,6.0,1951-06-01
17116,TR,BRS,LTBE,Bursa,40.1833,29.0667,101,1951,7,24.5,0.0,1951-07-01
17116,TR,BRS,LTBE,Bursa,40.1833,29.0667,101,1951,8,24.7,20.0,1951-08-01
17116,TR,BRS,LTBE,Bursa,40.1833,29.0667,101,1951,9,20.7,19.0,1951-09-01
17116,TR,BRS,LTBE,Bursa,40.1833,29.0667,101,1951,10,12.5,30.0,1951-10-01
17116,TR,BRS,LTBE,Bursa,40.1833,29.0667,101,1951,11,11.7,54.0,1951-11-01
17116,TR,BRS,LTBE,Bursa,40.1833,29.0667,101,1951,12,4.7,107.0,1951-12-01
17116,TR,BRS,LTBE,Bursa,40.1833,29.0667,101,1952,1,6.8,111.0,1952-01-01
17116,TR,BRS,LTBE,Bursa,40.1833,29.0667,101,1952,2,6.8,146.0,1952-02-01
17116,TR,BRS,LTBE,Bursa,40.1833,29.0667,101,1952,3,8.6,43.0,1952-03-01
17116,TR,BRS,LTBE,Bursa,40.1833,29.0667,101,1952,4,13.1,22.0,1952-04-01
17116,TR,BRS,LTBE,Bursa,40.1833,29.0667,101,1952,5,16.3,65.0,1952-05-01
17116,TR,BRS,LTBE,Bursa,40.1833,29.0667,101,1952,6,20.1,57.0,1952-06-01
17116,TR,BRS,LTBE,Bursa,40.1833,29.0667,101,1952,7,23.5,7.0,1952-07-01
17116,TR,BRS,LTBE,Bursa,40.1833,29.0667,101,1952,8,25.4,0.0,1952-08-01
17116,TR,BRS,LTBE,Bursa,40.1833,29.0667,101,1952,9,22.5,30.0,1952-09-01
17116,TR,BRS,LTBE,Bursa,40.1833,29.0667,101,1952,10,16.0,108.0,1952-10-01
17116,TR,BRS,LTBE,Bursa,40.1833,29.0667,101,1952,11,12.8,138.0,1952-11-01
17116,TR,BRS,LTBE,Bursa,40.1833,29.0667,101,1952,12,11.5,47.0,1952-12-01
17116,TR,BRS,LTBE,Bursa,40.1833,29.0667,101,1953,1,7.4,97.0,1953-01-01
17116,TR,BRS,LTBE,Bursa,40.1833,29.0667,101,1953,2,6.9,147.0,1953-02-01
17116,TR,BRS,LTBE,Bursa,40.1833,29.0667,101,1953,3,4.2,91.0,1953-03-01
17116,TR,BRS,LTBE,Bursa,40.1833,29.0667,101,1953,4,12.1,49.0,1953-04-01
17116,TR,BRS,LTBE,Bursa,40.1833,29.0667,101,1953,5,16.0,71.0,1953-05-01
17116,TR,BRS,LTBE,Bursa,40.1833,29.0667,101,1953,6,21.6,40.0,1953-06-01
17116,TR,BRS,LTBE,Bursa,40.1833,29.0667,101,1953,7,24.8,0.0,1953-07-01
17116,TR,BRS,LTBE,Bursa,40.1833,29.0667,101,1953,8,24.0,7.0,1953-08-01
17116,TR,BRS,LTBE,Bursa,40.1833,29.0667,101,1953,9,18.9,40.0,1953-09-01
17116,TR,BRS,LTBE,Bursa,40.1833,29.0667,101,1953,10,14.8,74.0,1953-10-01
17116,TR,BRS,LTBE,Bursa,40.1833,29.0667,101,1953,11,7.7,44.0,1953-11-01
17116,TR,BRS,LTBE,Bursa,40.1833,29.0667,101,1953,12,2.6,30.0,1953-12-01
17116,TR,BRS,LTBE,Bursa,40.1833,29.0667,101,1954,1,1.5,122.0,1954-01-01
17116,TR,BRS,LTBE,Bursa,40.1833,29.0667,101,1954,2,2.8,71.0,1954-02-01
17116,TR,BRS,LTBE,Bursa,40.1833,29.0667,101,1954,3,8.7,55.0,1954-03-01
17116,TR,BRS,LTBE,Bursa,40.1833,29.0667,101,1954,4,10.4,45.0,1954-04-01
17116,TR,BRS,LTBE,Bursa,40.1833,29.0667,101,1954,5,17.4,69.0,1954-05-01
17116,TR,BRS,LTBE,Bursa,40.1833,29.0667,101,1954,6,23.2,6.0,1954-06-01
17116,TR,BRS,LTBE,Bursa,40.1833,29.0667,101,1954,7,25.7,4.0,1954-07-01
17116,TR,BRS,LTBE,Bursa,40.1833,29.0667,101,1954,8,25.1,0.0,1954-08-01
17116,TR,BRS,LTBE,Bursa,40.1833,29.0667,101,1954,9,20.9,57.0,1954-09-01
17116,TR,BRS,LTBE,Bursa,40.1833,29.0667,101,1954,10,15.9,4.0,1954-10-01
17116,TR,BRS,LTBE,Bursa,40.1833,29.0667,101,1954,11,11.5,66.0,1954-11-01
17116,TR,BRS,LTBE,Bursa,40.1833,29.0667,101,1954,12,7.5,81.0,1954-12-01
17116,TR,BRS,LTBE,Bursa,40.1833,29.0667,101,1955,1,9.6,62.0,1955-01-01
17116,TR,BRS,LTBE,Bursa,40.1833,29.0667,101,1955,2,12.2,96.0,1955-02-01
17116,TR,BRS,LTBE,Bursa,40.1833,29.0667,101,1955,3,9.4,32.0,1955-03-01
17116,TR,BRS,LTBE,Bursa,40.1833,29.0667,101,1955,4,9.7,81.0,1955-04-01
17116,TR,BRS,LTBE,Bursa,40.1833,29.0667,101,1955,5,17.3,1.0,1955-05-01
17116,TR,BRS,LTBE,Bursa,40.1833,29.0667,101,1955,6,21.3,6.0,1955-06-01
17116,TR,BRS,LTBE,Bursa,40.1833,29.0667,101,1955,7,24.9,32.0,1955-07-01
17116,TR,BRS,LTBE,Bursa,40.1833,29.0667,101,1955,8,22.9,37.0,1955-08-01
17116,TR,BRS,LTBE,Bursa,40.1833,29.0667,101,1955,9,20.6,17.0,1955-09-01
17116,TR,BRS,LTBE,Bursa,40.1833,29.0667,101,1955,10,18.3,54.0,1955-10-01
17116,TR,BRS,LTBE,Bursa,40.1833,29.0667,101,1955,11,10.8,190.0,1955-11-01
17116,TR,BRS,LTBE,Bursa,40.1833,29.0667,101,1955,12,8.5,55.0,1955-12-01
17116,TR,BRS,LTBE,Bursa,40.1833,29.0667,101,1956,1,6.9,90.0,1956-01-01
17116,TR,BRS,LTBE,Bursa,40.1833,29.0667,101,1956,2,5.6,105.0,1956-02-01
17116,TR,BRS,LTBE,Bursa,40.1833,29.0667,101,1956,3,5.0,62.0,1956-03-01
17116,TR,BRS,LTBE,Bursa,40.1833,29.0667,101,1956,4,13.7,30.0,1956-04-01
17116,TR,BRS,LTBE,Bursa,40.1833,29.0667,101,1956,5,16.6,42.0,1956-05-01
17116,TR,BRS,LTBE,Bursa,40.1833,29.0667,101,1956,6,21.2,22.0,1956-06-01
17116,TR,BRS,LTBE,Bursa,40.1833,29.0667,101,1956,7,24.4,10.0,1956-07-01
17116,TR,BRS,LTBE,Bursa,40.1833,29.0667,101,1956,8,24.9,11.0,1956-08-01
17116,TR,BRS,LTBE,Bursa,40.1833,29.0667,101,1956,9,18.6,7.0,1956-09-01
17116,TR,BRS,LTBE,Bursa,40.1833,29.0667,101,1956,10,13.6,25.0,1956-10-01
17116,TR,BRS,LTBE,Bursa,40.1833,29.0667,101,1956,11,10.3,89.0,1956-11-01
17116,TR,BRS,LTBE,Bursa,40.1833,29.0667,101,1956,12,4.9,47.0,1956-12-01
17116,TR,BRS,LTBE,Bursa,40.1833,29.0667,101,1957,1,4.1,27.0,1957-01-01
17116,TR,BRS,LTBE,Bursa,40.1833,29.0667,101,1957,2,8.4,48.0,1957-02-01
17116,TR,BRS,LTBE,Bursa,40.1833,29.0667,101,1957,3,7.2,62.0,1957-03-01
17116,TR,BRS,LTBE,Bursa,40.1833,29.0667,101,1957,4,11.8,26.0,1957-04-01
17116,TR,BRS,LTBE,Bursa,40.1833,29.0667,101,1957,5,15.8,68.0,1957-05-01
17116,TR,BRS,LTBE,Bursa,40.1833,29.0667,101,1957,6,22.0,7.0,1957-06-01
17116,TR,BRS,LTBE,Bursa,40.1833,29.0667,101,1957,7,24.5,19.0,1957-07-01
17116,TR,BRS,LTBE,Bursa,40.1833,29.0667,101,1957,8,25.0,2.0,1957-08-01
17116,TR,BRS,LTBE,Bursa,40.1833,29.0667,101,1957,9,21.5,42.0,1957-09-01
17116,TR,BRS,LTBE,Bursa,40.1833,29.0667,101,1957,10,16.8,34.0,1957-10-01
17116,TR,BRS,LTBE,Bursa,40.1833,29.0667,101,1957,11,11.1,67.0,1957-11-01
17116,TR,BRS,LTBE,Bursa,40.1833,29.0667,101,1957,12,6.4,151.0,1957-12-01
17116,TR,BRS,LTBE,Bursa,40.1833,29.0667,101,1958,1,5.8,115.0,1958-01-01
17116,TR,BRS,LTBE,Bursa,40.1833,29.0667,101,1958,2,9.6,21.0,1958-02-01
17116,TR,BRS,LTBE,Bursa,40.1833,29.0667,101,1958,3,9.1,181.0,1958-03-01
17116,TR,BRS,LTBE,Bursa,40.1833,29.0667,101,1958,4,12.3,63.0,1958-04-01
17116,TR,BRS,LTBE,Bursa,40.1833,29.0667,101,1958,5,18.3,36.0,1958-05-01
17116,TR,BRS,LTBE,Bursa,40.1833,29.0667,101,1958,6,21.7,30.0,1958-06-01
17116,TR,BRS,LTBE,Bursa,40.1833,29.0667,101,1958,7,24.2,3.0,1958-07-01
17116,TR,BRS,LTBE,Bursa,40.1833,29.0667,101,1958,8,23.8,16.0,1958-08-01
17116,TR,BRS,LTBE,Bursa,40.1833,29.0667,101,1958,9,18.1,53.0,1958-09-01
17116,TR,BRS,LTBE,Bursa,40.1833,29.0667,101,1958,10,13.6,89.0,1958-10-01
17116,TR,BRS,LTBE,Bursa,40.1833,29.0667,101,1958,11,10.6,34.0,1958-11-01
17116,TR,BRS,LTBE,Bursa,40.1833,29.0667,101,1958,12,8.3,94.0,1958-12-01
17116,TR,BRS,LTBE,Bursa,40.1833,29.0667,101,1959,1,6.1,162.0,1959-01-01
17116,TR,BRS,LTBE,Bursa,40.1833,29.0667,101,1959,2,2.0,39.0,1959-02-01
17116,TR,BRS,LTBE,Bursa,40.1833,29.0667,101,1959,3,6.9,39.0,1959-03-01
17116,TR,BRS,LTBE,Bursa,40.1833,29.0667,101,1959,4,12.7,38.0,1959-04-01
17116,TR,BRS,LTBE,Bursa,40.1833,29.0667,101,1959,5,16.0,74.0,1959-05-01
17116,TR,BRS,LTBE,Bursa,40.1833,29.0667,101,1959,6,20.2,63.0,1959-06-01
17116,TR,BRS,LTBE,Bursa,40.1833,29.0667,101,1959,7,24.0,66.0,1959-07-01
17116,TR,BRS,LTBE,Bursa,40.1833,29.0667,101,1959,8,23.5,1.0,1959-08-01
17116,TR,BRS,LTBE,Bursa,40.1833,29.0667,101,1959,9,16.6,19.0,1959-09-01
17116,TR,BRS,LTBE,Bursa,40.1833,29.0667,101,1959,10,11.9,43.0,1959-10-01
17116,TR,BRS,LTBE,Bursa,40.1833,29.0667,101,1959,11,9.7,81.0,1959-11-01
17116,TR,BRS,LTBE,Bursa,40.1833,29.0667,101,1959,12,9.6,72.0,1959-12-01
17116,TR,BRS,LTBE,Bursa,40.1833,29.0667,101,1960,1,7.4,128.0,1960-01-01
17116,TR,BRS,LTBE,Bursa,40.1833,29.0667,101,1960,2,6.9,64.0,1960-02-01
17116,TR,BRS,LTBE,Bursa,40.1833,29.0667,101,1960,3,8.0,61.0,1960-03-01
17116,TR,BRS,LTBE,Bursa,40.1833,29.0667,101,1960,4,11.3,56.0,1960-04-01
17116,TR,BRS,LTBE,Bursa,40.1833,29.0667,101,1960,5,16.6,57.0,1960-05-01
17116,TR,BRS,LTBE,Bursa,40.1833,29.0667,101,1960,6,20.0,83.0,1960-06-01
17116,TR,BRS,LTBE,Bursa,40.1833,29.0667,101,1960,7,22.7,17.0,1960-07-01
17116,TR,BRS,LTBE,Bursa,40.1833,29.0667,101,1960,8,23.1,4.0,1960-08-01
17116,TR,BRS,LTBE,Bursa,40.1833,29.0667,101,1960,9,18.8,12.0,1960-09-01
17116,TR,BRS,LTBE,Bursa,40.1833,29.0667,101,1960,10,17.6,23.0,1960-10-01
17116,TR,BRS,LTBE,Bursa,40.1833,29.0667,101,1960,11,12.2,69.0,1960-11-01
17116,TR,BRS,LTBE,Bursa,40.1833,29.0667,101,1960,12,10.7,159.0,1960-12-01
17116,TR,BRS,LTBE,Bursa,40.1833,29.0667,101,1961,1,3.4,78.0,1961-01-01
17116,TR,BRS,LTBE,Bursa,40.1833,29.0667,101,1961,2,4.4,50.0,1961-02-01
17116,TR,BRS,LTBE,Bursa,40.1833,29.0667,101,1961,3,7.8,48.0,1961-03-01
17116,TR,BRS,LTBE,Bursa,40.1833,29.0667,101,1961,4,13.8,28.0,1961-04-01
17116,TR,BRS,LTBE,Bursa,40.1833,29.0667,101,1961,5,16.6,31.0,1961-05-01
17116,TR,BRS,LTBE,Bursa,40.1833,29.0667,101,1961,6,20.8,45.0,1961-06-01
17116,TR,BRS,LTBE,Bursa,40.1833,29.0667,101,1961,7,22.8,9.0,1961-07-01
17116,TR,BRS,LTBE,Bursa,40.1833,29.0667,101,1961,8,23.1,1.0,1961-08-01
17116,TR,BRS,LTBE,Bursa,40.1833,29.0667,101,1961,9,17.5,17.0,1961-09-01
17116,TR,BRS,LTBE,Bursa,40.1833,29.0667,101,1961,10,14.0,38.0,1961-10-01
17116,TR,BRS,LTBE,Bursa,40.1833,29.0667,101,1961,11,12.1,47.0,1961-11-01
17116,TR,BRS,LTBE,Bursa,40.1833,29.0667,101,1961,12,7.6,55.0,1961-12-01
17116,TR,BRS,LTBE,Bursa,40.1833,29.0667,101,1962,1,5.7,33.0,1962-01-01
17116,TR,BRS,LTBE,Bursa,40.1833,29.0667,101,1962,2,4.3,121.0,1962-02-01
17116,TR,BRS,LTBE,Bursa,40.1833,29.0667,101,1962,3,9.9,110.0,1962-03-01
17116,TR,BRS,LTBE,Bursa,40.1833,29.0667,101,1962,4,10.8,89.0,1962-04-01
17116,TR,BRS,LTBE,Bursa,40.1833,29.0667,101,1962,5,17.3,5.0,1962-05-01
17116,TR,BRS,LTBE,Bursa,40.1833,29.0667,101,1962,6,20.1,7.0,1962-06-01
17116,TR,BRS,LTBE,Bursa,40.1833,29.0667,101,1962,7,23.0,21.0,1962-07-01
17116,TR,BRS,LTBE,Bursa,40.1833,29.0667,101,1962,8,24.3,0.0,1962-08-01
17116,TR,BRS,LTBE,Bursa,40.1833,29.0667,101,1962,9,19.3,22.0,1962-09-01
17116,TR,BRS,LTBE,Bursa,40.1833,29.0667,101,1962,10,15.2,112.0,1962-10-01
17116,TR,BRS,LTBE,Bursa,40.1833,29.0667,101,1962,11,13.7,69.0,1962-11-01
17116,TR,BRS,LTBE,Bursa,40.1833,29.0667,101,1962,12,7.9,229.0,1962-12-01
17116,TR,BRS,LTBE,Bursa,40.1833,29.0667,101,1963,1,5.2,170.0,1963-01-01
17116,TR,BRS,LTBE,Bursa,40.1833,29.0667,101,1963,2,8.7,58.0,1963-02-01
17116,TR,BRS,LTBE,Bursa,40.1833,29.0667,101,1963,3,6.1,80.0,1963-03-01
17116,TR,BRS,LTBE,Bursa,40.1833,29.0667,101,1963,4,9.5,69.0,1963-04-01
17116,TR,BRS,LTBE,Bursa,40.1833,29.0667,101,1963,5,14.7,77.0,1963-05-01
17116,TR,BRS,LTBE,Bursa,40.1833,29.0667,101,1963,6,20.6,34.0,1963-06-01
17116,TR,BRS,LTBE,Bursa,40.1833,29.0667,101,1963,7,24.0,3.0,1963-07-01
17116,TR,BRS,LTBE,Bursa,40.1833,29.0667,101,1963,8,20.4,0.0,1963-08-01
17116,TR,BRS,LTBE,Bursa,40.1833,29.0667,101,1963,9,14.7,31.0,1963-09-01
17116,TR,BRS,LTBE,Bursa,40.1833,29.0667,101,1963,10,14.7,43.0,1963-10-01
17116,TR,BRS,LTBE,Bursa,40.1833,29.0667,101,1963,11,9.7,39.0,1963-11-01
17116,TR,BRS,LTBE,Bursa,40.1833,29.0667,101,1963,12,7.8,244.0,1963-12-01
17116,TR,BRS,LTBE,Bursa,40.1833,29.0667,101,1964,1,0.4,18.0,1964-01-01
17116,TR,BRS,LTBE,Bursa,40.1833,29.0667,101,1964,2,4.0,77.0,1964-02-01
17116,TR,BRS,LTBE,Bursa,40.1833,29.0667,101,1964,3,7.4,95.0,1964-03-01
17116,TR,BRS,LTBE,Bursa,40.1833,29.0667,101,1964,4,11.4,27.0,1964-04-01
17116,TR,BRS,LTBE,Bursa,40.1833,29.0667,101,1964,5,14.2,51.0,1964-05-01
17116,TR,BRS,LTBE,Bursa,40.1833,29.0667,101,1964,6,21.0,3.0,1964-06-01
17116,TR,BRS,LTBE,Bursa,40.1833,29.0667,101,1964,7,22.8,2.0,1964-07-01
17116,TR,BRS,LTBE,Bursa,40.1833,29.0667,101,1964,8,21.6,31.0,1964-08-01
17116,TR,BRS,LTBE,Bursa,40.1833,29.0667,101,1964,9,17.6,94.0,1964-09-01
17116,TR,BRS,LTBE,Bursa,40.1833,29.0667,101,1964,10,14.6,2.0,1964-10-01
17116,TR,BRS,LTBE,Bursa,40.1833,29.0667,101,1964,11,9.7,104.0,1964-11-01
17116,TR,BRS,LTBE,Bursa,40.1833,29.0667,101,1964,12,8.7,162.0,1964-12-01
17116,TR,BRS,LTBE,Bursa,40.1833,29.0667,101,1965,1,5.5,30.0,1965-01-01
17116,TR,BRS,LTBE,Bursa,40.1833,29.0667,101,1965,2,3.3,166.0,1965-02-01
17116,TR,BRS,LTBE,Bursa,40.1833,29.0667,101,1965,3,7.8,51.0,1965-03-01
17116,TR,BRS,LTBE,Bursa,40.1833,29.0667,101,1965,4,11.5,85.0,1965-04-01
17116,TR,BRS,LTBE,Bursa,40.1833,29.0667,101,1965,5,15.3,45.0,1965-05-01
17116,TR,BRS,LTBE,Bursa,40.1833,29.0667,101,1965,6,21.6,22.0,1965-06-01
17116,TR,BRS,LTBE,Bursa,40.1833,29.0667,101,1965,7,23.0,31.0,1965-07-01
17116,TR,BRS,LTBE,Bursa,40.1833,29.0667,101,1965,8,20.8,7.0,1965-08-01
17116,TR,BRS,LTBE,Bursa,40.1833,29.0667,101,1965,9,19.4,0.0,1965-09-01
17116,TR,BRS,LTBE,Bursa,40.1833,29.0667,101,1965,10,11.8,23.0,1965-10-01
17116,TR,BRS,LTBE,Bursa,40.1833,29.0667,101,1965,11,11.6,112.0,1965-11-01
17116,TR,BRS,LTBE,Bursa,40.1833,29.0667,101,1965,12,9.0,83.0,1965-12-01
17116,TR,BRS,LTBE,Bursa,40.1833,29.0667,101,1966,1,6.0,127.0,1966-01-01
17116,TR,BRS,LTBE,Bursa,40.1833,29.0667,101,1966,2,9.6,12.0,1966-02-01
17116,TR,BRS,LTBE,Bursa,40.1833,29.0667,101,1966,3,8.4,130.0,1966-03-01
17116,TR,BRS,LTBE,Bursa,40.1833,29.0667,101,1966,4,13.3,99.0,1966-04-01
17116,TR,BRS,LTBE,Bursa,40.1833,29.0667,101,1966,5,15.9,16.0,1966-05-01
17116,TR,BRS,LTBE,Bursa,40.1833,29.0667,101,1966,6,20.2,37.0,1966-06-01
17116,TR,BRS,LTBE,Bursa,40.1833,29.0667,101,1966,7,24.6,0.0,1966-07-01
17116,TR,BRS,LTBE,Bursa,40.1833,29.0667,101,1966,8,24.3,70.0,1966-08-01
17116,TR,BRS,LTBE,Bursa,40.1833,29.0667,101,1966,9,18.9,5.0,1966-09-01
17116,TR,BRS,LTBE,Bursa,40.1833,29.0667,101,1966,10,17.6,28.0,1966-10-01
17116,TR,BRS,LTBE,Bursa,40.1833,29.0667,101,1966,11,14.3,48.0,1966-11-01
17116,TR,BRS,LTBE,Bursa,40.1833,29.0667,101,1966,12,7.6,103.0,1966-12-01
17116,TR,BRS,LTBE,Bursa,40.1833,29.0667,101,1967,1,2.3,149.0,1967-01-01
17116,TR,BRS,LTBE,Bursa,40.1833,29.0667,101,1967,2,2.8,64.0,1967-02-01
17116,TR,BRS,LTBE,Bursa,40.1833,29.0667,101,1967,3,7.1,63.0,1967-03-01
17116,TR,BRS,LTBE,Bursa,40.1833,29.0667,101,1967,4,11.6,67.0,1967-04-01
17116,TR,BRS,LTBE,Bursa,40.1833,29.0667,101,1967,5,16.4,28.0,1967-05-01
17116,TR,BRS,LTBE,Bursa,40.1833,29.0667,101,1967,6,20.3,22.0,1967-06-01
17116,TR,BRS,LTBE,Bursa,40.1833,29.0667,101,1967,7,23.5,15.0,1967-07-01
17116,TR,BRS,LTBE,Bursa,40.1833,29.0667,101,1967,8,23.9,1.0,1967-08-01
17116,TR,BRS,LTBE,Bursa,40.1833,29.0667,101,1967,9,19.4,17.0,1967-09-01
17116,TR,BRS,LTBE,Bursa,40.1833,29.0667,101,1967,10,14.6,96.0,1967-10-01
17116,TR,BRS,LTBE,Bursa,40.1833,29.0667,101,1967,11,8.5,80.0,1967-11-01
17116,TR,BRS,LTBE,Bursa,40.1833,29.0667,101,1967,12,7.8,111.0,1967-12-01
17116,TR,BRS,LTBE,Bursa,40.1833,29.0667,101,1968,1,2.6,210.0,1968-01-01
17116,TR,BRS,LTBE,Bursa,40.1833,29.0667,101,1968,2,5.9,61.0,1968-02-01
17116,TR,BRS,LTBE,Bursa,40.1833,29.0667,101,1968,3,7.5,77.0,1968-03-01
17116,TR,BRS,LTBE,Bursa,40.1833,29.0667,101,1968,4,12.8,27.0,1968-04-01
17116,TR,BRS,LTBE,Bursa,40.1833,29.0667,101,1968,5,18.5,12.0,1968-05-01
17116,TR,BRS,LTBE,Bursa,40.1833,29.0667,101,1968,6,20.5,31.0,1968-06-01
17116,TR,BRS,LTBE,Bursa,40.1833,29.0667,101,1968,7,23.2,0.0,1968-07-01
17116,TR,BRS,LTBE,Bursa,40.1833,29.0667,101,1968,8,21.2,53.0,1968-08-01
17116,TR,BRS,LTBE,Bursa,40.1833,29.0667,101,1968,9,17.9,121.0,1968-09-01
17116,TR,BRS,LTBE,Bursa,40.1833,29.0667,101,1968,10,12.7,84.0,1968-10-01
17116,TR,BRS,LTBE,Bursa,40.1833,29.0667,101,1968,11,10.1,76.0,1968-11-01
17116,TR,BRS,LTBE,Bursa,40.1833,29.0667,101,1968,12,7.0,81.0,1968-12-01
17116,TR,BRS,LTBE,Bursa,40.1833,29.0667,101,1969,1,3.5,95.0,1969-01-01
17116,TR,BRS,LTBE,Bursa,40.1833,29.0667,101,1969,2,7.1,92.0,1969-02-01
17116,TR,BRS,LTBE,Bursa,40.1833,29.0667,101,1969,3,6.7,62.0,1969-03-01
17116,TR,BRS,LTBE,Bursa,40.1833,29.0667,101,1969,4,9.6,94.0,1969-04-01
17116,TR,BRS,LTBE,Bursa,40.1833,29.0667,101,1969,5,17.4,22.0,1969-05-01
17116,TR,BRS,LTBE,Bursa,40.1833,29.0667,101,1969,6,21.7,43.0,1969-06-01
17116,TR,BRS,LTBE,Bursa,40.1833,29.0667,101,1969,7,21.4,18.0,1969-07-01
17116,TR,BRS,LTBE,Bursa,40.1833,29.0667,101,1969,8,22.7,0.0,1969-08-01
17116,TR,BRS,LTBE,Bursa,40.1833,29.0667,101,1969,9,20.6,0.0,1969-09-01
17116,TR,BRS,LTBE,Bursa,40.1833,29.0667,101,1969,10,13.5,9.0,1969-10-01
17116,TR,BRS,LTBE,Bursa,40.1833,29.0667,101,1969,11,10.4,28.0,1969-11-01
17116,TR,BRS,LTBE,Bursa,40.1833,29.0667,101,1969,12,9.9,147.0,1969-12-01
17116,TR,BRS,LTBE,Bursa,40.1833,29.0667,101,1970,1,7.2,102.0,1970-01-01
17116,TR,BRS,LTBE,Bursa,40.1833,29.0667,101,1970,2,8.4,159.0,1970-02-01
17116,TR,BRS,LTBE,Bursa,40.1833,29.0667,101,1970,3,10.4,62.0,1970-03-01
17116,TR,BRS,LTBE,Bursa,40.1833,29.0667,101,1970,4,14.3,91.0,1970-04-01
17116,TR,BRS,LTBE,Bursa,40.1833,29.0667,101,1970,5,15.2,68.0,1970-05-01
17116,TR,BRS,LTBE,Bursa,40.1833,29.0667,101,1970,6,20.3,21.0,1970-06-01
17116,TR,BRS,LTBE,Bursa,40.1833,29.0667,101,1970,7,23.6,1.0,1970-07-01
17116,TR,BRS,LTBE,Bursa,40.1833,29.0667,101,1970,8,22.7,12.0,1970-08-01
17116,TR,BRS,LTBE,Bursa,40.1833,29.0667,101,1970,9,18.1,47.0,1970-09-01
17116,TR,BRS,LTBE,Bursa,40.1833,29.0667,101,1970,10,12.7,78.0,1970-10-01
17116,TR,BRS,LTBE,Bursa,40.1833,29.0667,101,1970,11,9.6,62.0,1970-11-01
17116,TR,BRS,LTBE,Bursa,40.1833,29.0667,101,1970,12,6.1,170.0,1970-12-01
17116,TR,BRS,LTBE,Bursa,40.1833,29.0667,101,1971,1,8.6,35.0,1971-01-01
17116,TR,BRS,LTBE,Bursa,40.1833,29.0667,101,1971,2,6.3,67.0,1971-02-01
17116,TR,BRS,LTBE,Bursa,40.1833,29.0667,101,1971,3,8.3,140.0,1971-03-01
17116,TR,BRS,LTBE,Bursa,40.1833,29.0667,101,1971,4,11.3,32.0,1971-04-01
17116,TR,BRS,LTBE,Bursa,40.1833,29.0667,101,1971,5,17.6,25.0,1971-05-01
17116,TR,BRS,LTBE,Bursa,40.1833,29.0667,101,1971,6,21.7,16.0,1971-06-01
17116,TR,BRS,LTBE,Bursa,40.1833,29.0667,101,1971,7,22.8,19.0,1971-07-01
17116,TR,BRS,LTBE,Bursa,40.1833,29.0667,101,1971,8,23.6,27.0,1971-08-01
17116,TR,BRS,LTBE,Bursa,40.1833,29.0667,101,1971,9,19.4,24.0,1971-09-01
17116,TR,BRS,LTBE,Bursa,40.1833,29.0667,101,1971,10,12.4,54.0,1971-10-01
17116,TR,BRS,LTBE,Bursa,40.1833,29.0667,101,1971,11,10.3,67.0,1971-11-01
17116,TR,BRS,LTBE,Bursa,40.1833,29.0667,101,1971,12,5.3,132.0,1971-12-01
17116,TR,BRS,LTBE,Bursa,40.1833,29.0667,101,1972,1,2.7,32.0,1972-01-01
17116,TR,BRS,LTBE,Bursa,40.1833,29.0667,101,1972,2,4.0,24.0,1972-02-01
17116,TR,BRS,LTBE,Bursa,40.1833,29.0667,101,1972,3,7.6,30.0,1972-03-01
17116,TR,BRS,LTBE,Bursa,40.1833,29.0667,101,1972,4,15.1,80.0,1972-04-01
17116,TR,BRS,LTBE,Bursa,40.1833,29.0667,101,1972,5,17.3,48.0,1972-05-01
17116,TR,BRS,LTBE,Bursa,40.1833,29.0667,101,1972,6,22.3,34.0,1972-06-01
17116,TR,BRS,LTBE,Bursa,40.1833,29.0667,101,1972,7,24.4,13.0,1972-07-01
17116,TR,BRS,LTBE,Bursa,40.1833,29.0667,101,1972,8,23.7,69.0,1972-08-01
17116,TR,BRS,LTBE,Bursa,40.1833,29.0667,101,1972,9,19.6,103.0,1972-09-01
17116,TR,BRS,LTBE,Bursa,40.1833,29.0667,101,1972,10,14.2,102.0,1972-10-01
17116,TR,BRS,LTBE,Bursa,40.1833,29.0667,101,1972,11,9.8,70.0,1972-11-01
17116,TR,BRS,LTBE,Bursa,40.1833,29.0667,101,1972,12,4.0,17.0,1972-12-01
17116,TR,BRS,LTBE,Bursa,40.1833,29.0667,101,1973,1,4.2,48.0,1973-01-01
17116,TR,BRS,LTBE,Bursa,40.1833,29.0667,101,1973,2,8.3,70.0,1973-02-01
17116,TR,BRS,LTBE,Bursa,40.1833,29.0667,101,1973,3,6.1,62.0,1973-03-01
17116,TR,BRS,LTBE,Bursa,40.1833,29.0667,101,1973,4,12.3,99.0,1973-04-01
17116,TR,BRS,LTBE,Bursa,40.1833,29.0667,101,1973,5,17.5,61.0,1973-05-01
17116,TR,BRS,LTBE,Bursa,40.1833,29.0667,101,1973,6,19.8,26.0,1973-06-01
17116,TR,BRS,LTBE,Bursa,40.1833,29.0667,101,1973,7,23.8,3.0,1973-07-01
17116,TR,BRS,LTBE,Bursa,40.1833,29.0667,101,1973,8,22.0,46.0,1973-08-01
17116,TR,BRS,LTBE,Bursa,40.1833,29.0667,101,1973,9,20.1,12.0,1973-09-01
17116,TR,BRS,LTBE,Bursa,40.1833,29.0667,101,1973,10,16.3,33.0,1973-10-01
17116,TR,BRS,LTBE,Bursa,40.1833,29.0667,101,1973,11,7.9,108.0,1973-11-01
17116,TR,BRS,LTBE,Bursa,40.1833,29.0667,101,1973,12,6.9,137.0,1973-12-01
17116,TR,BRS,LTBE,Bursa,40.1833,29.0667,101,1974,1,1.8,47.0,1974-01-01
17116,TR,BRS,LTBE,Bursa,40.1833,29.0667,101,1974,2,6.8,35.0,1974-02-01
17116,TR,BRS,LTBE,Bursa,40.1833,29.0667,101,1974,3,8.3,75.0,1974-03-01
17116,TR,BRS,LTBE,Bursa,40.1833,29.0667,101,1974,4,10.8,70.0,1974-04-01
17116,TR,BRS,LTBE,Bursa,40.1833,29.0667,101,1974,5,17.2,107.0,1974-05-01
17116,TR,BRS,LTBE,Bursa,40.1833,29.0667,101,1974,6,21.2,14.0,1974-06-01
17116,TR,BRS,LTBE,Bursa,40.1833,29.0667,101,1974,7,23.8,16.0,1974-07-01
17116,TR,BRS,LTBE,Bursa,40.1833,29.0667,101,1974,8,22.3,50.0,1974-08-01
17116,TR,BRS,LTBE,Bursa,40.1833,29.0667,101,1974,9,19.3,50.0,1974-09-01
17116,TR,BRS,LTBE,Bursa,40.1833,29.0667,101,1974,10,18.5,29.0,1974-10-01
17116,TR,BRS,LTBE,Bursa,40.1833,29.0667,101,1974,11,10.4,84.0,1974-11-01
17116,TR,BRS,LTBE,Bursa,40.1833,29.0667,101,1974,12,5.4,137.0,1974-12-01
17116,TR,BRS,LTBE,Bursa,40.1833,29.0667,101,1975,1,4.4,64.0,1975-01-01
17116,TR,BRS,LTBE,Bursa,40.1833,29.0667,101,1975,2,4.6,65.0,1975-02-01
17116,TR,BRS,LTBE,Bursa,40.1833,29.0667,101,1975,3,10.3,92.0,1975-03-01
17116,TR,BRS,LTBE,Bursa,40.1833,29.0667,101,1975,4,14.3,48.0,1975-04-01
17116,TR,BRS,LTBE,Bursa,40.1833,29.0667,101,1975,5,17.3,97.0,1975-05-01
17116,TR,BRS,LTBE,Bursa,40.1833,29.0667,101,1975,6,21.3,65.0,1975-06-01
17116,TR,BRS,LTBE,Bursa,40.1833,29.0667,101,1975,7,24.0,4.0,1975-07-01
17116,TR,BRS,LTBE,Bursa,40.1833,29.0667,101,1975,8,23.0,16.0,1975-08-01
17116,TR,BRS,LTBE,Bursa,40.1833,29.0667,101,1975,9,20.3,5.0,1975-09-01
17116,TR,BRS,LTBE,Bursa,40.1833,29.0667,101,1975,10,14.5,211.0,1975-10-01
17116,TR,BRS,LTBE,Bursa,40.1833,29.0667,101,1975,11,9.9,67.0,1975-11-01
17116,TR,BRS,LTBE,Bursa,40.1833,29.0667,101,1975,12,4.1,167.0,1975-12-01
17116,TR,BRS,LTBE,Bursa,40.1833,29.0667,101,1976,1,4.3,75.0,1976-01-01
17116,TR,BRS,LTBE,Bursa,40.1833,29.0667,101,1976,2,3.7,72.0,1976-02-01
17116,TR,BRS,LTBE,Bursa,40.1833,29.0667,101,1976,3,6.7,26.0,1976-03-01
17116,TR,BRS,LTBE,Bursa,40.1833,29.0667,101,1976,4,12.6,46.0,1976-04-01
17116,TR,BRS,LTBE,Bursa,40.1833,29.0667,101,1976,5,16.2,62.0,1976-05-01
17116,TR,BRS,LTBE,Bursa,40.1833,29.0667,101,1976,6,20.4,33.0,1976-06-01
17116,TR,BRS,LTBE,Bursa,40.1833,29.0667,101,1976,7,23.0,27.0,1976-07-01
17116,TR,BRS,LTBE,Bursa,40.1833,29.0667,101,1976,8,20.4,33.0,1976-08-01
17116,TR,BRS,LTBE,Bursa,40.1833,29.0667,101,1976,9,18.3,41.0,1976-09-01
17116,TR,BRS,LTBE,Bursa,40.1833,29.0667,101,1976,10,15.4,41.0,1976-10-01
17116,TR,BRS,LTBE,Bursa,40.1833,29.0667,101,1976,11,11.4,50.0,1976-11-01
17116,TR,BRS,LTBE,Bursa,40.1833,29.0667,101,1976,12,6.9,123.0,1976-12-01
17116,TR,BRS,LTBE,Bursa,40.1833,29.0667,101,1977,1,5.4,53.0,1977-01-01
17116,TR,BRS,LTBE,Bursa,40.1833,29.0667,101,1977,2,10.6,22.0,1977-02-01
17116,TR,BRS,LTBE,Bursa,40.1833,29.0667,101,1977,3,7.9,46.0,1977-03-01
17116,TR,BRS,LTBE,Bursa,40.1833,29.0667,101,1977,4,12.4,86.0,1977-04-01
17116,TR,BRS,LTBE,Bursa,40.1833,29.0667,101,1977,5,17.1,9.0,1977-05-01
17116,TR,BRS,LTBE,Bursa,40.1833,29.0667,101,1977,6,21.7,15.0,1977-06-01
17116,TR,BRS,LTBE,Bursa,40.1833,29.0667,101,1977,7,24.2,0.0,1977-07-01
17116,TR,BRS,LTBE,Bursa,40.1833,29.0667,101,1977,8,24.6,0.0,1977-08-01
17116,TR,BRS,LTBE,Bursa,40.1833,29.0667,101,1977,9,19.5,20.0,1977-09-01
17116,TR,BRS,LTBE,Bursa,40.1833,29.0667,101,1977,10,11.8,33.0,1977-10-01
17116,TR,BRS,LTBE,Bursa,40.1833,29.0667,101,1977,11,12.6,63.0,1977-11-01
17116,TR,BRS,LTBE,Bursa,40.1833,29.0667,101,1977,12,5.6,154.0,1977-12-01
17116,TR,BRS,LTBE,Bursa,40.1833,29.0667,101,1978,1,4.6,98.0,1978-01-01
17116,TR,BRS,LTBE,Bursa,40.1833,29.0667,101,1978,2,8.4,85.0,1978-02-01
17116,TR,BRS,LTBE,Bursa,40.1833,29.0667,101,1978,3,9.8,71.0,1978-03-01
17116,TR,BRS,LTBE,Bursa,40.1833,29.0667,101,1978,4,12.4,72.0,1978-04-01
17116,TR,BRS,LTBE,Bursa,40.1833,29.0667,101,1978,5,17.8,23.0,1978-05-01
17116,TR,BRS,LTBE,Bursa,40.1833,29.0667,101,1978,6,21.9,13.0,1978-06-01
17116,TR,BRS,LTBE,Bursa,40.1833,29.0667,101,1978,7,23.7,163.0,1978-07-01
17116,TR,BRS,LTBE,Bursa,40.1833,29.0667,101,1978,8,21.9,0.0,1978-08-01
17116,TR,BRS,LTBE,Bursa,40.1833,29.0667,101,1978,9,18.5,103.0,1978-09-01
17116,TR,BRS,LTBE,Bursa,40.1833,29.0667,101,1978,10,14.7,68.0,1978-10-01
17116,TR,BRS,LTBE,Bursa,40.1833,29.0667,101,1978,11,8.1,38.0,1978-11-01
17116,TR,BRS,LTBE,Bursa,40.1833,29.0667,101,1978,12,7.6,37.0,1978-12-01
17116,TR,BRS,LTBE,Bursa,40.1833,29.0667,101,1979,1,6.7,123.0,1979-01-01
17116,TR,BRS,LTBE,Bursa,40.1833,29.0667,101,1979,2,7.9,69.0,1979-02-01
17116,TR,BRS,LTBE,Bursa,40.1833,29.0667,101,1979,3,10.5,21.0,1979-03-01
17116,TR,BRS,LTBE,Bursa,40.1833,29.0667,101,1979,4,12.8,60.0,1979-04-01
17116,TR,BRS,LTBE,Bursa,40.1833,29.0667,101,1979,5,17.1,87.0,1979-05-01
17116,TR,BRS,LTBE,Bursa,40.1833,29.0667,101,1979,6,22.9,12.0,1979-06-01
17116,TR,BRS,LTBE,Bursa,40.1833,29.0667,101,1979,7,23.7,6.0,1979-07-01
17116,TR,BRS,LTBE,Bursa,40.1833,29.0667,101,1979,8,23.2,34.0,1979-08-01
17116,TR,BRS,LTBE,Bursa,40.1833,29.0667,101,1979,9,19.6,26.0,1979-09-01
17116,TR,BRS,LTBE,Bursa,40.1833,29.0667,101,1979,10,15.0,23.0,1979-10-01
17116,TR,BRS,LTBE,Bursa,40.1833,29.0667,101,1979,11,11.2,51.0,1979-11-01
17116,TR,BRS,LTBE,Bursa,40.1833,29.0667,101,1979,12,7.2,81.0,1979-12-01
17116,TR,BRS,LTBE,Bursa,40.1833,29.0667,101,1980,1,3.2,152.0,1980-01-01
17116,TR,BRS,LTBE,Bursa,40.1833,29.0667,101,1980,2,4.6,63.0,1980-02-01
17116,TR,BRS,LTBE,Bursa,40.1833,29.0667,101,1980,3,6.9,116.0,1980-03-01
17116,TR,BRS,LTBE,Bursa,40.1833,29.0667,101,1980,4,11.6,52.0,1980-04-01
17116,TR,BRS,LTBE,Bursa,40.1833,29.0667,101,1980,5,16.9,40.0,1980-05-01
17116,TR,BRS,LTBE,Bursa,40.1833,29.0667,101,1980,6,21.1,45.0,1980-06-01
17116,TR,BRS,LTBE,Bursa,40.1833,29.0667,101,1980,7,23.6,19.0,1980-07-01
17116,TR,BRS,LTBE,Bursa,40.1833,29.0667,101,1980,8,23.6,2.0,1980-08-01
17116,TR,BRS,LTBE,Bursa,40.1833,29.0667,101,1980,9,18.4,15.0,1980-09-01
17116,TR,BRS,LTBE,Bursa,40.1833,29.0667,101,1980,10,16.2,25.0,1980-10-01
17116,TR,BRS,LTBE,Bursa,40.1833,29.0667,101,1980,11,12.0,128.0,1980-11-01
17116,TR,BRS,LTBE,Bursa,40.1833,29.0667,101,1980,12,8.1,101.0,1980-12-01
17116,TR,BRS,LTBE,Bursa,40.1833,29.0667,101,1981,1,5.5,168.0,1981-01-01
17116,TR,BRS,LTBE,Bursa,40.1833,29.0667,101,1981,2,5.6,64.0,1981-02-01
17116,TR,BRS,LTBE,Bursa,40.1833,29.0667,101,1981,3,10.0,64.0,1981-03-01
17116,TR,BRS,LTBE,Bursa,40.1833,29.0667,101,1981,4,12.6,6.0,1981-04-01
17116,TR,BRS,LTBE,Bursa,40.1833,29.0667,101,1981,5,15.2,60.0,1981-05-01
17116,TR,BRS,LTBE,Bursa,40.1833,29.0667,101,1981,6,22.6,11.0,1981-06-01
17116,TR,BRS,LTBE,Bursa,40.1833,29.0667,101,1981,7,23.1,39.0,1981-07-01
17116,TR,BRS,LTBE,Bursa,40.1833,29.0667,101,1981,8,23.1,9.0,1981-08-01
17116,TR,BRS,LTBE,Bursa,40.1833,29.0667,101,1981,9,19.8,88.0,1981-09-01
17116,TR,BRS,LTBE,Bursa,40.1833,29.0667,101,1981,10,16.8,63.0,1981-10-01
17116,TR,BRS,LTBE,Bursa,40.1833,29.0667,101,1981,11,8.0,60.0,1981-11-01
17116,TR,BRS,LTBE,Bursa,40.1833,29.0667,101,1981,12,11.2,204.0,1981-12-01
17116,TR,BRS,LTBE,Bursa,40.1833,29.0667,101,1982,1,5.3,119.0,1982-01-01
17116,TR,BRS,LTBE,Bursa,40.1833,29.0667,101,1982,2,2.5,42.0,1982-02-01
17116,TR,BRS,LTBE,Bursa,40.1833,29.0667,101,1982,3,6.8,44.0,1982-03-01
17116,TR,BRS,LTBE,Bursa,40.1833,29.0667,101,1982,4,12.0,106.0,1982-04-01
17116,TR,BRS,LTBE,Bursa,40.1833,29.0667,101,1982,5,15.5,74.0,1982-05-01
17116,TR,BRS,LTBE,Bursa,40.1833,29.0667,101,1982,6,21.5,11.0,1982-06-01
17116,TR,BRS,LTBE,Bursa,40.1833,29.0667,101,1982,7,21.5,53.0,1982-07-01
17116,TR,BRS,LTBE,Bursa,40.1833,29.0667,101,1982,8,22.6,0.5,1982-08-01
17116,TR,BRS,LTBE,Bursa,40.1833,29.0667,101,1982,9,21.2,0.2,1982-09-01
17116,TR,BRS,LTBE,Bursa,40.1833,29.0667,101,1982,10,15.5,35.0,1982-10-01
17116,TR,BRS,LTBE,Bursa,40.1833,29.0667,101,1982,11,8.7,16.0,1982-11-01
17116,TR,BRS,LTBE,Bursa,40.1833,29.0667,101,1982,12,9.0,95.0,1982-12-01
17116,TR,BRS,LTBE,Bursa,40.1833,29.0667,101,1983,1,2.5,90.0,1983-01-01
17116,TR,BRS,LTBE,Bursa,40.1833,29.0667,101,1983,2,4.5,105.0,1983-02-01
17116,TR,BRS,LTBE,Bursa,40.1833,29.0667,101,1983,3,8.7,2.0,1983-03-01
17116,TR,BRS,LTBE,Bursa,40.1833,29.0667,101,1983,4,14.2,60.0,1983-04-01
17116,TR,BRS,LTBE,Bursa,40.1833,29.0667,101,1983,5,18.1,48.0,1983-05-01
17116,TR,BRS,LTBE,Bursa,40.1833,29.0667,101,1983,6,20.3,31.0,1983-06-01
17116,TR,BRS,LTBE,Bursa,40.1833,29.0667,101,1983,7,23.7,27.0,1983-07-01
17116,TR,BRS,LTBE,Bursa,40.1833,29.0667,101,1983,8,21.9,7.0,1983-08-01
17116,TR,BRS,LTBE,Bursa,40.1833,29.0667,101,1983,9,19.4,24.0,1983-09-01
17116,TR,BRS,LTBE,Bursa,40.1833,29.0667,101,1983,10,13.4,46.0,1983-10-01
17116,TR,BRS,LTBE,Bursa,40.1833,29.0667,101,1983,11,9.6,119.0,1983-11-01
17116,TR,BRS,LTBE,Bursa,40.1833,29.0667,101,1983,12,7.3,59.0,1983-12-01
17116,TR,BRS,LTBE,Bursa,40.1833,29.0667,101,1984,1,6.4,86.0,1984-01-01
17116,TR,BRS,LTBE,Bursa,40.1833,29.0667,101,1984,2,6.7,64.0,1984-02-01
17116,TR,BRS,LTBE,Bursa,40.1833,29.0667,101,1984,3,7.6,86.0,1984-03-01
17116,TR,BRS,LTBE,Bursa,40.1833,29.0667,101,1984,4,10.1,97.0,1984-04-01
17116,TR,BRS,LTBE,Bursa,40.1833,29.0667,101,1984,5,18.4,40.0,1984-05-01
17116,TR,BRS,LTBE,Bursa,40.1833,29.0667,101,1984,6,20.7,25.0,1984-06-01
17116,TR,BRS,LTBE,Bursa,40.1833,29.0667,101,1984,7,22.5,45.0,1984-07-01
17116,TR,BRS,LTBE,Bursa,40.1833,29.0667,101,1984,8,21.2,0.0,1984-08-01
17116,TR,BRS,LTBE,Bursa,40.1833,29.0667,101,1984,9,20.8,0.0,1984-09-01
17116,TR,BRS,LTBE,Bursa,40.1833,29.0667,101,1984,10,16.0,6.0,1984-10-01
17116,TR,BRS,LTBE,Bursa,40.1833,29.0667,101,1984,11,11.0,51.0,1984-11-01
17116,TR,BRS,LTBE,Bursa,40.1833,29.0667,101,1984,12,4.7,23.0,1984-12-01
17116,TR,BRS,LTBE,Bursa,40.1833,29.0667,101,1985,1,8.0,105.0,1985-01-01
17116,TR,BRS,LTBE,Bursa,40.1833,29.0667,101,1985,2,1.5,74.0,1985-02-01
17116,TR,BRS,LTBE,Bursa,40.1833,29.0667,101,1985,3,6.8,25.0,1985-03-01
17116,TR,BRS,LTBE,Bursa,40.1833,29.0667,101,1985,4,14.0,33.0,1985-04-01
17116,TR,BRS,LTBE,Bursa,40.1833,29.0667,101,1985,5,19.2,49.0,1985-05-01
17116,TR,BRS,LTBE,Bursa,40.1833,29.0667,101,1985,6,21.3,21.0,1985-06-01
17116,TR,BRS,LTBE,Bursa,40.1833,29.0667,101,1985,7,22.9,0.0,1985-07-01
17116,TR,BRS,LTBE,Bursa,40.1833,29.0667,101,1985,8,24.3,0.0,1985-08-01
17116,TR,BRS,LTBE,Bursa,40.1833,29.0667,101,1985,9,19.0,9.0,1985-09-01
17116,TR,BRS,LTBE,Bursa,40.1833,29.0667,101,1985,10,12.5,79.0,1985-10-01
17116,TR,BRS,LTBE,Bursa,40.1833,29.0667,101,1985,11,12.3,121.0,1985-11-01
17116,TR,BRS,LTBE,Bursa,40.1833,29.0667,101,1985,12,7.6,45.0,1985-12-01
17116,TR,BRS,LTBE,Bursa,40.1833,29.0667,101,1986,1,8.4,136.0,1986-01-01
17116,TR,BRS,LTBE,Bursa,40.1833,29.0667,101,1986,2,7.8,100.0,1986-02-01
17116,TR,BRS,LTBE,Bursa,40.1833,29.0667,101,1986,3,7.5,4.0,1986-03-01
17116,TR,BRS,LTBE,Bursa,40.1833,29.0667,101,1986,4,14.2,21.0,1986-04-01
17116,TR,BRS,LTBE,Bursa,40.1833,29.0667,101,1986,5,15.8,14.0,1986-05-01
17116,TR,BRS,LTBE,Bursa,40.1833,29.0667,101,1986,6,22.3,82.0,1986-06-01
17116,TR,BRS,LTBE,Bursa,40.1833,29.0667,101,1986,7,23.8,0.0,1986-07-01
17116,TR,BRS,LTBE,Bursa,40.1833,29.0667,101,1986,8,25.2,0.0,1986-08-01
17116,TR,BRS,LTBE,Bursa,40.1833,29.0667,101,1986,9,20.9,0.0,1986-09-01
17116,TR,BRS,LTBE,Bursa,40.1833,29.0667,101,1986,10,14.0,53.0,1986-10-01
17116,TR,BRS,LTBE,Bursa,40.1833,29.0667,101,1986,11,7.5,54.0,1986-11-01
17116,TR,BRS,LTBE,Bursa,40.1833,29.0667,101,1986,12,5.6,144.0,1986-12-01
17116,TR,BRS,LTBE,Bursa,40.1833,29.0667,101,1987,1,5.8,174.0,1987-01-01
17116,TR,BRS,LTBE,Bursa,40.1833,29.0667,101,1987,2,7.1,25.0,1987-02-01
17116,TR,BRS,LTBE,Bursa,40.1833,29.0667,101,1987,3,4.1,65.0,1987-03-01
17116,TR,BRS,LTBE,Bursa,40.1833,29.0667,101,1987,4,11.0,42.0,1987-04-01
17116,TR,BRS,LTBE,Bursa,40.1833,29.0667,101,1987,5,16.6,57.0,1987-05-01
17116,TR,BRS,LTBE,Bursa,40.1833,29.0667,101,1987,6,21.3,53.0,1987-06-01
17116,TR,BRS,LTBE,Bursa,40.1833,29.0667,101,1987,7,24.4,33.0,1987-07-01
17116,TR,BRS,LTBE,Bursa,40.1833,29.0667,101,1987,8,22.4,28.0,1987-08-01
17116,TR,BRS,LTBE,Bursa,40.1833,29.0667,101,1987,9,20.5,0.3,1987-09-01
17116,TR,BRS,LTBE,Bursa,40.1833,29.0667,101,1987,10,14.0,64.0,1987-10-01
17116,TR,BRS,LTBE,Bursa,40.1833,29.0667,101,1987,11,10.6,89.0,1987-11-01
17116,TR,BRS,LTBE,Bursa,40.1833,29.0667,101,1987,12,6.5,140.0,1987-12-01
17116,TR,BRS,LTBE,Bursa,40.1833,29.0667,101,1988,1,6.7,16.0,1988-01-01
17116,TR,BRS,LTBE,Bursa,40.1833,29.0667,101,1988,2,6.2,58.0,1988-02-01
17116,TR,BRS,LTBE,Bursa,40.1833,29.0667,101,1988,3,8.8,77.0,1988-03-01
17116,TR,BRS,LTBE,Bursa,40.1833,29.0667,101,1988,4,12.0,62.0,1988-04-01
17116,TR,BRS,LTBE,Bursa,40.1833,29.0667,101,1988,5,17.1,17.0,1988-05-01
17116,TR,BRS,LTBE,Bursa,40.1833,29.0667,101,1988,6,22.1,29.0,1988-06-01
17116,TR,BRS,LTBE,Bursa,40.1833,29.0667,101,1988,7,26.0,1.0,1988-07-01
17116,TR,BRS,LTBE,Bursa,40.1833,29.0667,101,1988,8,24.5,1.0,1988-08-01
17116,TR,BRS,LTBE,Bursa,40.1833,29.0667,101,1988,9,19.9,13.0,1988-09-01
17116,TR,BRS,LTBE,Bursa,40.1833,29.0667,101,1988,10,14.1,54.0,1988-10-01
17116,TR,BRS,LTBE,Bursa,40.1833,29.0667,101,1988,11,7.6,134.0,1988-11-01
17116,TR,BRS,LTBE,Bursa,40.1833,29.0667,101,1988,12,6.9,87.0,1988-12-01
17116,TR,BRS,LTBE,Bursa,40.1833,29.0667,101,1989,1,2.8,28.0,1989-01-01
17116,TR,BRS,LTBE,Bursa,40.1833,29.0667,101,1989,2,6.0,7.0,1989-02-01
17116,TR,BRS,LTBE,Bursa,40.1833,29.0667,101,1989,3,10.4,24.0,1989-03-01
17116,TR,BRS,LTBE,Bursa,40.1833,29.0667,101,1989,4,16.9,8.0,1989-04-01
17116,TR,BRS,LTBE,Bursa,40.1833,29.0667,101,1989,5,17.0,44.0,1989-05-01
17116,TR,BRS,LTBE,Bursa,40.1833,29.0667,101,1989,6,21.1,45.0,1989-06-01
17116,TR,BRS,LTBE,Bursa,40.1833,29.0667,101,1989,7,23.6,0.0,1989-07-01
17116,TR,BRS,LTBE,Bursa,40.1833,29.0667,101,1989,8,24.4,0.0,1989-08-01
17116,TR,BRS,LTBE,Bursa,40.1833,29.0667,101,1989,9,20.0,15.0,1989-09-01
17116,TR,BRS,LTBE,Bursa,40.1833,29.0667,101,1989,10,13.8,169.0,1989-10-01
17116,TR,BRS,LTBE,Bursa,40.1833,29.0667,101,1989,11,8.9,109.0,1989-11-01
17116,TR,BRS,LTBE,Bursa,40.1833,29.0667,101,1989,12,5.5,93.0,1989-12-01
17116,TR,BRS,LTBE,Bursa,40.1833,29.0667,101,1990,1,3.0,33.0,1990-01-01
17116,TR,BRS,LTBE,Bursa,40.1833,29.0667,101,1990,2,6.5,55.0,1990-02-01
17116,TR,BRS,LTBE,Bursa,40.1833,29.0667,101,1990,3,8.8,27.0,1990-03-01
17116,TR,BRS,LTBE,Bursa,40.1833,29.0667,101,1990,4,14.0,70.0,1990-04-01
17116,TR,BRS,LTBE,Bursa,40.1833,29.0667,101,1990,5,16.4,67.0,1990-05-01
17116,TR,BRS,LTBE,Bursa,40.1833,29.0667,101,1990,6,21.3,19.0,1990-06-01
17116,TR,BRS,LTBE,Bursa,40.1833,29.0667,101,1990,7,24.3,39.0,1990-07-01
17116,TR,BRS,LTBE,Bursa,40.1833,29.0667,101,1990,8,23.6,0.3,1990-08-01
17116,TR,BRS,LTBE,Bursa,40.1833,29.0667,101,1990,9,18.5,57.0,1990-09-01
17116,TR,BRS,LTBE,Bursa,40.1833,29.0667,101,1990,10,15.2,80.0,1990-10-01
17116,TR,BRS,LTBE,Bursa,40.1833,29.0667,101,1990,11,13.5,142.0,1990-11-01
17116,TR,BRS,LTBE,Bursa,40.1833,29.0667,101,1990,12,8.1,128.0,1990-12-01
17116,TR,BRS,LTBE,Bursa,40.1833,29.0667,101,1991,1,5.0,31.0,1991-01-01
17116,TR,BRS,LTBE,Bursa,40.1833,29.0667,101,1991,2,5.0,50.0,1991-02-01
17116,TR,BRS,LTBE,Bursa,40.1833,29.0667,101,1991,3,7.5,20.0,1991-03-01
17116,TR,BRS,LTBE,Bursa,40.1833,29.0667,101,1991,4,11.9,142.0,1991-04-01
17116,TR,BRS,LTBE,Bursa,40.1833,29.0667,101,1991,5,16.4,184.0,1991-05-01
17116,TR,BRS,LTBE,Bursa,40.1833,29.0667,101,1991,6,21.2,0.3,1991-06-01
17116,TR,BRS,LTBE,Bursa,40.1833,29.0667,101,1991,7,23.8,17.0,1991-07-01
17116,TR,BRS,LTBE,Bursa,40.1833,29.0667,101,1991,8,23.9,0.5,1991-08-01
17116,TR,BRS,LTBE,Bursa,40.1833,29.0667,101,1991,9,19.1,72.0,1991-09-01
17116,TR,BRS,LTBE,Bursa,40.1833,29.0667,101,1991,10,15.3,92.0,1991-10-01
17116,TR,BRS,LTBE,Bursa,40.1833,29.0667,101,1991,11,11.0,24.0,1991-11-01
17116,TR,BRS,LTBE,Bursa,40.1833,29.0667,101,1991,12,3.5,44.0,1991-12-01
17116,TR,BRS,LTBE,Bursa,40.1833,29.0667,101,1992,1,2.4,25.0,1992-01-01
17116,TR,BRS,LTBE,Bursa,40.1833,29.0667,101,1992,2,1.1,72.0,1992-02-01
17116,TR,BRS,LTBE,Bursa,40.1833,29.0667,101,1992,3,7.1,71.0,1992-03-01
17116,TR,BRS,LTBE,Bursa,40.1833,29.0667,101,1992,4,12.6,34.0,1992-04-01
17116,TR,BRS,LTBE,Bursa,40.1833,29.0667,101,1992,5,15.1,17.0,1992-05-01
17116,TR,BRS,LTBE,Bursa,40.1833,29.0667,101,1992,6,21.9,69.0,1992-06-01
17116,TR,BRS,LTBE,Bursa,40.1833,29.0667,101,1992,7,22.4,15.0,1992-07-01
17116,TR,BRS,LTBE,Bursa,40.1833,29.0667,101,1992,8,25.1,0.0,1992-08-01
17116,TR,BRS,LTBE,Bursa,40.1833,29.0667,101,1992,9,19.0,11.0,1992-09-01
17116,TR,BRS,LTBE,Bursa,40.1833,29.0667,101,1992,10,18.5,107.0,1992-10-01
17116,TR,BRS,LTBE,Bursa,40.1833,29.0667,101,1992,11,8.8,71.0,1992-11-01
17116,TR,BRS,LTBE,Bursa,40.1833,29.0667,101,1992,12,3.8,66.0,1992-12-01
17116,TR,BRS,LTBE,Bursa,40.1833,29.0667,101,1993,1,3.3,54.0,1993-01-01
17116,TR,BRS,LTBE,Bursa,40.1833,29.0667,101,1993,2,3.3,63.0,1993-02-01
17116,TR,BRS,LTBE,Bursa,40.1833,29.0667,101,1993,3,7.6,34.0,1993-03-01
17116,TR,BRS,LTBE,Bursa,40.1833,29.0667,101,1993,4,12.1,58.0,1993-04-01
17116,TR,BRS,LTBE,Bursa,40.1833,29.0667,101,1993,5,15.9,50.0,1993-05-01
17116,TR,BRS,LTBE,Bursa,40.1833,29.0667,101,1993,6,21.4,5.0,1993-06-01
17116,TR,BRS,LTBE,Bursa,40.1833,29.0667,101,1993,7,23.5,5.0,1993-07-01
17116,TR,BRS,LTBE,Bursa,40.1833,29.0667,101,1993,8,23.9,22.0,1993-08-01
17116,TR,BRS,LTBE,Bursa,40.1833,29.0667,101,1993,9,19.4,41.0,1993-09-01
17116,TR,BRS,LTBE,Bursa,40.1833,29.0667,101,1993,10,16.7,21.0,1993-10-01
17116,TR,BRS,LTBE,Bursa,40.1833,29.0667,101,1993,11,8.9,92.0,1993-11-01
17116,TR,BRS,LTBE,Bursa,40.1833,29.0667,101,1993,12,8.2,67.0,1993-12-01
17116,TR,BRS,LTBE,Bursa,40.1833,29.0667,101,1994,1,7.2,60.0,1994-01-01
17116,TR,BRS,LTBE,Bursa,40.1833,29.0667,101,1994,2,6.2,62.0,1994-02-01
17116,TR,BRS,LTBE,Bursa,40.1833,29.0667,101,1994,3,8.9,27.0,1994-03-01
17116,TR,BRS,LTBE,Bursa,40.1833,29.0667,101,1994,4,14.8,144.0,1994-04-01
17116,TR,BRS,LTBE,Bursa,40.1833,29.0667,101,1994,5,18.6,238.0,1994-05-01
17116,TR,BRS,LTBE,Bursa,40.1833,29.0667,101,1994,6,21.1,88.0,1994-06-01
17116,TR,BRS,LTBE,Bursa,40.1833,29.0667,101,1994,7,24.6,0.0,1994-07-01
17116,TR,BRS,LTBE,Bursa,40.1833,29.0667,101,1994,8,24.5,46.0,1994-08-01
17116,TR,BRS,LTBE,Bursa,40.1833,29.0667,101,1994,9,23.6,1.0,1994-09-01
17116,TR,BRS,LTBE,Bursa,40.1833,29.0667,101,1994,10,18.0,91.0,1994-10-01
17116,TR,BRS,LTBE,Bursa,40.1833,29.0667,101,1994,11,8.7,129.0,1994-11-01
17116,TR,BRS,LTBE,Bursa,40.1833,29.0667,101,1994,12,4.9,102.0,1994-12-01
17116,TR,BRS,LTBE,Bursa,40.1833,29.0667,101,1995,1,6.4,95.0,1995-01-01
17116,TR,BRS,LTBE,Bursa,40.1833,29.0667,101,1995,2,8.2,15.0,1995-02-01
17116,TR,BRS,LTBE,Bursa,40.1833,29.0667,101,1995,3,9.1,148.0,1995-03-01
17116,TR,BRS,LTBE,Bursa,40.1833,29.0667,101,1995,4,12.2,85.0,1995-04-01
17116,TR,BRS,LTBE,Bursa,40.1833,29.0667,101,1995,5,18.4,3.0,1995-05-01
17116,TR,BRS,LTBE,Bursa,40.1833,29.0667,101,1995,6,23.6,19.0,1995-06-01
17116,TR,BRS,LTBE,Bursa,40.1833,29.0667,101,1995,7,24.1,18.0,1995-07-01
17116,TR,BRS,LTBE,Bursa,40.1833,29.0667,101,1995,8,23.8,25.0,1995-08-01
17116,TR,BRS,LTBE,Bursa,40.1833,29.0667,101,1995,9,20.5,25.0,1995-09-01
17116,TR,BRS,LTBE,Bursa,40.1833,29.0667,101,1995,10,13.4,40.0,1995-10-01
17116,TR,BRS,LTBE,Bursa,40.1833,29.0667,101,1995,11,7.6,78.0,1995-11-01
17116,TR,BRS,LTBE,Bursa,40.1833,29.0667,101,1995,12,8.2,50.0,1995-12-01
17116,TR,BRS,LTBE,Bursa,40.1833,29.0667,101,1996,1,3.7,51.0,1996-01-01
17116,TR,BRS,LTBE,Bursa,40.1833,29.0667,101,1996,2,6.4,96.0,1996-02-01
17116,TR,BRS,LTBE,Bursa,40.1833,29.0667,101,1996,3,5.3,97.0,1996-03-01
17116,TR,BRS,LTBE,Bursa,40.1833,29.0667,101,1996,4,9.9,97.0,1996-04-01
17116,TR,BRS,LTBE,Bursa,40.1833,29.0667,101,1996,5,19.7,25.0,1996-05-01
17116,TR,BRS,LTBE,Bursa,40.1833,29.0667,101,1996,6,21.6,5.0,1996-06-01
17116,TR,BRS,LTBE,Bursa,40.1833,29.0667,101,1996,7,24.5,0.3,1996-07-01
17116,TR,BRS,LTBE,Bursa,40.1833,29.0667,101,1996,8,24.0,2.0,1996-08-01
17116,TR,BRS,LTBE,Bursa,40.1833,29.0667,101,1996,9,19.1,61.0,1996-09-01
17116,TR,BRS,LTBE,Bursa,40.1833,29.0667,101,1996,10,13.7,61.0,1996-10-01
17116,TR,BRS,LTBE,Bursa,40.1833,29.0667,101,1996,11,10.7,26.0,1996-11-01
17116,TR,BRS,LTBE,Bursa,40.1833,29.0667,101,1996,12,10.1,40.0,1996-12-01
17116,TR,BRS,LTBE,Bursa,40.1833,29.0667,101,1997,1,6.2,139.0,1997-01-01
17116,TR,BRS,LTBE,Bursa,40.1833,29.0667,101,1997,2,4.3,73.0,1997-02-01
17116,TR,BRS,LTBE,Bursa,40.1833,29.0667,101,1997,3,6.1,65.0,1997-03-01
17116,TR,BRS,LTBE,Bursa,40.1833,29.0667,101,1997,4,9.6,146.0,1997-04-01
17116,TR,BRS,LTBE,Bursa,40.1833,29.0667,101,1997,5,18.1,13.0,1997-05-01
17116,TR,BRS,LTBE,Bursa,40.1833,29.0667,101,1997,6,22.0,36.0,1997-06-01
17116,TR,BRS,LTBE,Bursa,40.1833,29.0667,101,1997,7,24.5,39.0,1997-07-01
17116,TR,BRS,LTBE,Bursa,40.1833,29.0667,101,1997,8,21.4,84.0,1997-08-01
17116,TR,BRS,LTBE,Bursa,40.1833,29.0667,101,1997,9,17.1,2.0,1997-09-01
17116,TR,BRS,LTBE,Bursa,40.1833,29.0667,101,1997,10,14.8,163.0,1997-10-01
17116,TR,BRS,LTBE,Bursa,40.1833,29.0667,101,1997,11,10.6,51.0,1997-11-01
17116,TR,BRS,LTBE,Bursa,40.1833,29.0667,101,1997,12,7.5,152.0,1997-12-01
17116,TR,BRS,LTBE,Bursa,40.1833,29.0667,101,1998,1,5.1,40.0,1998-01-01
17116,TR,BRS,LTBE,Bursa,40.1833,29.0667,101,1998,2,6.5,93.0,1998-02-01
17116,TR,BRS,LTBE,Bursa,40.1833,29.0667,101,1998,3,6.0,94.0,1998-03-01
17116,TR,BRS,LTBE,Bursa,40.1833,29.0667,101,1998,4,15.1,35.0,1998-04-01
17116,TR,BRS,LTBE,Bursa,40.1833,29.0667,101,1998,5,17.1,109.0,1998-05-01
17116,TR,BRS,LTBE,Bursa,40.1833,29.0667,101,1998,6,22.1,36.0,1998-06-01
17116,TR,BRS,LTBE,Bursa,40.1833,29.0667,101,1998,7,24.8,12.0,1998-07-01
17116,TR,BRS,LTBE,Bursa,40.1833,29.0667,101,1998,8,25.3,0.0,1998-08-01
17116,TR,BRS,LTBE,Bursa,40.1833,29.0667,101,1998,9,20.1,82.0,1998-09-01
17116,TR,BRS,LTBE,Bursa,40.1833,29.0667,101,1998,10,15.8,143.0,1998-10-01
17116,TR,BRS,LTBE,Bursa,40.1833,29.0667,101,1998,11,11.9,78.0,1998-11-01
17116,TR,BRS,LTBE,Bursa,40.1833,29.0667,101,1998,12,6.4,78.0,1998-12-01
17116,TR,BRS,LTBE,Bursa,40.1833,29.0667,101,1999,1,6.5,38.0,1999-01-01
17116,TR,BRS,LTBE,Bursa,40.1833,29.0667,101,1999,2,6.5,148.0,1999-02-01
17116,TR,BRS,LTBE,Bursa,40.1833,29.0667,101,1999,3,8.9,78.0,1999-03-01
17116,TR,BRS,LTBE,Bursa,40.1833,29.0667,101,1999,4,14.5,21.0,1999-04-01
17116,TR,BRS,LTBE,Bursa,40.1833,29.0667,101,1999,5,19.0,4.0,1999-05-01
17116,TR,BRS,LTBE,Bursa,40.1833,29.0667,101,1999,6,22.6,76.0,1999-06-01
17116,TR,BRS,LTBE,Bursa,40.1833,29.0667,101,1999,7,25.6,2.0,1999-07-01
17116,TR,BRS,LTBE,Bursa,40.1833,29.0667,101,1999,8,24.8,23.0,1999-08-01
17116,TR,BRS,LTBE,Bursa,40.1833,29.0667,101,1999,9,20.9,13.0,1999-09-01
17116,TR,BRS,LTBE,Bursa,40.1833,29.0667,101,1999,10,16.1,55.0,1999-10-01
17116,TR,BRS,LTBE,Bursa,40.1833,29.0667,101,1999,11,10.9,90.0,1999-11-01
17116,TR,BRS,LTBE,Bursa,40.1833,29.0667,101,1999,12,9.4,61.0,1999-12-01
17116,TR,BRS,LTBE,Bursa,40.1833,29.0667,101,2000,1,2.2,96.0,2000-01-01
17116,TR,BRS,LTBE,Bursa,40.1833,29.0667,101,2000,2,5.4,96.0,2000-02-01
17116,TR,BRS,LTBE,Bursa,40.1833,29.0667,101,2000,3,7.4,123.0,2000-03-01
17116,TR,BRS,LTBE,Bursa,40.1833,29.0667,101,2000,4,14.8,138.0,2000-04-01
17116,TR,BRS,LTBE,Bursa,40.1833,29.0667,101,2000,5,17.6,26.0,2000-05-01
17116,TR,BRS,LTBE,Bursa,40.1833,29.0667,101,2000,6,21.7,28.0,2000-06-01
17116,TR,BRS,LTBE,Bursa,40.1833,29.0667,101,2000,7,25.6,21.0,2000-07-01
17116,TR,BRS,LTBE,Bursa,40.1833,29.0667,101,2000,8,24.5,14.0,2000-08-01
17116,TR,BRS,LTBE,Bursa,40.1833,29.0667,101,2000,9,20.6,72.0,2000-09-01
17116,TR,BRS,LTBE,Bursa,40.1833,29.0667,101,2000,10,14.6,101.0,2000-10-01
17116,TR,BRS,LTBE,Bursa,40.1833,29.0667,101,2000,11,12.2,26.0,2000-11-01
17116,TR,BRS,LTBE,Bursa,40.1833,29.0667,101,2000,12,7.5,53.0,2000-12-01
17116,TR,BRS,LTBE,Bursa,40.1833,29.0667,101,2001,1,7.9,8.0,2001-01-01
17116,TR,BRS,LTBE,Bursa,40.1833,29.0667,101,2001,2,7.6,68.0,2001-02-01
17116,TR,BRS,LTBE,Bursa,40.1833,29.0667,101,2001,3,14.4,50.0,2001-03-01
17116,TR,BRS,LTBE,Bursa,40.1833,29.0667,101,2001,4,14.1,86.0,2001-04-01
17116,TR,BRS,LTBE,Bursa,40.1833,29.0667,101,2001,5,17.7,77.0,2001-05-01
17116,TR,BRS,LTBE,Bursa,40.1833,29.0667,101,2001,6,22.6,5.0,2001-06-01
17116,TR,BRS,LTBE,Bursa,40.1833,29.0667,101,2001,7,26.5,2.0,2001-07-01
17116,TR,BRS,LTBE,Bursa,40.1833,29.0667,101,2001,8,25.4,26.0,2001-08-01
17116,TR,BRS,LTBE,Bursa,40.1833,29.0667,101,2001,9,20.9,39.0,2001-09-01
17116,TR,BRS,LTBE,Bursa,40.1833,29.0667,101,2001,10,15.7,3.0,2001-10-01
17116,TR,BRS,LTBE,Bursa,40.1833,29.0667,101,2001,11,10.1,140.0,2001-11-01
17116,TR,BRS,LTBE,Bursa,40.1833,29.0667,101,2001,12,4.5,219.0,2001-12-01
17116,TR,BRS,LTBE,Bursa,40.1833,29.0667,101,2002,1,2.9,62.0,2002-01-01
17116,TR,BRS,LTBE,Bursa,40.1833,29.0667,101,2002,2,8.7,42.0,2002-02-01
17116,TR,BRS,LTBE,Bursa,40.1833,29.0667,101,2002,3,10.0,88.0,2002-03-01
17116,TR,BRS,LTBE,Bursa,40.1833,29.0667,101,2002,4,11.3,127.0,2002-04-01
17116,TR,BRS,LTBE,Bursa,40.1833,29.0667,101,2002,5,17.5,51.0,2002-05-01
17116,TR,BRS,LTBE,Bursa,40.1833,29.0667,101,2002,6,22.4,25.0,2002-06-01
17116,TR,BRS,LTBE,Bursa,40.1833,29.0667,101,2002,7,26.8,50.0,2002-07-01
17116,TR,BRS,LTBE,Bursa,40.1833,29.0667,101,2002,8,24.2,31.0,2002-08-01
17116,TR,BRS,LTBE,Bursa,40.1833,29.0667,101,2002,9,20.3,67.0,2002-09-01
17116,TR,BRS,LTBE,Bursa,40.1833,29.0667,101,2002,10,15.6,126.0,2002-10-01
17116,TR,BRS,LTBE,Bursa,40.1833,29.0667,101,2002,11,11.1,68.0,2002-11-01
17116,TR,BRS,LTBE,Bursa,40.1833,29.0667,101,2002,12,5.0,26.0,2002-12-01
17116,TR,BRS,LTBE,Bursa,40.1833,29.0667,101,2003,1,8.9,57.0,2003-01-01
17116,TR,BRS,LTBE,Bursa,40.1833,29.0667,101,2003,2,2.8,106.0,2003-02-01
17116,TR,BRS,LTBE,Bursa,40.1833,29.0667,101,2003,3,4.6,33.0,2003-03-01
17116,TR,BRS,LTBE,Bursa,40.1833,29.0667,101,2003,4,9.9,112.0,2003-04-01
17116,TR,BRS,LTBE,Bursa,40.1833,29.0667,101,2003,5,18.8,46.0,2003-05-01
17116,TR,BRS,LTBE,Bursa,40.1833,29.0667,101,2003,6,23.5,2.0,2003-06-01
17116,TR,BRS,LTBE,Bursa,40.1833,29.0667,101,2003,7,25.3,0.0,2003-07-01
17116,TR,BRS,LTBE,Bursa,40.1833,29.0667,101,2003,8,25.6,0.0,2003-08-01
17116,TR,BRS,LTBE,Bursa,40.1833,29.0667,101,2003,9,19.2,67.0,2003-09-01
17116,TR,BRS,LTBE,Bursa,40.1833,29.0667,101,2003,10,16.6,125.0,2003-10-01
17116,TR,BRS,LTBE,Bursa,40.1833,29.0667,101,2003,11,10.0,68.0,2003-11-01
17116,TR,BRS,LTBE,Bursa,40.1833,29.0667,101,2003,12,6.0,91.0,2003-12-01
17116,TR,BRS,LTBE,Bursa,40.1833,29.0667,101,2004,1,5.0,155.0,2004-01-01
17116,TR,BRS,LTBE,Bursa,40.1833,29.0667,101,2004,2,5.1,73.0,2004-02-01
17116,TR,BRS,LTBE,Bursa,40.1833,29.0667,101,2004,3,9.4,62.0,2004-03-01
17116,TR,BRS,LTBE,Bursa,40.1833,29.0667,101,2004,4,13.1,50.0,2004-04-01
17116,TR,BRS,LTBE,Bursa,40.1833,29.0667,101,2004,5,17.6,23.0,2004-05-01
17116,TR,BRS,LTBE,Bursa,40.1833,29.0667,101,2004,6,22.3,38.0,2004-06-01
17116,TR,BRS,LTBE,Bursa,40.1833,29.0667,101,2004,7,24.4,5.0,2004-07-01
17116,TR,BRS,LTBE,Bursa,40.1833,29.0667,101,2004,8,23.8,26.0,2004-08-01
17116,TR,BRS,LTBE,Bursa,40.1833,29.0667,101,2004,9,20.9,0.0,2004-09-01
17116,TR,BRS,LTBE,Bursa,40.1833,29.0667,101,2004,10,17.4,16.0,2004-10-01
17116,TR,BRS,LTBE,Bursa,40.1833,29.0667,101,2004,11,11.0,95.0,2004-11-01
17116,TR,BRS,LTBE,Bursa,40.1833,29.0667,101,2004,12,7.1,44.0,2004-12-01
17116,TR,BRS,LTBE,Bursa,40.1833,29.0667,101,2005,1,6.5,150.0,2005-01-01
17116,TR,BRS,LTBE,Bursa,40.1833,29.0667,101,2005,2,6.9,78.0,2005-02-01
17116,TR,BRS,LTBE,Bursa,40.1833,29.0667,101,2005,3,8.5,88.0,2005-03-01
17116,TR,BRS,LTBE,Bursa,40.1833,29.0667,101,2005,4,14.0,43.0,2005-04-01
17116,TR,BRS,LTBE,Bursa,40.1833,29.0667,101,2005,5,17.8,36.0,2005-05-01
17116,TR,BRS,LTBE,Bursa,40.1833,29.0667,101,2005,6,21.2,21.0,2005-06-01
17116,TR,BRS,LTBE,Bursa,40.1833,29.0667,101,2005,7,24.9,55.0,2005-07-01
17116,TR,BRS,LTBE,Bursa,40.1833,29.0667,101,2005,8,25.4,3.0,2005-08-01
17116,TR,BRS,LTBE,Bursa,40.1833,29.0667,101,2005,9,20.4,92.0,2005-09-01
17116,TR,BRS,LTBE,Bursa,40.1833,29.0667,101,2005,10,14.0,33.0,2005-10-01
17116,TR,BRS,LTBE,Bursa,40.1833,29.0667,101,2005,11,9.6,110.0,2005-11-01
17116,TR,BRS,LTBE,Bursa,40.1833,29.0667,101,2005,12,8.0,88.0,2005-12-01
17116,TR,BRS,LTBE,Bursa,40.1833,29.0667,101,2006,1,3.4,66.0,2006-01-01
17116,TR,BRS,LTBE,Bursa,40.1833,29.0667,101,2006,2,5.4,133.0,2006-02-01
17116,TR,BRS,LTBE,Bursa,40.1833,29.0667,101,2006,3,9.6,57.0,2006-03-01
17116,TR,BRS,LTBE,Bursa,40.1833,29.0667,101,2006,4,13.7,13.0,2006-04-01
17116,TR,BRS,LTBE,Bursa,40.1833,29.0667,101,2006,5,17.9,9.0,2006-05-01
17116,TR,BRS,LTBE,Bursa,40.1833,29.0667,101,2006,6,22.0,63.0,2006-06-01
17116,TR,BRS,LTBE,Bursa,40.1833,29.0667,101,2006,7,24.2,2.0,2006-07-01
17116,TR,BRS,LTBE,Bursa,40.1833,29.0667,101,2006,8,26.8,3.0,2006-08-01
17116,TR,BRS,LTBE,Bursa,40.1833,29.0667,101,2006,9,20.0,91.0,2006-09-01
17116,TR,BRS,LTBE,Bursa,40.1833,29.0667,101,2006,10,16.3,26.0,2006-10-01
17116,TR,BRS,LTBE,Bursa,40.1833,29.0667,101,2006,11,8.4,101.0,2006-11-01
17116,TR,BRS,LTBE,Bursa,40.1833,29.0667,101,2006,12,5.6,28.0,2006-12-01
17116,TR,BRS,LTBE,Bursa,40.1833,29.0667,101,2007,1,6.8,64.0,2007-01-01
17116,TR,BRS,LTBE,Bursa,40.1833,29.0667,101,2007,2,7.1,21.0,2007-02-01
17116,TR,BRS,LTBE,Bursa,40.1833,29.0667,101,2007,3,9.7,58.0,2007-03-01
17116,TR,BRS,LTBE,Bursa,40.1833,29.0667,101,2007,4,11.5,33.0,2007-04-01
17116,TR,BRS,LTBE,Bursa,40.1833,29.0667,101,2007,5,19.9,25.0,2007-05-01
17116,TR,BRS,LTBE,Bursa,40.1833,29.0667,101,2007,6,24.4,51.0,2007-06-01
17116,TR,BRS,LTBE,Bursa,40.1833,29.0667,101,2007,7,26.1,13.0,2007-07-01
17116,TR,BRS,LTBE,Bursa,40.1833,29.0667,101,2007,8,26.5,1.0,2007-08-01
17116,TR,BRS,LTBE,Bursa,40.1833,29.0667,101,2007,9,20.9,3.0,2007-09-01
17116,TR,BRS,LTBE,Bursa,40.1833,29.0667,101,2007,10,16.4,95.0,2007-10-01
17116,TR,BRS,LTBE,Bursa,40.1833,29.0667,101,2007,11,10.3,140.0,2007-11-01
17116,TR,BRS,LTBE,Bursa,40.1833,29.0667,101,2007,12,5.7,159.0,2007-12-01
17116,TR,BRS,LTBE,Bursa,40.1833,29.0667,101,2008,1,3.0,57.0,2008-01-01
17116,TR,BRS,LTBE,Bursa,40.1833,29.0667,101,2008,2,5.3,46.0,2008-02-01
17116,TR,BRS,LTBE,Bursa,40.1833,29.0667,101,2008,3,12.0,119.0,2008-03-01
17116,TR,BRS,LTBE,Bursa,40.1833,29.0667,101,2008,4,15.3,38.0,2008-04-01
17116,TR,BRS,LTBE,Bursa,40.1833,29.0667,101,2008,5,18.1,22.0,2008-05-01
17116,TR,BRS,LTBE,Bursa,40.1833,29.0667,101,2008,6,23.7,29.0,2008-06-01
17116,TR,BRS,LTBE,Bursa,40.1833,29.0667,101,2008,7,25.0,0.0,2008-07-01
17116,TR,BRS,LTBE,Bursa,40.1833,29.0667,101,2008,8,26.3,0.0,2008-08-01
17116,TR,BRS,LTBE,Bursa,40.1833,29.0667,101,2008,9,20.4,132.0,2008-09-01
17116,TR,BRS,LTBE,Bursa,40.1833,29.0667,101,2008,10,15.8,37.0,2008-10-01
17116,TR,BRS,LTBE,Bursa,40.1833,29.0667,101,2008,11,12.1,65.0,2008-11-01
17116,TR,BRS,LTBE,Bursa,40.1833,29.0667,101,2008,12,7.6,94.0,2008-12-01
17116,TR,BRS,LTBE,Bursa,40.1833,29.0667,101,2009,1,6.4,117.0,2009-01-01
17116,TR,BRS,LTBE,Bursa,40.1833,29.0667,101,2009,2,7.4,157.0,2009-02-01
17116,TR,BRS,LTBE,Bursa,40.1833,29.0667,101,2009,3,8.9,121.0,2009-03-01
17116,TR,BRS,LTBE,Bursa,40.1833,29.0667,101,2009,4,12.1,27.0,2009-04-01
17116,TR,BRS,LTBE,Bursa,40.1833,29.0667,101,2009,5,18.3,19.0,2009-05-01
17116,TR,BRS,LTBE,Bursa,40.1833,29.0667,101,2009,6,23.6,9.0,2009-06-01
17116,TR,BRS,LTBE,Bursa,40.1833,29.0667,101,2009,7,25.7,4.0,2009-07-01
17116,TR,BRS,LTBE,Bursa,40.1833,29.0667,101,2009,8,24.3,0.0,2009-08-01
17116,TR,BRS,LTBE,Bursa,40.1833,29.0667,101,2009,9,19.8,67.0,2009-09-01
17116,TR,BRS,LTBE,Bursa,40.1833,29.0667,101,2009,10,17.2,38.0,2009-10-01
17116,TR,BRS,LTBE,Bursa,40.1833,29.0667,101,2009,11,10.1,81.0,2009-11-01
17116,TR,BRS,LTBE,Bursa,40.1833,29.0667,101,2009,12,9.6,119.0,2009-12-01
17116,TR,BRS,LTBE,Bursa,40.1833,29.0667,101,2010,1,7.0,150.0,2010-01-01
17116,TR,BRS,LTBE,Bursa,40.1833,29.0667,101,2010,2,9.7,179.0,2010-02-01
17116,TR,BRS,LTBE,Bursa,40.1833,29.0667,101,2010,3,9.0,115.0,2010-03-01
17116,TR,BRS,LTBE,Bursa,40.1833,29.0667,101,2010,4,13.5,63.0,2010-04-01
17116,TR,BRS,LTBE,Bursa,40.1833,29.0667,101,2010,5,19.3,29.0,2010-05-01
17116,TR,BRS,LTBE,Bursa,40.1833,29.0667,101,2010,6,22.4,135.0,2010-06-01
17116,TR,BRS,LTBE,Bursa,40.1833,29.0667,101,2010,7,25.4,25.0,2010-07-01
17116,TR,BRS,LTBE,Bursa,40.1833,29.0667,101,2010,8,27.6,5.0,2010-08-01
17116,TR,BRS,LTBE,Bursa,40.1833,29.0667,101,2010,9,21.4,53.0,2010-09-01
17116,TR,BRS,LTBE,Bursa,40.1833,29.0667,101,2010,10,14.7,397.0,2010-10-01
17116,TR,BRS,LTBE,Bursa,40.1833,29.0667,101,2010,11,15.6,24.0,2010-11-01
17116,TR,BRS,LTBE,Bursa,40.1833,29.0667,101,2010,12,9.9,153.0,2010-12-01
17116,TR,BRS,LTBE,Bursa,40.1833,29.0667,101,2011,1,5.6,72.0,2011-01-01
17116,TR,BRS,LTBE,Bursa,40.1833,29.0667,101,2011,2,6.2,18.0,2011-02-01
17116,TR,BRS,LTBE,Bursa,40.1833,29.0667,101,2011,3,8.3,67.0,2011-03-01
17116,TR,BRS,LTBE,Bursa,40.1833,29.0667,101,2011,4,10.5,77.0,2011-04-01
17116,TR,BRS,LTBE,Bursa,40.1833,29.0667,101,2011,5,16.7,27.0,2011-05-01
17116,TR,BRS,LTBE,Bursa,40.1833,29.0667,101,2011,6,21.9,14.0,2011-06-01
17116,TR,BRS,LTBE,Bursa,40.1833,29.0667,101,2011,7,26.2,5.0,2011-07-01
17116,TR,BRS,LTBE,Bursa,40.1833,29.0667,101,2011,8,23.5,29.0,2011-08-01
17116,TR,BRS,LTBE,Bursa,40.1833,29.0667,101,2011,9,21.5,33.0,2011-09-01
17116,TR,BRS,LTBE,Bursa,40.1833,29.0667,101,2011,10,12.8,113.0,2011-10-01
17116,TR,BRS,LTBE,Bursa,40.1833,29.0667,101,2011,11,6.4,2.0,2011-11-01
17116,TR,BRS,LTBE,Bursa,40.1833,29.0667,101,2011,12,7.3,121.0,2011-12-01
17116,TR,BRS,LTBE,Bursa,40.1833,29.0667,101,2012,1,3.0,121.0,2012-01-01
17116,TR,BRS,LTBE,Bursa,40.1833,29.0667,101,2012,2,3.4,124.0,2012-02-01
17116,TR,BRS,LTBE,Bursa,40.1833,29.0667,101,2012,3,7.2,90.0,2012-03-01
17116,TR,BRS,LTBE,Bursa,40.1833,29.0667,101,2012,4,15.2,100.0,2012-04-01
17116,TR,BRS,LTBE,Bursa,40.1833,29.0667,101,2012,5,17.8,81.0,2012-05-01
17116,TR,BRS,LTBE,Bursa,40.1833,29.0667,101,2012,6,24.3,4.0,2012-06-01
17116,TR,BRS,LTBE,Bursa,40.1833,29.0667,101,2012,7,26.7,7.0,2012-07-01
17116,TR,BRS,LTBE,Bursa,40.1833,29.0667,101,2012,8,25.2,2.0,2012-08-01
17116,TR,BRS,LTBE,Bursa,40.1833,29.0667,101,2012,9,21.9,14.0,2012-09-01
17116,TR,BRS,LTBE,Bursa,40.1833,29.0667,101,2012,10,18.6,35.0,2012-10-01
17116,TR,BRS,LTBE,Bursa,40.1833,29.0667,101,2012,11,12.7,53.0,2012-11-01
17116,TR,BRS,LTBE,Bursa,40.1833,29.0667,101,2012,12,7.5,155.0,2012-12-01
17116,TR,BRS,LTBE,Bursa,40.1833,29.0667,101,2013,1,7.1,106.0,2013-01-01
17116,TR,BRS,LTBE,Bursa,40.1833,29.0667,101,2013,2,9.2,96.0,2013-02-01
17116,TR,BRS,LTBE,Bursa,40.1833,29.0667,101,2013,3,11.3,86.0,2013-03-01
17116,TR,BRS,LTBE,Bursa,40.1833,29.0667,101,2013,4,13.7,52.0,2013-04-01
17116,TR,BRS,LTBE,Bursa,40.1833,29.0667,101,2013,5,20.1,24.0,2013-05-01
17116,TR,BRS,LTBE,Bursa,40.1833,29.0667,101,2013,6,22.4,62.0,2013-06-01
17116,TR,BRS,LTBE,Bursa,40.1833,29.0667,101,2013,7,24.3,22.0,2013-07-01
17116,TR,BRS,LTBE,Bursa,40.1833,29.0667,101,2013,8,25.7,2.0,2013-08-01
17116,TR,BRS,LTBE,Bursa,40.1833,29.0667,101,2013,9,20.3,18.0,2013-09-01
17116,TR,BRS,LTBE,Bursa,40.1833,29.0667,101,2013,10,13.0,140.0,2013-10-01
17116,TR,BRS,LTBE,Bursa,40.1833,29.0667,101,2013,11,11.8,69.0,2013-11-01
17116,TR,BRS,LTBE,Bursa,40.1833,29.0667,101,2013,12,4.9,50.0,2013-12-01
17116,TR,BRS,LTBE,Bursa,40.1833,29.0667,101,2014,1,9.0,38.0,2014-01-01
17116,TR,BRS,LTBE,Bursa,40.1833,29.0667,101,2014,2,8.6,25.0,2014-02-01
17116,TR,BRS,LTBE,Bursa,40.1833,29.0667,101,2014,3,10.7,64.0,2014-03-01
17116,TR,BRS,LTBE,Bursa,40.1833,29.0667,101,2014,4,14.4,125.0,2014-04-01
17116,TR,BRS,LTBE,Bursa,40.1833,29.0667,101,2014,5,18.3,103.0,2014-05-01
17116,TR,BRS,LTBE,Bursa,40.1833,29.0667,101,2014,6,22.3,118.0,2014-06-01
17116,TR,BRS,LTBE,Bursa,40.1833,29.0667,101,2014,7,25.5,5.0,2014-07-01
17116,TR,BRS,LTBE,Bursa,40.1833,29.0667,101,2014,8,25.4,46.0,2014-08-01
17116,TR,BRS,LTBE,Bursa,40.1833,29.0667,101,2014,9,20.6,120.0,2014-09-01
17116,TR,BRS,LTBE,Bursa,40.1833,29.0667,101,2014,10,16.4,77.0,2014-10-01
17116,TR,BRS,LTBE,Bursa,40.1833,29.0667,101,2014,11,11.3,77.0,2014-11-01
17116,TR,BRS,LTBE,Bursa,40.1833,29.0667,101,2014,12,9.4,216.0,2014-12-01
17116,TR,BRS,LTBE,Bursa,40.1833,29.0667,101,2015,1,5.5,155.0,2015-01-01
17116,TR,BRS,LTBE,Bursa,40.1833,29.0667,101,2015,2,7.3,93.0,2015-02-01
17116,TR,BRS,LTBE,Bursa,40.1833,29.0667,101,2015,3,9.1,88.0,2015-03-01
17116,TR,BRS,LTBE,Bursa,40.1833,29.0667,101,2015,4,11.6,128.0,2015-04-01
17116,TR,BRS,LTBE,Bursa,40.1833,29.0667,101,2015,5,19.2,51.0,2015-05-01
17116,TR,BRS,LTBE,Bursa,40.1833,29.0667,101,2015,6,21.4,54.0,2015-06-01
17116,TR,BRS,LTBE,Bursa,40.1833,29.0667,101,2015,7,25.9,0.0,2015-07-01
17116,TR,BRS,LTBE,Bursa,40.1833,29.0667,101,2015,8,26.2,6.0,2015-08-01
17116,TR,BRS,LTBE,Bursa,40.1833,29.0667,101,2015,9,23.5,108.0,2015-09-01
17116,TR,BRS,LTBE,Bursa,40.1833,29.0667,101,2015,10,16.1,108.0,2015-10-01
17116,TR,BRS,LTBE,Bursa,40.1833,29.0667,101,2015,11,12.7,29.0,2015-11-01
17116,TR,BRS,LTBE,Bursa,40.1833,29.0667,101,2015,12,6.1,7.0,2015-12-01
17116,TR,BRS,LTBE,Bursa,40.1833,29.0667,101,2016,1,5.6,158.0,2016-01-01
17116,TR,BRS,LTBE,Bursa,40.1833,29.0667,101,2016,2,11.3,86.0,2016-02-01
17116,TR,BRS,LTBE,Bursa,40.1833,29.0667,101,2016,3,11.2,81.0,2016-03-01
17116,TR,BRS,LTBE,Bursa,40.1833,29.0667,101,2016,4,16.4,23.0,2016-04-01
17116,TR,BRS,LTBE,Bursa,40.1833,29.0667,101,2016,5,18.4,74.0,2016-05-01
17116,TR,BRS,LTBE,Bursa,40.1833,29.0667,101,2016,6,24.5,37.0,2016-06-01
17116,TR,BRS,LTBE,Bursa,40.1833,29.0667,101,2016,7,25.8,0.0,2016-07-01
17116,TR,BRS,LTBE,Bursa,40.1833,29.0667,101,2016,8,26.3,9.0,2016-08-01
17116,TR,BRS,LTBE,Bursa,40.1833,29.0667,101,2016,9,21.4,34.0,2016-09-01
17116,TR,BRS,LTBE,Bursa,40.1833,29.0667,101,2016,10,15.7,17.0,2016-10-01
17116,TR,BRS,LTBE,Bursa,40.1833,29.0667,101,2016,11,10.9,57.0,2016-11-01
17116,TR,BRS,LTBE,Bursa,40.1833,29.0667,101,2016,12,2.9,125.0,2016-12-01
17116,TR,BRS,LTBE,Bursa,40.1833,29.0667,101,2017,1,3.5,101.0,2017-01-01
17116,TR,BRS,LTBE,Bursa,40.1833,29.0667,101,2017,2,8.4,18.0,2017-02-01
17116,TR,BRS,LTBE,Bursa,40.1833,29.0667,101,2017,3,10.3,29.0,2017-03-01
17116,TR,BRS,LTBE,Bursa,40.1833,29.0667,101,2017,4,13.0,51.0,2017-04-01
17116,TR,BRS,LTBE,Bursa,40.1833,29.0667,101,2017,5,18.0,87.0,2017-05-01
17116,TR,BRS,LTBE,Bursa,40.1833,29.0667,101,2017,6,23.1,81.0,2017-06-01
17116,TR,BRS,LTBE,Bursa,40.1833,29.0667,101,2017,7,25.9,19.0,2017-07-01
17116,TR,BRS,LTBE,Bursa,40.1833,29.0667,101,2017,8,25.5,6.0,2017-08-01
17116,TR,BRS,LTBE,Bursa,40.1833,29.0667,101,2017,9,23.0,16.0,2017-09-01
17116,TR,BRS,LTBE,Bursa,40.1833,29.0667,101,2017,10,14.7,68.0,2017-10-01
17116,TR,BRS,LTBE,Bursa,40.1833,29.0667,101,2017,11,11.1,40.0,2017-11-01
17116,TR,BRS,LTBE,Bursa,40.1833,29.0667,101,2017,12,9.8,132.0,2017-12-01
17116,TR,BRS,LTBE,Bursa,40.1833,29.0667,101,2018,1,7.0,72.0,2018-01-01
17116,TR,BRS,LTBE,Bursa,40.1833,29.0667,101,2018,2,10.2,74.0,2018-02-01
17116,TR,BRS,LTBE,Bursa,40.1833,29.0667,101,2018,3,13.2,125.0,2018-03-01
17116,TR,BRS,LTBE,Bursa,40.1833,29.0667,101,2018,4,15.7,15.0,2018-04-01
17116,TR,BRS,LTBE,Bursa,40.1833,29.0667,101,2018,5,19.9,95.0,2018-05-01
17116,TR,BRS,LTBE,Bursa,40.1833,29.0667,101,2018,6,23.5,60.0,2018-06-01
17116,TR,BRS,LTBE,Bursa,40.1833,29.0667,101,2018,7,26.1,15.0,2018-07-01
17116,TR,BRS,LTBE,Bursa,40.1833,29.0667,101,2018,8,26.3,4.0,2018-08-01
17116,TR,BRS,LTBE,Bursa,40.1833,29.0667,101,2018,9,21.7,49.0,2018-09-01
17116,TR,BRS,LTBE,Bursa,40.1833,29.0667,101,2018,10,16.8,18.0,2018-10-01
17116,TR,BRS,LTBE,Bursa,40.1833,29.0667,101,2018,11,12.2,34.0,2018-11-01
17116,TR,BRS,LTBE,Bursa,40.1833,29.0667,101,2018,12,6.0,33.0,2018-12-01
17116,TR,BRS,LTBE,Bursa,40.1833,29.0667,101,2019,1,6.7,44.0,2019-01-01
17116,TR,BRS,LTBE,Bursa,40.1833,29.0667,101,2019,2,6.8,39.0,2019-02-01
17116,TR,BRS,LTBE,Bursa,40.1833,29.0667,101,2019,3,9.7,15.0,2019-03-01
17116,TR,BRS,LTBE,Bursa,40.1833,29.0667,101,2019,4,12.9,47.0,2019-04-01
17116,TR,BRS,LTBE,Bursa,40.1833,29.0667,101,2019,5,19.9,48.0,2019-05-01
17116,TR,BRS,LTBE,Bursa,40.1833,29.0667,101,2019,6,24.4,34.0,2019-06-01
17116,TR,BRS,LTBE,Bursa,40.1833,29.0667,101,2019,7,24.9,19.0,2019-07-01
17116,TR,BRS,LTBE,Bursa,40.1833,29.0667,101,2019,8,24.7,7.0,2019-08-01
17116,TR,BRS,LTBE,Bursa,40.1833,29.0667,101,2019,9,21.4,14.0,2019-09-01
17116,TR,BRS,LTBE,Bursa,40.1833,29.0667,101,2019,10,17.4,39.0,2019-10-01
17116,TR,BRS,LTBE,Bursa,40.1833,29.0667,101,2019,11,15.3,39.0,2019-11-01
17116,TR,BRS,LTBE,Bursa,40.1833,29.0667,101,2019,12,8.3,72.0,2019-12-01
17116,TR,BRS,LTBE,Bursa,40.1833,29.0667,101,2020,1,5.7,62.0,2020-01-01
17116,TR,BRS,LTBE,Bursa,40.1833,29.0667,101,2020,2,8.8,98.0,2020-02-01
17116,TR,BRS,LTBE,Bursa,40.1833,29.0667,101,2020,3,10.3,72.0,2020-03-01
17116,TR,BRS,LTBE,Bursa,40.1833,29.0667,101,2020,4,12.6,35.0,2020-04-01
17116,TR,BRS,LTBE,Bursa,40.1833,29.0667,101,2020,5,18.5,104.0,2020-05-01
17116,TR,BRS,LTBE,Bursa,40.1833,29.0667,101,2020,6,22.9,65.0,2020-06-01
17116,TR,BRS,LTBE,Bursa,40.1833,29.0667,101,2020,7,25.8,0.0,2020-07-01
17116,TR,BRS,LTBE,Bursa,40.1833,29.0667,101,2020,8,25.5,2.0,2020-08-01
17116,TR,BRS,LTBE,Bursa,40.1833,29.0667,101,2020,9,23.0,23.0,2020-09-01
17116,TR,BRS,LTBE,Bursa,40.1833,29.0667,101,2020,10,18.5,88.0,2020-10-01
17116,TR,BRS,LTBE,Bursa,40.1833,29.0667,101,2020,11,10.4,13.0,2020-11-01
17116,TR,BRS,LTBE,Bursa,40.1833,29.0667,101,2020,12,11.0,16.0,2020-12-01
17116,TR,BRS,LTBE,Bursa,40.1833,29.0667,101,2021,1,8.1,288.0,2021-01-01
17116,TR,BRS,LTBE,Bursa,40.1833,29.0667,101,2021,2,8.3,68.0,2021-02-01
17116,TR,BRS,LTBE,Bursa,40.1833,29.0667,101,2021,3,7.0,101.0,2021-03-01
17116,TR,BRS,LTBE,Bursa,40.1833,29.0667,101,2021,4,13.0,57.0,2021-04-01
17116,TR,BRS,LTBE,Bursa,40.1833,29.0667,101,2021,5,19.4,30.0,2021-05-01
17116,TR,BRS,LTBE,Bursa,40.1833,29.0667,101,2021,6,21.8,61.0,2021-06-01
17116,TR,BRS,LTBE,Bursa,40.1833,29.0667,101,2021,7,26.2,25.0,2021-07-01
17116,TR,BRS,LTBE,Bursa,40.1833,29.0667,101,2021,8,26.4,0.2,2021-08-01
17116,TR,BRS,LTBE,Bursa,40.1833,29.0667,101,2021,9,20.5,8.0,2021-09-01
17116,TR,BRS,LTBE,Bursa,40.1833,29.0667,101,2021,10,15.0,51.0,2021-10-01
17116,TR,BRS,LTBE,Bursa,40.1833,29.0667,101,2021,11,12.8,40.0,2021-11-01
17116,TR,BRS,LTBE,Bursa,40.1833,29.0667,101,2021,12,9.9,94.0,2021-12-01
17116,TR,BRS,LTBE,Bursa,40.1833,29.0667,101,2022,1,4.7,56.0,2022-01-01
17116,TR,BRS,LTBE,Bursa,40.1833,29.0667,101,2022,2,7.4,111.0,2022-02-01
17116,TR,BRS,LTBE,Bursa,40.1833,29.0667,101,2022,3,5.1,49.0,2022-03-01
17116,TR,BRS,LTBE,Bursa,40.1833,29.0667,101,2022,4,14.7,34.0,2022-04-01
17116,TR,BRS,LTBE,Bursa,40.1833,29.0667,101,2022,5,18.7,26.0,2022-05-01
17116,TR,BRS,LTBE,Bursa,40.1833,29.0667,101,2022,6,23.2,92.0,2022-06-01
17116,TR,BRS,LTBE,Bursa,40.1833,29.0667,101,2022,7,24.9,1.0,2022-07-01
17116,TR,BRS,LTBE,Bursa,40.1833,29.0667,101,2022,8,27.1,51.0,2022-08-01
17116,TR,BRS,LTBE,Bursa,40.1833,29.0667,101,2022,9,21.4,14.0,2022-09-01
17116,TR,BRS,LTBE,Bursa,40.1833,29.0667,101,2022,10,16.1,16.0,2022-10-01
17116,TR,BRS,LTBE,Bursa,40.1833,29.0667,101,2022,11,13.4,24.0,2022-11-01
17116,TR,BRS,LTBE,Bursa,40.1833,29.0667,101,2022,12,10.4,37.0,2022-12-01
17116,TR,BRS,LTBE,Bursa,40.1833,29.0667,101,2023,1,8.3,28.0,2023-01-01
17116,TR,BRS,LTBE,Bursa,40.1833,29.0667,101,2023,2,6.6,71.0,2023-02-01
17116,TR,BRS,LTBE,Bursa,40.1833,29.0667,101,2023,3,10.5,109.0,2023-03-01
17116,TR,BRS,LTBE,Bursa,40.1833,29.0667,101,2023,4,13.2,121.0,2023-04-01
17116,TR,BRS,LTBE,Bursa,40.1833,29.0667,101,2023,5,16.8,43.0,2023-05-01
17116,TR,BRS,LTBE,Bursa,40.1833,29.0667,101,2023,6,22.1,49.0,2023-06-01
17116,TR,BRS,LTBE,Bursa,40.1833,29.0667,101,2023,7,26.6,8.0,2023-07-01
17116,TR,BRS,LTBE,Bursa,40.1833,29.0667,101,2023,8,27.4,0.3,2023-08-01
17116,TR,BRS,LTBE,Bursa,40.1833,29.0667,101,2023,9,22.9,8.0,2023-09-01
17116,TR,BRS,LTBE,Bursa,40.1833,29.0667,101,2023,10,18.1,46.0,2023-10-01
17116,TR,BRS,LTBE,Bursa,40.1833,29.0667,101,2023,11,14.2,248.0,2023-11-01
17116,TR,BRS,LTBE,Bursa,40.1833,29.0667,101,2023,12,10.9,57.0,2023-12-01
17116,TR,BRS,LTBE,Bursa,40.1833,29.0667,101,2024,1,7.8,132.0,2024-01-01
17116,TR,BRS,LTBE,Bursa,40.1833,29.0667,101,2024,2,9.9,21.0,2024-02-01
17116,TR,BRS,LTBE,Bursa,40.1833,29.0667,101,2024,3,10.8,66.0,2024-03-01
17116,TR,BRS,LTBE,Bursa,40.1833,29.0667,101,2024,4,17.3,23.0,2024-04-01
17116,TR,BRS,LTBE,Bursa,40.1833,29.0667,101,2024,5,17.1,46.0,2024-05-01
17116,TR,BRS,LTBE,Bursa,40.1833,29.0667,101,2024,6,26.5,0.0,2024-06-01
17116,TR,BRS,LTBE,Bursa,40.1833,29.0667,101,2024,7,27.6,61.0,2024-07-01
17116,TR,BRS,LTBE,Bursa,40.1833,29.0667,101,2024,8,26.8,0.0,2024-08-01
17116,TR,BRS,LTBE,Bursa,40.1833,29.0667,101,2024,9,22.9,43.0,2024-09-01
17116,TR,BRS,LTBE,Bursa,40.1833,29.0667,101,2024,10,16.4,18.0,2024-10-01
17116,TR,BRS,LTBE,Bursa,40.1833,29.0667,101,2024,11,10.9,122.0,2024-11-01
17116,TR,BRS,LTBE,Bursa,40.1833,29.0667,101,2024,12,9.2,83.0,2024-12-01
17116,TR,BRS,LTBE,Bursa,40.1833,29.0667,101,2025,1,8.0,84.0,2025-01-01
17116,TR,BRS,LTBE,Bursa,40.1833,29.0667,101,2025,2,4.8,32.0,2025-02-01
17116,TR,BRS,LTBE,Bursa,40.1833,29.0667,101,2025,3,12.0,38.0,2025-03-01
17116,TR,BRS,LTBE,Bursa,40.1833,29.0667,101,2025,4,11.9,37.0,2025-04-01
17116,TR,BRS,LTBE,Bursa,40.1833,29.0667,101,2025,5,18.3,29.0,2025-05-01
17116,TR,BRS,LTBE,Bursa,40.1833,29.0667,101,2025,6,24.3,0.0,2025-06-01
17116,TR,BRS,LTBE,Bursa,40.1833,29.0667,101,2025,7,28.3,0.0,2025-07-01
17116,TR,BRS,LTBE,Bursa,40.1833,29.0667,101,2025,8,26.4,9.0,2025-08-01
17116,TR,BRS,LTBE,Bursa,40.1833,29.0667,101,2025,9,22.3,15.0,2025-09-01
17116,TR,BRS,LTBE,Bursa,40.1833,29.0667,101,2025,10,16.0,70.0,2025-10-01
17116,TR,BRS,LTBE,Bursa,40.1833,29.0667,101,2025,11,13.3,51.0,2025-11-01
17116,TR,BRS,LTBE,Bursa,40.1833,29.0667,101,2025,12,7.6,64.0,2025-12-01
17116,TR,BRS,LTBE,Bursa,40.1833,29.0667,101,2026,1,8.5,114.0,2026-01-01
17116,TR,BRS,LTBE,Bursa,40.1833,29.0667,101,2026,2,9.6,113.0,2026-02-01
17116,TR,BRS,LTBE,Bursa,40.1833,29.0667,101,2026,3,8.7,93.0,2026-03-01
17116,TR,BRS,LTBE,Bursa,40.1833,29.0667,101,2026,4,,,2026-04-01
17116,TR,BRS,LTBE,Bursa,40.1833,29.0667,101,2026,5,,,2026-05-01
17116,TR,BRS,LTBE,Bursa,40.1833,29.0667,101,2026,6,,,2026-06-01
17116,TR,BRS,LTBE,Bursa,40.1833,29.0667,101,2026,7,,,2026-07-01
17116,TR,BRS,LTBE,Bursa,40.1833,29.0667,101,2026,8,,,2026-08-01
17116,TR,BRS,LTBE,Bursa,40.1833,29.0667,101,2026,9,,,2026-09-01
17116,TR,BRS,LTBE,Bursa,40.1833,29.0667,101,2026,10,,,2026-10-01
17116,TR,BRS,LTBE,Bursa,40.1833,29.0667,101,2026,11,,,2026-11-01
17116,TR,BRS,LTBE,Bursa,40.1833,29.0667,101,2026,12,,,2026-12-01
17124,TR,ESK,LTBI,Eskisehir,39.7833,30.5667,785,1931,1,1.6,41.0,1931-01-01
17124,TR,ESK,LTBI,Eskisehir,39.7833,30.5667,785,1931,2,3.2,48.0,1931-02-01
17124,TR,ESK,LTBI,Eskisehir,39.7833,30.5667,785,1931,3,6.0,34.0,1931-03-01
17124,TR,ESK,LTBI,Eskisehir,39.7833,30.5667,785,1931,4,8.5,48.0,1931-04-01
17124,TR,ESK,LTBI,Eskisehir,39.7833,30.5667,785,1931,5,14.5,44.0,1931-05-01
17124,TR,ESK,LTBI,Eskisehir,39.7833,30.5667,785,1931,6,18.3,55.0,1931-06-01
17124,TR,ESK,LTBI,Eskisehir,39.7833,30.5667,785,1931,7,22.5,12.0,1931-07-01
17124,TR,ESK,LTBI,Eskisehir,39.7833,30.5667,785,1931,8,21.5,1.0,1931-08-01
17124,TR,ESK,LTBI,Eskisehir,39.7833,30.5667,785,1931,9,17.9,10.0,1931-09-01
17124,TR,ESK,LTBI,Eskisehir,39.7833,30.5667,785,1931,10,11.7,4.0,1931-10-01
17124,TR,ESK,LTBI,Eskisehir,39.7833,30.5667,785,1931,11,2.9,17.0,1931-11-01
17124,TR,ESK,LTBI,Eskisehir,39.7833,30.5667,785,1931,12,0.0,66.0,1931-12-01
17124,TR,ESK,LTBI,Eskisehir,39.7833,30.5667,785,1932,1,1.3,14.0,1932-01-01
17124,TR,ESK,LTBI,Eskisehir,39.7833,30.5667,785,1932,2,-2.6,21.0,1932-02-01
17124,TR,ESK,LTBI,Eskisehir,39.7833,30.5667,785,1932,3,4.6,43.0,1932-03-01
17124,TR,ESK,LTBI,Eskisehir,39.7833,30.5667,785,1932,4,10.7,29.0,1932-04-01
17124,TR,ESK,LTBI,Eskisehir,39.7833,30.5667,785,1932,5,14.8,16.0,1932-05-01
17124,TR,ESK,LTBI,Eskisehir,39.7833,30.5667,785,1932,6,18.9,14.0,1932-06-01
17124,TR,ESK,LTBI,Eskisehir,39.7833,30.5667,785,1932,7,21.4,3.0,1932-07-01
17124,TR,ESK,LTBI,Eskisehir,39.7833,30.5667,785,1932,8,20.6,0.6,1932-08-01
17124,TR,ESK,LTBI,Eskisehir,39.7833,30.5667,785,1932,9,18.4,0.2,1932-09-01
17124,TR,ESK,LTBI,Eskisehir,39.7833,30.5667,785,1932,10,16.9,10.0,1932-10-01
17124,TR,ESK,LTBI,Eskisehir,39.7833,30.5667,785,1932,11,6.5,41.0,1932-11-01
17124,TR,ESK,LTBI,Eskisehir,39.7833,30.5667,785,1932,12,1.0,4.0,1932-12-01
17124,TR,ESK,LTBI,Eskisehir,39.7833,30.5667,785,1933,1,-1.2,42.0,1933-01-01
17124,TR,ESK,LTBI,Eskisehir,39.7833,30.5667,785,1933,2,2.3,25.0,1933-02-01
17124,TR,ESK,LTBI,Eskisehir,39.7833,30.5667,785,1933,3,2.8,27.0,1933-03-01
17124,TR,ESK,LTBI,Eskisehir,39.7833,30.5667,785,1933,4,7.2,19.0,1933-04-01
17124,TR,ESK,LTBI,Eskisehir,39.7833,30.5667,785,1933,5,13.5,100.0,1933-05-01
17124,TR,ESK,LTBI,Eskisehir,39.7833,30.5667,785,1933,6,17.0,62.0,1933-06-01
17124,TR,ESK,LTBI,Eskisehir,39.7833,30.5667,785,1933,7,19.3,20.0,1933-07-01
17124,TR,ESK,LTBI,Eskisehir,39.7833,30.5667,785,1933,8,20.3,18.0,1933-08-01
17124,TR,ESK,LTBI,Eskisehir,39.7833,30.5667,785,1933,9,15.0,18.0,1933-09-01
17124,TR,ESK,LTBI,Eskisehir,39.7833,30.5667,785,1933,10,12.2,1.0,1933-10-01
17124,TR,ESK,LTBI,Eskisehir,39.7833,30.5667,785,1933,11,9.8,40.0,1933-11-01
17124,TR,ESK,LTBI,Eskisehir,39.7833,30.5667,785,1933,12,-2.0,69.0,1933-12-01
17124,TR,ESK,LTBI,Eskisehir,39.7833,30.5667,785,1934,1,-0.0,36.0,1934-01-01
17124,TR,ESK,LTBI,Eskisehir,39.7833,30.5667,785,1934,2,-2.4,19.0,1934-02-01
17124,TR,ESK,LTBI,Eskisehir,39.7833,30.5667,785,1934,3,8.3,23.0,1934-03-01
17124,TR,ESK,LTBI,Eskisehir,39.7833,30.5667,785,1934,4,12.6,22.0,1934-04-01
17124,TR,ESK,LTBI,Eskisehir,39.7833,30.5667,785,1934,5,15.8,72.0,1934-05-01
17124,TR,ESK,LTBI,Eskisehir,39.7833,30.5667,785,1934,6,18.4,41.0,1934-06-01
17124,TR,ESK,LTBI,Eskisehir,39.7833,30.5667,785,1934,7,21.6,3.0,1934-07-01
17124,TR,ESK,LTBI,Eskisehir,39.7833,30.5667,785,1934,8,21.5,3.0,1934-08-01
17124,TR,ESK,LTBI,Eskisehir,39.7833,30.5667,785,1934,9,17.3,27.0,1934-09-01
17124,TR,ESK,LTBI,Eskisehir,39.7833,30.5667,785,1934,10,12.5,30.0,1934-10-01
17124,TR,ESK,LTBI,Eskisehir,39.7833,30.5667,785,1934,11,8.5,24.0,1934-11-01
17124,TR,ESK,LTBI,Eskisehir,39.7833,30.5667,785,1934,12,4.0,34.0,1934-12-01
17124,TR,ESK,LTBI,Eskisehir,39.7833,30.5667,785,1935,1,-2.9,42.0,1935-01-01
17124,TR,ESK,LTBI,Eskisehir,39.7833,30.5667,785,1935,2,1.4,33.0,1935-02-01
17124,TR,ESK,LTBI,Eskisehir,39.7833,30.5667,785,1935,3,4.2,45.0,1935-03-01
17124,TR,ESK,LTBI,Eskisehir,39.7833,30.5667,785,1935,4,10.4,39.0,1935-04-01
17124,TR,ESK,LTBI,Eskisehir,39.7833,30.5667,785,1935,5,16.1,20.0,1935-05-01
17124,TR,ESK,LTBI,Eskisehir,39.7833,30.5667,785,1935,6,19.2,11.0,1935-06-01
17124,TR,ESK,LTBI,Eskisehir,39.7833,30.5667,785,1935,7,20.0,0.3,1935-07-01
17124,TR,ESK,LTBI,Eskisehir,39.7833,30.5667,785,1935,8,22.0,2.0,1935-08-01
17124,TR,ESK,LTBI,Eskisehir,39.7833,30.5667,785,1935,9,18.0,20.0,1935-09-01
17124,TR,ESK,LTBI,Eskisehir,39.7833,30.5667,785,1935,10,13.5,18.0,1935-10-01
17124,TR,ESK,LTBI,Eskisehir,39.7833,30.5667,785,1935,11,5.6,56.0,1935-11-01
17124,TR,ESK,LTBI,Eskisehir,39.7833,30.5667,785,1935,12,6.1,46.0,1935-12-01
17124,TR,ESK,LTBI,Eskisehir,39.7833,30.5667,785,1936,1,3.4,15.0,1936-01-01
17124,TR,ESK,LTBI,Eskisehir,39.7833,30.5667,785,1936,2,4.0,50.0,1936-02-01
17124,TR,ESK,LTBI,Eskisehir,39.7833,30.5667,785,1936,3,7.3,27.0,1936-03-01
17124,TR,ESK,LTBI,Eskisehir,39.7833,30.5667,785,1936,4,11.6,30.0,1936-04-01
17124,TR,ESK,LTBI,Eskisehir,39.7833,30.5667,785,1936,5,13.4,103.0,1936-05-01
17124,TR,ESK,LTBI,Eskisehir,39.7833,30.5667,785,1936,6,16.9,58.0,1936-06-01
17124,TR,ESK,LTBI,Eskisehir,39.7833,30.5667,785,1936,7,21.6,45.0,1936-07-01
17124,TR,ESK,LTBI,Eskisehir,39.7833,30.5667,785,1936,8,22.1,0.6,1936-08-01
17124,TR,ESK,LTBI,Eskisehir,39.7833,30.5667,785,1936,9,15.3,10.0,1936-09-01
17124,TR,ESK,LTBI,Eskisehir,39.7833,30.5667,785,1936,10,13.0,24.0,1936-10-01
17124,TR,ESK,LTBI,Eskisehir,39.7833,30.5667,785,1936,11,6.2,31.0,1936-11-01
17124,TR,ESK,LTBI,Eskisehir,39.7833,30.5667,785,1936,12,-2.1,18.0,1936-12-01
17124,TR,ESK,LTBI,Eskisehir,39.7833,30.5667,785,1937,1,-3.0,32.0,1937-01-01
17124,TR,ESK,LTBI,Eskisehir,39.7833,30.5667,785,1937,2,4.4,27.0,1937-02-01
17124,TR,ESK,LTBI,Eskisehir,39.7833,30.5667,785,1937,3,9.6,12.0,1937-03-01
17124,TR,ESK,LTBI,Eskisehir,39.7833,30.5667,785,1937,4,11.3,30.0,1937-04-01
17124,TR,ESK,LTBI,Eskisehir,39.7833,30.5667,785,1937,5,14.7,36.0,1937-05-01
17124,TR,ESK,LTBI,Eskisehir,39.7833,30.5667,785,1937,6,17.9,0.3,1937-06-01
17124,TR,ESK,LTBI,Eskisehir,39.7833,30.5667,785,1937,7,22.9,13.0,1937-07-01
17124,TR,ESK,LTBI,Eskisehir,39.7833,30.5667,785,1937,8,21.5,2.0,1937-08-01
17124,TR,ESK,LTBI,Eskisehir,39.7833,30.5667,785,1937,9,20.4,0.2,1937-09-01
17124,TR,ESK,LTBI,Eskisehir,39.7833,30.5667,785,1937,10,13.1,22.0,1937-10-01
17124,TR,ESK,LTBI,Eskisehir,39.7833,30.5667,785,1937,11,9.2,66.0,1937-11-01
17124,TR,ESK,LTBI,Eskisehir,39.7833,30.5667,785,1937,12,4.4,23.0,1937-12-01
17124,TR,ESK,LTBI,Eskisehir,39.7833,30.5667,785,1938,1,-2.1,67.0,1938-01-01
17124,TR,ESK,LTBI,Eskisehir,39.7833,30.5667,785,1938,2,0.5,13.0,1938-02-01
17124,TR,ESK,LTBI,Eskisehir,39.7833,30.5667,785,1938,3,3.4,11.0,1938-03-01
17124,TR,ESK,LTBI,Eskisehir,39.7833,30.5667,785,1938,4,9.6,79.0,1938-04-01
17124,TR,ESK,LTBI,Eskisehir,39.7833,30.5667,785,1938,5,15.0,28.0,1938-05-01
17124,TR,ESK,LTBI,Eskisehir,39.7833,30.5667,785,1938,6,18.0,0.5,1938-06-01
17124,TR,ESK,LTBI,Eskisehir,39.7833,30.5667,785,1938,7,22.7,35.0,1938-07-01
17124,TR,ESK,LTBI,Eskisehir,39.7833,30.5667,785,1938,8,22.6,11.0,1938-08-01
17124,TR,ESK,LTBI,Eskisehir,39.7833,30.5667,785,1938,9,16.6,53.0,1938-09-01
17124,TR,ESK,LTBI,Eskisehir,39.7833,30.5667,785,1938,10,12.4,31.0,1938-10-01
17124,TR,ESK,LTBI,Eskisehir,39.7833,30.5667,785,1938,11,5.3,35.0,1938-11-01
17124,TR,ESK,LTBI,Eskisehir,39.7833,30.5667,785,1938,12,4.3,46.0,1938-12-01
17124,TR,ESK,LTBI,Eskisehir,39.7833,30.5667,785,1939,1,2.8,34.0,1939-01-01
17124,TR,ESK,LTBI,Eskisehir,39.7833,30.5667,785,1939,2,1.1,19.0,1939-02-01
17124,TR,ESK,LTBI,Eskisehir,39.7833,30.5667,785,1939,3,4.4,38.0,1939-03-01
17124,TR,ESK,LTBI,Eskisehir,39.7833,30.5667,785,1939,4,10.8,7.0,1939-04-01
17124,TR,ESK,LTBI,Eskisehir,39.7833,30.5667,785,1939,5,16.0,29.0,1939-05-01
17124,TR,ESK,LTBI,Eskisehir,39.7833,30.5667,785,1939,6,17.8,97.0,1939-06-01
17124,TR,ESK,LTBI,Eskisehir,39.7833,30.5667,785,1939,7,21.0,11.0,1939-07-01
17124,TR,ESK,LTBI,Eskisehir,39.7833,30.5667,785,1939,8,20.3,8.0,1939-08-01
17124,TR,ESK,LTBI,Eskisehir,39.7833,30.5667,785,1939,9,16.8,66.0,1939-09-01
17124,TR,ESK,LTBI,Eskisehir,39.7833,30.5667,785,1939,10,14.7,4.0,1939-10-01
17124,TR,ESK,LTBI,Eskisehir,39.7833,30.5667,785,1939,11,5.9,32.0,1939-11-01
17124,TR,ESK,LTBI,Eskisehir,39.7833,30.5667,785,1939,12,4.0,78.0,1939-12-01
17124,TR,ESK,LTBI,Eskisehir,39.7833,30.5667,785,1940,1,-1.7,33.0,1940-01-01
17124,TR,ESK,LTBI,Eskisehir,39.7833,30.5667,785,1940,2,2.9,54.0,1940-02-01
17124,TR,ESK,LTBI,Eskisehir,39.7833,30.5667,785,1940,3,4.2,18.0,1940-03-01
17124,TR,ESK,LTBI,Eskisehir,39.7833,30.5667,785,1940,4,11.1,38.0,1940-04-01
17124,TR,ESK,LTBI,Eskisehir,39.7833,30.5667,785,1940,5,12.8,92.0,1940-05-01
17124,TR,ESK,LTBI,Eskisehir,39.7833,30.5667,785,1940,6,18.5,19.0,1940-06-01
17124,TR,ESK,LTBI,Eskisehir,39.7833,30.5667,785,1940,7,21.9,3.0,1940-07-01
17124,TR,ESK,LTBI,Eskisehir,39.7833,30.5667,785,1940,8,20.4,7.0,1940-08-01
17124,TR,ESK,LTBI,Eskisehir,39.7833,30.5667,785,1940,9,16.5,10.0,1940-09-01
17124,TR,ESK,LTBI,Eskisehir,39.7833,30.5667,785,1940,10,13.9,15.0,1940-10-01
17124,TR,ESK,LTBI,Eskisehir,39.7833,30.5667,785,1940,11,8.1,31.0,1940-11-01
17124,TR,ESK,LTBI,Eskisehir,39.7833,30.5667,785,1940,12,3.0,117.0,1940-12-01
17124,TR,ESK,LTBI,Eskisehir,39.7833,30.5667,785,1941,1,2.1,67.0,1941-01-01
17124,TR,ESK,LTBI,Eskisehir,39.7833,30.5667,785,1941,2,4.7,47.0,1941-02-01
17124,TR,ESK,LTBI,Eskisehir,39.7833,30.5667,785,1941,3,4.4,20.0,1941-03-01
17124,TR,ESK,LTBI,Eskisehir,39.7833,30.5667,785,1941,4,12.0,32.0,1941-04-01
17124,TR,ESK,LTBI,Eskisehir,39.7833,30.5667,785,1941,5,15.4,13.0,1941-05-01
17124,TR,ESK,LTBI,Eskisehir,39.7833,30.5667,785,1941,6,18.9,11.0,1941-06-01
17124,TR,ESK,LTBI,Eskisehir,39.7833,30.5667,785,1941,7,20.9,30.0,1941-07-01
17124,TR,ESK,LTBI,Eskisehir,39.7833,30.5667,785,1941,8,20.0,0.1,1941-08-01
17124,TR,ESK,LTBI,Eskisehir,39.7833,30.5667,785,1941,9,15.2,3.0,1941-09-01
17124,TR,ESK,LTBI,Eskisehir,39.7833,30.5667,785,1941,10,10.3,36.0,1941-10-01
17124,TR,ESK,LTBI,Eskisehir,39.7833,30.5667,785,1941,11,4.9,38.0,1941-11-01
17124,TR,ESK,LTBI,Eskisehir,39.7833,30.5667,785,1941,12,-3.3,40.0,1941-12-01
17124,TR,ESK,LTBI,Eskisehir,39.7833,30.5667,785,1942,1,-4.0,52.0,1942-01-01
17124,TR,ESK,LTBI,Eskisehir,39.7833,30.5667,785,1942,2,3.4,29.0,1942-02-01
17124,TR,ESK,LTBI,Eskisehir,39.7833,30.5667,785,1942,3,4.4,22.0,1942-03-01
17124,TR,ESK,LTBI,Eskisehir,39.7833,30.5667,785,1942,4,8.8,78.0,1942-04-01
17124,TR,ESK,LTBI,Eskisehir,39.7833,30.5667,785,1942,5,15.3,40.0,1942-05-01
17124,TR,ESK,LTBI,Eskisehir,39.7833,30.5667,785,1942,6,20.1,3.0,1942-06-01
17124,TR,ESK,LTBI,Eskisehir,39.7833,30.5667,785,1942,7,20.2,2.0,1942-07-01
17124,TR,ESK,LTBI,Eskisehir,39.7833,30.5667,785,1942,8,20.7,22.0,1942-08-01
17124,TR,ESK,LTBI,Eskisehir,39.7833,30.5667,785,1942,9,16.8,16.0,1942-09-01
17124,TR,ESK,LTBI,Eskisehir,39.7833,30.5667,785,1942,10,12.3,53.0,1942-10-01
17124,TR,ESK,LTBI,Eskisehir,39.7833,30.5667,785,1942,11,6.5,49.0,1942-11-01
17124,TR,ESK,LTBI,Eskisehir,39.7833,30.5667,785,1942,12,-0.1,14.0,1942-12-01
17124,TR,ESK,LTBI,Eskisehir,39.7833,30.5667,785,1943,1,-1.3,51.0,1943-01-01
17124,TR,ESK,LTBI,Eskisehir,39.7833,30.5667,785,1943,2,-3.6,19.0,1943-02-01
17124,TR,ESK,LTBI,Eskisehir,39.7833,30.5667,785,1943,3,1.0,17.0,1943-03-01
17124,TR,ESK,LTBI,Eskisehir,39.7833,30.5667,785,1943,4,8.8,45.0,1943-04-01
17124,TR,ESK,LTBI,Eskisehir,39.7833,30.5667,785,1943,5,13.5,82.0,1943-05-01
17124,TR,ESK,LTBI,Eskisehir,39.7833,30.5667,785,1943,6,17.5,7.0,1943-06-01
17124,TR,ESK,LTBI,Eskisehir,39.7833,30.5667,785,1943,7,19.3,0.2,1943-07-01
17124,TR,ESK,LTBI,Eskisehir,39.7833,30.5667,785,1943,8,21.3,,1943-08-01
17124,TR,ESK,LTBI,Eskisehir,39.7833,30.5667,785,1943,9,18.0,33.0,1943-09-01
17124,TR,ESK,LTBI,Eskisehir,39.7833,30.5667,785,1943,10,15.5,86.0,1943-10-01
17124,TR,ESK,LTBI,Eskisehir,39.7833,30.5667,785,1943,11,10.0,40.0,1943-11-01
17124,TR,ESK,LTBI,Eskisehir,39.7833,30.5667,785,1943,12,3.1,57.0,1943-12-01
17124,TR,ESK,LTBI,Eskisehir,39.7833,30.5667,785,1944,1,-1.1,51.0,1944-01-01
17124,TR,ESK,LTBI,Eskisehir,39.7833,30.5667,785,1944,2,3.6,66.0,1944-02-01
17124,TR,ESK,LTBI,Eskisehir,39.7833,30.5667,785,1944,3,5.4,53.0,1944-03-01
17124,TR,ESK,LTBI,Eskisehir,39.7833,30.5667,785,1944,4,11.3,41.0,1944-04-01
17124,TR,ESK,LTBI,Eskisehir,39.7833,30.5667,785,1944,5,13.2,26.0,1944-05-01
17124,TR,ESK,LTBI,Eskisehir,39.7833,30.5667,785,1944,6,19.5,35.0,1944-06-01
17124,TR,ESK,LTBI,Eskisehir,39.7833,30.5667,785,1944,7,20.7,1.0,1944-07-01
17124,TR,ESK,LTBI,Eskisehir,39.7833,30.5667,785,1944,8,19.8,17.0,1944-08-01
17124,TR,ESK,LTBI,Eskisehir,39.7833,30.5667,785,1944,9,17.6,3.0,1944-09-01
17124,TR,ESK,LTBI,Eskisehir,39.7833,30.5667,785,1944,10,14.0,19.0,1944-10-01
17124,TR,ESK,LTBI,Eskisehir,39.7833,30.5667,785,1944,11,7.3,11.0,1944-11-01
17124,TR,ESK,LTBI,Eskisehir,39.7833,30.5667,785,1944,12,3.5,56.0,1944-12-01
17124,TR,ESK,LTBI,Eskisehir,39.7833,30.5667,785,1945,1,0.0,55.0,1945-01-01
17124,TR,ESK,LTBI,Eskisehir,39.7833,30.5667,785,1945,2,-0.7,27.0,1945-02-01
17124,TR,ESK,LTBI,Eskisehir,39.7833,30.5667,785,1945,3,2.3,20.0,1945-03-01
17124,TR,ESK,LTBI,Eskisehir,39.7833,30.5667,785,1945,4,8.3,23.0,1945-04-01
17124,TR,ESK,LTBI,Eskisehir,39.7833,30.5667,785,1945,5,16.9,3.0,1945-05-01
17124,TR,ESK,LTBI,Eskisehir,39.7833,30.5667,785,1945,6,17.3,4.0,1945-06-01
17124,TR,ESK,LTBI,Eskisehir,39.7833,30.5667,785,1945,7,20.7,24.0,1945-07-01
17124,TR,ESK,LTBI,Eskisehir,39.7833,30.5667,785,1945,8,22.0,14.0,1945-08-01
17124,TR,ESK,LTBI,Eskisehir,39.7833,30.5667,785,1945,9,18.2,10.0,1945-09-01
17124,TR,ESK,LTBI,Eskisehir,39.7833,30.5667,785,1945,10,10.4,12.0,1945-10-01
17124,TR,ESK,LTBI,Eskisehir,39.7833,30.5667,785,1945,11,7.5,15.0,1945-11-01
17124,TR,ESK,LTBI,Eskisehir,39.7833,30.5667,785,1945,12,0.6,42.0,1945-12-01
17124,TR,ESK,LTBI,Eskisehir,39.7833,30.5667,785,1946,1,0.8,6.0,1946-01-01
17124,TR,ESK,LTBI,Eskisehir,39.7833,30.5667,785,1946,2,1.9,96.0,1946-02-01
17124,TR,ESK,LTBI,Eskisehir,39.7833,30.5667,785,1946,3,4.4,43.0,1946-03-01
17124,TR,ESK,LTBI,Eskisehir,39.7833,30.5667,785,1946,4,10.9,45.0,1946-04-01
17124,TR,ESK,LTBI,Eskisehir,39.7833,30.5667,785,1946,5,15.4,70.0,1946-05-01
17124,TR,ESK,LTBI,Eskisehir,39.7833,30.5667,785,1946,6,18.9,81.0,1946-06-01
17124,TR,ESK,LTBI,Eskisehir,39.7833,30.5667,785,1946,7,20.6,,1946-07-01
17124,TR,ESK,LTBI,Eskisehir,39.7833,30.5667,785,1946,8,21.7,0.4,1946-08-01
17124,TR,ESK,LTBI,Eskisehir,39.7833,30.5667,785,1946,9,19.1,0.0,1946-09-01
17124,TR,ESK,LTBI,Eskisehir,39.7833,30.5667,785,1946,10,10.1,49.0,1946-10-01
17124,TR,ESK,LTBI,Eskisehir,39.7833,30.5667,785,1946,11,9.7,36.0,1946-11-01
17124,TR,ESK,LTBI,Eskisehir,39.7833,30.5667,785,1946,12,3.6,62.0,1946-12-01
17124,TR,ESK,LTBI,Eskisehir,39.7833,30.5667,785,1947,1,-2.0,55.0,1947-01-01
17124,TR,ESK,LTBI,Eskisehir,39.7833,30.5667,785,1947,2,3.7,33.0,1947-02-01
17124,TR,ESK,LTBI,Eskisehir,39.7833,30.5667,785,1947,3,10.0,20.0,1947-03-01
17124,TR,ESK,LTBI,Eskisehir,39.7833,30.5667,785,1947,4,11.9,5.0,1947-04-01
17124,TR,ESK,LTBI,Eskisehir,39.7833,30.5667,785,1947,5,16.0,31.0,1947-05-01
17124,TR,ESK,LTBI,Eskisehir,39.7833,30.5667,785,1947,6,19.8,54.0,1947-06-01
17124,TR,ESK,LTBI,Eskisehir,39.7833,30.5667,785,1947,7,21.2,21.0,1947-07-01
17124,TR,ESK,LTBI,Eskisehir,39.7833,30.5667,785,1947,8,20.0,10.0,1947-08-01
17124,TR,ESK,LTBI,Eskisehir,39.7833,30.5667,785,1947,9,16.5,4.0,1947-09-01
17124,TR,ESK,LTBI,Eskisehir,39.7833,30.5667,785,1947,10,10.3,14.0,1947-10-01
17124,TR,ESK,LTBI,Eskisehir,39.7833,30.5667,785,1947,11,8.0,51.0,1947-11-01
17124,TR,ESK,LTBI,Eskisehir,39.7833,30.5667,785,1947,12,5.3,71.0,1947-12-01
17124,TR,ESK,LTBI,Eskisehir,39.7833,30.5667,785,1948,1,4.9,35.0,1948-01-01
17124,TR,ESK,LTBI,Eskisehir,39.7833,30.5667,785,1948,2,1.0,56.0,1948-02-01
17124,TR,ESK,LTBI,Eskisehir,39.7833,30.5667,785,1948,3,0.9,39.0,1948-03-01
17124,TR,ESK,LTBI,Eskisehir,39.7833,30.5667,785,1948,4,9.4,41.0,1948-04-01
17124,TR,ESK,LTBI,Eskisehir,39.7833,30.5667,785,1948,5,15.2,53.0,1948-05-01
17124,TR,ESK,LTBI,Eskisehir,39.7833,30.5667,785,1948,6,18.2,76.0,1948-06-01
17124,TR,ESK,LTBI,Eskisehir,39.7833,30.5667,785,1948,7,20.5,,1948-07-01
17124,TR,ESK,LTBI,Eskisehir,39.7833,30.5667,785,1948,8,22.0,0.0,1948-08-01
17124,TR,ESK,LTBI,Eskisehir,39.7833,30.5667,785,1948,9,16.3,9.0,1948-09-01
17124,TR,ESK,LTBI,Eskisehir,39.7833,30.5667,785,1948,10,12.0,28.0,1948-10-01
17124,TR,ESK,LTBI,Eskisehir,39.7833,30.5667,785,1948,11,4.3,12.0,1948-11-01
17124,TR,ESK,LTBI,Eskisehir,39.7833,30.5667,785,1948,12,-4.7,48.0,1948-12-01
17124,TR,ESK,LTBI,Eskisehir,39.7833,30.5667,785,1949,1,-6.6,39.0,1949-01-01
17124,TR,ESK,LTBI,Eskisehir,39.7833,30.5667,785,1949,2,-4.0,35.0,1949-02-01
17124,TR,ESK,LTBI,Eskisehir,39.7833,30.5667,785,1949,3,0.5,58.0,1949-03-01
17124,TR,ESK,LTBI,Eskisehir,39.7833,30.5667,785,1949,4,7.0,18.0,1949-04-01
17124,TR,ESK,LTBI,Eskisehir,39.7833,30.5667,785,1949,5,16.4,11.0,1949-05-01
17124,TR,ESK,LTBI,Eskisehir,39.7833,30.5667,785,1949,6,17.7,42.0,1949-06-01
17124,TR,ESK,LTBI,Eskisehir,39.7833,30.5667,785,1949,7,19.0,19.0,1949-07-01
17124,TR,ESK,LTBI,Eskisehir,39.7833,30.5667,785,1949,8,19.5,,1949-08-01
17124,TR,ESK,LTBI,Eskisehir,39.7833,30.5667,785,1949,9,14.4,23.0,1949-09-01
17124,TR,ESK,LTBI,Eskisehir,39.7833,30.5667,785,1949,10,11.7,7.0,1949-10-01
17124,TR,ESK,LTBI,Eskisehir,39.7833,30.5667,785,1949,11,9.4,16.0,1949-11-01
17124,TR,ESK,LTBI,Eskisehir,39.7833,30.5667,785,1949,12,4.2,89.0,1949-12-01
17124,TR,ESK,LTBI,Eskisehir,39.7833,30.5667,785,1950,1,-4.8,57.0,1950-01-01
17124,TR,ESK,LTBI,Eskisehir,39.7833,30.5667,785,1950,2,-4.0,53.0,1950-02-01
17124,TR,ESK,LTBI,Eskisehir,39.7833,30.5667,785,1950,3,4.9,48.0,1950-03-01
17124,TR,ESK,LTBI,Eskisehir,39.7833,30.5667,785,1950,4,14.2,43.0,1950-04-01
17124,TR,ESK,LTBI,Eskisehir,39.7833,30.5667,785,1950,5,15.1,77.0,1950-05-01
17124,TR,ESK,LTBI,Eskisehir,39.7833,30.5667,785,1950,6,18.0,41.0,1950-06-01
17124,TR,ESK,LTBI,Eskisehir,39.7833,30.5667,785,1950,7,21.1,0.0,1950-07-01
17124,TR,ESK,LTBI,Eskisehir,39.7833,30.5667,785,1950,8,21.0,9.0,1950-08-01
17124,TR,ESK,LTBI,Eskisehir,39.7833,30.5667,785,1950,9,20.0,4.0,1950-09-01
17124,TR,ESK,LTBI,Eskisehir,39.7833,30.5667,785,1950,10,10.3,18.0,1950-10-01
17124,TR,ESK,LTBI,Eskisehir,39.7833,30.5667,785,1950,11,6.3,20.0,1950-11-01
17124,TR,ESK,LTBI,Eskisehir,39.7833,30.5667,785,1950,12,4.2,34.0,1950-12-01
17124,TR,ESK,LTBI,Eskisehir,39.7833,30.5667,785,1951,1,2.5,16.0,1951-01-01
17124,TR,ESK,LTBI,Eskisehir,39.7833,30.5667,785,1951,2,4.6,24.0,1951-02-01
17124,TR,ESK,LTBI,Eskisehir,39.7833,30.5667,785,1951,3,8.0,72.0,1951-03-01
17124,TR,ESK,LTBI,Eskisehir,39.7833,30.5667,785,1951,4,11.7,33.0,1951-04-01
17124,TR,ESK,LTBI,Eskisehir,39.7833,30.5667,785,1951,5,15.8,9.0,1951-05-01
17124,TR,ESK,LTBI,Eskisehir,39.7833,30.5667,785,1951,6,18.4,47.0,1951-06-01
17124,TR,ESK,LTBI,Eskisehir,39.7833,30.5667,785,1951,7,21.4,17.0,1951-07-01
17124,TR,ESK,LTBI,Eskisehir,39.7833,30.5667,785,1951,8,21.9,2.0,1951-08-01
17124,TR,ESK,LTBI,Eskisehir,39.7833,30.5667,785,1951,9,18.2,53.0,1951-09-01
17124,TR,ESK,LTBI,Eskisehir,39.7833,30.5667,785,1951,10,9.1,37.0,1951-10-01
17124,TR,ESK,LTBI,Eskisehir,39.7833,30.5667,785,1951,11,7.0,20.0,1951-11-01
17124,TR,ESK,LTBI,Eskisehir,39.7833,30.5667,785,1951,12,-1.5,27.0,1951-12-01
17124,TR,ESK,LTBI,Eskisehir,39.7833,30.5667,785,1952,1,1.3,23.0,1952-01-01
17124,TR,ESK,LTBI,Eskisehir,39.7833,30.5667,785,1952,2,3.0,43.0,1952-02-01
17124,TR,ESK,LTBI,Eskisehir,39.7833,30.5667,785,1952,3,5.0,11.0,1952-03-01
17124,TR,ESK,LTBI,Eskisehir,39.7833,30.5667,785,1952,4,11.3,3.0,1952-04-01
17124,TR,ESK,LTBI,Eskisehir,39.7833,30.5667,785,1952,5,14.0,47.0,1952-05-01
17124,TR,ESK,LTBI,Eskisehir,39.7833,30.5667,785,1952,6,17.9,9.0,1952-06-01
17124,TR,ESK,LTBI,Eskisehir,39.7833,30.5667,785,1952,7,21.2,16.0,1952-07-01
17124,TR,ESK,LTBI,Eskisehir,39.7833,30.5667,785,1952,8,23.3,,1952-08-01
17124,TR,ESK,LTBI,Eskisehir,39.7833,30.5667,785,1952,9,21.0,3.0,1952-09-01
17124,TR,ESK,LTBI,Eskisehir,39.7833,30.5667,785,1952,10,13.9,22.0,1952-10-01
17124,TR,ESK,LTBI,Eskisehir,39.7833,30.5667,785,1952,11,8.9,16.0,1952-11-01
17124,TR,ESK,LTBI,Eskisehir,39.7833,30.5667,785,1952,12,6.9,32.0,1952-12-01
17124,TR,ESK,LTBI,Eskisehir,39.7833,30.5667,785,1953,1,3.4,74.0,1953-01-01
17124,TR,ESK,LTBI,Eskisehir,39.7833,30.5667,785,1953,2,3.0,54.0,1953-02-01
17124,TR,ESK,LTBI,Eskisehir,39.7833,30.5667,785,1953,3,0.7,42.0,1953-03-01
17124,TR,ESK,LTBI,Eskisehir,39.7833,30.5667,785,1953,4,10.6,9.0,1953-04-01
17124,TR,ESK,LTBI,Eskisehir,39.7833,30.5667,785,1953,5,14.5,99.0,1953-05-01
17124,TR,ESK,LTBI,Eskisehir,39.7833,30.5667,785,1953,6,19.5,38.0,1953-06-01
17124,TR,ESK,LTBI,Eskisehir,39.7833,30.5667,785,1953,7,22.7,2.0,1953-07-01
17124,TR,ESK,LTBI,Eskisehir,39.7833,30.5667,785,1953,8,22.2,0.2,1953-08-01
17124,TR,ESK,LTBI,Eskisehir,39.7833,30.5667,785,1953,9,17.4,14.0,1953-09-01
17124,TR,ESK,LTBI,Eskisehir,39.7833,30.5667,785,1953,10,12.3,14.0,1953-10-01
17124,TR,ESK,LTBI,Eskisehir,39.7833,30.5667,785,1953,11,4.3,10.0,1953-11-01
17124,TR,ESK,LTBI,Eskisehir,39.7833,30.5667,785,1953,12,-2.1,31.0,1953-12-01
17124,TR,ESK,LTBI,Eskisehir,39.7833,30.5667,785,1954,1,-3.7,80.0,1954-01-01
17124,TR,ESK,LTBI,Eskisehir,39.7833,30.5667,785,1954,2,-1.0,49.0,1954-02-01
17124,TR,ESK,LTBI,Eskisehir,39.7833,30.5667,785,1954,3,6.8,72.0,1954-03-01
17124,TR,ESK,LTBI,Eskisehir,39.7833,30.5667,785,1954,4,8.1,26.0,1954-04-01
17124,TR,ESK,LTBI,Eskisehir,39.7833,30.5667,785,1954,5,15.0,42.0,1954-05-01
17124,TR,ESK,LTBI,Eskisehir,39.7833,30.5667,785,1954,6,20.4,13.0,1954-06-01
17124,TR,ESK,LTBI,Eskisehir,39.7833,30.5667,785,1954,7,23.6,0.1,1954-07-01
17124,TR,ESK,LTBI,Eskisehir,39.7833,30.5667,785,1954,8,23.6,4.0,1954-08-01
17124,TR,ESK,LTBI,Eskisehir,39.7833,30.5667,785,1954,9,18.5,2.0,1954-09-01
17124,TR,ESK,LTBI,Eskisehir,39.7833,30.5667,785,1954,10,13.3,5.0,1954-10-01
17124,TR,ESK,LTBI,Eskisehir,39.7833,30.5667,785,1954,11,8.3,49.0,1954-11-01
17124,TR,ESK,LTBI,Eskisehir,39.7833,30.5667,785,1954,12,3.0,49.0,1954-12-01
17124,TR,ESK,LTBI,Eskisehir,39.7833,30.5667,785,1955,1,4.5,35.0,1955-01-01
17124,TR,ESK,LTBI,Eskisehir,39.7833,30.5667,785,1955,2,7.0,52.0,1955-02-01
17124,TR,ESK,LTBI,Eskisehir,39.7833,30.5667,785,1955,3,6.6,25.0,1955-03-01
17124,TR,ESK,LTBI,Eskisehir,39.7833,30.5667,785,1955,4,8.2,60.0,1955-04-01
17124,TR,ESK,LTBI,Eskisehir,39.7833,30.5667,785,1955,5,15.7,14.0,1955-05-01
17124,TR,ESK,LTBI,Eskisehir,39.7833,30.5667,785,1955,6,19.4,2.0,1955-06-01
17124,TR,ESK,LTBI,Eskisehir,39.7833,30.5667,785,1955,7,22.1,34.0,1955-07-01
17124,TR,ESK,LTBI,Eskisehir,39.7833,30.5667,785,1955,8,20.8,13.0,1955-08-01
17124,TR,ESK,LTBI,Eskisehir,39.7833,30.5667,785,1955,9,18.1,22.0,1955-09-01
17124,TR,ESK,LTBI,Eskisehir,39.7833,30.5667,785,1955,10,15.2,58.0,1955-10-01
17124,TR,ESK,LTBI,Eskisehir,39.7833,30.5667,785,1955,11,7.3,52.0,1955-11-01
17124,TR,ESK,LTBI,Eskisehir,39.7833,30.5667,785,1955,12,3.7,31.0,1955-12-01
17124,TR,ESK,LTBI,Eskisehir,39.7833,30.5667,785,1956,1,2.2,28.0,1956-01-01
17124,TR,ESK,LTBI,Eskisehir,39.7833,30.5667,785,1956,2,0.7,66.0,1956-02-01
17124,TR,ESK,LTBI,Eskisehir,39.7833,30.5667,785,1956,3,1.9,18.0,1956-03-01
17124,TR,ESK,LTBI,Eskisehir,39.7833,30.5667,785,1956,4,11.6,7.0,1956-04-01
17124,TR,ESK,LTBI,Eskisehir,39.7833,30.5667,785,1956,5,14.1,29.0,1956-05-01
17124,TR,ESK,LTBI,Eskisehir,39.7833,30.5667,785,1956,6,18.8,23.0,1956-06-01
17124,TR,ESK,LTBI,Eskisehir,39.7833,30.5667,785,1956,7,21.7,0.0,1956-07-01
17124,TR,ESK,LTBI,Eskisehir,39.7833,30.5667,785,1956,8,23.1,0.0,1956-08-01
17124,TR,ESK,LTBI,Eskisehir,39.7833,30.5667,785,1956,9,16.4,0.5,1956-09-01
17124,TR,ESK,LTBI,Eskisehir,39.7833,30.5667,785,1956,10,10.9,4.0,1956-10-01
17124,TR,ESK,LTBI,Eskisehir,39.7833,30.5667,785,1956,11,5.5,15.0,1956-11-01
17124,TR,ESK,LTBI,Eskisehir,39.7833,30.5667,785,1956,12,-0.4,25.0,1956-12-01
17124,TR,ESK,LTBI,Eskisehir,39.7833,30.5667,785,1957,1,-1.3,31.0,1957-01-01
17124,TR,ESK,LTBI,Eskisehir,39.7833,30.5667,785,1957,2,3.5,19.0,1957-02-01
17124,TR,ESK,LTBI,Eskisehir,39.7833,30.5667,785,1957,3,4.8,33.0,1957-03-01
17124,TR,ESK,LTBI,Eskisehir,39.7833,30.5667,785,1957,4,10.3,23.0,1957-04-01
17124,TR,ESK,LTBI,Eskisehir,39.7833,30.5667,785,1957,5,14.1,53.0,1957-05-01
17124,TR,ESK,LTBI,Eskisehir,39.7833,30.5667,785,1957,6,19.4,47.0,1957-06-01
17124,TR,ESK,LTBI,Eskisehir,39.7833,30.5667,785,1957,7,22.4,33.0,1957-07-01
17124,TR,ESK,LTBI,Eskisehir,39.7833,30.5667,785,1957,8,23.3,0.5,1957-08-01
17124,TR,ESK,LTBI,Eskisehir,39.7833,30.5667,785,1957,9,19.7,63.0,1957-09-01
17124,TR,ESK,LTBI,Eskisehir,39.7833,30.5667,785,1957,10,14.1,6.0,1957-10-01
17124,TR,ESK,LTBI,Eskisehir,39.7833,30.5667,785,1957,11,7.3,26.0,1957-11-01
17124,TR,ESK,LTBI,Eskisehir,39.7833,30.5667,785,1957,12,2.1,44.0,1957-12-01
17124,TR,ESK,LTBI,Eskisehir,39.7833,30.5667,785,1958,1,1.2,76.0,1958-01-01
17124,TR,ESK,LTBI,Eskisehir,39.7833,30.5667,785,1958,2,4.9,11.0,1958-02-01
17124,TR,ESK,LTBI,Eskisehir,39.7833,30.5667,785,1958,3,6.3,84.0,1958-03-01
17124,TR,ESK,LTBI,Eskisehir,39.7833,30.5667,785,1958,4,10.1,42.0,1958-04-01
17124,TR,ESK,LTBI,Eskisehir,39.7833,30.5667,785,1958,5,16.5,12.0,1958-05-01
17124,TR,ESK,LTBI,Eskisehir,39.7833,30.5667,785,1958,6,18.8,48.0,1958-06-01
17124,TR,ESK,LTBI,Eskisehir,39.7833,30.5667,785,1958,7,21.4,18.0,1958-07-01
17124,TR,ESK,LTBI,Eskisehir,39.7833,30.5667,785,1958,8,21.9,0.1,1958-08-01
17124,TR,ESK,LTBI,Eskisehir,39.7833,30.5667,785,1958,9,16.1,41.0,1958-09-01
17124,TR,ESK,LTBI,Eskisehir,39.7833,30.5667,785,1958,10,11.3,22.0,1958-10-01
17124,TR,ESK,LTBI,Eskisehir,39.7833,30.5667,785,1958,11,6.9,9.0,1958-11-01
17124,TR,ESK,LTBI,Eskisehir,39.7833,30.5667,785,1958,12,4.1,40.0,1958-12-01
17124,TR,ESK,LTBI,Eskisehir,39.7833,30.5667,785,1959,1,1.6,49.0,1959-01-01
17124,TR,ESK,LTBI,Eskisehir,39.7833,30.5667,785,1959,2,-4.0,21.0,1959-02-01
17124,TR,ESK,LTBI,Eskisehir,39.7833,30.5667,785,1959,3,3.9,21.0,1959-03-01
17124,TR,ESK,LTBI,Eskisehir,39.7833,30.5667,785,1959,4,10.6,24.0,1959-04-01
17124,TR,ESK,LTBI,Eskisehir,39.7833,30.5667,785,1959,5,14.3,54.0,1959-05-01
17124,TR,ESK,LTBI,Eskisehir,39.7833,30.5667,785,1959,6,17.8,72.0,1959-06-01
17124,TR,ESK,LTBI,Eskisehir,39.7833,30.5667,785,1959,7,21.7,17.0,1959-07-01
17124,TR,ESK,LTBI,Eskisehir,39.7833,30.5667,785,1959,8,21.4,16.0,1959-08-01
17124,TR,ESK,LTBI,Eskisehir,39.7833,30.5667,785,1959,9,14.8,2.0,1959-09-01
17124,TR,ESK,LTBI,Eskisehir,39.7833,30.5667,785,1959,10,9.3,25.0,1959-10-01
17124,TR,ESK,LTBI,Eskisehir,39.7833,30.5667,785,1959,11,6.2,35.0,1959-11-01
17124,TR,ESK,LTBI,Eskisehir,39.7833,30.5667,785,1959,12,5.1,45.0,1959-12-01
17124,TR,ESK,LTBI,Eskisehir,39.7833,30.5667,785,1960,1,2.1,52.0,1960-01-01
17124,TR,ESK,LTBI,Eskisehir,39.7833,30.5667,785,1960,2,1.5,38.0,1960-02-01
17124,TR,ESK,LTBI,Eskisehir,39.7833,30.5667,785,1960,3,5.0,79.0,1960-03-01
17124,TR,ESK,LTBI,Eskisehir,39.7833,30.5667,785,1960,4,9.7,67.0,1960-04-01
17124,TR,ESK,LTBI,Eskisehir,39.7833,30.5667,785,1960,5,15.3,48.0,1960-05-01
17124,TR,ESK,LTBI,Eskisehir,39.7833,30.5667,785,1960,6,17.5,76.0,1960-06-01
17124,TR,ESK,LTBI,Eskisehir,39.7833,30.5667,785,1960,7,20.7,10.0,1960-07-01
17124,TR,ESK,LTBI,Eskisehir,39.7833,30.5667,785,1960,8,20.8,11.0,1960-08-01
17124,TR,ESK,LTBI,Eskisehir,39.7833,30.5667,785,1960,9,17.0,14.0,1960-09-01
17124,TR,ESK,LTBI,Eskisehir,39.7833,30.5667,785,1960,10,14.7,18.0,1960-10-01
17124,TR,ESK,LTBI,Eskisehir,39.7833,30.5667,785,1960,11,8.9,11.0,1960-11-01
17124,TR,ESK,LTBI,Eskisehir,39.7833,30.5667,785,1960,12,6.1,83.0,1960-12-01
17124,TR,ESK,LTBI,Eskisehir,39.7833,30.5667,785,1961,1,0.4,28.0,1961-01-01
17124,TR,ESK,LTBI,Eskisehir,39.7833,30.5667,785,1961,2,1.2,16.0,1961-02-01
17124,TR,ESK,LTBI,Eskisehir,39.7833,30.5667,785,1961,3,4.5,15.0,1961-03-01
17124,TR,ESK,LTBI,Eskisehir,39.7833,30.5667,785,1961,4,11.7,14.0,1961-04-01
17124,TR,ESK,LTBI,Eskisehir,39.7833,30.5667,785,1961,5,15.0,16.0,1961-05-01
17124,TR,ESK,LTBI,Eskisehir,39.7833,30.5667,785,1961,6,18.5,128.0,1961-06-01
17124,TR,ESK,LTBI,Eskisehir,39.7833,30.5667,785,1961,7,21.1,11.0,1961-07-01
17124,TR,ESK,LTBI,Eskisehir,39.7833,30.5667,785,1961,8,21.2,,1961-08-01
17124,TR,ESK,LTBI,Eskisehir,39.7833,30.5667,785,1961,9,14.9,13.0,1961-09-01
17124,TR,ESK,LTBI,Eskisehir,39.7833,30.5667,785,1961,10,11.5,36.0,1961-10-01
17124,TR,ESK,LTBI,Eskisehir,39.7833,30.5667,785,1961,11,8.5,10.0,1961-11-01
17124,TR,ESK,LTBI,Eskisehir,39.7833,30.5667,785,1961,12,3.5,32.0,1961-12-01
17124,TR,ESK,LTBI,Eskisehir,39.7833,30.5667,785,1962,1,1.1,24.0,1962-01-01
17124,TR,ESK,LTBI,Eskisehir,39.7833,30.5667,785,1962,2,1.6,44.0,1962-02-01
17124,TR,ESK,LTBI,Eskisehir,39.7833,30.5667,785,1962,3,7.7,46.0,1962-03-01
17124,TR,ESK,LTBI,Eskisehir,39.7833,30.5667,785,1962,4,9.6,26.0,1962-04-01
17124,TR,ESK,LTBI,Eskisehir,39.7833,30.5667,785,1962,5,15.7,15.0,1962-05-01
17124,TR,ESK,LTBI,Eskisehir,39.7833,30.5667,785,1962,6,18.7,7.0,1962-06-01
17124,TR,ESK,LTBI,Eskisehir,39.7833,30.5667,785,1962,7,22.2,0.3,1962-07-01
17124,TR,ESK,LTBI,Eskisehir,39.7833,30.5667,785,1962,8,23.2,0.2,1962-08-01
17124,TR,ESK,LTBI,Eskisehir,39.7833,30.5667,785,1962,9,17.6,32.0,1962-09-01
17124,TR,ESK,LTBI,Eskisehir,39.7833,30.5667,785,1962,10,13.3,44.0,1962-10-01
17124,TR,ESK,LTBI,Eskisehir,39.7833,30.5667,785,1962,11,11.1,27.0,1962-11-01
17124,TR,ESK,LTBI,Eskisehir,39.7833,30.5667,785,1962,12,4.8,128.0,1962-12-01
17124,TR,ESK,LTBI,Eskisehir,39.7833,30.5667,785,1963,1,2.3,92.0,1963-01-01
17124,TR,ESK,LTBI,Eskisehir,39.7833,30.5667,785,1963,2,5.7,60.0,1963-02-01
17124,TR,ESK,LTBI,Eskisehir,39.7833,30.5667,785,1963,3,3.5,26.0,1963-03-01
17124,TR,ESK,LTBI,Eskisehir,39.7833,30.5667,785,1963,4,9.6,63.0,1963-04-01
17124,TR,ESK,LTBI,Eskisehir,39.7833,30.5667,785,1963,5,14.2,71.0,1963-05-01
17124,TR,ESK,LTBI,Eskisehir,39.7833,30.5667,785,1963,6,18.9,59.0,1963-06-01
17124,TR,ESK,LTBI,Eskisehir,39.7833,30.5667,785,1963,7,21.7,15.0,1963-07-01
17124,TR,ESK,LTBI,Eskisehir,39.7833,30.5667,785,1963,8,23.4,,1963-08-01
17124,TR,ESK,LTBI,Eskisehir,39.7833,30.5667,785,1963,9,18.8,12.0,1963-09-01
17124,TR,ESK,LTBI,Eskisehir,39.7833,30.5667,785,1963,10,12.6,40.0,1963-10-01
17124,TR,ESK,LTBI,Eskisehir,39.7833,30.5667,785,1963,11,7.0,41.0,1963-11-01
17124,TR,ESK,LTBI,Eskisehir,39.7833,30.5667,785,1963,12,2.9,40.0,1963-12-01
17124,TR,ESK,LTBI,Eskisehir,39.7833,30.5667,785,1964,1,-4.8,7.0,1964-01-01
17124,TR,ESK,LTBI,Eskisehir,39.7833,30.5667,785,1964,2,-0.6,56.0,1964-02-01
17124,TR,ESK,LTBI,Eskisehir,39.7833,30.5667,785,1964,3,5.9,69.0,1964-03-01
17124,TR,ESK,LTBI,Eskisehir,39.7833,30.5667,785,1964,4,9.6,31.0,1964-04-01
17124,TR,ESK,LTBI,Eskisehir,39.7833,30.5667,785,1964,5,13.3,8.0,1964-05-01
17124,TR,ESK,LTBI,Eskisehir,39.7833,30.5667,785,1964,6,18.5,62.0,1964-06-01
17124,TR,ESK,LTBI,Eskisehir,39.7833,30.5667,785,1964,7,20.9,9.0,1964-07-01
17124,TR,ESK,LTBI,Eskisehir,39.7833,30.5667,785,1964,8,19.9,0.9,1964-08-01
17124,TR,ESK,LTBI,Eskisehir,39.7833,30.5667,785,1964,9,16.3,43.0,1964-09-01
17124,TR,ESK,LTBI,Eskisehir,39.7833,30.5667,785,1964,10,12.4,,1964-10-01
17124,TR,ESK,LTBI,Eskisehir,39.7833,30.5667,785,1964,11,5.9,26.0,1964-11-01
17124,TR,ESK,LTBI,Eskisehir,39.7833,30.5667,785,1964,12,4.0,34.0,1964-12-01
17124,TR,ESK,LTBI,Eskisehir,39.7833,30.5667,785,1965,1,1.0,25.0,1965-01-01
17124,TR,ESK,LTBI,Eskisehir,39.7833,30.5667,785,1965,2,-0.8,48.0,1965-02-01
17124,TR,ESK,LTBI,Eskisehir,39.7833,30.5667,785,1965,3,5.9,59.0,1965-03-01
17124,TR,ESK,LTBI,Eskisehir,39.7833,30.5667,785,1965,4,8.9,68.0,1965-04-01
17124,TR,ESK,LTBI,Eskisehir,39.7833,30.5667,785,1965,5,13.9,109.0,1965-05-01
17124,TR,ESK,LTBI,Eskisehir,39.7833,30.5667,785,1965,6,19.8,11.0,1965-06-01
17124,TR,ESK,LTBI,Eskisehir,39.7833,30.5667,785,1965,7,20.7,16.0,1965-07-01
17124,TR,ESK,LTBI,Eskisehir,39.7833,30.5667,785,1965,8,20.0,8.0,1965-08-01
17124,TR,ESK,LTBI,Eskisehir,39.7833,30.5667,785,1965,9,18.3,0.0,1965-09-01
17124,TR,ESK,LTBI,Eskisehir,39.7833,30.5667,785,1965,10,9.3,6.0,1965-10-01
17124,TR,ESK,LTBI,Eskisehir,39.7833,30.5667,785,1965,11,7.0,36.0,1965-11-01
17124,TR,ESK,LTBI,Eskisehir,39.7833,30.5667,785,1965,12,4.1,64.0,1965-12-01
17124,TR,ESK,LTBI,Eskisehir,39.7833,30.5667,785,1966,1,2.3,61.0,1966-01-01
17124,TR,ESK,LTBI,Eskisehir,39.7833,30.5667,785,1966,2,6.0,9.0,1966-02-01
17124,TR,ESK,LTBI,Eskisehir,39.7833,30.5667,785,1966,3,6.2,62.0,1966-03-01
17124,TR,ESK,LTBI,Eskisehir,39.7833,30.5667,785,1966,4,11.4,67.0,1966-04-01
17124,TR,ESK,LTBI,Eskisehir,39.7833,30.5667,785,1966,5,14.1,78.0,1966-05-01
17124,TR,ESK,LTBI,Eskisehir,39.7833,30.5667,785,1966,6,18.2,52.0,1966-06-01
17124,TR,ESK,LTBI,Eskisehir,39.7833,30.5667,785,1966,7,22.7,10.0,1966-07-01
17124,TR,ESK,LTBI,Eskisehir,39.7833,30.5667,785,1966,8,22.3,4.0,1966-08-01
17124,TR,ESK,LTBI,Eskisehir,39.7833,30.5667,785,1966,9,17.1,10.0,1966-09-01
17124,TR,ESK,LTBI,Eskisehir,39.7833,30.5667,785,1966,10,15.5,3.0,1966-10-01
17124,TR,ESK,LTBI,Eskisehir,39.7833,30.5667,785,1966,11,10.9,14.0,1966-11-01
17124,TR,ESK,LTBI,Eskisehir,39.7833,30.5667,785,1966,12,3.8,46.0,1966-12-01
17124,TR,ESK,LTBI,Eskisehir,39.7833,30.5667,785,1967,1,-0.1,53.0,1967-01-01
17124,TR,ESK,LTBI,Eskisehir,39.7833,30.5667,785,1967,2,-1.7,26.0,1967-02-01
17124,TR,ESK,LTBI,Eskisehir,39.7833,30.5667,785,1967,3,4.1,41.0,1967-03-01
17124,TR,ESK,LTBI,Eskisehir,39.7833,30.5667,785,1967,4,10.3,40.0,1967-04-01
17124,TR,ESK,LTBI,Eskisehir,39.7833,30.5667,785,1967,5,14.8,26.0,1967-05-01
17124,TR,ESK,LTBI,Eskisehir,39.7833,30.5667,785,1967,6,17.8,11.0,1967-06-01
17124,TR,ESK,LTBI,Eskisehir,39.7833,30.5667,785,1967,7,21.1,12.0,1967-07-01
17124,TR,ESK,LTBI,Eskisehir,39.7833,30.5667,785,1967,8,21.8,,1967-08-01
17124,TR,ESK,LTBI,Eskisehir,39.7833,30.5667,785,1967,9,17.6,23.0,1967-09-01
17124,TR,ESK,LTBI,Eskisehir,39.7833,30.5667,785,1967,10,12.3,4.0,1967-10-01
17124,TR,ESK,LTBI,Eskisehir,39.7833,30.5667,785,1967,11,7.8,22.0,1967-11-01
17124,TR,ESK,LTBI,Eskisehir,39.7833,30.5667,785,1967,12,3.9,41.0,1967-12-01
17124,TR,ESK,LTBI,Eskisehir,39.7833,30.5667,785,1968,1,-1.2,79.0,1968-01-01
17124,TR,ESK,LTBI,Eskisehir,39.7833,30.5667,785,1968,2,0.1,27.0,1968-02-01
17124,TR,ESK,LTBI,Eskisehir,39.7833,30.5667,785,1968,3,4.5,70.0,1968-03-01
17124,TR,ESK,LTBI,Eskisehir,39.7833,30.5667,785,1968,4,12.4,46.0,1968-04-01
17124,TR,ESK,LTBI,Eskisehir,39.7833,30.5667,785,1968,5,18.0,29.0,1968-05-01
17124,TR,ESK,LTBI,Eskisehir,39.7833,30.5667,785,1968,6,17.9,26.0,1968-06-01
17124,TR,ESK,LTBI,Eskisehir,39.7833,30.5667,785,1968,7,21.8,0.6,1968-07-01
17124,TR,ESK,LTBI,Eskisehir,39.7833,30.5667,785,1968,8,19.9,8.0,1968-08-01
17124,TR,ESK,LTBI,Eskisehir,39.7833,30.5667,785,1968,9,16.9,12.0,1968-09-01
17124,TR,ESK,LTBI,Eskisehir,39.7833,30.5667,785,1968,10,11.4,37.0,1968-10-01
17124,TR,ESK,LTBI,Eskisehir,39.7833,30.5667,785,1968,11,7.6,55.0,1968-11-01
17124,TR,ESK,LTBI,Eskisehir,39.7833,30.5667,785,1968,12,3.8,95.0,1968-12-01
17124,TR,ESK,LTBI,Eskisehir,39.7833,30.5667,785,1969,1,-0.3,58.0,1969-01-01
17124,TR,ESK,LTBI,Eskisehir,39.7833,30.5667,785,1969,2,2.7,75.0,1969-02-01
17124,TR,ESK,LTBI,Eskisehir,39.7833,30.5667,785,1969,3,6.0,56.0,1969-03-01
17124,TR,ESK,LTBI,Eskisehir,39.7833,30.5667,785,1969,4,7.4,27.0,1969-04-01
17124,TR,ESK,LTBI,Eskisehir,39.7833,30.5667,785,1969,5,16.7,25.0,1969-05-01
17124,TR,ESK,LTBI,Eskisehir,39.7833,30.5667,785,1969,6,20.0,23.0,1969-06-01
17124,TR,ESK,LTBI,Eskisehir,39.7833,30.5667,785,1969,7,19.4,6.0,1969-07-01
17124,TR,ESK,LTBI,Eskisehir,39.7833,30.5667,785,1969,8,22.6,0.6,1969-08-01
17124,TR,ESK,LTBI,Eskisehir,39.7833,30.5667,785,1969,9,18.9,13.0,1969-09-01
17124,TR,ESK,LTBI,Eskisehir,39.7833,30.5667,785,1969,10,12.0,9.0,1969-10-01
17124,TR,ESK,LTBI,Eskisehir,39.7833,30.5667,785,1969,11,7.5,15.0,1969-11-01
17124,TR,ESK,LTBI,Eskisehir,39.7833,30.5667,785,1969,12,5.6,97.0,1969-12-01
17124,TR,ESK,LTBI,Eskisehir,39.7833,30.5667,785,1970,1,2.7,80.0,1970-01-01
17124,TR,ESK,LTBI,Eskisehir,39.7833,30.5667,785,1970,2,5.0,78.0,1970-02-01
17124,TR,ESK,LTBI,Eskisehir,39.7833,30.5667,785,1970,3,7.3,71.0,1970-03-01
17124,TR,ESK,LTBI,Eskisehir,39.7833,30.5667,785,1970,4,12.8,39.0,1970-04-01
17124,TR,ESK,LTBI,Eskisehir,39.7833,30.5667,785,1970,5,14.1,28.0,1970-05-01
17124,TR,ESK,LTBI,Eskisehir,39.7833,30.5667,785,1970,6,18.4,43.0,1970-06-01
17124,TR,ESK,LTBI,Eskisehir,39.7833,30.5667,785,1970,7,22.4,5.0,1970-07-01
17124,TR,ESK,LTBI,Eskisehir,39.7833,30.5667,785,1970,8,20.8,1.0,1970-08-01
17124,TR,ESK,LTBI,Eskisehir,39.7833,30.5667,785,1970,9,16.9,20.0,1970-09-01
17124,TR,ESK,LTBI,Eskisehir,39.7833,30.5667,785,1970,10,11.1,26.0,1970-10-01
17124,TR,ESK,LTBI,Eskisehir,39.7833,30.5667,785,1970,11,7.2,19.0,1970-11-01
17124,TR,ESK,LTBI,Eskisehir,39.7833,30.5667,785,1970,12,0.4,56.0,1970-12-01
17124,TR,ESK,LTBI,Eskisehir,39.7833,30.5667,785,1971,1,5.1,27.0,1971-01-01
17124,TR,ESK,LTBI,Eskisehir,39.7833,30.5667,785,1971,2,2.4,9.0,1971-02-01
17124,TR,ESK,LTBI,Eskisehir,39.7833,30.5667,785,1971,3,6.5,57.0,1971-03-01
17124,TR,ESK,LTBI,Eskisehir,39.7833,30.5667,785,1971,4,9.6,29.0,1971-04-01
17124,TR,ESK,LTBI,Eskisehir,39.7833,30.5667,785,1971,5,15.0,56.0,1971-05-01
17124,TR,ESK,LTBI,Eskisehir,39.7833,30.5667,785,1971,6,18.5,18.0,1971-06-01
17124,TR,ESK,LTBI,Eskisehir,39.7833,30.5667,785,1971,7,21.0,28.0,1971-07-01
17124,TR,ESK,LTBI,Eskisehir,39.7833,30.5667,785,1971,8,21.3,13.0,1971-08-01
17124,TR,ESK,LTBI,Eskisehir,39.7833,30.5667,785,1971,9,17.8,9.0,1971-09-01
17124,TR,ESK,LTBI,Eskisehir,39.7833,30.5667,785,1971,10,10.4,39.0,1971-10-01
17124,TR,ESK,LTBI,Eskisehir,39.7833,30.5667,785,1971,11,7.5,49.0,1971-11-01
17124,TR,ESK,LTBI,Eskisehir,39.7833,30.5667,785,1971,12,1.7,44.0,1971-12-01
17124,TR,ESK,LTBI,Eskisehir,39.7833,30.5667,785,1972,1,-3.7,20.0,1972-01-01
17124,TR,ESK,LTBI,Eskisehir,39.7833,30.5667,785,1972,2,-1.7,12.0,1972-02-01
17124,TR,ESK,LTBI,Eskisehir,39.7833,30.5667,785,1972,3,5.8,33.0,1972-03-01
17124,TR,ESK,LTBI,Eskisehir,39.7833,30.5667,785,1972,4,13.5,35.0,1972-04-01
17124,TR,ESK,LTBI,Eskisehir,39.7833,30.5667,785,1972,5,15.7,10.0,1972-05-01
17124,TR,ESK,LTBI,Eskisehir,39.7833,30.5667,785,1972,6,19.1,72.0,1972-06-01
17124,TR,ESK,LTBI,Eskisehir,39.7833,30.5667,785,1972,7,21.7,47.0,1972-07-01
17124,TR,ESK,LTBI,Eskisehir,39.7833,30.5667,785,1972,8,21.3,21.0,1972-08-01
17124,TR,ESK,LTBI,Eskisehir,39.7833,30.5667,785,1972,9,17.6,35.0,1972-09-01
17124,TR,ESK,LTBI,Eskisehir,39.7833,30.5667,785,1972,10,12.2,60.0,1972-10-01
17124,TR,ESK,LTBI,Eskisehir,39.7833,30.5667,785,1972,11,6.5,16.0,1972-11-01
17124,TR,ESK,LTBI,Eskisehir,39.7833,30.5667,785,1972,12,-0.3,0.9,1972-12-01
17124,TR,ESK,LTBI,Eskisehir,39.7833,30.5667,785,1973,1,-1.9,12.0,1973-01-01
17124,TR,ESK,LTBI,Eskisehir,39.7833,30.5667,785,1973,2,4.4,39.0,1973-02-01
17124,TR,ESK,LTBI,Eskisehir,39.7833,30.5667,785,1973,3,3.8,21.0,1973-03-01
17124,TR,ESK,LTBI,Eskisehir,39.7833,30.5667,785,1973,4,9.6,60.0,1973-04-01
17124,TR,ESK,LTBI,Eskisehir,39.7833,30.5667,785,1973,5,15.1,29.0,1973-05-01
17124,TR,ESK,LTBI,Eskisehir,39.7833,30.5667,785,1973,6,17.7,78.0,1973-06-01
17124,TR,ESK,LTBI,Eskisehir,39.7833,30.5667,785,1973,7,21.6,64.0,1973-07-01
17124,TR,ESK,LTBI,Eskisehir,39.7833,30.5667,785,1973,8,19.9,18.0,1973-08-01
17124,TR,ESK,LTBI,Eskisehir,39.7833,30.5667,785,1973,9,18.1,2.0,1973-09-01
17124,TR,ESK,LTBI,Eskisehir,39.7833,30.5667,785,1973,10,11.9,43.0,1973-10-01
17124,TR,ESK,LTBI,Eskisehir,39.7833,30.5667,785,1973,11,3.5,46.0,1973-11-01
17124,TR,ESK,LTBI,Eskisehir,39.7833,30.5667,785,1973,12,1.6,62.0,1973-12-01
17124,TR,ESK,LTBI,Eskisehir,39.7833,30.5667,785,1974,1,-4.1,14.0,1974-01-01
17124,TR,ESK,LTBI,Eskisehir,39.7833,30.5667,785,1974,2,1.1,49.0,1974-02-01
17124,TR,ESK,LTBI,Eskisehir,39.7833,30.5667,785,1974,3,6.8,45.0,1974-03-01
17124,TR,ESK,LTBI,Eskisehir,39.7833,30.5667,785,1974,4,8.3,51.0,1974-04-01
17124,TR,ESK,LTBI,Eskisehir,39.7833,30.5667,785,1974,5,14.2,71.0,1974-05-01
17124,TR,ESK,LTBI,Eskisehir,39.7833,30.5667,785,1974,6,19.1,29.0,1974-06-01
17124,TR,ESK,LTBI,Eskisehir,39.7833,30.5667,785,1974,7,20.9,0.6,1974-07-01
17124,TR,ESK,LTBI,Eskisehir,39.7833,30.5667,785,1974,8,20.5,20.0,1974-08-01
17124,TR,ESK,LTBI,Eskisehir,39.7833,30.5667,785,1974,9,16.6,11.0,1974-09-01
17124,TR,ESK,LTBI,Eskisehir,39.7833,30.5667,785,1974,10,15.6,27.0,1974-10-01
17124,TR,ESK,LTBI,Eskisehir,39.7833,30.5667,785,1974,11,6.0,30.0,1974-11-01
17124,TR,ESK,LTBI,Eskisehir,39.7833,30.5667,785,1974,12,-0.2,37.0,1974-12-01
17124,TR,ESK,LTBI,Eskisehir,39.7833,30.5667,785,1975,1,-1.3,49.0,1975-01-01
17124,TR,ESK,LTBI,Eskisehir,39.7833,30.5667,785,1975,2,0.7,29.0,1975-02-01
17124,TR,ESK,LTBI,Eskisehir,39.7833,30.5667,785,1975,3,7.3,41.0,1975-03-01
17124,TR,ESK,LTBI,Eskisehir,39.7833,30.5667,785,1975,4,12.6,29.0,1975-04-01
17124,TR,ESK,LTBI,Eskisehir,39.7833,30.5667,785,1975,5,14.6,127.0,1975-05-01
17124,TR,ESK,LTBI,Eskisehir,39.7833,30.5667,785,1975,6,19.1,33.0,1975-06-01
17124,TR,ESK,LTBI,Eskisehir,39.7833,30.5667,785,1975,7,22.1,0.2,1975-07-01
17124,TR,ESK,LTBI,Eskisehir,39.7833,30.5667,785,1975,8,21.6,15.0,1975-08-01
17124,TR,ESK,LTBI,Eskisehir,39.7833,30.5667,785,1975,9,17.7,2.0,1975-09-01
17124,TR,ESK,LTBI,Eskisehir,39.7833,30.5667,785,1975,10,11.7,8.0,1975-10-01
17124,TR,ESK,LTBI,Eskisehir,39.7833,30.5667,785,1975,11,5.4,40.0,1975-11-01
17124,TR,ESK,LTBI,Eskisehir,39.7833,30.5667,785,1975,12,-1.8,42.0,1975-12-01
17124,TR,ESK,LTBI,Eskisehir,39.7833,30.5667,785,1976,1,-3.5,43.0,1976-01-01
17124,TR,ESK,LTBI,Eskisehir,39.7833,30.5667,785,1976,2,-1.9,25.0,1976-02-01
17124,TR,ESK,LTBI,Eskisehir,39.7833,30.5667,785,1976,3,4.7,27.0,1976-03-01
17124,TR,ESK,LTBI,Eskisehir,39.7833,30.5667,785,1976,4,10.4,33.0,1976-04-01
17124,TR,ESK,LTBI,Eskisehir,39.7833,30.5667,785,1976,5,14.5,87.0,1976-05-01
17124,TR,ESK,LTBI,Eskisehir,39.7833,30.5667,785,1976,6,17.8,47.0,1976-06-01
17124,TR,ESK,LTBI,Eskisehir,39.7833,30.5667,785,1976,7,20.4,11.0,1976-07-01
17124,TR,ESK,LTBI,Eskisehir,39.7833,30.5667,785,1976,8,18.9,23.0,1976-08-01
17124,TR,ESK,LTBI,Eskisehir,39.7833,30.5667,785,1976,9,16.0,4.0,1976-09-01
17124,TR,ESK,LTBI,Eskisehir,39.7833,30.5667,785,1976,10,13.5,37.0,1976-10-01
17124,TR,ESK,LTBI,Eskisehir,39.7833,30.5667,785,1976,11,7.9,18.0,1976-11-01
17124,TR,ESK,LTBI,Eskisehir,39.7833,30.5667,785,1976,12,2.4,62.0,1976-12-01
17124,TR,ESK,LTBI,Eskisehir,39.7833,30.5667,785,1977,1,-0.1,33.0,1977-01-01
17124,TR,ESK,LTBI,Eskisehir,39.7833,30.5667,785,1977,2,5.6,18.0,1977-02-01
17124,TR,ESK,LTBI,Eskisehir,39.7833,30.5667,785,1977,3,5.4,30.0,1977-03-01
17124,TR,ESK,LTBI,Eskisehir,39.7833,30.5667,785,1977,4,10.2,61.0,1977-04-01
17124,TR,ESK,LTBI,Eskisehir,39.7833,30.5667,785,1977,5,15.5,17.0,1977-05-01
17124,TR,ESK,LTBI,Eskisehir,39.7833,30.5667,785,1977,6,18.9,35.0,1977-06-01
17124,TR,ESK,LTBI,Eskisehir,39.7833,30.5667,785,1977,7,21.7,7.0,1977-07-01
17124,TR,ESK,LTBI,Eskisehir,39.7833,30.5667,785,1977,8,21.6,40.0,1977-08-01
17124,TR,ESK,LTBI,Eskisehir,39.7833,30.5667,785,1977,9,16.9,16.0,1977-09-01
17124,TR,ESK,LTBI,Eskisehir,39.7833,30.5667,785,1977,10,8.9,39.0,1977-10-01
17124,TR,ESK,LTBI,Eskisehir,39.7833,30.5667,785,1977,11,8.4,30.0,1977-11-01
17124,TR,ESK,LTBI,Eskisehir,39.7833,30.5667,785,1977,12,0.7,56.0,1977-12-01
17124,TR,ESK,LTBI,Eskisehir,39.7833,30.5667,785,1978,1,-0.6,101.0,1978-01-01
17124,TR,ESK,LTBI,Eskisehir,39.7833,30.5667,785,1978,2,5.1,71.0,1978-02-01
17124,TR,ESK,LTBI,Eskisehir,39.7833,30.5667,785,1978,3,6.9,54.0,1978-03-01
17124,TR,ESK,LTBI,Eskisehir,39.7833,30.5667,785,1978,4,9.8,67.0,1978-04-01
17124,TR,ESK,LTBI,Eskisehir,39.7833,30.5667,785,1978,5,15.4,52.0,1978-05-01
17124,TR,ESK,LTBI,Eskisehir,39.7833,30.5667,785,1978,6,18.8,2.0,1978-06-01
17124,TR,ESK,LTBI,Eskisehir,39.7833,30.5667,785,1978,7,21.2,0.4,1978-07-01
17124,TR,ESK,LTBI,Eskisehir,39.7833,30.5667,785,1978,8,19.8,2.0,1978-08-01
17124,TR,ESK,LTBI,Eskisehir,39.7833,30.5667,785,1978,9,16.2,36.0,1978-09-01
17124,TR,ESK,LTBI,Eskisehir,39.7833,30.5667,785,1978,10,12.7,53.0,1978-10-01
17124,TR,ESK,LTBI,Eskisehir,39.7833,30.5667,785,1978,11,3.3,0.7,1978-11-01
17124,TR,ESK,LTBI,Eskisehir,39.7833,30.5667,785,1978,12,2.9,37.0,1978-12-01
17124,TR,ESK,LTBI,Eskisehir,39.7833,30.5667,785,1979,1,1.3,104.0,1979-01-01
17124,TR,ESK,LTBI,Eskisehir,39.7833,30.5667,785,1979,2,4.0,23.0,1979-02-01
17124,TR,ESK,LTBI,Eskisehir,39.7833,30.5667,785,1979,3,7.6,16.0,1979-03-01
17124,TR,ESK,LTBI,Eskisehir,39.7833,30.5667,785,1979,4,10.2,11.0,1979-04-01
17124,TR,ESK,LTBI,Eskisehir,39.7833,30.5667,785,1979,5,15.4,60.0,1979-05-01
17124,TR,ESK,LTBI,Eskisehir,39.7833,30.5667,785,1979,6,19.7,32.0,1979-06-01
17124,TR,ESK,LTBI,Eskisehir,39.7833,30.5667,785,1979,7,20.6,3.0,1979-07-01
17124,TR,ESK,LTBI,Eskisehir,39.7833,30.5667,785,1979,8,22.1,0.1,1979-08-01
17124,TR,ESK,LTBI,Eskisehir,39.7833,30.5667,785,1979,9,17.7,12.0,1979-09-01
17124,TR,ESK,LTBI,Eskisehir,39.7833,30.5667,785,1979,10,12.5,40.0,1979-10-01
17124,TR,ESK,LTBI,Eskisehir,39.7833,30.5667,785,1979,11,7.1,44.0,1979-11-01
17124,TR,ESK,LTBI,Eskisehir,39.7833,30.5667,785,1979,12,2.4,25.0,1979-12-01
17124,TR,ESK,LTBI,Eskisehir,39.7833,30.5667,785,1980,1,-1.4,48.0,1980-01-01
17124,TR,ESK,LTBI,Eskisehir,39.7833,30.5667,785,1980,2,0.4,32.0,1980-02-01
17124,TR,ESK,LTBI,Eskisehir,39.7833,30.5667,785,1980,3,4.1,47.0,1980-03-01
17124,TR,ESK,LTBI,Eskisehir,39.7833,30.5667,785,1980,4,9.7,35.0,1980-04-01
17124,TR,ESK,LTBI,Eskisehir,39.7833,30.5667,785,1980,5,14.8,34.0,1980-05-01
17124,TR,ESK,LTBI,Eskisehir,39.7833,30.5667,785,1980,6,19.3,26.0,1980-06-01
17124,TR,ESK,LTBI,Eskisehir,39.7833,30.5667,785,1980,7,22.7,12.0,1980-07-01
17124,TR,ESK,LTBI,Eskisehir,39.7833,30.5667,785,1980,8,21.8,0.0,1980-08-01
17124,TR,ESK,LTBI,Eskisehir,39.7833,30.5667,785,1980,9,15.5,34.0,1980-09-01
17124,TR,ESK,LTBI,Eskisehir,39.7833,30.5667,785,1980,10,12.9,12.0,1980-10-01
17124,TR,ESK,LTBI,Eskisehir,39.7833,30.5667,785,1980,11,7.6,37.0,1980-11-01
17124,TR,ESK,LTBI,Eskisehir,39.7833,30.5667,785,1980,12,3.2,56.0,1980-12-01
17124,TR,ESK,LTBI,Eskisehir,39.7833,30.5667,785,1981,1,1.9,56.0,1981-01-01
17124,TR,ESK,LTBI,Eskisehir,39.7833,30.5667,785,1981,2,1.6,26.0,1981-02-01
17124,TR,ESK,LTBI,Eskisehir,39.7833,30.5667,785,1981,3,7.0,39.0,1981-03-01
17124,TR,ESK,LTBI,Eskisehir,39.7833,30.5667,785,1981,4,9.9,25.0,1981-04-01
17124,TR,ESK,LTBI,Eskisehir,39.7833,30.5667,785,1981,5,12.7,51.0,1981-05-01
17124,TR,ESK,LTBI,Eskisehir,39.7833,30.5667,785,1981,6,19.9,9.0,1981-06-01
17124,TR,ESK,LTBI,Eskisehir,39.7833,30.5667,785,1981,7,21.3,12.0,1981-07-01
17124,TR,ESK,LTBI,Eskisehir,39.7833,30.5667,785,1981,8,20.8,19.0,1981-08-01
17124,TR,ESK,LTBI,Eskisehir,39.7833,30.5667,785,1981,9,18.2,5.0,1981-09-01
17124,TR,ESK,LTBI,Eskisehir,39.7833,30.5667,785,1981,10,14.7,41.0,1981-10-01
17124,TR,ESK,LTBI,Eskisehir,39.7833,30.5667,785,1981,11,4.9,28.0,1981-11-01
17124,TR,ESK,LTBI,Eskisehir,39.7833,30.5667,785,1981,12,6.5,47.0,1981-12-01
17124,TR,ESK,LTBI,Eskisehir,39.7833,30.5667,785,1982,1,0.9,37.0,1982-01-01
17124,TR,ESK,LTBI,Eskisehir,39.7833,30.5667,785,1982,2,-0.7,22.0,1982-02-01
17124,TR,ESK,LTBI,Eskisehir,39.7833,30.5667,785,1982,3,3.8,30.0,1982-03-01
17124,TR,ESK,LTBI,Eskisehir,39.7833,30.5667,785,1982,4,10.2,64.0,1982-04-01
17124,TR,ESK,LTBI,Eskisehir,39.7833,30.5667,785,1982,5,14.6,59.0,1982-05-01
17124,TR,ESK,LTBI,Eskisehir,39.7833,30.5667,785,1982,6,18.6,11.0,1982-06-01
17124,TR,ESK,LTBI,Eskisehir,39.7833,30.5667,785,1982,7,19.0,17.0,1982-07-01
17124,TR,ESK,LTBI,Eskisehir,39.7833,30.5667,785,1982,8,20.6,8.0,1982-08-01
17124,TR,ESK,LTBI,Eskisehir,39.7833,30.5667,785,1982,9,18.8,3.0,1982-09-01
17124,TR,ESK,LTBI,Eskisehir,39.7833,30.5667,785,1982,10,11.7,26.0,1982-10-01
17124,TR,ESK,LTBI,Eskisehir,39.7833,30.5667,785,1982,11,3.7,3.0,1982-11-01
17124,TR,ESK,LTBI,Eskisehir,39.7833,30.5667,785,1982,12,2.9,27.0,1982-12-01
17124,TR,ESK,LTBI,Eskisehir,39.7833,30.5667,785,1983,1,-3.8,34.0,1983-01-01
17124,TR,ESK,LTBI,Eskisehir,39.7833,30.5667,785,1983,2,0.5,26.0,1983-02-01
17124,TR,ESK,LTBI,Eskisehir,39.7833,30.5667,785,1983,3,6.1,12.0,1983-03-01
17124,TR,ESK,LTBI,Eskisehir,39.7833,30.5667,785,1983,4,12.1,29.0,1983-04-01
17124,TR,ESK,LTBI,Eskisehir,39.7833,30.5667,785,1983,5,15.3,81.0,1983-05-01
17124,TR,ESK,LTBI,Eskisehir,39.7833,30.5667,785,1983,6,18.0,42.0,1983-06-01
17124,TR,ESK,LTBI,Eskisehir,39.7833,30.5667,785,1983,7,21.2,17.0,1983-07-01
17124,TR,ESK,LTBI,Eskisehir,39.7833,30.5667,785,1983,8,19.7,9.0,1983-08-01
17124,TR,ESK,LTBI,Eskisehir,39.7833,30.5667,785,1983,9,17.4,2.0,1983-09-01
17124,TR,ESK,LTBI,Eskisehir,39.7833,30.5667,785,1983,10,10.7,19.0,1983-10-01
17124,TR,ESK,LTBI,Eskisehir,39.7833,30.5667,785,1983,11,6.2,73.0,1983-11-01
17124,TR,ESK,LTBI,Eskisehir,39.7833,30.5667,785,1983,12,2.9,51.0,1983-12-01
17124,TR,ESK,LTBI,Eskisehir,39.7833,30.5667,785,1984,1,2.2,31.0,1984-01-01
17124,TR,ESK,LTBI,Eskisehir,39.7833,30.5667,785,1984,2,3.1,40.0,1984-02-01
17124,TR,ESK,LTBI,Eskisehir,39.7833,30.5667,785,1984,3,5.0,62.0,1984-03-01
17124,TR,ESK,LTBI,Eskisehir,39.7833,30.5667,785,1984,4,8.1,117.0,1984-04-01
17124,TR,ESK,LTBI,Eskisehir,39.7833,30.5667,785,1984,5,15.7,31.0,1984-05-01
17124,TR,ESK,LTBI,Eskisehir,39.7833,30.5667,785,1984,6,18.0,4.0,1984-06-01
17124,TR,ESK,LTBI,Eskisehir,39.7833,30.5667,785,1984,7,20.2,28.0,1984-07-01
17124,TR,ESK,LTBI,Eskisehir,39.7833,30.5667,785,1984,8,18.7,7.0,1984-08-01
17124,TR,ESK,LTBI,Eskisehir,39.7833,30.5667,785,1984,9,18.9,0.8,1984-09-01
17124,TR,ESK,LTBI,Eskisehir,39.7833,30.5667,785,1984,10,12.4,0.1,1984-10-01
17124,TR,ESK,LTBI,Eskisehir,39.7833,30.5667,785,1984,11,6.7,24.0,1984-11-01
17124,TR,ESK,LTBI,Eskisehir,39.7833,30.5667,785,1984,12,-1.9,6.0,1984-12-01
17124,TR,ESK,LTBI,Eskisehir,39.7833,30.5667,785,1985,1,2.3,65.0,1985-01-01
17124,TR,ESK,LTBI,Eskisehir,39.7833,30.5667,785,1985,2,-3.3,51.0,1985-02-01
17124,TR,ESK,LTBI,Eskisehir,39.7833,30.5667,785,1985,3,2.1,49.0,1985-03-01
17124,TR,ESK,LTBI,Eskisehir,39.7833,30.5667,785,1985,4,11.4,35.0,1985-04-01
17124,TR,ESK,LTBI,Eskisehir,39.7833,30.5667,785,1985,5,17.1,19.0,1985-05-01
17124,TR,ESK,LTBI,Eskisehir,39.7833,30.5667,785,1985,6,19.0,5.0,1985-06-01
17124,TR,ESK,LTBI,Eskisehir,39.7833,30.5667,785,1985,7,20.1,4.0,1985-07-01
17124,TR,ESK,LTBI,Eskisehir,39.7833,30.5667,785,1985,8,22.7,0.2,1985-08-01
17124,TR,ESK,LTBI,Eskisehir,39.7833,30.5667,785,1985,9,16.7,2.0,1985-09-01
17124,TR,ESK,LTBI,Eskisehir,39.7833,30.5667,785,1985,10,9.5,29.0,1985-10-01
17124,TR,ESK,LTBI,Eskisehir,39.7833,30.5667,785,1985,11,8.5,47.0,1985-11-01
17124,TR,ESK,LTBI,Eskisehir,39.7833,30.5667,785,1985,12,1.8,40.0,1985-12-01
17124,TR,ESK,LTBI,Eskisehir,39.7833,30.5667,785,1986,1,3.4,49.0,1986-01-01
17124,TR,ESK,LTBI,Eskisehir,39.7833,30.5667,785,1986,2,3.6,45.0,1986-02-01
17124,TR,ESK,LTBI,Eskisehir,39.7833,30.5667,785,1986,3,5.9,7.0,1986-03-01
17124,TR,ESK,LTBI,Eskisehir,39.7833,30.5667,785,1986,4,13.1,15.0,1986-04-01
17124,TR,ESK,LTBI,Eskisehir,39.7833,30.5667,785,1986,5,12.9,20.0,1986-05-01
17124,TR,ESK,LTBI,Eskisehir,39.7833,30.5667,785,1986,6,18.9,38.0,1986-06-01
17124,TR,ESK,LTBI,Eskisehir,39.7833,30.5667,785,1986,7,22.4,4.0,1986-07-01
17124,TR,ESK,LTBI,Eskisehir,39.7833,30.5667,785,1986,8,23.8,6.0,1986-08-01
17124,TR,ESK,LTBI,Eskisehir,39.7833,30.5667,785,1986,9,19.3,3.0,1986-09-01
17124,TR,ESK,LTBI,Eskisehir,39.7833,30.5667,785,1986,10,11.2,16.0,1986-10-01
17124,TR,ESK,LTBI,Eskisehir,39.7833,30.5667,785,1986,11,3.1,8.0,1986-11-01
17124,TR,ESK,LTBI,Eskisehir,39.7833,30.5667,785,1986,12,-0.3,86.0,1986-12-01
17124,TR,ESK,LTBI,Eskisehir,39.7833,30.5667,785,1987,1,1.6,95.0,1987-01-01
17124,TR,ESK,LTBI,Eskisehir,39.7833,30.5667,785,1987,2,3.5,10.0,1987-02-01
17124,TR,ESK,LTBI,Eskisehir,39.7833,30.5667,785,1987,3,0.6,53.0,1987-03-01
17124,TR,ESK,LTBI,Eskisehir,39.7833,30.5667,785,1987,4,8.3,41.0,1987-04-01
17124,TR,ESK,LTBI,Eskisehir,39.7833,30.5667,785,1987,5,14.8,44.0,1987-05-01
17124,TR,ESK,LTBI,Eskisehir,39.7833,30.5667,785,1987,6,18.8,23.0,1987-06-01
17124,TR,ESK,LTBI,Eskisehir,39.7833,30.5667,785,1987,7,23.1,0.4,1987-07-01
17124,TR,ESK,LTBI,Eskisehir,39.7833,30.5667,785,1987,8,20.4,8.0,1987-08-01
17124,TR,ESK,LTBI,Eskisehir,39.7833,30.5667,785,1987,9,18.8,4.0,1987-09-01
17124,TR,ESK,LTBI,Eskisehir,39.7833,30.5667,785,1987,10,11.1,9.0,1987-10-01
17124,TR,ESK,LTBI,Eskisehir,39.7833,30.5667,785,1987,11,6.3,31.0,1987-11-01
17124,TR,ESK,LTBI,Eskisehir,39.7833,30.5667,785,1987,12,2.2,53.0,1987-12-01
17124,TR,ESK,LTBI,Eskisehir,39.7833,30.5667,785,1988,1,1.4,15.0,1988-01-01
17124,TR,ESK,LTBI,Eskisehir,39.7833,30.5667,785,1988,2,2.0,27.0,1988-02-01
17124,TR,ESK,LTBI,Eskisehir,39.7833,30.5667,785,1988,3,4.9,46.0,1988-03-01
17124,TR,ESK,LTBI,Eskisehir,39.7833,30.5667,785,1988,4,10.8,45.0,1988-04-01
17124,TR,ESK,LTBI,Eskisehir,39.7833,30.5667,785,1988,5,15.2,65.0,1988-05-01
17124,TR,ESK,LTBI,Eskisehir,39.7833,30.5667,785,1988,6,19.0,61.0,1988-06-01
17124,TR,ESK,LTBI,Eskisehir,39.7833,30.5667,785,1988,7,22.7,1.0,1988-07-01
17124,TR,ESK,LTBI,Eskisehir,39.7833,30.5667,785,1988,8,22.1,2.0,1988-08-01
17124,TR,ESK,LTBI,Eskisehir,39.7833,30.5667,785,1988,9,17.1,2.0,1988-09-01
17124,TR,ESK,LTBI,Eskisehir,39.7833,30.5667,785,1988,10,10.7,53.0,1988-10-01
17124,TR,ESK,LTBI,Eskisehir,39.7833,30.5667,785,1988,11,3.8,51.0,1988-11-01
17124,TR,ESK,LTBI,Eskisehir,39.7833,30.5667,785,1988,12,3.3,32.0,1988-12-01
17124,TR,ESK,LTBI,Eskisehir,39.7833,30.5667,785,1989,1,-2.7,8.0,1989-01-01
17124,TR,ESK,LTBI,Eskisehir,39.7833,30.5667,785,1989,2,0.7,10.0,1989-02-01
17124,TR,ESK,LTBI,Eskisehir,39.7833,30.5667,785,1989,3,8.1,18.0,1989-03-01
17124,TR,ESK,LTBI,Eskisehir,39.7833,30.5667,785,1989,4,15.2,9.0,1989-04-01
17124,TR,ESK,LTBI,Eskisehir,39.7833,30.5667,785,1989,5,14.7,41.0,1989-05-01
17124,TR,ESK,LTBI,Eskisehir,39.7833,30.5667,785,1989,6,18.5,34.0,1989-06-01
17124,TR,ESK,LTBI,Eskisehir,39.7833,30.5667,785,1989,7,21.2,29.0,1989-07-01
17124,TR,ESK,LTBI,Eskisehir,39.7833,30.5667,785,1989,8,22.6,8.0,1989-08-01
17124,TR,ESK,LTBI,Eskisehir,39.7833,30.5667,785,1989,9,17.5,3.0,1989-09-01
17124,TR,ESK,LTBI,Eskisehir,39.7833,30.5667,785,1989,10,10.1,55.0,1989-10-01
17124,TR,ESK,LTBI,Eskisehir,39.7833,30.5667,785,1989,11,5.5,60.0,1989-11-01
17124,TR,ESK,LTBI,Eskisehir,39.7833,30.5667,785,1989,12,-0.0,57.0,1989-12-01
17124,TR,ESK,LTBI,Eskisehir,39.7833,30.5667,785,1990,1,-3.1,9.0,1990-01-01
17124,TR,ESK,LTBI,Eskisehir,39.7833,30.5667,785,1990,2,1.5,16.0,1990-02-01
17124,TR,ESK,LTBI,Eskisehir,39.7833,30.5667,785,1990,3,6.4,12.0,1990-03-01
17124,TR,ESK,LTBI,Eskisehir,39.7833,30.5667,785,1990,4,10.6,53.0,1990-04-01
17124,TR,ESK,LTBI,Eskisehir,39.7833,30.5667,785,1990,5,14.1,18.0,1990-05-01
17124,TR,ESK,LTBI,Eskisehir,39.7833,30.5667,785,1990,6,18.3,17.0,1990-06-01
17124,TR,ESK,LTBI,Eskisehir,39.7833,30.5667,785,1990,7,22.4,20.0,1990-07-01
17124,TR,ESK,LTBI,Eskisehir,39.7833,30.5667,785,1990,8,20.9,4.0,1990-08-01
17124,TR,ESK,LTBI,Eskisehir,39.7833,30.5667,785,1990,9,16.4,34.0,1990-09-01
17124,TR,ESK,LTBI,Eskisehir,39.7833,30.5667,785,1990,10,12.3,24.0,1990-10-01
17124,TR,ESK,LTBI,Eskisehir,39.7833,30.5667,785,1990,11,8.2,31.0,1990-11-01
17124,TR,ESK,LTBI,Eskisehir,39.7833,30.5667,785,1990,12,3.1,70.0,1990-12-01
17124,TR,ESK,LTBI,Eskisehir,39.7833,30.5667,785,1991,1,-1.1,15.0,1991-01-01
17124,TR,ESK,LTBI,Eskisehir,39.7833,30.5667,785,1991,2,-0.8,41.0,1991-02-01
17124,TR,ESK,LTBI,Eskisehir,39.7833,30.5667,785,1991,3,7.0,23.0,1991-03-01
17124,TR,ESK,LTBI,Eskisehir,39.7833,30.5667,785,1991,4,10.0,72.0,1991-04-01
17124,TR,ESK,LTBI,Eskisehir,39.7833,30.5667,785,1991,5,13.3,51.0,1991-05-01
17124,TR,ESK,LTBI,Eskisehir,39.7833,30.5667,785,1991,6,19.2,26.0,1991-06-01
17124,TR,ESK,LTBI,Eskisehir,39.7833,30.5667,785,1991,7,22.1,34.0,1991-07-01
17124,TR,ESK,LTBI,Eskisehir,39.7833,30.5667,785,1991,8,21.3,26.0,1991-08-01
17124,TR,ESK,LTBI,Eskisehir,39.7833,30.5667,785,1991,9,16.7,12.0,1991-09-01
17124,TR,ESK,LTBI,Eskisehir,39.7833,30.5667,785,1991,10,12.5,65.0,1991-10-01
17124,TR,ESK,LTBI,Eskisehir,39.7833,30.5667,785,1991,11,6.2,31.0,1991-11-01
17124,TR,ESK,LTBI,Eskisehir,39.7833,30.5667,785,1991,12,-1.0,36.0,1991-12-01
17124,TR,ESK,LTBI,Eskisehir,39.7833,30.5667,785,1992,1,-3.8,3.0,1992-01-01
17124,TR,ESK,LTBI,Eskisehir,39.7833,30.5667,785,1992,2,-3.5,6.0,1992-02-01
17124,TR,ESK,LTBI,Eskisehir,39.7833,30.5667,785,1992,3,3.4,34.0,1992-03-01
17124,TR,ESK,LTBI,Eskisehir,39.7833,30.5667,785,1992,4,10.3,31.0,1992-04-01
17124,TR,ESK,LTBI,Eskisehir,39.7833,30.5667,785,1992,5,14.3,15.0,1992-05-01
17124,TR,ESK,LTBI,Eskisehir,39.7833,30.5667,785,1992,6,18.4,79.0,1992-06-01
17124,TR,ESK,LTBI,Eskisehir,39.7833,30.5667,785,1992,7,19.5,12.0,1992-07-01
17124,TR,ESK,LTBI,Eskisehir,39.7833,30.5667,785,1992,8,22.4,11.0,1992-08-01
17124,TR,ESK,LTBI,Eskisehir,39.7833,30.5667,785,1992,9,16.0,0.0,1992-09-01
17124,TR,ESK,LTBI,Eskisehir,39.7833,30.5667,785,1992,10,14.4,47.0,1992-10-01
17124,TR,ESK,LTBI,Eskisehir,39.7833,30.5667,785,1992,11,4.7,38.0,1992-11-01
17124,TR,ESK,LTBI,Eskisehir,39.7833,30.5667,785,1992,12,-0.9,34.0,1992-12-01
17124,TR,ESK,LTBI,Eskisehir,39.7833,30.5667,785,1993,1,-4.5,23.0,1993-01-01
17124,TR,ESK,LTBI,Eskisehir,39.7833,30.5667,785,1993,2,-0.5,35.0,1993-02-01
17124,TR,ESK,LTBI,Eskisehir,39.7833,30.5667,785,1993,3,4.9,32.0,1993-03-01
17124,TR,ESK,LTBI,Eskisehir,39.7833,30.5667,785,1993,4,9.6,13.0,1993-04-01
17124,TR,ESK,LTBI,Eskisehir,39.7833,30.5667,785,1993,5,14.2,69.0,1993-05-01
17124,TR,ESK,LTBI,Eskisehir,39.7833,30.5667,785,1993,6,18.7,18.0,1993-06-01
17124,TR,ESK,LTBI,Eskisehir,39.7833,30.5667,785,1993,7,21.1,0.0,1993-07-01
17124,TR,ESK,LTBI,Eskisehir,39.7833,30.5667,785,1993,8,21.5,0.0,1993-08-01
17124,TR,ESK,LTBI,Eskisehir,39.7833,30.5667,785,1993,9,17.6,3.0,1993-09-01
17124,TR,ESK,LTBI,Eskisehir,39.7833,30.5667,785,1993,10,13.2,2.0,1993-10-01
17124,TR,ESK,LTBI,Eskisehir,39.7833,30.5667,785,1993,11,4.1,63.0,1993-11-01
17124,TR,ESK,LTBI,Eskisehir,39.7833,30.5667,785,1993,12,3.1,30.0,1993-12-01
17124,TR,ESK,LTBI,Eskisehir,39.7833,30.5667,785,1994,1,2.7,56.0,1994-01-01
17124,TR,ESK,LTBI,Eskisehir,39.7833,30.5667,785,1994,2,1.7,34.0,1994-02-01
17124,TR,ESK,LTBI,Eskisehir,39.7833,30.5667,785,1994,3,5.8,19.0,1994-03-01
17124,TR,ESK,LTBI,Eskisehir,39.7833,30.5667,785,1994,4,12.5,27.0,1994-04-01
17124,TR,ESK,LTBI,Eskisehir,39.7833,30.5667,785,1994,5,15.8,37.0,1994-05-01
17124,TR,ESK,LTBI,Eskisehir,39.7833,30.5667,785,1994,6,18.8,7.0,1994-06-01
17124,TR,ESK,LTBI,Eskisehir,39.7833,30.5667,785,1994,7,22.3,2.0,1994-07-01
17124,TR,ESK,LTBI,Eskisehir,39.7833,30.5667,785,1994,8,22.0,3.0,1994-08-01
17124,TR,ESK,LTBI,Eskisehir,39.7833,30.5667,785,1994,9,21.1,3.0,1994-09-01
17124,TR,ESK,LTBI,Eskisehir,39.7833,30.5667,785,1994,10,15.0,21.0,1994-10-01
17124,TR,ESK,LTBI,Eskisehir,39.7833,30.5667,785,1994,11,5.2,63.0,1994-11-01
17124,TR,ESK,LTBI,Eskisehir,39.7833,30.5667,785,1994,12,0.2,26.0,1994-12-01
17124,TR,ESK,LTBI,Eskisehir,39.7833,30.5667,785,1995,1,2.5,50.0,1995-01-01
17124,TR,ESK,LTBI,Eskisehir,39.7833,30.5667,785,1995,2,4.2,7.0,1995-02-01
17124,TR,ESK,LTBI,Eskisehir,39.7833,30.5667,785,1995,3,5.8,54.0,1995-03-01
17124,TR,ESK,LTBI,Eskisehir,39.7833,30.5667,785,1995,4,9.0,36.0,1995-04-01
17124,TR,ESK,LTBI,Eskisehir,39.7833,30.5667,785,1995,5,16.0,32.0,1995-05-01
17124,TR,ESK,LTBI,Eskisehir,39.7833,30.5667,785,1995,6,20.7,17.0,1995-06-01
17124,TR,ESK,LTBI,Eskisehir,39.7833,30.5667,785,1995,7,20.8,27.0,1995-07-01
17124,TR,ESK,LTBI,Eskisehir,39.7833,30.5667,785,1995,8,21.5,4.0,1995-08-01
17124,TR,ESK,LTBI,Eskisehir,39.7833,30.5667,785,1995,9,18.1,246.0,1995-09-01
17124,TR,ESK,LTBI,Eskisehir,39.7833,30.5667,785,1995,10,10.1,66.0,1995-10-01
17124,TR,ESK,LTBI,Eskisehir,39.7833,30.5667,785,1995,11,2.7,291.0,1995-11-01
17124,TR,ESK,LTBI,Eskisehir,39.7833,30.5667,785,1995,12,2.6,199.0,1995-12-01
17124,TR,ESK,LTBI,Eskisehir,39.7833,30.5667,785,1996,1,0.0,254.0,1996-01-01
17124,TR,ESK,LTBI,Eskisehir,39.7833,30.5667,785,1996,2,3.4,255.0,1996-02-01
17124,TR,ESK,LTBI,Eskisehir,39.7833,30.5667,785,1996,3,3.0,283.0,1996-03-01
17124,TR,ESK,LTBI,Eskisehir,39.7833,30.5667,785,1996,4,8.0,305.0,1996-04-01
17124,TR,ESK,LTBI,Eskisehir,39.7833,30.5667,785,1996,5,17.2,43.0,1996-05-01
17124,TR,ESK,LTBI,Eskisehir,39.7833,30.5667,785,1996,6,18.9,225.0,1996-06-01
17124,TR,ESK,LTBI,Eskisehir,39.7833,30.5667,785,1996,7,22.8,226.0,1996-07-01
17124,TR,ESK,LTBI,Eskisehir,39.7833,30.5667,785,1996,8,21.7,63.0,1996-08-01
17124,TR,ESK,LTBI,Eskisehir,39.7833,30.5667,785,1996,9,16.2,32.0,1996-09-01
17124,TR,ESK,LTBI,Eskisehir,39.7833,30.5667,785,1996,10,10.8,371.0,1996-10-01
17124,TR,ESK,LTBI,Eskisehir,39.7833,30.5667,785,1996,11,6.9,6.0,1996-11-01
17124,TR,ESK,LTBI,Eskisehir,39.7833,30.5667,785,1996,12,5.4,45.0,1996-12-01
17124,TR,ESK,LTBI,Eskisehir,39.7833,30.5667,785,1997,1,1.5,41.0,1997-01-01
17124,TR,ESK,LTBI,Eskisehir,39.7833,30.5667,785,1997,2,-0.1,10.0,1997-02-01
17124,TR,ESK,LTBI,Eskisehir,39.7833,30.5667,785,1997,3,3.0,50.0,1997-03-01
17124,TR,ESK,LTBI,Eskisehir,39.7833,30.5667,785,1997,4,6.5,,1997-04-01
17124,TR,ESK,LTBI,Eskisehir,39.7833,30.5667,785,1997,5,16.2,41.0,1997-05-01
17124,TR,ESK,LTBI,Eskisehir,39.7833,30.5667,785,1997,6,19.3,24.0,1997-06-01
17124,TR,ESK,LTBI,Eskisehir,39.7833,30.5667,785,1997,7,21.2,8.0,1997-07-01
17124,TR,ESK,LTBI,Eskisehir,39.7833,30.5667,785,1997,8,19.0,,1997-08-01
17124,TR,ESK,LTBI,Eskisehir,39.7833,30.5667,785,1997,9,15.0,,1997-09-01
17124,TR,ESK,LTBI,Eskisehir,39.7833,30.5667,785,1997,10,11.7,,1997-10-01
17124,TR,ESK,LTBI,Eskisehir,39.7833,30.5667,785,1997,11,6.5,,1997-11-01
17124,TR,ESK,LTBI,Eskisehir,39.7833,30.5667,785,1997,12,2.9,,1997-12-01
17124,TR,ESK,LTBI,Eskisehir,39.7833,30.5667,785,1998,1,1.0,,1998-01-01
17124,TR,ESK,LTBI,Eskisehir,39.7833,30.5667,785,1998,2,2.9,,1998-02-01
17124,TR,ESK,LTBI,Eskisehir,39.7833,30.5667,785,1998,3,3.1,,1998-03-01
17124,TR,ESK,LTBI,Eskisehir,39.7833,30.5667,785,1998,4,13.2,,1998-04-01
17124,TR,ESK,LTBI,Eskisehir,39.7833,30.5667,785,1998,5,14.7,,1998-05-01
17124,TR,ESK,LTBI,Eskisehir,39.7833,30.5667,785,1998,6,18.8,,1998-06-01
17124,TR,ESK,LTBI,Eskisehir,39.7833,30.5667,785,1998,7,22.7,,1998-07-01
17124,TR,ESK,LTBI,Eskisehir,39.7833,30.5667,785,1998,8,23.6,,1998-08-01
17124,TR,ESK,LTBI,Eskisehir,39.7833,30.5667,785,1998,9,18.1,,1998-09-01
17124,TR,ESK,LTBI,Eskisehir,39.7833,30.5667,785,1998,10,13.1,,1998-10-01
17124,TR,ESK,LTBI,Eskisehir,39.7833,30.5667,785,1998,11,7.7,,1998-11-01
17124,TR,ESK,LTBI,Eskisehir,39.7833,30.5667,785,1998,12,3.6,,1998-12-01
17124,TR,ESK,LTBI,Eskisehir,39.7833,30.5667,785,1999,1,2.8,,1999-01-01
17124,TR,ESK,LTBI,Eskisehir,39.7833,30.5667,785,1999,2,2.8,,1999-02-01
17124,TR,ESK,LTBI,Eskisehir,39.7833,30.5667,785,1999,3,6.0,,1999-03-01
17124,TR,ESK,LTBI,Eskisehir,39.7833,30.5667,785,1999,4,11.2,,1999-04-01
17124,TR,ESK,LTBI,Eskisehir,39.7833,30.5667,785,1999,5,16.1,,1999-05-01
17124,TR,ESK,LTBI,Eskisehir,39.7833,30.5667,785,1999,6,19.4,,1999-06-01
17124,TR,ESK,LTBI,Eskisehir,39.7833,30.5667,785,1999,7,23.1,,1999-07-01
17124,TR,ESK,LTBI,Eskisehir,39.7833,30.5667,785,1999,8,22.9,,1999-08-01
17124,TR,ESK,LTBI,Eskisehir,39.7833,30.5667,785,1999,9,18.1,,1999-09-01
17124,TR,ESK,LTBI,Eskisehir,39.7833,30.5667,785,1999,10,13.3,,1999-10-01
17124,TR,ESK,LTBI,Eskisehir,39.7833,30.5667,785,1999,11,6.1,,1999-11-01
17124,TR,ESK,LTBI,Eskisehir,39.7833,30.5667,785,1999,12,4.2,,1999-12-01
17124,TR,ESK,LTBI,Eskisehir,39.7833,30.5667,785,2000,1,-3.6,,2000-01-01
17124,TR,ESK,LTBI,Eskisehir,39.7833,30.5667,785,2000,2,-0.2,,2000-02-01
17124,TR,ESK,LTBI,Eskisehir,39.7833,30.5667,785,2000,3,4.2,,2000-03-01
17124,TR,ESK,LTBI,Eskisehir,39.7833,30.5667,785,2000,4,12.5,,2000-04-01
17124,TR,ESK,LTBI,Eskisehir,39.7833,30.5667,785,2000,5,15.4,,2000-05-01
17124,TR,ESK,LTBI,Eskisehir,39.7833,30.5667,785,2000,6,19.2,,2000-06-01
17124,TR,ESK,LTBI,Eskisehir,39.7833,30.5667,785,2000,7,23.5,,2000-07-01
17124,TR,ESK,LTBI,Eskisehir,39.7833,30.5667,785,2000,8,21.6,,2000-08-01
17124,TR,ESK,LTBI,Eskisehir,39.7833,30.5667,785,2000,9,17.9,,2000-09-01
17124,TR,ESK,LTBI,Eskisehir,39.7833,30.5667,785,2000,10,11.5,,2000-10-01
17124,TR,ESK,LTBI,Eskisehir,39.7833,30.5667,785,2000,11,7.6,,2000-11-01
17124,TR,ESK,LTBI,Eskisehir,39.7833,30.5667,785,2000,12,1.4,,2000-12-01
17124,TR,ESK,LTBI,Eskisehir,39.7833,30.5667,785,2001,1,2.9,,2001-01-01
17124,TR,ESK,LTBI,Eskisehir,39.7833,30.5667,785,2001,2,3.2,,2001-02-01
17124,TR,ESK,LTBI,Eskisehir,39.7833,30.5667,785,2001,3,10.7,,2001-03-01
17124,TR,ESK,LTBI,Eskisehir,39.7833,30.5667,785,2001,4,11.3,,2001-04-01
17124,TR,ESK,LTBI,Eskisehir,39.7833,30.5667,785,2001,5,14.9,,2001-05-01
17124,TR,ESK,LTBI,Eskisehir,39.7833,30.5667,785,2001,6,20.0,,2001-06-01
17124,TR,ESK,LTBI,Eskisehir,39.7833,30.5667,785,2001,7,24.3,,2001-07-01
17124,TR,ESK,LTBI,Eskisehir,39.7833,30.5667,785,2001,8,23.1,,2001-08-01
17124,TR,ESK,LTBI,Eskisehir,39.7833,30.5667,785,2001,9,19.2,,2001-09-01
17124,TR,ESK,LTBI,Eskisehir,39.7833,30.5667,785,2001,10,12.4,,2001-10-01
17124,TR,ESK,LTBI,Eskisehir,39.7833,30.5667,785,2001,11,6.0,,2001-11-01
17124,TR,ESK,LTBI,Eskisehir,39.7833,30.5667,785,2001,12,1.9,,2001-12-01
17124,TR,ESK,LTBI,Eskisehir,39.7833,30.5667,785,2002,1,-4.7,,2002-01-01
17124,TR,ESK,LTBI,Eskisehir,39.7833,30.5667,785,2002,2,2.7,,2002-02-01
17124,TR,ESK,LTBI,Eskisehir,39.7833,30.5667,785,2002,3,7.6,,2002-03-01
17124,TR,ESK,LTBI,Eskisehir,39.7833,30.5667,785,2002,4,9.9,,2002-04-01
17124,TR,ESK,LTBI,Eskisehir,39.7833,30.5667,785,2002,5,15.4,,2002-05-01
17124,TR,ESK,LTBI,Eskisehir,39.7833,30.5667,785,2002,6,19.8,,2002-06-01
17124,TR,ESK,LTBI,Eskisehir,39.7833,30.5667,785,2002,7,24.1,,2002-07-01
17124,TR,ESK,LTBI,Eskisehir,39.7833,30.5667,785,2002,8,21.7,,2002-08-01
17124,TR,ESK,LTBI,Eskisehir,39.7833,30.5667,785,2002,9,17.5,,2002-09-01
17124,TR,ESK,LTBI,Eskisehir,39.7833,30.5667,785,2002,10,12.6,,2002-10-01
17124,TR,ESK,LTBI,Eskisehir,39.7833,30.5667,785,2002,11,6.9,,2002-11-01
17124,TR,ESK,LTBI,Eskisehir,39.7833,30.5667,785,2002,12,-1.9,,2002-12-01
17124,TR,ESK,LTBI,Eskisehir,39.7833,30.5667,785,2003,1,4.9,,2003-01-01
17124,TR,ESK,LTBI,Eskisehir,39.7833,30.5667,785,2003,2,-0.5,,2003-02-01
17124,TR,ESK,LTBI,Eskisehir,39.7833,30.5667,785,2003,3,2.0,,2003-03-01
17124,TR,ESK,LTBI,Eskisehir,39.7833,30.5667,785,2003,4,8.6,,2003-04-01
17124,TR,ESK,LTBI,Eskisehir,39.7833,30.5667,785,2003,5,17.7,,2003-05-01
17124,TR,ESK,LTBI,Eskisehir,39.7833,30.5667,785,2003,6,20.9,,2003-06-01
17124,TR,ESK,LTBI,Eskisehir,39.7833,30.5667,785,2003,7,22.0,,2003-07-01
17124,TR,ESK,LTBI,Eskisehir,39.7833,30.5667,785,2003,8,22.9,,2003-08-01
17124,TR,ESK,LTBI,Eskisehir,39.7833,30.5667,785,2003,9,17.1,,2003-09-01
17124,TR,ESK,LTBI,Eskisehir,39.7833,30.5667,785,2003,10,13.6,,2003-10-01
17124,TR,ESK,LTBI,Eskisehir,39.7833,30.5667,785,2003,11,6.4,,2003-11-01
17124,TR,ESK,LTBI,Eskisehir,39.7833,30.5667,785,2003,12,0.9,,2003-12-01
17124,TR,ESK,LTBI,Eskisehir,39.7833,30.5667,785,2004,1,-0.1,,2004-01-01
17124,TR,ESK,LTBI,Eskisehir,39.7833,30.5667,785,2004,2,1.7,,2004-02-01
17124,TR,ESK,LTBI,Eskisehir,39.7833,30.5667,785,2004,3,6.5,,2004-03-01
17124,TR,ESK,LTBI,Eskisehir,39.7833,30.5667,785,2004,4,10.5,,2004-04-01
17124,TR,ESK,LTBI,Eskisehir,39.7833,30.5667,785,2004,5,14.7,,2004-05-01
17124,TR,ESK,LTBI,Eskisehir,39.7833,30.5667,785,2004,6,19.2,,2004-06-01
17124,TR,ESK,LTBI,Eskisehir,39.7833,30.5667,785,2004,7,22.3,,2004-07-01
17124,TR,ESK,LTBI,Eskisehir,39.7833,30.5667,785,2004,8,21.4,,2004-08-01
17124,TR,ESK,LTBI,Eskisehir,39.7833,30.5667,785,2004,9,18.4,,2004-09-01
17124,TR,ESK,LTBI,Eskisehir,39.7833,30.5667,785,2004,10,13.7,,2004-10-01
17124,TR,ESK,LTBI,Eskisehir,39.7833,30.5667,785,2004,11,6.4,,2004-11-01
17124,TR,ESK,LTBI,Eskisehir,39.7833,30.5667,785,2004,12,1.9,,2004-12-01
17124,TR,ESK,LTBI,Eskisehir,39.7833,30.5667,785,2005,1,2.7,,2005-01-01
17124,TR,ESK,LTBI,Eskisehir,39.7833,30.5667,785,2005,2,1.9,,2005-02-01
17124,TR,ESK,LTBI,Eskisehir,39.7833,30.5667,785,2005,3,5.6,,2005-03-01
17124,TR,ESK,LTBI,Eskisehir,39.7833,30.5667,785,2005,4,10.8,,2005-04-01
17124,TR,ESK,LTBI,Eskisehir,39.7833,30.5667,785,2005,5,15.8,,2005-05-01
17124,TR,ESK,LTBI,Eskisehir,39.7833,30.5667,785,2005,6,18.8,,2005-06-01
17124,TR,ESK,LTBI,Eskisehir,39.7833,30.5667,785,2005,7,23.1,,2005-07-01
17124,TR,ESK,LTBI,Eskisehir,39.7833,30.5667,785,2005,8,23.4,,2005-08-01
17124,TR,ESK,LTBI,Eskisehir,39.7833,30.5667,785,2005,9,18.2,,2005-09-01
17124,TR,ESK,LTBI,Eskisehir,39.7833,30.5667,785,2005,10,10.6,,2005-10-01
17124,TR,ESK,LTBI,Eskisehir,39.7833,30.5667,785,2005,11,5.4,,2005-11-01
17124,TR,ESK,LTBI,Eskisehir,39.7833,30.5667,785,2005,12,3.0,,2005-12-01
17124,TR,ESK,LTBI,Eskisehir,39.7833,30.5667,785,2006,1,-1.9,,2006-01-01
17124,TR,ESK,LTBI,Eskisehir,39.7833,30.5667,785,2006,2,-1.3,,2006-02-01
17124,TR,ESK,LTBI,Eskisehir,39.7833,30.5667,785,2006,3,6.6,,2006-03-01
17124,TR,ESK,LTBI,Eskisehir,39.7833,30.5667,785,2006,4,12.2,,2006-04-01
17124,TR,ESK,LTBI,Eskisehir,39.7833,30.5667,785,2006,5,15.5,,2006-05-01
17124,TR,ESK,LTBI,Eskisehir,39.7833,30.5667,785,2006,6,20.4,,2006-06-01
17124,TR,ESK,LTBI,Eskisehir,39.7833,30.5667,785,2006,7,21.6,,2006-07-01
17124,TR,ESK,LTBI,Eskisehir,39.7833,30.5667,785,2006,8,25.4,,2006-08-01
17124,TR,ESK,LTBI,Eskisehir,39.7833,30.5667,785,2006,9,17.6,,2006-09-01
17124,TR,ESK,LTBI,Eskisehir,39.7833,30.5667,785,2006,10,13.3,,2006-10-01
17124,TR,ESK,LTBI,Eskisehir,39.7833,30.5667,785,2006,11,4.6,,2006-11-01
17124,TR,ESK,LTBI,Eskisehir,39.7833,30.5667,785,2006,12,-0.3,,2006-12-01
17124,TR,ESK,LTBI,Eskisehir,39.7833,30.5667,785,2007,1,0.2,,2007-01-01
17124,TR,ESK,LTBI,Eskisehir,39.7833,30.5667,785,2007,2,1.4,,2007-02-01
17124,TR,ESK,LTBI,Eskisehir,39.7833,30.5667,785,2007,3,5.9,,2007-03-01
17124,TR,ESK,LTBI,Eskisehir,39.7833,30.5667,785,2007,4,7.9,,2007-04-01
17124,TR,ESK,LTBI,Eskisehir,39.7833,30.5667,785,2007,5,17.7,,2007-05-01
17124,TR,ESK,LTBI,Eskisehir,39.7833,30.5667,785,2007,6,20.4,,2007-06-01
17124,TR,ESK,LTBI,Eskisehir,39.7833,30.5667,785,2007,7,23.8,,2007-07-01
17124,TR,ESK,LTBI,Eskisehir,39.7833,30.5667,785,2007,8,23.6,,2007-08-01
17124,TR,ESK,LTBI,Eskisehir,39.7833,30.5667,785,2007,9,18.2,,2007-09-01
17124,TR,ESK,LTBI,Eskisehir,39.7833,30.5667,785,2007,10,12.9,,2007-10-01
17124,TR,ESK,LTBI,Eskisehir,39.7833,30.5667,785,2007,11,5.3,,2007-11-01
17124,TR,ESK,LTBI,Eskisehir,39.7833,30.5667,785,2007,12,0.7,,2007-12-01
17124,TR,ESK,LTBI,Eskisehir,39.7833,30.5667,785,2008,1,-3.6,,2008-01-01
17124,TR,ESK,LTBI,Eskisehir,39.7833,30.5667,785,2008,2,0.2,,2008-02-01
17124,TR,ESK,LTBI,Eskisehir,39.7833,30.5667,785,2008,3,8.5,,2008-03-01
17124,TR,ESK,LTBI,Eskisehir,39.7833,30.5667,785,2008,4,11.9,,2008-04-01
17124,TR,ESK,LTBI,Eskisehir,39.7833,30.5667,785,2008,5,13.9,,2008-05-01
17124,TR,ESK,LTBI,Eskisehir,39.7833,30.5667,785,2008,6,20.1,,2008-06-01
17124,TR,ESK,LTBI,Eskisehir,39.7833,30.5667,785,2008,7,21.9,,2008-07-01
17124,TR,ESK,LTBI,Eskisehir,39.7833,30.5667,785,2008,8,23.6,,2008-08-01
17124,TR,ESK,LTBI,Eskisehir,39.7833,30.5667,785,2008,9,17.6,,2008-09-01
17124,TR,ESK,LTBI,Eskisehir,39.7833,30.5667,785,2008,10,11.9,,2008-10-01
17124,TR,ESK,LTBI,Eskisehir,39.7833,30.5667,785,2008,11,7.2,,2008-11-01
17124,TR,ESK,LTBI,Eskisehir,39.7833,30.5667,785,2008,12,1.4,,2008-12-01
17124,TR,ESK,LTBI,Eskisehir,39.7833,30.5667,785,2009,1,0.8,,2009-01-01
17124,TR,ESK,LTBI,Eskisehir,39.7833,30.5667,785,2009,2,3.1,,2009-02-01
17124,TR,ESK,LTBI,Eskisehir,39.7833,30.5667,785,2009,3,4.4,,2009-03-01
17124,TR,ESK,LTBI,Eskisehir,39.7833,30.5667,785,2009,4,10.4,,2009-04-01
17124,TR,ESK,LTBI,Eskisehir,39.7833,30.5667,785,2009,5,14.6,,2009-05-01
17124,TR,ESK,LTBI,Eskisehir,39.7833,30.5667,785,2009,6,20.1,,2009-06-01
17124,TR,ESK,LTBI,Eskisehir,39.7833,30.5667,785,2009,7,21.8,,2009-07-01
17124,TR,ESK,LTBI,Eskisehir,39.7833,30.5667,785,2009,8,21.1,,2009-08-01
17124,TR,ESK,LTBI,Eskisehir,39.7833,30.5667,785,2009,9,16.7,,2009-09-01
17124,TR,ESK,LTBI,Eskisehir,39.7833,30.5667,785,2009,10,14.7,,2009-10-01
17124,TR,ESK,LTBI,Eskisehir,39.7833,30.5667,785,2009,11,6.0,,2009-11-01
17124,TR,ESK,LTBI,Eskisehir,39.7833,30.5667,785,2009,12,4.4,,2009-12-01
17124,TR,ESK,LTBI,Eskisehir,39.7833,30.5667,785,2010,1,2.3,,2010-01-01
17124,TR,ESK,LTBI,Eskisehir,39.7833,30.5667,785,2010,2,5.6,,2010-02-01
17124,TR,ESK,LTBI,Eskisehir,39.7833,30.5667,785,2010,3,6.8,,2010-03-01
17124,TR,ESK,LTBI,Eskisehir,39.7833,30.5667,785,2010,4,10.3,,2010-04-01
17124,TR,ESK,LTBI,Eskisehir,39.7833,30.5667,785,2010,5,16.2,,2010-05-01
17124,TR,ESK,LTBI,Eskisehir,39.7833,30.5667,785,2010,6,19.3,,2010-06-01
17124,TR,ESK,LTBI,Eskisehir,39.7833,30.5667,785,2010,7,23.2,,2010-07-01
17124,TR,ESK,LTBI,Eskisehir,39.7833,30.5667,785,2010,8,25.4,,2010-08-01
17124,TR,ESK,LTBI,Eskisehir,39.7833,30.5667,785,2010,9,19.3,,2010-09-01
17124,TR,ESK,LTBI,Eskisehir,39.7833,30.5667,785,2010,10,10.9,,2010-10-01
17124,TR,ESK,LTBI,Eskisehir,39.7833,30.5667,785,2010,11,10.0,,2010-11-01
17124,TR,ESK,LTBI,Eskisehir,39.7833,30.5667,785,2010,12,5.2,,2010-12-01
17124,TR,ESK,LTBI,Eskisehir,39.7833,30.5667,785,2011,1,1.1,,2011-01-01
17124,TR,ESK,LTBI,Eskisehir,39.7833,30.5667,785,2011,2,1.2,,2011-02-01
17124,TR,ESK,LTBI,Eskisehir,39.7833,30.5667,785,2011,3,4.9,,2011-03-01
17124,TR,ESK,LTBI,Eskisehir,39.7833,30.5667,785,2011,4,8.2,,2011-04-01
17124,TR,ESK,LTBI,Eskisehir,39.7833,30.5667,785,2011,5,13.5,,2011-05-01
17124,TR,ESK,LTBI,Eskisehir,39.7833,30.5667,785,2011,6,17.9,,2011-06-01
17124,TR,ESK,LTBI,Eskisehir,39.7833,30.5667,785,2011,7,22.9,,2011-07-01
17124,TR,ESK,LTBI,Eskisehir,39.7833,30.5667,785,2011,8,21.1,,2011-08-01
17124,TR,ESK,LTBI,Eskisehir,39.7833,30.5667,785,2011,9,18.4,,2011-09-01
17124,TR,ESK,LTBI,Eskisehir,39.7833,30.5667,785,2011,10,9.5,,2011-10-01
17124,TR,ESK,LTBI,Eskisehir,39.7833,30.5667,785,2011,11,1.5,,2011-11-01
17124,TR,ESK,LTBI,Eskisehir,39.7833,30.5667,785,2011,12,1.8,,2011-12-01
17124,TR,ESK,LTBI,Eskisehir,39.7833,30.5667,785,2012,1,-2.6,,2012-01-01
17124,TR,ESK,LTBI,Eskisehir,39.7833,30.5667,785,2012,2,-4.3,,2012-02-01
17124,TR,ESK,LTBI,Eskisehir,39.7833,30.5667,785,2012,3,2.8,,2012-03-01
17124,TR,ESK,LTBI,Eskisehir,39.7833,30.5667,785,2012,4,12.7,,2012-04-01
17124,TR,ESK,LTBI,Eskisehir,39.7833,30.5667,785,2012,5,15.2,,2012-05-01
17124,TR,ESK,LTBI,Eskisehir,39.7833,30.5667,785,2012,6,21.0,,2012-06-01
17124,TR,ESK,LTBI,Eskisehir,39.7833,30.5667,785,2012,7,23.9,,2012-07-01
17124,TR,ESK,LTBI,Eskisehir,39.7833,30.5667,785,2012,8,21.6,,2012-08-01
17124,TR,ESK,LTBI,Eskisehir,39.7833,30.5667,785,2012,9,19.2,,2012-09-01
17124,TR,ESK,LTBI,Eskisehir,39.7833,30.5667,785,2012,10,14.9,,2012-10-01
17124,TR,ESK,LTBI,Eskisehir,39.7833,30.5667,785,2012,11,8.0,,2012-11-01
17124,TR,ESK,LTBI,Eskisehir,39.7833,30.5667,785,2012,12,2.8,,2012-12-01
17124,TR,ESK,LTBI,Eskisehir,39.7833,30.5667,785,2013,1,2.5,,2013-01-01
17124,TR,ESK,LTBI,Eskisehir,39.7833,30.5667,785,2013,2,5.3,,2013-02-01
17124,TR,ESK,LTBI,Eskisehir,39.7833,30.5667,785,2013,3,7.1,,2013-03-01
17124,TR,ESK,LTBI,Eskisehir,39.7833,30.5667,785,2013,4,11.0,,2013-04-01
17124,TR,ESK,LTBI,Eskisehir,39.7833,30.5667,785,2013,5,17.5,,2013-05-01
17124,TR,ESK,LTBI,Eskisehir,39.7833,30.5667,785,2013,6,19.8,,2013-06-01
17124,TR,ESK,LTBI,Eskisehir,39.7833,30.5667,785,2013,7,21.6,,2013-07-01
17124,TR,ESK,LTBI,Eskisehir,39.7833,30.5667,785,2013,8,22.6,,2013-08-01
17124,TR,ESK,LTBI,Eskisehir,39.7833,30.5667,785,2013,9,16.6,,2013-09-01
17124,TR,ESK,LTBI,Eskisehir,39.7833,30.5667,785,2013,10,9.9,,2013-10-01
17124,TR,ESK,LTBI,Eskisehir,39.7833,30.5667,785,2013,11,7.1,22.0,2013-11-01
17124,TR,ESK,LTBI,Eskisehir,39.7833,30.5667,785,2013,12,-2.0,,2013-12-01
17124,TR,ESK,LTBI,Eskisehir,39.7833,30.5667,785,2014,1,3.0,14.0,2014-01-01
17124,TR,ESK,LTBI,Eskisehir,39.7833,30.5667,785,2014,2,4.4,2.0,2014-02-01
17124,TR,ESK,LTBI,Eskisehir,39.7833,30.5667,785,2014,3,6.8,,2014-03-01
17124,TR,ESK,LTBI,Eskisehir,39.7833,30.5667,785,2014,4,11.8,37.0,2014-04-01
17124,TR,ESK,LTBI,Eskisehir,39.7833,30.5667,785,2014,5,15.2,34.0,2014-05-01
17124,TR,ESK,LTBI,Eskisehir,39.7833,30.5667,785,2014,6,18.7,56.0,2014-06-01
17124,TR,ESK,LTBI,Eskisehir,39.7833,30.5667,785,2014,7,22.9,2.0,2014-07-01
17124,TR,ESK,LTBI,Eskisehir,39.7833,30.5667,785,2014,8,23.2,49.0,2014-08-01
17124,TR,ESK,LTBI,Eskisehir,39.7833,30.5667,785,2014,9,17.3,62.0,2014-09-01
17124,TR,ESK,LTBI,Eskisehir,39.7833,30.5667,785,2014,10,12.2,37.0,2014-10-01
17124,TR,ESK,LTBI,Eskisehir,39.7833,30.5667,785,2014,11,6.5,24.0,2014-11-01
17124,TR,ESK,LTBI,Eskisehir,39.7833,30.5667,785,2014,12,5.0,70.0,2014-12-01
17124,TR,ESK,LTBI,Eskisehir,39.7833,30.5667,785,2015,1,-0.9,30.0,2015-01-01
17124,TR,ESK,LTBI,Eskisehir,39.7833,30.5667,785,2015,2,2.8,45.0,2015-02-01
17124,TR,ESK,LTBI,Eskisehir,39.7833,30.5667,785,2015,3,5.9,42.0,2015-03-01
17124,TR,ESK,LTBI,Eskisehir,39.7833,30.5667,785,2015,4,8.1,28.0,2015-04-01
17124,TR,ESK,LTBI,Eskisehir,39.7833,30.5667,785,2015,5,15.9,52.0,2015-05-01
17124,TR,ESK,LTBI,Eskisehir,39.7833,30.5667,785,2015,6,17.0,115.0,2015-06-01
17124,TR,ESK,LTBI,Eskisehir,39.7833,30.5667,785,2015,7,21.7,0.0,2015-07-01
17124,TR,ESK,LTBI,Eskisehir,39.7833,30.5667,785,2015,8,22.5,39.0,2015-08-01
17124,TR,ESK,LTBI,Eskisehir,39.7833,30.5667,785,2015,9,21.0,21.0,2015-09-01
17124,TR,ESK,LTBI,Eskisehir,39.7833,30.5667,785,2015,10,13.2,40.0,2015-10-01
17124,TR,ESK,LTBI,Eskisehir,39.7833,30.5667,785,2015,11,7.7,8.0,2015-11-01
17124,TR,ESK,LTBI,Eskisehir,39.7833,30.5667,785,2015,12,-0.7,2.0,2015-12-01
17124,TR,ESK,LTBI,Eskisehir,39.7833,30.5667,785,2016,1,-0.1,72.0,2016-01-01
17124,TR,ESK,LTBI,Eskisehir,39.7833,30.5667,785,2016,2,6.7,28.0,2016-02-01
17124,TR,ESK,LTBI,Eskisehir,39.7833,30.5667,785,2016,3,7.4,43.0,2016-03-01
17124,TR,ESK,LTBI,Eskisehir,39.7833,30.5667,785,2016,4,12.9,39.0,2016-04-01
17124,TR,ESK,LTBI,Eskisehir,39.7833,30.5667,785,2016,5,14.1,54.0,2016-05-01
17124,TR,ESK,LTBI,Eskisehir,39.7833,30.5667,785,2016,6,20.7,14.0,2016-06-01
17124,TR,ESK,LTBI,Eskisehir,39.7833,30.5667,785,2016,7,22.5,3.0,2016-07-01
17124,TR,ESK,LTBI,Eskisehir,39.7833,30.5667,785,2016,8,22.7,38.0,2016-08-01
17124,TR,ESK,LTBI,Eskisehir,39.7833,30.5667,785,2016,9,17.7,26.0,2016-09-01
17124,TR,ESK,LTBI,Eskisehir,39.7833,30.5667,785,2016,10,12.1,4.0,2016-10-01
17124,TR,ESK,LTBI,Eskisehir,39.7833,30.5667,785,2016,11,5.3,24.0,2016-11-01
17124,TR,ESK,LTBI,Eskisehir,39.7833,30.5667,785,2016,12,-1.3,29.0,2016-12-01
17124,TR,ESK,LTBI,Eskisehir,39.7833,30.5667,785,2017,1,-2.2,32.0,2017-01-01
17124,TR,ESK,LTBI,Eskisehir,39.7833,30.5667,785,2017,2,2.0,10.0,2017-02-01
17124,TR,ESK,LTBI,Eskisehir,39.7833,30.5667,785,2017,3,7.6,24.0,2017-03-01
17124,TR,ESK,LTBI,Eskisehir,39.7833,30.5667,785,2017,4,9.6,54.0,2017-04-01
17124,TR,ESK,LTBI,Eskisehir,39.7833,30.5667,785,2017,5,14.3,72.0,2017-05-01
17124,TR,ESK,LTBI,Eskisehir,39.7833,30.5667,785,2017,6,18.8,35.0,2017-06-01
17124,TR,ESK,LTBI,Eskisehir,39.7833,30.5667,785,2017,7,22.6,19.0,2017-07-01
17124,TR,ESK,LTBI,Eskisehir,39.7833,30.5667,785,2017,8,21.7,28.0,2017-08-01
17124,TR,ESK,LTBI,Eskisehir,39.7833,30.5667,785,2017,9,19.4,13.0,2017-09-01
17124,TR,ESK,LTBI,Eskisehir,39.7833,30.5667,785,2017,10,10.5,42.0,2017-10-01
17124,TR,ESK,LTBI,Eskisehir,39.7833,30.5667,785,2017,11,5.5,26.0,2017-11-01
17124,TR,ESK,LTBI,Eskisehir,39.7833,30.5667,785,2017,12,3.6,30.0,2017-12-01
17124,TR,ESK,LTBI,Eskisehir,39.7833,30.5667,785,2018,1,1.3,32.0,2018-01-01
17124,TR,ESK,LTBI,Eskisehir,39.7833,30.5667,785,2018,2,5.7,35.0,2018-02-01
17124,TR,ESK,LTBI,Eskisehir,39.7833,30.5667,785,2018,3,9.1,47.0,2018-03-01
17124,TR,ESK,LTBI,Eskisehir,39.7833,30.5667,785,2018,4,13.7,9.0,2018-04-01
17124,TR,ESK,LTBI,Eskisehir,39.7833,30.5667,785,2018,5,16.5,61.0,2018-05-01
17124,TR,ESK,LTBI,Eskisehir,39.7833,30.5667,785,2018,6,19.5,49.0,2018-06-01
17124,TR,ESK,LTBI,Eskisehir,39.7833,30.5667,785,2018,7,22.0,47.0,2018-07-01
17124,TR,ESK,LTBI,Eskisehir,39.7833,30.5667,785,2018,8,22.8,2.0,2018-08-01
17124,TR,ESK,LTBI,Eskisehir,39.7833,30.5667,785,2018,9,18.3,3.0,2018-09-01
17124,TR,ESK,LTBI,Eskisehir,39.7833,30.5667,785,2018,10,13.0,8.0,2018-10-01
17124,TR,ESK,LTBI,Eskisehir,39.7833,30.5667,785,2018,11,7.2,7.0,2018-11-01
17124,TR,ESK,LTBI,Eskisehir,39.7833,30.5667,785,2018,12,2.0,19.0,2018-12-01
17124,TR,ESK,LTBI,Eskisehir,39.7833,30.5667,785,2019,1,1.3,25.0,2019-01-01
17124,TR,ESK,LTBI,Eskisehir,39.7833,30.5667,785,2019,2,3.2,35.0,2019-02-01
17124,TR,ESK,LTBI,Eskisehir,39.7833,30.5667,785,2019,3,6.3,10.0,2019-03-01
17124,TR,ESK,LTBI,Eskisehir,39.7833,30.5667,785,2019,4,9.4,47.0,2019-04-01
17124,TR,ESK,LTBI,Eskisehir,39.7833,30.5667,785,2019,5,16.0,75.0,2019-05-01
17124,TR,ESK,LTBI,Eskisehir,39.7833,30.5667,785,2019,6,20.5,31.0,2019-06-01
17124,TR,ESK,LTBI,Eskisehir,39.7833,30.5667,785,2019,7,21.0,23.0,2019-07-01
17124,TR,ESK,LTBI,Eskisehir,39.7833,30.5667,785,2019,8,22.1,2.0,2019-08-01
17124,TR,ESK,LTBI,Eskisehir,39.7833,30.5667,785,2019,9,18.1,5.0,2019-09-01
17124,TR,ESK,LTBI,Eskisehir,39.7833,30.5667,785,2019,10,13.8,9.0,2019-10-01
17124,TR,ESK,LTBI,Eskisehir,39.7833,30.5667,785,2019,11,8.2,31.0,2019-11-01
17124,TR,ESK,LTBI,Eskisehir,39.7833,30.5667,785,2019,12,2.5,59.0,2019-12-01
17124,TR,ESK,LTBI,Eskisehir,39.7833,30.5667,785,2020,1,-0.6,42.0,2020-01-01
17124,TR,ESK,LTBI,Eskisehir,39.7833,30.5667,785,2020,2,3.2,37.0,2020-02-01
17124,TR,ESK,LTBI,Eskisehir,39.7833,30.5667,785,2020,3,7.3,19.0,2020-03-01
17124,TR,ESK,LTBI,Eskisehir,39.7833,30.5667,785,2020,4,9.9,22.0,2020-04-01
17124,TR,ESK,LTBI,Eskisehir,39.7833,30.5667,785,2020,5,15.0,36.0,2020-05-01
17124,TR,ESK,LTBI,Eskisehir,39.7833,30.5667,785,2020,6,18.3,163.0,2020-06-01
17124,TR,ESK,LTBI,Eskisehir,39.7833,30.5667,785,2020,7,22.3,3.0,2020-07-01
17124,TR,ESK,LTBI,Eskisehir,39.7833,30.5667,785,2020,8,22.4,0.0,2020-08-01
17124,TR,ESK,LTBI,Eskisehir,39.7833,30.5667,785,2020,9,20.6,1.0,2020-09-01
17124,TR,ESK,LTBI,Eskisehir,39.7833,30.5667,785,2020,10,14.8,109.0,2020-10-01
17124,TR,ESK,LTBI,Eskisehir,39.7833,30.5667,785,2020,11,4.6,1.0,2020-11-01
17124,TR,ESK,LTBI,Eskisehir,39.7833,30.5667,785,2020,12,4.5,12.0,2020-12-01
17124,TR,ESK,LTBI,Eskisehir,39.7833,30.5667,785,2021,1,2.1,67.0,2021-01-01
17124,TR,ESK,LTBI,Eskisehir,39.7833,30.5667,785,2021,2,3.3,4.0,2021-02-01
17124,TR,ESK,LTBI,Eskisehir,39.7833,30.5667,785,2021,3,3.6,47.0,2021-03-01
17124,TR,ESK,LTBI,Eskisehir,39.7833,30.5667,785,2021,4,10.2,47.0,2021-04-01
17124,TR,ESK,LTBI,Eskisehir,39.7833,30.5667,785,2021,5,16.3,20.0,2021-05-01
17124,TR,ESK,LTBI,Eskisehir,39.7833,30.5667,785,2021,6,17.2,88.0,2021-06-01
17124,TR,ESK,LTBI,Eskisehir,39.7833,30.5667,785,2021,7,22.7,6.0,2021-07-01
17124,TR,ESK,LTBI,Eskisehir,39.7833,30.5667,785,2021,8,22.8,0.0,2021-08-01
17124,TR,ESK,LTBI,Eskisehir,39.7833,30.5667,785,2021,9,16.4,50.0,2021-09-01
17124,TR,ESK,LTBI,Eskisehir,39.7833,30.5667,785,2021,10,10.9,17.0,2021-10-01
17124,TR,ESK,LTBI,Eskisehir,39.7833,30.5667,785,2021,11,7.5,68.0,2021-11-01
17124,TR,ESK,LTBI,Eskisehir,39.7833,30.5667,785,2021,12,3.5,21.0,2021-12-01
17124,TR,ESK,LTBI,Eskisehir,39.7833,30.5667,785,2022,1,-1.0,19.0,2022-01-01
17124,TR,ESK,LTBI,Eskisehir,39.7833,30.5667,785,2022,2,2.5,30.0,2022-02-01
17124,TR,ESK,LTBI,Eskisehir,39.7833,30.5667,785,2022,3,0.7,19.0,2022-03-01
17124,TR,ESK,LTBI,Eskisehir,39.7833,30.5667,785,2022,4,11.8,10.0,2022-04-01
17124,TR,ESK,LTBI,Eskisehir,39.7833,30.5667,785,2022,5,15.3,31.0,2022-05-01
17124,TR,ESK,LTBI,Eskisehir,39.7833,30.5667,785,2022,6,19.3,74.0,2022-06-01
17124,TR,ESK,LTBI,Eskisehir,39.7833,30.5667,785,2022,7,21.2,10.0,2022-07-01
17124,TR,ESK,LTBI,Eskisehir,39.7833,30.5667,785,2022,8,22.6,35.0,2022-08-01
17124,TR,ESK,LTBI,Eskisehir,39.7833,30.5667,785,2022,9,17.9,4.0,2022-09-01
17124,TR,ESK,LTBI,Eskisehir,39.7833,30.5667,785,2022,10,11.6,24.0,2022-10-01
17124,TR,ESK,LTBI,Eskisehir,39.7833,30.5667,785,2022,11,8.0,14.0,2022-11-01
17124,TR,ESK,LTBI,Eskisehir,39.7833,30.5667,785,2022,12,4.8,18.0,2022-12-01
17124,TR,ESK,LTBI,Eskisehir,39.7833,30.5667,785,2023,1,2.4,16.0,2023-01-01
17124,TR,ESK,LTBI,Eskisehir,39.7833,30.5667,785,2023,2,1.4,10.0,2023-02-01
17124,TR,ESK,LTBI,Eskisehir,39.7833,30.5667,785,2023,3,6.7,103.0,2023-03-01
17124,TR,ESK,LTBI,Eskisehir,39.7833,30.5667,785,2023,4,9.7,35.0,2023-04-01
17124,TR,ESK,LTBI,Eskisehir,39.7833,30.5667,785,2023,5,13.6,63.0,2023-05-01
17124,TR,ESK,LTBI,Eskisehir,39.7833,30.5667,785,2023,6,18.5,40.0,2023-06-01
17124,TR,ESK,LTBI,Eskisehir,39.7833,30.5667,785,2023,7,22.3,7.0,2023-07-01
17124,TR,ESK,LTBI,Eskisehir,39.7833,30.5667,785,2023,8,24.6,3.0,2023-08-01
17124,TR,ESK,LTBI,Eskisehir,39.7833,30.5667,785,2023,9,18.9,57.0,2023-09-01
17124,TR,ESK,LTBI,Eskisehir,39.7833,30.5667,785,2023,10,13.7,1.0,2023-10-01
17124,TR,ESK,LTBI,Eskisehir,39.7833,30.5667,785,2023,11,9.0,82.0,2023-11-01
17124,TR,ESK,LTBI,Eskisehir,39.7833,30.5667,785,2023,12,5.1,32.0,2023-12-01
17124,TR,ESK,LTBI,Eskisehir,39.7833,30.5667,785,2024,1,2.4,56.0,2024-01-01
17124,TR,ESK,LTBI,Eskisehir,39.7833,30.5667,785,2024,2,5.2,5.0,2024-02-01
17124,TR,ESK,LTBI,Eskisehir,39.7833,30.5667,785,2024,3,7.4,24.0,2024-03-01
17124,TR,ESK,LTBI,Eskisehir,39.7833,30.5667,785,2024,4,14.8,8.0,2024-04-01
17124,TR,ESK,LTBI,Eskisehir,39.7833,30.5667,785,2024,5,14.3,32.0,2024-05-01
17124,TR,ESK,LTBI,Eskisehir,39.7833,30.5667,785,2024,6,23.1,11.0,2024-06-01
17124,TR,ESK,LTBI,Eskisehir,39.7833,30.5667,785,2024,7,24.1,19.0,2024-07-01
17124,TR,ESK,LTBI,Eskisehir,39.7833,30.5667,785,2024,8,23.1,0.2,2024-08-01
17124,TR,ESK,LTBI,Eskisehir,39.7833,30.5667,785,2024,9,19.3,24.0,2024-09-01
17124,TR,ESK,LTBI,Eskisehir,39.7833,30.5667,785,2024,10,12.0,0.4,2024-10-01
17124,TR,ESK,LTBI,Eskisehir,39.7833,30.5667,785,2024,11,5.8,21.0,2024-11-01
17124,TR,ESK,LTBI,Eskisehir,39.7833,30.5667,785,2024,12,3.8,47.0,2024-12-01
17124,TR,ESK,LTBI,Eskisehir,39.7833,30.5667,785,2025,1,3.3,35.0,2025-01-01
17124,TR,ESK,LTBI,Eskisehir,39.7833,30.5667,785,2025,2,0.3,19.0,2025-02-01
17124,TR,ESK,LTBI,Eskisehir,39.7833,30.5667,785,2025,3,9.0,2.0,2025-03-01
17124,TR,ESK,LTBI,Eskisehir,39.7833,30.5667,785,2025,4,9.5,45.0,2025-04-01
17124,TR,ESK,LTBI,Eskisehir,39.7833,30.5667,785,2025,5,15.5,17.0,2025-05-01
17124,TR,ESK,LTBI,Eskisehir,39.7833,30.5667,785,2025,6,20.6,0.6,2025-06-01
17124,TR,ESK,LTBI,Eskisehir,39.7833,30.5667,785,2025,7,24.5,3.0,2025-07-01
17124,TR,ESK,LTBI,Eskisehir,39.7833,30.5667,785,2025,8,23.5,1.0,2025-08-01
17124,TR,ESK,LTBI,Eskisehir,39.7833,30.5667,785,2025,9,18.2,5.0,2025-09-01
17124,TR,ESK,LTBI,Eskisehir,39.7833,30.5667,785,2025,10,12.1,53.0,2025-10-01
17124,TR,ESK,LTBI,Eskisehir,39.7833,30.5667,785,2025,11,8.5,25.0,2025-11-01
17124,TR,ESK,LTBI,Eskisehir,39.7833,30.5667,785,2025,12,2.9,17.0,2025-12-01
17124,TR,ESK,LTBI,Eskisehir,39.7833,30.5667,785,2026,1,1.9,50.0,2026-01-01
17124,TR,ESK,LTBI,Eskisehir,39.7833,30.5667,785,2026,2,5.4,60.0,2026-02-01
17124,TR,ESK,LTBI,Eskisehir,39.7833,30.5667,785,2026,3,5.5,13.0,2026-03-01
17124,TR,ESK,LTBI,Eskisehir,39.7833,30.5667,785,2026,4,,,2026-04-01
17124,TR,ESK,LTBI,Eskisehir,39.7833,30.5667,785,2026,5,,,2026-05-01
17124,TR,ESK,LTBI,Eskisehir,39.7833,30.5667,785,2026,6,,,2026-06-01
17124,TR,ESK,LTBI,Eskisehir,39.7833,30.5667,785,2026,7,,,2026-07-01
17124,TR,ESK,LTBI,Eskisehir,39.7833,30.5667,785,2026,8,,,2026-08-01
17124,TR,ESK,LTBI,Eskisehir,39.7833,30.5667,785,2026,9,,,2026-09-01
17124,TR,ESK,LTBI,Eskisehir,39.7833,30.5667,785,2026,10,,,2026-10-01
17124,TR,ESK,LTBI,Eskisehir,39.7833,30.5667,785,2026,11,,,2026-11-01
17124,TR,ESK,LTBI,Eskisehir,39.7833,30.5667,785,2026,12,,,2026-12-01
17150,TR,BAL,LTBF,Balikesir,39.6167,27.9167,101,1937,1,,56.0,1937-01-01
17150,TR,BAL,LTBF,Balikesir,39.6167,27.9167,101,1937,2,,68.0,1937-02-01
17150,TR,BAL,LTBF,Balikesir,39.6167,27.9167,101,1937,3,,13.0,1937-03-01
17150,TR,BAL,LTBF,Balikesir,39.6167,27.9167,101,1937,4,,59.0,1937-04-01
17150,TR,BAL,LTBF,Balikesir,39.6167,27.9167,101,1937,5,,15.0,1937-05-01
17150,TR,BAL,LTBF,Balikesir,39.6167,27.9167,101,1937,6,,0.8,1937-06-01
17150,TR,BAL,LTBF,Balikesir,39.6167,27.9167,101,1937,7,,16.0,1937-07-01
17150,TR,BAL,LTBF,Balikesir,39.6167,27.9167,101,1937,8,,34.0,1937-08-01
17150,TR,BAL,LTBF,Balikesir,39.6167,27.9167,101,1937,9,,10.0,1937-09-01
17150,TR,BAL,LTBF,Balikesir,39.6167,27.9167,101,1937,10,,91.0,1937-10-01
17150,TR,BAL,LTBF,Balikesir,39.6167,27.9167,101,1937,11,,122.0,1937-11-01
17150,TR,BAL,LTBF,Balikesir,39.6167,27.9167,101,1937,12,,99.0,1937-12-01
17150,TR,BAL,LTBF,Balikesir,39.6167,27.9167,101,1938,1,,62.0,1938-01-01
17150,TR,BAL,LTBF,Balikesir,39.6167,27.9167,101,1938,2,,67.0,1938-02-01
17150,TR,BAL,LTBF,Balikesir,39.6167,27.9167,101,1938,3,,38.0,1938-03-01
17150,TR,BAL,LTBF,Balikesir,39.6167,27.9167,101,1938,4,,45.0,1938-04-01
17150,TR,BAL,LTBF,Balikesir,39.6167,27.9167,101,1938,5,,68.0,1938-05-01
17150,TR,BAL,LTBF,Balikesir,39.6167,27.9167,101,1938,6,,5.0,1938-06-01
17150,TR,BAL,LTBF,Balikesir,39.6167,27.9167,101,1938,7,,7.0,1938-07-01
17150,TR,BAL,LTBF,Balikesir,39.6167,27.9167,101,1938,8,,0.0,1938-08-01
17150,TR,BAL,LTBF,Balikesir,39.6167,27.9167,101,1938,9,,43.0,1938-09-01
17150,TR,BAL,LTBF,Balikesir,39.6167,27.9167,101,1938,10,,59.0,1938-10-01
17150,TR,BAL,LTBF,Balikesir,39.6167,27.9167,101,1938,11,,22.0,1938-11-01
17150,TR,BAL,LTBF,Balikesir,39.6167,27.9167,101,1938,12,,96.0,1938-12-01
17150,TR,BAL,LTBF,Balikesir,39.6167,27.9167,101,1939,1,,66.0,1939-01-01
17150,TR,BAL,LTBF,Balikesir,39.6167,27.9167,101,1939,2,,17.0,1939-02-01
17150,TR,BAL,LTBF,Balikesir,39.6167,27.9167,101,1939,3,,132.0,1939-03-01
17150,TR,BAL,LTBF,Balikesir,39.6167,27.9167,101,1939,4,,1.0,1939-04-01
17150,TR,BAL,LTBF,Balikesir,39.6167,27.9167,101,1939,5,,27.0,1939-05-01
17150,TR,BAL,LTBF,Balikesir,39.6167,27.9167,101,1939,6,,54.0,1939-06-01
17150,TR,BAL,LTBF,Balikesir,39.6167,27.9167,101,1939,7,,5.0,1939-07-01
17150,TR,BAL,LTBF,Balikesir,39.6167,27.9167,101,1939,8,,11.0,1939-08-01
17150,TR,BAL,LTBF,Balikesir,39.6167,27.9167,101,1939,9,,31.0,1939-09-01
17150,TR,BAL,LTBF,Balikesir,39.6167,27.9167,101,1939,10,,40.0,1939-10-01
17150,TR,BAL,LTBF,Balikesir,39.6167,27.9167,101,1939,11,,120.0,1939-11-01
17150,TR,BAL,LTBF,Balikesir,39.6167,27.9167,101,1939,12,,208.0,1939-12-01
17150,TR,BAL,LTBF,Balikesir,39.6167,27.9167,101,1940,1,,71.0,1940-01-01
17150,TR,BAL,LTBF,Balikesir,39.6167,27.9167,101,1940,2,,65.0,1940-02-01
17150,TR,BAL,LTBF,Balikesir,39.6167,27.9167,101,1940,3,,72.0,1940-03-01
17150,TR,BAL,LTBF,Balikesir,39.6167,27.9167,101,1940,4,,166.0,1940-04-01
17150,TR,BAL,LTBF,Balikesir,39.6167,27.9167,101,1940,5,,39.0,1940-05-01
17150,TR,BAL,LTBF,Balikesir,39.6167,27.9167,101,1940,6,,100.0,1940-06-01
17150,TR,BAL,LTBF,Balikesir,39.6167,27.9167,101,1940,7,,33.0,1940-07-01
17150,TR,BAL,LTBF,Balikesir,39.6167,27.9167,101,1940,8,,,1940-08-01
17150,TR,BAL,LTBF,Balikesir,39.6167,27.9167,101,1940,9,,8.0,1940-09-01
17150,TR,BAL,LTBF,Balikesir,39.6167,27.9167,101,1940,10,,55.0,1940-10-01
17150,TR,BAL,LTBF,Balikesir,39.6167,27.9167,101,1940,11,,62.0,1940-11-01
17150,TR,BAL,LTBF,Balikesir,39.6167,27.9167,101,1940,12,,238.0,1940-12-01
17150,TR,BAL,LTBF,Balikesir,39.6167,27.9167,101,1941,1,,120.0,1941-01-01
17150,TR,BAL,LTBF,Balikesir,39.6167,27.9167,101,1941,2,,128.0,1941-02-01
17150,TR,BAL,LTBF,Balikesir,39.6167,27.9167,101,1941,3,,17.0,1941-03-01
17150,TR,BAL,LTBF,Balikesir,39.6167,27.9167,101,1941,4,,44.0,1941-04-01
17150,TR,BAL,LTBF,Balikesir,39.6167,27.9167,101,1941,5,,40.0,1941-05-01
17150,TR,BAL,LTBF,Balikesir,39.6167,27.9167,101,1941,6,,16.0,1941-06-01
17150,TR,BAL,LTBF,Balikesir,39.6167,27.9167,101,1941,7,,4.0,1941-07-01
17150,TR,BAL,LTBF,Balikesir,39.6167,27.9167,101,1941,8,,,1941-08-01
17150,TR,BAL,LTBF,Balikesir,39.6167,27.9167,101,1941,9,,9.0,1941-09-01
17150,TR,BAL,LTBF,Balikesir,39.6167,27.9167,101,1941,10,,83.0,1941-10-01
17150,TR,BAL,LTBF,Balikesir,39.6167,27.9167,101,1941,11,,28.0,1941-11-01
17150,TR,BAL,LTBF,Balikesir,39.6167,27.9167,101,1941,12,,68.0,1941-12-01
17150,TR,BAL,LTBF,Balikesir,39.6167,27.9167,101,1942,1,,157.0,1942-01-01
17150,TR,BAL,LTBF,Balikesir,39.6167,27.9167,101,1942,2,,95.0,1942-02-01
17150,TR,BAL,LTBF,Balikesir,39.6167,27.9167,101,1942,3,,30.0,1942-03-01
17150,TR,BAL,LTBF,Balikesir,39.6167,27.9167,101,1942,4,,30.0,1942-04-01
17150,TR,BAL,LTBF,Balikesir,39.6167,27.9167,101,1942,5,,46.0,1942-05-01
17150,TR,BAL,LTBF,Balikesir,39.6167,27.9167,101,1942,6,,6.0,1942-06-01
17150,TR,BAL,LTBF,Balikesir,39.6167,27.9167,101,1942,7,,23.0,1942-07-01
17150,TR,BAL,LTBF,Balikesir,39.6167,27.9167,101,1942,8,,19.0,1942-08-01
17150,TR,BAL,LTBF,Balikesir,39.6167,27.9167,101,1942,9,,18.0,1942-09-01
17150,TR,BAL,LTBF,Balikesir,39.6167,27.9167,101,1942,10,,60.0,1942-10-01
17150,TR,BAL,LTBF,Balikesir,39.6167,27.9167,101,1942,11,,136.0,1942-11-01
17150,TR,BAL,LTBF,Balikesir,39.6167,27.9167,101,1942,12,,36.0,1942-12-01
17150,TR,BAL,LTBF,Balikesir,39.6167,27.9167,101,1943,1,,156.0,1943-01-01
17150,TR,BAL,LTBF,Balikesir,39.6167,27.9167,101,1943,2,,20.0,1943-02-01
17150,TR,BAL,LTBF,Balikesir,39.6167,27.9167,101,1943,3,,11.0,1943-03-01
17150,TR,BAL,LTBF,Balikesir,39.6167,27.9167,101,1943,4,,73.0,1943-04-01
17150,TR,BAL,LTBF,Balikesir,39.6167,27.9167,101,1943,5,,102.0,1943-05-01
17150,TR,BAL,LTBF,Balikesir,39.6167,27.9167,101,1943,6,,19.0,1943-06-01
17150,TR,BAL,LTBF,Balikesir,39.6167,27.9167,101,1943,7,,0.6,1943-07-01
17150,TR,BAL,LTBF,Balikesir,39.6167,27.9167,101,1943,8,,,1943-08-01
17150,TR,BAL,LTBF,Balikesir,39.6167,27.9167,101,1943,9,,43.0,1943-09-01
17150,TR,BAL,LTBF,Balikesir,39.6167,27.9167,101,1943,10,,15.0,1943-10-01
17150,TR,BAL,LTBF,Balikesir,39.6167,27.9167,101,1943,11,,89.0,1943-11-01
17150,TR,BAL,LTBF,Balikesir,39.6167,27.9167,101,1943,12,,98.0,1943-12-01
17150,TR,BAL,LTBF,Balikesir,39.6167,27.9167,101,1944,1,,60.0,1944-01-01
17150,TR,BAL,LTBF,Balikesir,39.6167,27.9167,101,1944,2,,215.0,1944-02-01
17150,TR,BAL,LTBF,Balikesir,39.6167,27.9167,101,1944,3,,204.0,1944-03-01
17150,TR,BAL,LTBF,Balikesir,39.6167,27.9167,101,1944,4,,24.0,1944-04-01
17150,TR,BAL,LTBF,Balikesir,39.6167,27.9167,101,1944,5,,50.0,1944-05-01
17150,TR,BAL,LTBF,Balikesir,39.6167,27.9167,101,1944,6,,6.0,1944-06-01
17150,TR,BAL,LTBF,Balikesir,39.6167,27.9167,101,1944,7,,14.0,1944-07-01
17150,TR,BAL,LTBF,Balikesir,39.6167,27.9167,101,1944,8,,15.0,1944-08-01
17150,TR,BAL,LTBF,Balikesir,39.6167,27.9167,101,1944,9,,18.0,1944-09-01
17150,TR,BAL,LTBF,Balikesir,39.6167,27.9167,101,1944,10,,107.0,1944-10-01
17150,TR,BAL,LTBF,Balikesir,39.6167,27.9167,101,1944,11,,69.0,1944-11-01
17150,TR,BAL,LTBF,Balikesir,39.6167,27.9167,101,1944,12,,26.0,1944-12-01
17150,TR,BAL,LTBF,Balikesir,39.6167,27.9167,101,1945,1,,216.0,1945-01-01
17150,TR,BAL,LTBF,Balikesir,39.6167,27.9167,101,1945,2,,34.0,1945-02-01
17150,TR,BAL,LTBF,Balikesir,39.6167,27.9167,101,1945,3,,40.0,1945-03-01
17150,TR,BAL,LTBF,Balikesir,39.6167,27.9167,101,1945,4,,52.0,1945-04-01
17150,TR,BAL,LTBF,Balikesir,39.6167,27.9167,101,1945,5,,2.0,1945-05-01
17150,TR,BAL,LTBF,Balikesir,39.6167,27.9167,101,1945,6,,0.0,1945-06-01
17150,TR,BAL,LTBF,Balikesir,39.6167,27.9167,101,1945,7,,0.2,1945-07-01
17150,TR,BAL,LTBF,Balikesir,39.6167,27.9167,101,1945,8,,,1945-08-01
17150,TR,BAL,LTBF,Balikesir,39.6167,27.9167,101,1945,9,,1.0,1945-09-01
17150,TR,BAL,LTBF,Balikesir,39.6167,27.9167,101,1945,10,,32.0,1945-10-01
17150,TR,BAL,LTBF,Balikesir,39.6167,27.9167,101,1945,11,,37.0,1945-11-01
17150,TR,BAL,LTBF,Balikesir,39.6167,27.9167,101,1945,12,,131.0,1945-12-01
17150,TR,BAL,LTBF,Balikesir,39.6167,27.9167,101,1946,1,,37.0,1946-01-01
17150,TR,BAL,LTBF,Balikesir,39.6167,27.9167,101,1946,2,,102.0,1946-02-01
17150,TR,BAL,LTBF,Balikesir,39.6167,27.9167,101,1946,3,,89.0,1946-03-01
17150,TR,BAL,LTBF,Balikesir,39.6167,27.9167,101,1946,4,,16.0,1946-04-01
17150,TR,BAL,LTBF,Balikesir,39.6167,27.9167,101,1946,5,,30.0,1946-05-01
17150,TR,BAL,LTBF,Balikesir,39.6167,27.9167,101,1946,6,,6.0,1946-06-01
17150,TR,BAL,LTBF,Balikesir,39.6167,27.9167,101,1946,7,,0.3,1946-07-01
17150,TR,BAL,LTBF,Balikesir,39.6167,27.9167,101,1946,8,,,1946-08-01
17150,TR,BAL,LTBF,Balikesir,39.6167,27.9167,101,1946,9,,1.0,1946-09-01
17150,TR,BAL,LTBF,Balikesir,39.6167,27.9167,101,1946,10,,58.0,1946-10-01
17150,TR,BAL,LTBF,Balikesir,39.6167,27.9167,101,1946,11,,93.0,1946-11-01
17150,TR,BAL,LTBF,Balikesir,39.6167,27.9167,101,1946,12,,104.0,1946-12-01
17150,TR,BAL,LTBF,Balikesir,39.6167,27.9167,101,1947,1,,80.0,1947-01-01
17150,TR,BAL,LTBF,Balikesir,39.6167,27.9167,101,1947,2,,73.0,1947-02-01
17150,TR,BAL,LTBF,Balikesir,39.6167,27.9167,101,1947,3,,50.0,1947-03-01
17150,TR,BAL,LTBF,Balikesir,39.6167,27.9167,101,1947,4,,13.0,1947-04-01
17150,TR,BAL,LTBF,Balikesir,39.6167,27.9167,101,1947,5,,6.0,1947-05-01
17150,TR,BAL,LTBF,Balikesir,39.6167,27.9167,101,1947,6,,6.0,1947-06-01
17150,TR,BAL,LTBF,Balikesir,39.6167,27.9167,101,1947,7,,5.0,1947-07-01
17150,TR,BAL,LTBF,Balikesir,39.6167,27.9167,101,1947,8,,42.0,1947-08-01
17150,TR,BAL,LTBF,Balikesir,39.6167,27.9167,101,1947,9,,5.0,1947-09-01
17150,TR,BAL,LTBF,Balikesir,39.6167,27.9167,101,1947,10,,80.0,1947-10-01
17150,TR,BAL,LTBF,Balikesir,39.6167,27.9167,101,1947,11,,82.0,1947-11-01
17150,TR,BAL,LTBF,Balikesir,39.6167,27.9167,101,1947,12,,148.0,1947-12-01
17150,TR,BAL,LTBF,Balikesir,39.6167,27.9167,101,1948,1,,88.0,1948-01-01
17150,TR,BAL,LTBF,Balikesir,39.6167,27.9167,101,1948,2,,107.0,1948-02-01
17150,TR,BAL,LTBF,Balikesir,39.6167,27.9167,101,1948,3,,56.0,1948-03-01
17150,TR,BAL,LTBF,Balikesir,39.6167,27.9167,101,1948,4,,51.0,1948-04-01
17150,TR,BAL,LTBF,Balikesir,39.6167,27.9167,101,1948,5,,54.0,1948-05-01
17150,TR,BAL,LTBF,Balikesir,39.6167,27.9167,101,1948,6,,63.0,1948-06-01
17150,TR,BAL,LTBF,Balikesir,39.6167,27.9167,101,1948,7,,,1948-07-01
17150,TR,BAL,LTBF,Balikesir,39.6167,27.9167,101,1948,8,,,1948-08-01
17150,TR,BAL,LTBF,Balikesir,39.6167,27.9167,101,1948,9,,0.0,1948-09-01
17150,TR,BAL,LTBF,Balikesir,39.6167,27.9167,101,1948,10,,17.0,1948-10-01
17150,TR,BAL,LTBF,Balikesir,39.6167,27.9167,101,1948,11,,9.0,1948-11-01
17150,TR,BAL,LTBF,Balikesir,39.6167,27.9167,101,1948,12,,14.0,1948-12-01
17150,TR,BAL,LTBF,Balikesir,39.6167,27.9167,101,1949,1,,39.0,1949-01-01
17150,TR,BAL,LTBF,Balikesir,39.6167,27.9167,101,1949,2,,14.0,1949-02-01
17150,TR,BAL,LTBF,Balikesir,39.6167,27.9167,101,1949,3,,118.0,1949-03-01
17150,TR,BAL,LTBF,Balikesir,39.6167,27.9167,101,1949,4,,59.0,1949-04-01
17150,TR,BAL,LTBF,Balikesir,39.6167,27.9167,101,1949,5,,26.0,1949-05-01
17150,TR,BAL,LTBF,Balikesir,39.6167,27.9167,101,1949,6,,48.0,1949-06-01
17150,TR,BAL,LTBF,Balikesir,39.6167,27.9167,101,1949,7,,49.0,1949-07-01
17150,TR,BAL,LTBF,Balikesir,39.6167,27.9167,101,1949,8,,10.0,1949-08-01
17150,TR,BAL,LTBF,Balikesir,39.6167,27.9167,101,1949,9,,28.0,1949-09-01
17150,TR,BAL,LTBF,Balikesir,39.6167,27.9167,101,1949,10,,,1949-10-01
17150,TR,BAL,LTBF,Balikesir,39.6167,27.9167,101,1949,11,,47.0,1949-11-01
17150,TR,BAL,LTBF,Balikesir,39.6167,27.9167,101,1949,12,,82.0,1949-12-01
17150,TR,BAL,LTBF,Balikesir,39.6167,27.9167,101,1950,1,1.4,112.0,1950-01-01
17150,TR,BAL,LTBF,Balikesir,39.6167,27.9167,101,1950,2,5.0,39.0,1950-02-01
17150,TR,BAL,LTBF,Balikesir,39.6167,27.9167,101,1950,3,7.8,35.0,1950-03-01
17150,TR,BAL,LTBF,Balikesir,39.6167,27.9167,101,1950,4,15.6,36.0,1950-04-01
17150,TR,BAL,LTBF,Balikesir,39.6167,27.9167,101,1950,5,17.2,65.0,1950-05-01
17150,TR,BAL,LTBF,Balikesir,39.6167,27.9167,101,1950,6,22.1,13.0,1950-06-01
17150,TR,BAL,LTBF,Balikesir,39.6167,27.9167,101,1950,7,24.9,2.0,1950-07-01
17150,TR,BAL,LTBF,Balikesir,39.6167,27.9167,101,1950,8,23.7,8.0,1950-08-01
17150,TR,BAL,LTBF,Balikesir,39.6167,27.9167,101,1950,9,22.1,21.0,1950-09-01
17150,TR,BAL,LTBF,Balikesir,39.6167,27.9167,101,1950,10,13.5,21.0,1950-10-01
17150,TR,BAL,LTBF,Balikesir,39.6167,27.9167,101,1950,11,9.0,65.0,1950-11-01
17150,TR,BAL,LTBF,Balikesir,39.6167,27.9167,101,1950,12,8.7,107.0,1950-12-01
17150,TR,BAL,LTBF,Balikesir,39.6167,27.9167,101,1951,1,6.7,69.0,1951-01-01
17150,TR,BAL,LTBF,Balikesir,39.6167,27.9167,101,1951,2,8.1,80.0,1951-02-01
17150,TR,BAL,LTBF,Balikesir,39.6167,27.9167,101,1951,3,10.5,70.0,1951-03-01
17150,TR,BAL,LTBF,Balikesir,39.6167,27.9167,101,1951,4,13.7,23.0,1951-04-01
17150,TR,BAL,LTBF,Balikesir,39.6167,27.9167,101,1951,5,19.0,69.0,1951-05-01
17150,TR,BAL,LTBF,Balikesir,39.6167,27.9167,101,1951,6,21.2,3.0,1951-06-01
17150,TR,BAL,LTBF,Balikesir,39.6167,27.9167,101,1951,7,24.3,28.0,1951-07-01
17150,TR,BAL,LTBF,Balikesir,39.6167,27.9167,101,1951,8,25.3,4.0,1951-08-01
17150,TR,BAL,LTBF,Balikesir,39.6167,27.9167,101,1951,9,21.8,5.0,1951-09-01
17150,TR,BAL,LTBF,Balikesir,39.6167,27.9167,101,1951,10,13.5,55.0,1951-10-01
17150,TR,BAL,LTBF,Balikesir,39.6167,27.9167,101,1951,11,11.8,45.0,1951-11-01
17150,TR,BAL,LTBF,Balikesir,39.6167,27.9167,101,1951,12,5.1,62.0,1951-12-01
17150,TR,BAL,LTBF,Balikesir,39.6167,27.9167,101,1952,1,7.0,126.0,1952-01-01
17150,TR,BAL,LTBF,Balikesir,39.6167,27.9167,101,1952,2,7.0,194.0,1952-02-01
17150,TR,BAL,LTBF,Balikesir,39.6167,27.9167,101,1952,3,8.4,27.0,1952-03-01
17150,TR,BAL,LTBF,Balikesir,39.6167,27.9167,101,1952,4,13.4,5.0,1952-04-01
17150,TR,BAL,LTBF,Balikesir,39.6167,27.9167,101,1952,5,16.3,55.0,1952-05-01
17150,TR,BAL,LTBF,Balikesir,39.6167,27.9167,101,1952,6,20.4,15.0,1952-06-01
17150,TR,BAL,LTBF,Balikesir,39.6167,27.9167,101,1952,7,23.1,,1952-07-01
17150,TR,BAL,LTBF,Balikesir,39.6167,27.9167,101,1952,8,26.2,,1952-08-01
17150,TR,BAL,LTBF,Balikesir,39.6167,27.9167,101,1952,9,24.6,11.0,1952-09-01
17150,TR,BAL,LTBF,Balikesir,39.6167,27.9167,101,1952,10,17.4,111.0,1952-10-01
17150,TR,BAL,LTBF,Balikesir,39.6167,27.9167,101,1952,11,13.3,138.0,1952-11-01
17150,TR,BAL,LTBF,Balikesir,39.6167,27.9167,101,1952,12,11.7,39.0,1952-12-01
17150,TR,BAL,LTBF,Balikesir,39.6167,27.9167,101,1953,1,7.4,107.0,1953-01-01
17150,TR,BAL,LTBF,Balikesir,39.6167,27.9167,101,1953,2,6.9,114.0,1953-02-01
17150,TR,BAL,LTBF,Balikesir,39.6167,27.9167,101,1953,3,4.6,43.0,1953-03-01
17150,TR,BAL,LTBF,Balikesir,39.6167,27.9167,101,1953,4,12.9,29.0,1953-04-01
17150,TR,BAL,LTBF,Balikesir,39.6167,27.9167,101,1953,5,16.6,52.0,1953-05-01
17150,TR,BAL,LTBF,Balikesir,39.6167,27.9167,101,1953,6,22.0,78.0,1953-06-01
17150,TR,BAL,LTBF,Balikesir,39.6167,27.9167,101,1953,7,24.8,,1953-07-01
17150,TR,BAL,LTBF,Balikesir,39.6167,27.9167,101,1953,8,24.7,,1953-08-01
17150,TR,BAL,LTBF,Balikesir,39.6167,27.9167,101,1953,9,19.9,17.0,1953-09-01
17150,TR,BAL,LTBF,Balikesir,39.6167,27.9167,101,1953,10,15.5,58.0,1953-10-01
17150,TR,BAL,LTBF,Balikesir,39.6167,27.9167,101,1953,11,7.5,21.0,1953-11-01
17150,TR,BAL,LTBF,Balikesir,39.6167,27.9167,101,1953,12,2.8,43.0,1953-12-01
17150,TR,BAL,LTBF,Balikesir,39.6167,27.9167,101,1954,1,1.4,90.0,1954-01-01
17150,TR,BAL,LTBF,Balikesir,39.6167,27.9167,101,1954,2,2.9,88.0,1954-02-01
17150,TR,BAL,LTBF,Balikesir,39.6167,27.9167,101,1954,3,9.1,45.0,1954-03-01
17150,TR,BAL,LTBF,Balikesir,39.6167,27.9167,101,1954,4,10.7,57.0,1954-04-01
17150,TR,BAL,LTBF,Balikesir,39.6167,27.9167,101,1954,5,17.8,42.0,1954-05-01
17150,TR,BAL,LTBF,Balikesir,39.6167,27.9167,101,1954,6,24.1,4.0,1954-06-01
17150,TR,BAL,LTBF,Balikesir,39.6167,27.9167,101,1954,7,26.0,11.0,1954-07-01
17150,TR,BAL,LTBF,Balikesir,39.6167,27.9167,101,1954,8,26.0,0.3,1954-08-01
17150,TR,BAL,LTBF,Balikesir,39.6167,27.9167,101,1954,9,21.9,12.0,1954-09-01
17150,TR,BAL,LTBF,Balikesir,39.6167,27.9167,101,1954,10,17.2,10.0,1954-10-01
17150,TR,BAL,LTBF,Balikesir,39.6167,27.9167,101,1954,11,11.3,72.0,1954-11-01
17150,TR,BAL,LTBF,Balikesir,39.6167,27.9167,101,1954,12,7.2,103.0,1954-12-01
17150,TR,BAL,LTBF,Balikesir,39.6167,27.9167,101,1955,1,8.7,77.0,1955-01-01
17150,TR,BAL,LTBF,Balikesir,39.6167,27.9167,101,1955,2,11.2,82.0,1955-02-01
17150,TR,BAL,LTBF,Balikesir,39.6167,27.9167,101,1955,3,9.5,47.0,1955-03-01
17150,TR,BAL,LTBF,Balikesir,39.6167,27.9167,101,1955,4,10.6,80.0,1955-04-01
17150,TR,BAL,LTBF,Balikesir,39.6167,27.9167,101,1955,5,17.9,1.0,1955-05-01
17150,TR,BAL,LTBF,Balikesir,39.6167,27.9167,101,1955,6,21.6,6.0,1955-06-01
17150,TR,BAL,LTBF,Balikesir,39.6167,27.9167,101,1955,7,24.8,9.0,1955-07-01
17150,TR,BAL,LTBF,Balikesir,39.6167,27.9167,101,1955,8,23.7,6.0,1955-08-01
17150,TR,BAL,LTBF,Balikesir,39.6167,27.9167,101,1955,9,21.6,0.5,1955-09-01
17150,TR,BAL,LTBF,Balikesir,39.6167,27.9167,101,1955,10,18.3,53.0,1955-10-01
17150,TR,BAL,LTBF,Balikesir,39.6167,27.9167,101,1955,11,10.6,293.0,1955-11-01
17150,TR,BAL,LTBF,Balikesir,39.6167,27.9167,101,1955,12,8.0,49.0,1955-12-01
17150,TR,BAL,LTBF,Balikesir,39.6167,27.9167,101,1956,1,6.6,63.0,1956-01-01
17150,TR,BAL,LTBF,Balikesir,39.6167,27.9167,101,1956,2,4.8,102.0,1956-02-01
17150,TR,BAL,LTBF,Balikesir,39.6167,27.9167,101,1956,3,5.2,78.0,1956-03-01
17150,TR,BAL,LTBF,Balikesir,39.6167,27.9167,101,1956,4,13.2,32.0,1956-04-01
17150,TR,BAL,LTBF,Balikesir,39.6167,27.9167,101,1956,5,17.1,26.0,1956-05-01
17150,TR,BAL,LTBF,Balikesir,39.6167,27.9167,101,1956,6,21.3,17.0,1956-06-01
17150,TR,BAL,LTBF,Balikesir,39.6167,27.9167,101,1956,7,24.4,13.0,1956-07-01
17150,TR,BAL,LTBF,Balikesir,39.6167,27.9167,101,1956,8,25.5,7.0,1956-08-01
17150,TR,BAL,LTBF,Balikesir,39.6167,27.9167,101,1956,9,20.4,0.7,1956-09-01
17150,TR,BAL,LTBF,Balikesir,39.6167,27.9167,101,1956,10,14.5,10.0,1956-10-01
17150,TR,BAL,LTBF,Balikesir,39.6167,27.9167,101,1956,11,10.0,61.0,1956-11-01
17150,TR,BAL,LTBF,Balikesir,39.6167,27.9167,101,1956,12,5.1,42.0,1956-12-01
17150,TR,BAL,LTBF,Balikesir,39.6167,27.9167,101,1957,1,4.1,47.0,1957-01-01
17150,TR,BAL,LTBF,Balikesir,39.6167,27.9167,101,1957,2,7.9,29.0,1957-02-01
17150,TR,BAL,LTBF,Balikesir,39.6167,27.9167,101,1957,3,7.5,24.0,1957-03-01
17150,TR,BAL,LTBF,Balikesir,39.6167,27.9167,101,1957,4,12.2,21.0,1957-04-01
17150,TR,BAL,LTBF,Balikesir,39.6167,27.9167,101,1957,5,16.4,42.0,1957-05-01
17150,TR,BAL,LTBF,Balikesir,39.6167,27.9167,101,1957,6,22.3,30.0,1957-06-01
17150,TR,BAL,LTBF,Balikesir,39.6167,27.9167,101,1957,7,24.1,0.3,1957-07-01
17150,TR,BAL,LTBF,Balikesir,39.6167,27.9167,101,1957,8,25.6,,1957-08-01
17150,TR,BAL,LTBF,Balikesir,39.6167,27.9167,101,1957,9,22.2,18.0,1957-09-01
17150,TR,BAL,LTBF,Balikesir,39.6167,27.9167,101,1957,10,17.8,7.0,1957-10-01
17150,TR,BAL,LTBF,Balikesir,39.6167,27.9167,101,1957,11,11.1,83.0,1957-11-01
17150,TR,BAL,LTBF,Balikesir,39.6167,27.9167,101,1957,12,6.4,59.0,1957-12-01
17150,TR,BAL,LTBF,Balikesir,39.6167,27.9167,101,1958,1,5.7,89.0,1958-01-01
17150,TR,BAL,LTBF,Balikesir,39.6167,27.9167,101,1958,2,9.4,18.0,1958-02-01
17150,TR,BAL,LTBF,Balikesir,39.6167,27.9167,101,1958,3,9.1,124.0,1958-03-01
17150,TR,BAL,LTBF,Balikesir,39.6167,27.9167,101,1958,4,12.8,61.0,1958-04-01
17150,TR,BAL,LTBF,Balikesir,39.6167,27.9167,101,1958,5,19.2,23.0,1958-05-01
17150,TR,BAL,LTBF,Balikesir,39.6167,27.9167,101,1958,6,21.8,15.0,1958-06-01
17150,TR,BAL,LTBF,Balikesir,39.6167,27.9167,101,1958,7,24.5,0.4,1958-07-01
17150,TR,BAL,LTBF,Balikesir,39.6167,27.9167,101,1958,8,24.4,6.0,1958-08-01
17150,TR,BAL,LTBF,Balikesir,39.6167,27.9167,101,1958,9,19.5,30.0,1958-09-01
17150,TR,BAL,LTBF,Balikesir,39.6167,27.9167,101,1958,10,14.8,68.0,1958-10-01
17150,TR,BAL,LTBF,Balikesir,39.6167,27.9167,101,1958,11,11.1,45.0,1958-11-01
17150,TR,BAL,LTBF,Balikesir,39.6167,27.9167,101,1958,12,8.9,103.0,1958-12-01
17150,TR,BAL,LTBF,Balikesir,39.6167,27.9167,101,1959,1,5.8,143.0,1959-01-01
17150,TR,BAL,LTBF,Balikesir,39.6167,27.9167,101,1959,2,3.0,11.0,1959-02-01
17150,TR,BAL,LTBF,Balikesir,39.6167,27.9167,101,1959,3,7.5,44.0,1959-03-01
17150,TR,BAL,LTBF,Balikesir,39.6167,27.9167,101,1959,4,12.9,28.0,1959-04-01
17150,TR,BAL,LTBF,Balikesir,39.6167,27.9167,101,1959,5,16.7,29.0,1959-05-01
17150,TR,BAL,LTBF,Balikesir,39.6167,27.9167,101,1959,6,20.8,42.0,1959-06-01
17150,TR,BAL,LTBF,Balikesir,39.6167,27.9167,101,1959,7,24.5,45.0,1959-07-01
17150,TR,BAL,LTBF,Balikesir,39.6167,27.9167,101,1959,8,24.6,0.0,1959-08-01
17150,TR,BAL,LTBF,Balikesir,39.6167,27.9167,101,1959,9,18.4,4.0,1959-09-01
17150,TR,BAL,LTBF,Balikesir,39.6167,27.9167,101,1959,10,13.1,37.0,1959-10-01
17150,TR,BAL,LTBF,Balikesir,39.6167,27.9167,101,1959,11,10.0,55.0,1959-11-01
17150,TR,BAL,LTBF,Balikesir,39.6167,27.9167,101,1959,12,9.4,121.0,1959-12-01
17150,TR,BAL,LTBF,Balikesir,39.6167,27.9167,101,1960,1,6.9,122.0,1960-01-01
17150,TR,BAL,LTBF,Balikesir,39.6167,27.9167,101,1960,2,6.8,93.0,1960-02-01
17150,TR,BAL,LTBF,Balikesir,39.6167,27.9167,101,1960,3,8.0,45.0,1960-03-01
17150,TR,BAL,LTBF,Balikesir,39.6167,27.9167,101,1960,4,11.8,37.0,1960-04-01
17150,TR,BAL,LTBF,Balikesir,39.6167,27.9167,101,1960,5,17.3,84.0,1960-05-01
17150,TR,BAL,LTBF,Balikesir,39.6167,27.9167,101,1960,6,20.6,74.0,1960-06-01
17150,TR,BAL,LTBF,Balikesir,39.6167,27.9167,101,1960,7,23.5,4.0,1960-07-01
17150,TR,BAL,LTBF,Balikesir,39.6167,27.9167,101,1960,8,24.4,0.0,1960-08-01
17150,TR,BAL,LTBF,Balikesir,39.6167,27.9167,101,1960,9,20.1,26.0,1960-09-01
17150,TR,BAL,LTBF,Balikesir,39.6167,27.9167,101,1960,10,18.7,24.0,1960-10-01
17150,TR,BAL,LTBF,Balikesir,39.6167,27.9167,101,1960,11,13.1,63.0,1960-11-01
17150,TR,BAL,LTBF,Balikesir,39.6167,27.9167,101,1960,12,11.1,144.0,1960-12-01
17150,TR,BAL,LTBF,Balikesir,39.6167,27.9167,101,1961,1,5.1,62.0,1961-01-01
17150,TR,BAL,LTBF,Balikesir,39.6167,27.9167,101,1961,2,5.2,64.0,1961-02-01
17150,TR,BAL,LTBF,Balikesir,39.6167,27.9167,101,1961,3,8.6,15.0,1961-03-01
17150,TR,BAL,LTBF,Balikesir,39.6167,27.9167,101,1961,4,14.6,53.0,1961-04-01
17150,TR,BAL,LTBF,Balikesir,39.6167,27.9167,101,1961,5,17.7,29.0,1961-05-01
17150,TR,BAL,LTBF,Balikesir,39.6167,27.9167,101,1961,6,21.9,45.0,1961-06-01
17150,TR,BAL,LTBF,Balikesir,39.6167,27.9167,101,1961,7,23.5,3.0,1961-07-01
17150,TR,BAL,LTBF,Balikesir,39.6167,27.9167,101,1961,8,24.5,5.0,1961-08-01
17150,TR,BAL,LTBF,Balikesir,39.6167,27.9167,101,1961,9,18.9,8.0,1961-09-01
17150,TR,BAL,LTBF,Balikesir,39.6167,27.9167,101,1961,10,15.7,23.0,1961-10-01
17150,TR,BAL,LTBF,Balikesir,39.6167,27.9167,101,1961,11,13.6,54.0,1961-11-01
17150,TR,BAL,LTBF,Balikesir,39.6167,27.9167,101,1961,12,8.3,60.0,1961-12-01
17150,TR,BAL,LTBF,Balikesir,39.6167,27.9167,101,1962,1,6.5,62.0,1962-01-01
17150,TR,BAL,LTBF,Balikesir,39.6167,27.9167,101,1962,2,5.1,95.0,1962-02-01
17150,TR,BAL,LTBF,Balikesir,39.6167,27.9167,101,1962,3,10.7,103.0,1962-03-01
17150,TR,BAL,LTBF,Balikesir,39.6167,27.9167,101,1962,4,12.1,42.0,1962-04-01
17150,TR,BAL,LTBF,Balikesir,39.6167,27.9167,101,1962,5,18.2,22.0,1962-05-01
17150,TR,BAL,LTBF,Balikesir,39.6167,27.9167,101,1962,6,21.1,13.0,1962-06-01
17150,TR,BAL,LTBF,Balikesir,39.6167,27.9167,101,1962,7,23.8,4.0,1962-07-01
17150,TR,BAL,LTBF,Balikesir,39.6167,27.9167,101,1962,8,25.6,,1962-08-01
17150,TR,BAL,LTBF,Balikesir,39.6167,27.9167,101,1962,9,21.4,7.0,1962-09-01
17150,TR,BAL,LTBF,Balikesir,39.6167,27.9167,101,1962,10,17.0,59.0,1962-10-01
17150,TR,BAL,LTBF,Balikesir,39.6167,27.9167,101,1962,11,15.3,112.0,1962-11-01
17150,TR,BAL,LTBF,Balikesir,39.6167,27.9167,101,1962,12,8.4,294.0,1962-12-01
17150,TR,BAL,LTBF,Balikesir,39.6167,27.9167,101,1963,1,5.6,187.0,1963-01-01
17150,TR,BAL,LTBF,Balikesir,39.6167,27.9167,101,1963,2,8.7,78.0,1963-02-01
17150,TR,BAL,LTBF,Balikesir,39.6167,27.9167,101,1963,3,7.0,47.0,1963-03-01
17150,TR,BAL,LTBF,Balikesir,39.6167,27.9167,101,1963,4,10.9,48.0,1963-04-01
17150,TR,BAL,LTBF,Balikesir,39.6167,27.9167,101,1963,5,16.7,30.0,1963-05-01
17150,TR,BAL,LTBF,Balikesir,39.6167,27.9167,101,1963,6,21.7,31.0,1963-06-01
17150,TR,BAL,LTBF,Balikesir,39.6167,27.9167,101,1963,7,25.1,10.0,1963-07-01
17150,TR,BAL,LTBF,Balikesir,39.6167,27.9167,101,1963,8,25.7,,1963-08-01
17150,TR,BAL,LTBF,Balikesir,39.6167,27.9167,101,1963,9,22.4,7.0,1963-09-01
17150,TR,BAL,LTBF,Balikesir,39.6167,27.9167,101,1963,10,16.5,66.0,1963-10-01
17150,TR,BAL,LTBF,Balikesir,39.6167,27.9167,101,1963,11,11.4,49.0,1963-11-01
17150,TR,BAL,LTBF,Balikesir,39.6167,27.9167,101,1963,12,7.8,177.0,1963-12-01
17150,TR,BAL,LTBF,Balikesir,39.6167,27.9167,101,1964,1,0.3,16.0,1964-01-01
17150,TR,BAL,LTBF,Balikesir,39.6167,27.9167,101,1964,2,4.5,73.0,1964-02-01
17150,TR,BAL,LTBF,Balikesir,39.6167,27.9167,101,1964,3,8.1,116.0,1964-03-01
17150,TR,BAL,LTBF,Balikesir,39.6167,27.9167,101,1964,4,12.6,8.0,1964-04-01
17150,TR,BAL,LTBF,Balikesir,39.6167,27.9167,101,1964,5,15.9,45.0,1964-05-01
17150,TR,BAL,LTBF,Balikesir,39.6167,27.9167,101,1964,6,22.0,2.0,1964-06-01
17150,TR,BAL,LTBF,Balikesir,39.6167,27.9167,101,1964,7,23.6,0.0,1964-07-01
17150,TR,BAL,LTBF,Balikesir,39.6167,27.9167,101,1964,8,22.7,10.0,1964-08-01
17150,TR,BAL,LTBF,Balikesir,39.6167,27.9167,101,1964,9,19.1,65.0,1964-09-01
17150,TR,BAL,LTBF,Balikesir,39.6167,27.9167,101,1964,10,16.5,0.0,1964-10-01
17150,TR,BAL,LTBF,Balikesir,39.6167,27.9167,101,1964,11,10.0,74.0,1964-11-01
17150,TR,BAL,LTBF,Balikesir,39.6167,27.9167,101,1964,12,8.1,153.0,1964-12-01
17150,TR,BAL,LTBF,Balikesir,39.6167,27.9167,101,1965,1,5.3,43.0,1965-01-01
17150,TR,BAL,LTBF,Balikesir,39.6167,27.9167,101,1965,2,2.9,200.0,1965-02-01
17150,TR,BAL,LTBF,Balikesir,39.6167,27.9167,101,1965,3,8.3,33.0,1965-03-01
17150,TR,BAL,LTBF,Balikesir,39.6167,27.9167,101,1965,4,11.5,148.0,1965-04-01
17150,TR,BAL,LTBF,Balikesir,39.6167,27.9167,101,1965,5,16.7,48.0,1965-05-01
17150,TR,BAL,LTBF,Balikesir,39.6167,27.9167,101,1965,6,22.4,3.0,1965-06-01
17150,TR,BAL,LTBF,Balikesir,39.6167,27.9167,101,1965,7,24.4,0.0,1965-07-01
17150,TR,BAL,LTBF,Balikesir,39.6167,27.9167,101,1965,8,22.4,13.0,1965-08-01
17150,TR,BAL,LTBF,Balikesir,39.6167,27.9167,101,1965,9,21.2,0.0,1965-09-01
17150,TR,BAL,LTBF,Balikesir,39.6167,27.9167,101,1965,10,13.6,16.0,1965-10-01
17150,TR,BAL,LTBF,Balikesir,39.6167,27.9167,101,1965,11,11.4,111.0,1965-11-01
17150,TR,BAL,LTBF,Balikesir,39.6167,27.9167,101,1965,12,9.0,89.0,1965-12-01
17150,TR,BAL,LTBF,Balikesir,39.6167,27.9167,101,1966,1,6.5,137.0,1966-01-01
17150,TR,BAL,LTBF,Balikesir,39.6167,27.9167,101,1966,2,9.6,13.0,1966-02-01
17150,TR,BAL,LTBF,Balikesir,39.6167,27.9167,101,1966,3,8.6,139.0,1966-03-01
17150,TR,BAL,LTBF,Balikesir,39.6167,27.9167,101,1966,4,13.9,120.0,1966-04-01
17150,TR,BAL,LTBF,Balikesir,39.6167,27.9167,101,1966,5,16.6,55.0,1966-05-01
17150,TR,BAL,LTBF,Balikesir,39.6167,27.9167,101,1966,6,20.4,24.0,1966-06-01
17150,TR,BAL,LTBF,Balikesir,39.6167,27.9167,101,1966,7,24.9,0.0,1966-07-01
17150,TR,BAL,LTBF,Balikesir,39.6167,27.9167,101,1966,8,25.2,20.0,1966-08-01
17150,TR,BAL,LTBF,Balikesir,39.6167,27.9167,101,1966,9,20.0,36.0,1966-09-01
17150,TR,BAL,LTBF,Balikesir,39.6167,27.9167,101,1966,10,18.8,12.0,1966-10-01
17150,TR,BAL,LTBF,Balikesir,39.6167,27.9167,101,1966,11,13.7,53.0,1966-11-01
17150,TR,BAL,LTBF,Balikesir,39.6167,27.9167,101,1966,12,8.2,115.0,1966-12-01
17150,TR,BAL,LTBF,Balikesir,39.6167,27.9167,101,1967,1,3.3,161.0,1967-01-01
17150,TR,BAL,LTBF,Balikesir,39.6167,27.9167,101,1967,2,3.2,21.0,1967-02-01
17150,TR,BAL,LTBF,Balikesir,39.6167,27.9167,101,1967,3,8.1,46.0,1967-03-01
17150,TR,BAL,LTBF,Balikesir,39.6167,27.9167,101,1967,4,13.1,69.0,1967-04-01
17150,TR,BAL,LTBF,Balikesir,39.6167,27.9167,101,1967,5,17.4,18.0,1967-05-01
17150,TR,BAL,LTBF,Balikesir,39.6167,27.9167,101,1967,6,20.3,48.0,1967-06-01
17150,TR,BAL,LTBF,Balikesir,39.6167,27.9167,101,1967,7,24.3,0.0,1967-07-01
17150,TR,BAL,LTBF,Balikesir,39.6167,27.9167,101,1967,8,24.6,0.3,1967-08-01
17150,TR,BAL,LTBF,Balikesir,39.6167,27.9167,101,1967,9,20.7,59.0,1967-09-01
17150,TR,BAL,LTBF,Balikesir,39.6167,27.9167,101,1967,10,16.2,66.0,1967-10-01
17150,TR,BAL,LTBF,Balikesir,39.6167,27.9167,101,1967,11,10.9,16.0,1967-11-01
17150,TR,BAL,LTBF,Balikesir,39.6167,27.9167,101,1967,12,7.8,97.0,1967-12-01
17150,TR,BAL,LTBF,Balikesir,39.6167,27.9167,101,1968,1,3.8,264.0,1968-01-01
17150,TR,BAL,LTBF,Balikesir,39.6167,27.9167,101,1968,2,6.3,63.0,1968-02-01
17150,TR,BAL,LTBF,Balikesir,39.6167,27.9167,101,1968,3,7.4,56.0,1968-03-01
17150,TR,BAL,LTBF,Balikesir,39.6167,27.9167,101,1968,4,13.9,17.0,1968-04-01
17150,TR,BAL,LTBF,Balikesir,39.6167,27.9167,101,1968,5,20.4,60.0,1968-05-01
17150,TR,BAL,LTBF,Balikesir,39.6167,27.9167,101,1968,6,21.7,24.0,1968-06-01
17150,TR,BAL,LTBF,Balikesir,39.6167,27.9167,101,1968,7,24.3,,1968-07-01
17150,TR,BAL,LTBF,Balikesir,39.6167,27.9167,101,1968,8,22.7,49.0,1968-08-01
17150,TR,BAL,LTBF,Balikesir,39.6167,27.9167,101,1968,9,19.9,67.0,1968-09-01
17150,TR,BAL,LTBF,Balikesir,39.6167,27.9167,101,1968,10,14.3,14.0,1968-10-01
17150,TR,BAL,LTBF,Balikesir,39.6167,27.9167,101,1968,11,10.7,43.0,1968-11-01
17150,TR,BAL,LTBF,Balikesir,39.6167,27.9167,101,1968,12,7.9,59.0,1968-12-01
17150,TR,BAL,LTBF,Balikesir,39.6167,27.9167,101,1969,1,3.6,120.0,1969-01-01
17150,TR,BAL,LTBF,Balikesir,39.6167,27.9167,101,1969,2,8.2,70.0,1969-02-01
17150,TR,BAL,LTBF,Balikesir,39.6167,27.9167,101,1969,3,7.6,56.0,1969-03-01
17150,TR,BAL,LTBF,Balikesir,39.6167,27.9167,101,1969,4,10.9,46.0,1969-04-01
17150,TR,BAL,LTBF,Balikesir,39.6167,27.9167,101,1969,5,19.5,10.0,1969-05-01
17150,TR,BAL,LTBF,Balikesir,39.6167,27.9167,101,1969,6,23.3,64.0,1969-06-01
17150,TR,BAL,LTBF,Balikesir,39.6167,27.9167,101,1969,7,22.0,53.0,1969-07-01
17150,TR,BAL,LTBF,Balikesir,39.6167,27.9167,101,1969,8,24.1,4.0,1969-08-01
17150,TR,BAL,LTBF,Balikesir,39.6167,27.9167,101,1969,9,22.0,0.9,1969-09-01
17150,TR,BAL,LTBF,Balikesir,39.6167,27.9167,101,1969,10,15.7,2.0,1969-10-01
17150,TR,BAL,LTBF,Balikesir,39.6167,27.9167,101,1969,11,12.5,5.0,1969-11-01
17150,TR,BAL,LTBF,Balikesir,39.6167,27.9167,101,1969,12,9.5,150.0,1969-12-01
17150,TR,BAL,LTBF,Balikesir,39.6167,27.9167,101,1970,1,7.7,72.0,1970-01-01
17150,TR,BAL,LTBF,Balikesir,39.6167,27.9167,101,1970,2,9.5,156.0,1970-02-01
17150,TR,BAL,LTBF,Balikesir,39.6167,27.9167,101,1970,3,10.2,59.0,1970-03-01
17150,TR,BAL,LTBF,Balikesir,39.6167,27.9167,101,1970,4,15.5,56.0,1970-04-01
17150,TR,BAL,LTBF,Balikesir,39.6167,27.9167,101,1970,5,16.8,44.0,1970-05-01
17150,TR,BAL,LTBF,Balikesir,39.6167,27.9167,101,1970,6,21.9,10.0,1970-06-01
17150,TR,BAL,LTBF,Balikesir,39.6167,27.9167,101,1970,7,24.7,6.0,1970-07-01
17150,TR,BAL,LTBF,Balikesir,39.6167,27.9167,101,1970,8,24.3,4.0,1970-08-01
17150,TR,BAL,LTBF,Balikesir,39.6167,27.9167,101,1970,9,20.0,19.0,1970-09-01
17150,TR,BAL,LTBF,Balikesir,39.6167,27.9167,101,1970,10,14.4,35.0,1970-10-01
17150,TR,BAL,LTBF,Balikesir,39.6167,27.9167,101,1970,11,10.8,72.0,1970-11-01
17150,TR,BAL,LTBF,Balikesir,39.6167,27.9167,101,1970,12,6.4,65.0,1970-12-01
17150,TR,BAL,LTBF,Balikesir,39.6167,27.9167,101,1971,1,8.6,76.0,1971-01-01
17150,TR,BAL,LTBF,Balikesir,39.6167,27.9167,101,1971,2,6.1,70.0,1971-02-01
17150,TR,BAL,LTBF,Balikesir,39.6167,27.9167,101,1971,3,8.8,93.0,1971-03-01
17150,TR,BAL,LTBF,Balikesir,39.6167,27.9167,101,1971,4,12.0,20.0,1971-04-01
17150,TR,BAL,LTBF,Balikesir,39.6167,27.9167,101,1971,5,18.5,30.0,1971-05-01
17150,TR,BAL,LTBF,Balikesir,39.6167,27.9167,101,1971,6,21.7,13.0,1971-06-01
17150,TR,BAL,LTBF,Balikesir,39.6167,27.9167,101,1971,7,23.0,11.0,1971-07-01
17150,TR,BAL,LTBF,Balikesir,39.6167,27.9167,101,1971,8,24.3,3.0,1971-08-01
17150,TR,BAL,LTBF,Balikesir,39.6167,27.9167,101,1971,9,20.5,16.0,1971-09-01
17150,TR,BAL,LTBF,Balikesir,39.6167,27.9167,101,1971,10,13.7,20.0,1971-10-01
17150,TR,BAL,LTBF,Balikesir,39.6167,27.9167,101,1971,11,10.8,94.0,1971-11-01
17150,TR,BAL,LTBF,Balikesir,39.6167,27.9167,101,1971,12,5.2,99.0,1971-12-01
17150,TR,BAL,LTBF,Balikesir,39.6167,27.9167,101,1972,1,2.8,35.0,1972-01-01
17150,TR,BAL,LTBF,Balikesir,39.6167,27.9167,101,1972,2,5.2,27.0,1972-02-01
17150,TR,BAL,LTBF,Balikesir,39.6167,27.9167,101,1972,3,8.6,22.0,1972-03-01
17150,TR,BAL,LTBF,Balikesir,39.6167,27.9167,101,1972,4,15.9,76.0,1972-04-01
17150,TR,BAL,LTBF,Balikesir,39.6167,27.9167,101,1972,5,17.6,66.0,1972-05-01
17150,TR,BAL,LTBF,Balikesir,39.6167,27.9167,101,1972,6,22.5,29.0,1972-06-01
17150,TR,BAL,LTBF,Balikesir,39.6167,27.9167,101,1972,7,24.8,11.0,1972-07-01
17150,TR,BAL,LTBF,Balikesir,39.6167,27.9167,101,1972,8,24.0,52.0,1972-08-01
17150,TR,BAL,LTBF,Balikesir,39.6167,27.9167,101,1972,9,21.3,52.0,1972-09-01
17150,TR,BAL,LTBF,Balikesir,39.6167,27.9167,101,1972,10,14.5,88.0,1972-10-01
17150,TR,BAL,LTBF,Balikesir,39.6167,27.9167,101,1972,11,10.7,36.0,1972-11-01
17150,TR,BAL,LTBF,Balikesir,39.6167,27.9167,101,1972,12,4.6,0.2,1972-12-01
17150,TR,BAL,LTBF,Balikesir,39.6167,27.9167,101,1973,1,4.0,29.0,1973-01-01
17150,TR,BAL,LTBF,Balikesir,39.6167,27.9167,101,1973,2,8.2,123.0,1973-02-01
17150,TR,BAL,LTBF,Balikesir,39.6167,27.9167,101,1973,3,7.0,49.0,1973-03-01
17150,TR,BAL,LTBF,Balikesir,39.6167,27.9167,101,1973,4,12.2,100.0,1973-04-01
17150,TR,BAL,LTBF,Balikesir,39.6167,27.9167,101,1973,5,18.0,16.0,1973-05-01
17150,TR,BAL,LTBF,Balikesir,39.6167,27.9167,101,1973,6,20.4,34.0,1973-06-01
17150,TR,BAL,LTBF,Balikesir,39.6167,27.9167,101,1973,7,24.8,7.0,1973-07-01
17150,TR,BAL,LTBF,Balikesir,39.6167,27.9167,101,1973,8,22.6,27.0,1973-08-01
17150,TR,BAL,LTBF,Balikesir,39.6167,27.9167,101,1973,9,21.1,16.0,1973-09-01
17150,TR,BAL,LTBF,Balikesir,39.6167,27.9167,101,1973,10,16.3,66.0,1973-10-01
17150,TR,BAL,LTBF,Balikesir,39.6167,27.9167,101,1973,11,8.2,132.0,1973-11-01
17150,TR,BAL,LTBF,Balikesir,39.6167,27.9167,101,1973,12,6.9,111.0,1973-12-01
17150,TR,BAL,LTBF,Balikesir,39.6167,27.9167,101,1974,1,1.5,36.0,1974-01-01
17150,TR,BAL,LTBF,Balikesir,39.6167,27.9167,101,1974,2,6.0,66.0,1974-02-01
17150,TR,BAL,LTBF,Balikesir,39.6167,27.9167,101,1974,3,8.2,53.0,1974-03-01
17150,TR,BAL,LTBF,Balikesir,39.6167,27.9167,101,1974,4,11.3,52.0,1974-04-01
17150,TR,BAL,LTBF,Balikesir,39.6167,27.9167,101,1974,5,16.9,86.0,1974-05-01
17150,TR,BAL,LTBF,Balikesir,39.6167,27.9167,101,1974,6,21.8,5.0,1974-06-01
17150,TR,BAL,LTBF,Balikesir,39.6167,27.9167,101,1974,7,23.7,8.0,1974-07-01
17150,TR,BAL,LTBF,Balikesir,39.6167,27.9167,101,1974,8,23.5,5.0,1974-08-01
17150,TR,BAL,LTBF,Balikesir,39.6167,27.9167,101,1974,9,20.6,18.0,1974-09-01
17150,TR,BAL,LTBF,Balikesir,39.6167,27.9167,101,1974,10,18.9,4.0,1974-10-01
17150,TR,BAL,LTBF,Balikesir,39.6167,27.9167,101,1974,11,10.5,88.0,1974-11-01
17150,TR,BAL,LTBF,Balikesir,39.6167,27.9167,101,1974,12,5.2,81.0,1974-12-01
17150,TR,BAL,LTBF,Balikesir,39.6167,27.9167,101,1975,1,3.6,119.0,1975-01-01
17150,TR,BAL,LTBF,Balikesir,39.6167,27.9167,101,1975,2,4.0,37.0,1975-02-01
17150,TR,BAL,LTBF,Balikesir,39.6167,27.9167,101,1975,3,10.4,65.0,1975-03-01
17150,TR,BAL,LTBF,Balikesir,39.6167,27.9167,101,1975,4,14.3,60.0,1975-04-01
17150,TR,BAL,LTBF,Balikesir,39.6167,27.9167,101,1975,5,17.4,79.0,1975-05-01
17150,TR,BAL,LTBF,Balikesir,39.6167,27.9167,101,1975,6,21.8,25.0,1975-06-01
17150,TR,BAL,LTBF,Balikesir,39.6167,27.9167,101,1975,7,24.7,0.0,1975-07-01
17150,TR,BAL,LTBF,Balikesir,39.6167,27.9167,101,1975,8,23.7,0.0,1975-08-01
17150,TR,BAL,LTBF,Balikesir,39.6167,27.9167,101,1975,9,21.0,11.0,1975-09-01
17150,TR,BAL,LTBF,Balikesir,39.6167,27.9167,101,1975,10,15.7,15.0,1975-10-01
17150,TR,BAL,LTBF,Balikesir,39.6167,27.9167,101,1975,11,9.4,88.0,1975-11-01
17150,TR,BAL,LTBF,Balikesir,39.6167,27.9167,101,1975,12,3.2,29.0,1975-12-01
17150,TR,BAL,LTBF,Balikesir,39.6167,27.9167,101,1976,1,3.4,42.0,1976-01-01
17150,TR,BAL,LTBF,Balikesir,39.6167,27.9167,101,1976,2,2.8,35.0,1976-02-01
17150,TR,BAL,LTBF,Balikesir,39.6167,27.9167,101,1976,3,6.8,12.0,1976-03-01
17150,TR,BAL,LTBF,Balikesir,39.6167,27.9167,101,1976,4,12.6,193.0,1976-04-01
17150,TR,BAL,LTBF,Balikesir,39.6167,27.9167,101,1976,5,16.3,41.0,1976-05-01
17150,TR,BAL,LTBF,Balikesir,39.6167,27.9167,101,1976,6,20.3,18.0,1976-06-01
17150,TR,BAL,LTBF,Balikesir,39.6167,27.9167,101,1976,7,23.5,7.0,1976-07-01
17150,TR,BAL,LTBF,Balikesir,39.6167,27.9167,101,1976,8,20.8,62.0,1976-08-01
17150,TR,BAL,LTBF,Balikesir,39.6167,27.9167,101,1976,9,19.1,5.0,1976-09-01
17150,TR,BAL,LTBF,Balikesir,39.6167,27.9167,101,1976,10,15.9,98.0,1976-10-01
17150,TR,BAL,LTBF,Balikesir,39.6167,27.9167,101,1976,11,11.2,19.0,1976-11-01
17150,TR,BAL,LTBF,Balikesir,39.6167,27.9167,101,1976,12,5.6,71.0,1976-12-01
17150,TR,BAL,LTBF,Balikesir,39.6167,27.9167,101,1977,1,5.2,40.0,1977-01-01
17150,TR,BAL,LTBF,Balikesir,39.6167,27.9167,101,1977,2,9.2,23.0,1977-02-01
17150,TR,BAL,LTBF,Balikesir,39.6167,27.9167,101,1977,3,8.4,45.0,1977-03-01
17150,TR,BAL,LTBF,Balikesir,39.6167,27.9167,101,1977,4,12.1,41.0,1977-04-01
17150,TR,BAL,LTBF,Balikesir,39.6167,27.9167,101,1977,5,17.5,5.0,1977-05-01
17150,TR,BAL,LTBF,Balikesir,39.6167,27.9167,101,1977,6,22.1,2.0,1977-06-01
17150,TR,BAL,LTBF,Balikesir,39.6167,27.9167,101,1977,7,24.0,4.0,1977-07-01
17150,TR,BAL,LTBF,Balikesir,39.6167,27.9167,101,1977,8,25.0,0.0,1977-08-01
17150,TR,BAL,LTBF,Balikesir,39.6167,27.9167,101,1977,9,19.9,155.0,1977-09-01
17150,TR,BAL,LTBF,Balikesir,39.6167,27.9167,101,1977,10,12.8,16.0,1977-10-01
17150,TR,BAL,LTBF,Balikesir,39.6167,27.9167,101,1977,11,12.0,111.0,1977-11-01
17150,TR,BAL,LTBF,Balikesir,39.6167,27.9167,101,1977,12,5.5,84.0,1977-12-01
17150,TR,BAL,LTBF,Balikesir,39.6167,27.9167,101,1978,1,4.6,201.0,1978-01-01
17150,TR,BAL,LTBF,Balikesir,39.6167,27.9167,101,1978,2,8.4,135.0,1978-02-01
17150,TR,BAL,LTBF,Balikesir,39.6167,27.9167,101,1978,3,9.7,330.0,1978-03-01
17150,TR,BAL,LTBF,Balikesir,39.6167,27.9167,101,1978,4,12.4,71.0,1978-04-01
17150,TR,BAL,LTBF,Balikesir,39.6167,27.9167,101,1978,5,17.7,59.0,1978-05-01
17150,TR,BAL,LTBF,Balikesir,39.6167,27.9167,101,1978,6,22.0,0.3,1978-06-01
17150,TR,BAL,LTBF,Balikesir,39.6167,27.9167,101,1978,7,23.7,0.0,1978-07-01
17150,TR,BAL,LTBF,Balikesir,39.6167,27.9167,101,1978,8,22.0,50.0,1978-08-01
17150,TR,BAL,LTBF,Balikesir,39.6167,27.9167,101,1978,9,18.4,120.0,1978-09-01
17150,TR,BAL,LTBF,Balikesir,39.6167,27.9167,101,1978,10,15.1,56.0,1978-10-01
17150,TR,BAL,LTBF,Balikesir,39.6167,27.9167,101,1978,11,8.6,73.0,1978-11-01
17150,TR,BAL,LTBF,Balikesir,39.6167,27.9167,101,1978,12,7.6,15.0,1978-12-01
17150,TR,BAL,LTBF,Balikesir,39.6167,27.9167,101,1979,1,6.2,110.0,1979-01-01
17150,TR,BAL,LTBF,Balikesir,39.6167,27.9167,101,1979,2,7.7,57.0,1979-02-01
17150,TR,BAL,LTBF,Balikesir,39.6167,27.9167,101,1979,3,10.4,26.0,1979-03-01
17150,TR,BAL,LTBF,Balikesir,39.6167,27.9167,101,1979,4,12.2,55.0,1979-04-01
17150,TR,BAL,LTBF,Balikesir,39.6167,27.9167,101,1979,5,17.1,42.0,1979-05-01
17150,TR,BAL,LTBF,Balikesir,39.6167,27.9167,101,1979,6,22.7,20.0,1979-06-01
17150,TR,BAL,LTBF,Balikesir,39.6167,27.9167,101,1979,7,23.6,4.0,1979-07-01
17150,TR,BAL,LTBF,Balikesir,39.6167,27.9167,101,1979,8,24.1,9.0,1979-08-01
17150,TR,BAL,LTBF,Balikesir,39.6167,27.9167,101,1979,9,20.4,9.0,1979-09-01
17150,TR,BAL,LTBF,Balikesir,39.6167,27.9167,101,1979,10,15.8,28.0,1979-10-01
17150,TR,BAL,LTBF,Balikesir,39.6167,27.9167,101,1979,11,10.7,110.0,1979-11-01
17150,TR,BAL,LTBF,Balikesir,39.6167,27.9167,101,1979,12,7.0,74.0,1979-12-01
17150,TR,BAL,LTBF,Balikesir,39.6167,27.9167,101,1980,1,3.3,148.0,1980-01-01
17150,TR,BAL,LTBF,Balikesir,39.6167,27.9167,101,1980,2,5.1,27.0,1980-02-01
17150,TR,BAL,LTBF,Balikesir,39.6167,27.9167,101,1980,3,7.1,308.0,1980-03-01
17150,TR,BAL,LTBF,Balikesir,39.6167,27.9167,101,1980,4,11.7,65.0,1980-04-01
17150,TR,BAL,LTBF,Balikesir,39.6167,27.9167,101,1980,5,16.7,59.0,1980-05-01
17150,TR,BAL,LTBF,Balikesir,39.6167,27.9167,101,1980,6,21.0,73.0,1980-06-01
17150,TR,BAL,LTBF,Balikesir,39.6167,27.9167,101,1980,7,23.7,28.0,1980-07-01
17150,TR,BAL,LTBF,Balikesir,39.6167,27.9167,101,1980,8,23.8,0.0,1980-08-01
17150,TR,BAL,LTBF,Balikesir,39.6167,27.9167,101,1980,9,18.5,7.0,1980-09-01
17150,TR,BAL,LTBF,Balikesir,39.6167,27.9167,101,1980,10,17.2,9.0,1980-10-01
17150,TR,BAL,LTBF,Balikesir,39.6167,27.9167,101,1980,11,11.9,126.0,1980-11-01
17150,TR,BAL,LTBF,Balikesir,39.6167,27.9167,101,1980,12,6.8,111.0,1980-12-01
17150,TR,BAL,LTBF,Balikesir,39.6167,27.9167,101,1981,1,4.3,146.0,1981-01-01
17150,TR,BAL,LTBF,Balikesir,39.6167,27.9167,101,1981,2,5.1,28.0,1981-02-01
17150,TR,BAL,LTBF,Balikesir,39.6167,27.9167,101,1981,3,10.0,51.0,1981-03-01
17150,TR,BAL,LTBF,Balikesir,39.6167,27.9167,101,1981,4,12.6,5.0,1981-04-01
17150,TR,BAL,LTBF,Balikesir,39.6167,27.9167,101,1981,5,15.5,75.0,1981-05-01
17150,TR,BAL,LTBF,Balikesir,39.6167,27.9167,101,1981,6,22.6,0.0,1981-06-01
17150,TR,BAL,LTBF,Balikesir,39.6167,27.9167,101,1981,7,23.1,11.0,1981-07-01
17150,TR,BAL,LTBF,Balikesir,39.6167,27.9167,101,1981,8,23.4,28.0,1981-08-01
17150,TR,BAL,LTBF,Balikesir,39.6167,27.9167,101,1981,9,20.5,16.0,1981-09-01
17150,TR,BAL,LTBF,Balikesir,39.6167,27.9167,101,1981,10,18.3,32.0,1981-10-01
17150,TR,BAL,LTBF,Balikesir,39.6167,27.9167,101,1981,11,8.3,98.0,1981-11-01
17150,TR,BAL,LTBF,Balikesir,39.6167,27.9167,101,1981,12,10.5,300.0,1981-12-01
17150,TR,BAL,LTBF,Balikesir,39.6167,27.9167,101,1982,1,5.5,49.0,1982-01-01
17150,TR,BAL,LTBF,Balikesir,39.6167,27.9167,101,1982,2,3.3,30.0,1982-02-01
17150,TR,BAL,LTBF,Balikesir,39.6167,27.9167,101,1982,3,6.6,26.0,1982-03-01
17150,TR,BAL,LTBF,Balikesir,39.6167,27.9167,101,1982,4,12.7,77.0,1982-04-01
17150,TR,BAL,LTBF,Balikesir,39.6167,27.9167,101,1982,5,16.0,66.0,1982-05-01
17150,TR,BAL,LTBF,Balikesir,39.6167,27.9167,101,1982,6,21.5,2.0,1982-06-01
17150,TR,BAL,LTBF,Balikesir,39.6167,27.9167,101,1982,7,22.0,25.0,1982-07-01
17150,TR,BAL,LTBF,Balikesir,39.6167,27.9167,101,1982,8,22.8,0.0,1982-08-01
17150,TR,BAL,LTBF,Balikesir,39.6167,27.9167,101,1982,9,21.7,0.0,1982-09-01
17150,TR,BAL,LTBF,Balikesir,39.6167,27.9167,101,1982,10,15.7,39.0,1982-10-01
17150,TR,BAL,LTBF,Balikesir,39.6167,27.9167,101,1982,11,8.7,3.0,1982-11-01
17150,TR,BAL,LTBF,Balikesir,39.6167,27.9167,101,1982,12,7.9,104.0,1982-12-01
17150,TR,BAL,LTBF,Balikesir,39.6167,27.9167,101,1983,1,3.3,48.0,1983-01-01
17150,TR,BAL,LTBF,Balikesir,39.6167,27.9167,101,1983,2,4.2,50.0,1983-02-01
17150,TR,BAL,LTBF,Balikesir,39.6167,27.9167,101,1983,3,8.6,13.0,1983-03-01
17150,TR,BAL,LTBF,Balikesir,39.6167,27.9167,101,1983,4,14.2,45.0,1983-04-01
17150,TR,BAL,LTBF,Balikesir,39.6167,27.9167,101,1983,5,18.2,30.0,1983-05-01
17150,TR,BAL,LTBF,Balikesir,39.6167,27.9167,101,1983,6,21.0,11.0,1983-06-01
17150,TR,BAL,LTBF,Balikesir,39.6167,27.9167,101,1983,7,24.7,52.0,1983-07-01
17150,TR,BAL,LTBF,Balikesir,39.6167,27.9167,101,1983,8,22.6,0.0,1983-08-01
17150,TR,BAL,LTBF,Balikesir,39.6167,27.9167,101,1983,9,20.1,0.0,1983-09-01
17150,TR,BAL,LTBF,Balikesir,39.6167,27.9167,101,1983,10,14.3,38.0,1983-10-01
17150,TR,BAL,LTBF,Balikesir,39.6167,27.9167,101,1983,11,9.8,108.0,1983-11-01
17150,TR,BAL,LTBF,Balikesir,39.6167,27.9167,101,1983,12,7.1,58.0,1983-12-01
17150,TR,BAL,LTBF,Balikesir,39.6167,27.9167,101,1984,1,6.4,76.0,1984-01-01
17150,TR,BAL,LTBF,Balikesir,39.6167,27.9167,101,1984,2,7.0,70.0,1984-02-01
17150,TR,BAL,LTBF,Balikesir,39.6167,27.9167,101,1984,3,7.8,63.0,1984-03-01
17150,TR,BAL,LTBF,Balikesir,39.6167,27.9167,101,1984,4,10.6,103.0,1984-04-01
17150,TR,BAL,LTBF,Balikesir,39.6167,27.9167,101,1984,5,19.0,10.0,1984-05-01
17150,TR,BAL,LTBF,Balikesir,39.6167,27.9167,101,1984,6,21.0,5.0,1984-06-01
17150,TR,BAL,LTBF,Balikesir,39.6167,27.9167,101,1984,7,23.0,27.0,1984-07-01
17150,TR,BAL,LTBF,Balikesir,39.6167,27.9167,101,1984,8,22.0,5.0,1984-08-01
17150,TR,BAL,LTBF,Balikesir,39.6167,27.9167,101,1984,9,21.4,0.0,1984-09-01
17150,TR,BAL,LTBF,Balikesir,39.6167,27.9167,101,1984,10,17.0,22.0,1984-10-01
17150,TR,BAL,LTBF,Balikesir,39.6167,27.9167,101,1984,11,10.7,71.0,1984-11-01
17150,TR,BAL,LTBF,Balikesir,39.6167,27.9167,101,1984,12,4.7,13.0,1984-12-01
17150,TR,BAL,LTBF,Balikesir,39.6167,27.9167,101,1985,1,7.9,125.0,1985-01-01
17150,TR,BAL,LTBF,Balikesir,39.6167,27.9167,101,1985,2,1.6,38.0,1985-02-01
17150,TR,BAL,LTBF,Balikesir,39.6167,27.9167,101,1985,3,7.4,52.0,1985-03-01
17150,TR,BAL,LTBF,Balikesir,39.6167,27.9167,101,1985,4,14.6,8.0,1985-04-01
17150,TR,BAL,LTBF,Balikesir,39.6167,27.9167,101,1985,5,19.4,48.0,1985-05-01
17150,TR,BAL,LTBF,Balikesir,39.6167,27.9167,101,1985,6,21.7,5.0,1985-06-01
17150,TR,BAL,LTBF,Balikesir,39.6167,27.9167,101,1985,7,22.9,0.0,1985-07-01
17150,TR,BAL,LTBF,Balikesir,39.6167,27.9167,101,1985,8,24.1,0.0,1985-08-01
17150,TR,BAL,LTBF,Balikesir,39.6167,27.9167,101,1985,9,19.5,0.0,1985-09-01
17150,TR,BAL,LTBF,Balikesir,39.6167,27.9167,101,1985,10,13.1,9.0,1985-10-01
17150,TR,BAL,LTBF,Balikesir,39.6167,27.9167,101,1985,11,11.5,107.0,1985-11-01
17150,TR,BAL,LTBF,Balikesir,39.6167,27.9167,101,1985,12,7.3,40.0,1985-12-01
17150,TR,BAL,LTBF,Balikesir,39.6167,27.9167,101,1986,1,7.7,119.0,1986-01-01
17150,TR,BAL,LTBF,Balikesir,39.6167,27.9167,101,1986,2,7.5,105.0,1986-02-01
17150,TR,BAL,LTBF,Balikesir,39.6167,27.9167,101,1986,3,7.8,17.0,1986-03-01
17150,TR,BAL,LTBF,Balikesir,39.6167,27.9167,101,1986,4,14.3,21.0,1986-04-01
17150,TR,BAL,LTBF,Balikesir,39.6167,27.9167,101,1986,5,15.7,11.0,1986-05-01
17150,TR,BAL,LTBF,Balikesir,39.6167,27.9167,101,1986,6,22.6,19.0,1986-06-01
17150,TR,BAL,LTBF,Balikesir,39.6167,27.9167,101,1986,7,24.1,0.0,1986-07-01
17150,TR,BAL,LTBF,Balikesir,39.6167,27.9167,101,1986,8,25.6,0.0,1986-08-01
17150,TR,BAL,LTBF,Balikesir,39.6167,27.9167,101,1986,9,21.7,0.0,1986-09-01
17150,TR,BAL,LTBF,Balikesir,39.6167,27.9167,101,1986,10,14.7,21.0,1986-10-01
17150,TR,BAL,LTBF,Balikesir,39.6167,27.9167,101,1986,11,7.4,25.0,1986-11-01
17150,TR,BAL,LTBF,Balikesir,39.6167,27.9167,101,1986,12,4.8,86.0,1986-12-01
17150,TR,BAL,LTBF,Balikesir,39.6167,27.9167,101,1987,1,6.4,165.0,1987-01-01
17150,TR,BAL,LTBF,Balikesir,39.6167,27.9167,101,1987,2,6.7,44.0,1987-02-01
17150,TR,BAL,LTBF,Balikesir,39.6167,27.9167,101,1987,3,4.1,31.0,1987-03-01
17150,TR,BAL,LTBF,Balikesir,39.6167,27.9167,101,1987,4,10.8,24.0,1987-04-01
17150,TR,BAL,LTBF,Balikesir,39.6167,27.9167,101,1987,5,16.6,39.0,1987-05-01
17150,TR,BAL,LTBF,Balikesir,39.6167,27.9167,101,1987,6,21.6,17.0,1987-06-01
17150,TR,BAL,LTBF,Balikesir,39.6167,27.9167,101,1987,7,24.8,3.0,1987-07-01
17150,TR,BAL,LTBF,Balikesir,39.6167,27.9167,101,1987,8,23.1,0.0,1987-08-01
17150,TR,BAL,LTBF,Balikesir,39.6167,27.9167,101,1987,9,21.2,0.0,1987-09-01
17150,TR,BAL,LTBF,Balikesir,39.6167,27.9167,101,1987,10,14.2,31.0,1987-10-01
17150,TR,BAL,LTBF,Balikesir,39.6167,27.9167,101,1987,11,9.6,114.0,1987-11-01
17150,TR,BAL,LTBF,Balikesir,39.6167,27.9167,101,1987,12,5.7,136.0,1987-12-01
17150,TR,BAL,LTBF,Balikesir,39.6167,27.9167,101,1988,1,5.3,18.0,1988-01-01
17150,TR,BAL,LTBF,Balikesir,39.6167,27.9167,101,1988,2,5.0,46.0,1988-02-01
17150,TR,BAL,LTBF,Balikesir,39.6167,27.9167,101,1988,3,8.6,107.0,1988-03-01
17150,TR,BAL,LTBF,Balikesir,39.6167,27.9167,101,1988,4,12.3,41.0,1988-04-01
17150,TR,BAL,LTBF,Balikesir,39.6167,27.9167,101,1988,5,17.0,11.0,1988-05-01
17150,TR,BAL,LTBF,Balikesir,39.6167,27.9167,101,1988,6,22.3,23.0,1988-06-01
17150,TR,BAL,LTBF,Balikesir,39.6167,27.9167,101,1988,7,25.7,0.0,1988-07-01
17150,TR,BAL,LTBF,Balikesir,39.6167,27.9167,101,1988,8,24.5,0.0,1988-08-01
17150,TR,BAL,LTBF,Balikesir,39.6167,27.9167,101,1988,9,20.1,5.0,1988-09-01
17150,TR,BAL,LTBF,Balikesir,39.6167,27.9167,101,1988,10,14.5,20.0,1988-10-01
17150,TR,BAL,LTBF,Balikesir,39.6167,27.9167,101,1988,11,6.8,167.0,1988-11-01
17150,TR,BAL,LTBF,Balikesir,39.6167,27.9167,101,1988,12,6.1,112.0,1988-12-01
17150,TR,BAL,LTBF,Balikesir,39.6167,27.9167,101,1989,1,1.7,11.0,1989-01-01
17150,TR,BAL,LTBF,Balikesir,39.6167,27.9167,101,1989,2,5.3,4.0,1989-02-01
17150,TR,BAL,LTBF,Balikesir,39.6167,27.9167,101,1989,3,9.5,45.0,1989-03-01
17150,TR,BAL,LTBF,Balikesir,39.6167,27.9167,101,1989,4,15.9,10.0,1989-04-01
17150,TR,BAL,LTBF,Balikesir,39.6167,27.9167,101,1989,5,16.2,32.0,1989-05-01
17150,TR,BAL,LTBF,Balikesir,39.6167,27.9167,101,1989,6,20.2,35.0,1989-06-01
17150,TR,BAL,LTBF,Balikesir,39.6167,27.9167,101,1989,7,23.4,2.0,1989-07-01
17150,TR,BAL,LTBF,Balikesir,39.6167,27.9167,101,1989,8,23.9,0.0,1989-08-01
17150,TR,BAL,LTBF,Balikesir,39.6167,27.9167,101,1989,9,20.1,10.0,1989-09-01
17150,TR,BAL,LTBF,Balikesir,39.6167,27.9167,101,1989,10,13.9,60.0,1989-10-01
17150,TR,BAL,LTBF,Balikesir,39.6167,27.9167,101,1989,11,8.6,65.0,1989-11-01
17150,TR,BAL,LTBF,Balikesir,39.6167,27.9167,101,1989,12,5.5,121.0,1989-12-01
17150,TR,BAL,LTBF,Balikesir,39.6167,27.9167,101,1990,1,3.0,5.0,1990-01-01
17150,TR,BAL,LTBF,Balikesir,39.6167,27.9167,101,1990,2,6.3,37.0,1990-02-01
17150,TR,BAL,LTBF,Balikesir,39.6167,27.9167,101,1990,3,8.5,31.0,1990-03-01
17150,TR,BAL,LTBF,Balikesir,39.6167,27.9167,101,1990,4,13.3,67.0,1990-04-01
17150,TR,BAL,LTBF,Balikesir,39.6167,27.9167,101,1990,5,16.0,21.0,1990-05-01
17150,TR,BAL,LTBF,Balikesir,39.6167,27.9167,101,1990,6,20.7,17.0,1990-06-01
17150,TR,BAL,LTBF,Balikesir,39.6167,27.9167,101,1990,7,23.8,0.3,1990-07-01
17150,TR,BAL,LTBF,Balikesir,39.6167,27.9167,101,1990,8,23.2,0.0,1990-08-01
17150,TR,BAL,LTBF,Balikesir,39.6167,27.9167,101,1990,9,19.1,13.0,1990-09-01
17150,TR,BAL,LTBF,Balikesir,39.6167,27.9167,101,1990,10,15.3,31.0,1990-10-01
17150,TR,BAL,LTBF,Balikesir,39.6167,27.9167,101,1990,11,11.5,166.0,1990-11-01
17150,TR,BAL,LTBF,Balikesir,39.6167,27.9167,101,1990,12,7.2,119.0,1990-12-01
17150,TR,BAL,LTBF,Balikesir,39.6167,27.9167,101,1991,1,4.3,18.0,1991-01-01
17150,TR,BAL,LTBF,Balikesir,39.6167,27.9167,101,1991,2,4.2,106.0,1991-02-01
17150,TR,BAL,LTBF,Balikesir,39.6167,27.9167,101,1991,3,7.5,16.0,1991-03-01
17150,TR,BAL,LTBF,Balikesir,39.6167,27.9167,101,1991,4,11.5,69.0,1991-04-01
17150,TR,BAL,LTBF,Balikesir,39.6167,27.9167,101,1991,5,15.8,123.0,1991-05-01
17150,TR,BAL,LTBF,Balikesir,39.6167,27.9167,101,1991,6,21.1,0.3,1991-06-01
17150,TR,BAL,LTBF,Balikesir,39.6167,27.9167,101,1991,7,23.6,6.0,1991-07-01
17150,TR,BAL,LTBF,Balikesir,39.6167,27.9167,101,1991,8,23.9,0.0,1991-08-01
17150,TR,BAL,LTBF,Balikesir,39.6167,27.9167,101,1991,9,19.6,8.0,1991-09-01
17150,TR,BAL,LTBF,Balikesir,39.6167,27.9167,101,1991,10,15.1,23.0,1991-10-01
17150,TR,BAL,LTBF,Balikesir,39.6167,27.9167,101,1991,11,10.1,26.0,1991-11-01
17150,TR,BAL,LTBF,Balikesir,39.6167,27.9167,101,1991,12,2.2,27.0,1991-12-01
17150,TR,BAL,LTBF,Balikesir,39.6167,27.9167,101,1992,1,1.8,3.0,1992-01-01
17150,TR,BAL,LTBF,Balikesir,39.6167,27.9167,101,1992,2,1.7,26.0,1992-02-01
17150,TR,BAL,LTBF,Balikesir,39.6167,27.9167,101,1992,3,7.2,64.0,1992-03-01
17150,TR,BAL,LTBF,Balikesir,39.6167,27.9167,101,1992,4,12.2,46.0,1992-04-01
17150,TR,BAL,LTBF,Balikesir,39.6167,27.9167,101,1992,5,14.9,18.0,1992-05-01
17150,TR,BAL,LTBF,Balikesir,39.6167,27.9167,101,1992,6,21.5,38.0,1992-06-01
17150,TR,BAL,LTBF,Balikesir,39.6167,27.9167,101,1992,7,22.6,26.0,1992-07-01
17150,TR,BAL,LTBF,Balikesir,39.6167,27.9167,101,1992,8,25.1,0.0,1992-08-01
17150,TR,BAL,LTBF,Balikesir,39.6167,27.9167,101,1992,9,19.5,0.0,1992-09-01
17150,TR,BAL,LTBF,Balikesir,39.6167,27.9167,101,1992,10,17.7,40.0,1992-10-01
17150,TR,BAL,LTBF,Balikesir,39.6167,27.9167,101,1992,11,8.0,73.0,1992-11-01
17150,TR,BAL,LTBF,Balikesir,39.6167,27.9167,101,1992,12,3.5,65.0,1992-12-01
17150,TR,BAL,LTBF,Balikesir,39.6167,27.9167,101,1993,1,1.7,26.0,1993-01-01
17150,TR,BAL,LTBF,Balikesir,39.6167,27.9167,101,1993,2,2.9,73.0,1993-02-01
17150,TR,BAL,LTBF,Balikesir,39.6167,27.9167,101,1993,3,7.2,40.0,1993-03-01
17150,TR,BAL,LTBF,Balikesir,39.6167,27.9167,101,1993,4,11.5,53.0,1993-04-01
17150,TR,BAL,LTBF,Balikesir,39.6167,27.9167,101,1993,5,15.7,60.0,1993-05-01
17150,TR,BAL,LTBF,Balikesir,39.6167,27.9167,101,1993,6,21.2,1.0,1993-06-01
17150,TR,BAL,LTBF,Balikesir,39.6167,27.9167,101,1993,7,23.2,8.0,1993-07-01
17150,TR,BAL,LTBF,Balikesir,39.6167,27.9167,101,1993,8,24.5,15.0,1993-08-01
17150,TR,BAL,LTBF,Balikesir,39.6167,27.9167,101,1993,9,20.3,15.0,1993-09-01
17150,TR,BAL,LTBF,Balikesir,39.6167,27.9167,101,1993,10,16.7,12.0,1993-10-01
17150,TR,BAL,LTBF,Balikesir,39.6167,27.9167,101,1993,11,8.1,65.0,1993-11-01
17150,TR,BAL,LTBF,Balikesir,39.6167,27.9167,101,1993,12,7.8,58.0,1993-12-01
17150,TR,BAL,LTBF,Balikesir,39.6167,27.9167,101,1994,1,6.1,36.0,1994-01-01
17150,TR,BAL,LTBF,Balikesir,39.6167,27.9167,101,1994,2,5.0,83.0,1994-02-01
17150,TR,BAL,LTBF,Balikesir,39.6167,27.9167,101,1994,3,8.1,26.0,1994-03-01
17150,TR,BAL,LTBF,Balikesir,39.6167,27.9167,101,1994,4,13.9,20.0,1994-04-01
17150,TR,BAL,LTBF,Balikesir,39.6167,27.9167,101,1994,5,17.8,29.0,1994-05-01
17150,TR,BAL,LTBF,Balikesir,39.6167,27.9167,101,1994,6,21.1,23.0,1994-06-01
17150,TR,BAL,LTBF,Balikesir,39.6167,27.9167,101,1994,7,24.3,137.0,1994-07-01
17150,TR,BAL,LTBF,Balikesir,39.6167,27.9167,101,1994,8,24.8,0.0,1994-08-01
17150,TR,BAL,LTBF,Balikesir,39.6167,27.9167,101,1994,9,23.5,0.0,1994-09-01
17150,TR,BAL,LTBF,Balikesir,39.6167,27.9167,101,1994,10,17.6,50.0,1994-10-01
17150,TR,BAL,LTBF,Balikesir,39.6167,27.9167,101,1994,11,7.9,84.0,1994-11-01
17150,TR,BAL,LTBF,Balikesir,39.6167,27.9167,101,1994,12,3.7,62.0,1994-12-01
17150,TR,BAL,LTBF,Balikesir,39.6167,27.9167,101,1995,1,6.0,114.0,1995-01-01
17150,TR,BAL,LTBF,Balikesir,39.6167,27.9167,101,1995,2,6.9,15.0,1995-02-01
17150,TR,BAL,LTBF,Balikesir,39.6167,27.9167,101,1995,3,7.8,114.0,1995-03-01
17150,TR,BAL,LTBF,Balikesir,39.6167,27.9167,101,1995,4,11.0,65.0,1995-04-01
17150,TR,BAL,LTBF,Balikesir,39.6167,27.9167,101,1995,5,17.2,3.0,1995-05-01
17150,TR,BAL,LTBF,Balikesir,39.6167,27.9167,101,1995,6,24.2,9.0,1995-06-01
17150,TR,BAL,LTBF,Balikesir,39.6167,27.9167,101,1995,7,24.3,4.0,1995-07-01
17150,TR,BAL,LTBF,Balikesir,39.6167,27.9167,101,1995,8,24.0,8.0,1995-08-01
17150,TR,BAL,LTBF,Balikesir,39.6167,27.9167,101,1995,9,20.5,18.0,1995-09-01
17150,TR,BAL,LTBF,Balikesir,39.6167,27.9167,101,1995,10,13.2,20.0,1995-10-01
17150,TR,BAL,LTBF,Balikesir,39.6167,27.9167,101,1995,11,5.9,100.0,1995-11-01
17150,TR,BAL,LTBF,Balikesir,39.6167,27.9167,101,1995,12,6.9,62.0,1995-12-01
17150,TR,BAL,LTBF,Balikesir,39.6167,27.9167,101,1996,1,2.9,106.0,1996-01-01
17150,TR,BAL,LTBF,Balikesir,39.6167,27.9167,101,1996,2,5.8,74.0,1996-02-01
17150,TR,BAL,LTBF,Balikesir,39.6167,27.9167,101,1996,3,5.2,104.0,1996-03-01
17150,TR,BAL,LTBF,Balikesir,39.6167,27.9167,101,1996,4,10.0,20.0,1996-04-01
17150,TR,BAL,LTBF,Balikesir,39.6167,27.9167,101,1996,5,19.3,12.0,1996-05-01
17150,TR,BAL,LTBF,Balikesir,39.6167,27.9167,101,1996,6,21.4,0.0,1996-06-01
17150,TR,BAL,LTBF,Balikesir,39.6167,27.9167,101,1996,7,23.8,0.0,1996-07-01
17150,TR,BAL,LTBF,Balikesir,39.6167,27.9167,101,1996,8,23.7,9.0,1996-08-01
17150,TR,BAL,LTBF,Balikesir,39.6167,27.9167,101,1996,9,19.2,59.0,1996-09-01
17150,TR,BAL,LTBF,Balikesir,39.6167,27.9167,101,1996,10,13.1,19.0,1996-10-01
17150,TR,BAL,LTBF,Balikesir,39.6167,27.9167,101,1996,11,10.2,12.0,1996-11-01
17150,TR,BAL,LTBF,Balikesir,39.6167,27.9167,101,1996,12,9.3,108.0,1996-12-01
17150,TR,BAL,LTBF,Balikesir,39.6167,27.9167,101,1997,1,5.3,76.0,1997-01-01
17150,TR,BAL,LTBF,Balikesir,39.6167,27.9167,101,1997,2,4.0,34.0,1997-02-01
17150,TR,BAL,LTBF,Balikesir,39.6167,27.9167,101,1997,3,5.7,76.0,1997-03-01
17150,TR,BAL,LTBF,Balikesir,39.6167,27.9167,101,1997,4,9.3,102.0,1997-04-01
17150,TR,BAL,LTBF,Balikesir,39.6167,27.9167,101,1997,5,17.8,3.0,1997-05-01
17150,TR,BAL,LTBF,Balikesir,39.6167,27.9167,101,1997,6,22.3,8.0,1997-06-01
17150,TR,BAL,LTBF,Balikesir,39.6167,27.9167,101,1997,7,24.9,3.0,1997-07-01
17150,TR,BAL,LTBF,Balikesir,39.6167,27.9167,101,1997,8,22.7,3.0,1997-08-01
17150,TR,BAL,LTBF,Balikesir,39.6167,27.9167,101,1997,9,18.4,0.0,1997-09-01
17150,TR,BAL,LTBF,Balikesir,39.6167,27.9167,101,1997,10,14.4,111.0,1997-10-01
17150,TR,BAL,LTBF,Balikesir,39.6167,27.9167,101,1997,11,10.1,51.0,1997-11-01
17150,TR,BAL,LTBF,Balikesir,39.6167,27.9167,101,1997,12,6.7,180.0,1997-12-01
17150,TR,BAL,LTBF,Balikesir,39.6167,27.9167,101,1998,1,3.8,49.0,1998-01-01
17150,TR,BAL,LTBF,Balikesir,39.6167,27.9167,101,1998,2,5.6,70.0,1998-02-01
17150,TR,BAL,LTBF,Balikesir,39.6167,27.9167,101,1998,3,5.9,67.0,1998-03-01
17150,TR,BAL,LTBF,Balikesir,39.6167,27.9167,101,1998,4,14.0,22.0,1998-04-01
17150,TR,BAL,LTBF,Balikesir,39.6167,27.9167,101,1998,5,16.6,106.0,1998-05-01
17150,TR,BAL,LTBF,Balikesir,39.6167,27.9167,101,1998,6,21.9,0.0,1998-06-01
17150,TR,BAL,LTBF,Balikesir,39.6167,27.9167,101,1998,7,25.4,0.0,1998-07-01
17150,TR,BAL,LTBF,Balikesir,39.6167,27.9167,101,1998,8,25.2,0.0,1998-08-01
17150,TR,BAL,LTBF,Balikesir,39.6167,27.9167,101,1998,9,20.1,16.0,1998-09-01
17150,TR,BAL,LTBF,Balikesir,39.6167,27.9167,101,1998,10,15.7,97.0,1998-10-01
17150,TR,BAL,LTBF,Balikesir,39.6167,27.9167,101,1998,11,10.8,117.0,1998-11-01
17150,TR,BAL,LTBF,Balikesir,39.6167,27.9167,101,1998,12,5.6,78.0,1998-12-01
17150,TR,BAL,LTBF,Balikesir,39.6167,27.9167,101,1999,1,5.3,42.0,1999-01-01
17150,TR,BAL,LTBF,Balikesir,39.6167,27.9167,101,1999,2,5.6,158.0,1999-02-01
17150,TR,BAL,LTBF,Balikesir,39.6167,27.9167,101,1999,3,8.4,73.0,1999-03-01
17150,TR,BAL,LTBF,Balikesir,39.6167,27.9167,101,1999,4,13.1,40.0,1999-04-01
17150,TR,BAL,LTBF,Balikesir,39.6167,27.9167,101,1999,5,18.0,1.0,1999-05-01
17150,TR,BAL,LTBF,Balikesir,39.6167,27.9167,101,1999,6,23.2,6.0,1999-06-01
17150,TR,BAL,LTBF,Balikesir,39.6167,27.9167,101,1999,7,25.8,19.0,1999-07-01
17150,TR,BAL,LTBF,Balikesir,39.6167,27.9167,101,1999,8,25.0,0.8,1999-08-01
17150,TR,BAL,LTBF,Balikesir,39.6167,27.9167,101,1999,9,20.9,5.0,1999-09-01
17150,TR,BAL,LTBF,Balikesir,39.6167,27.9167,101,1999,10,16.7,10.0,1999-10-01
17150,TR,BAL,LTBF,Balikesir,39.6167,27.9167,101,1999,11,10.4,69.0,1999-11-01
17150,TR,BAL,LTBF,Balikesir,39.6167,27.9167,101,1999,12,8.7,56.0,1999-12-01
17150,TR,BAL,LTBF,Balikesir,39.6167,27.9167,101,2000,1,1.8,45.0,2000-01-01
17150,TR,BAL,LTBF,Balikesir,39.6167,27.9167,101,2000,2,4.9,103.0,2000-02-01
17150,TR,BAL,LTBF,Balikesir,39.6167,27.9167,101,2000,3,7.0,85.0,2000-03-01
17150,TR,BAL,LTBF,Balikesir,39.6167,27.9167,101,2000,4,14.8,69.0,2000-04-01
17150,TR,BAL,LTBF,Balikesir,39.6167,27.9167,101,2000,5,17.0,32.0,2000-05-01
17150,TR,BAL,LTBF,Balikesir,39.6167,27.9167,101,2000,6,21.3,20.0,2000-06-01
17150,TR,BAL,LTBF,Balikesir,39.6167,27.9167,101,2000,7,25.5,0.0,2000-07-01
17150,TR,BAL,LTBF,Balikesir,39.6167,27.9167,101,2000,8,24.0,2.0,2000-08-01
17150,TR,BAL,LTBF,Balikesir,39.6167,27.9167,101,2000,9,20.7,4.0,2000-09-01
17150,TR,BAL,LTBF,Balikesir,39.6167,27.9167,101,2000,10,14.5,52.0,2000-10-01
17150,TR,BAL,LTBF,Balikesir,39.6167,27.9167,101,2000,11,10.4,34.0,2000-11-01
17150,TR,BAL,LTBF,Balikesir,39.6167,27.9167,101,2000,12,7.2,26.0,2000-12-01
17150,TR,BAL,LTBF,Balikesir,39.6167,27.9167,101,2001,1,6.8,22.0,2001-01-01
17150,TR,BAL,LTBF,Balikesir,39.6167,27.9167,101,2001,2,6.6,83.0,2001-02-01
17150,TR,BAL,LTBF,Balikesir,39.6167,27.9167,101,2001,3,12.6,22.0,2001-03-01
17150,TR,BAL,LTBF,Balikesir,39.6167,27.9167,101,2001,4,13.3,76.0,2001-04-01
17150,TR,BAL,LTBF,Balikesir,39.6167,27.9167,101,2001,5,17.2,102.0,2001-05-01
17150,TR,BAL,LTBF,Balikesir,39.6167,27.9167,101,2001,6,22.5,27.0,2001-06-01
17150,TR,BAL,LTBF,Balikesir,39.6167,27.9167,101,2001,7,26.7,0.0,2001-07-01
17150,TR,BAL,LTBF,Balikesir,39.6167,27.9167,101,2001,8,25.7,2.0,2001-08-01
17150,TR,BAL,LTBF,Balikesir,39.6167,27.9167,101,2001,9,21.4,29.0,2001-09-01
17150,TR,BAL,LTBF,Balikesir,39.6167,27.9167,101,2001,10,16.5,0.0,2001-10-01
17150,TR,BAL,LTBF,Balikesir,39.6167,27.9167,101,2001,11,9.7,110.0,2001-11-01
17150,TR,BAL,LTBF,Balikesir,39.6167,27.9167,101,2001,12,4.6,136.0,2001-12-01
17150,TR,BAL,LTBF,Balikesir,39.6167,27.9167,101,2002,1,2.3,57.0,2002-01-01
17150,TR,BAL,LTBF,Balikesir,39.6167,27.9167,101,2002,2,7.9,45.0,2002-02-01
17150,TR,BAL,LTBF,Balikesir,39.6167,27.9167,101,2002,3,9.3,76.0,2002-03-01
17150,TR,BAL,LTBF,Balikesir,39.6167,27.9167,101,2002,4,11.9,77.0,2002-04-01
17150,TR,BAL,LTBF,Balikesir,39.6167,27.9167,101,2002,5,17.2,42.0,2002-05-01
17150,TR,BAL,LTBF,Balikesir,39.6167,27.9167,101,2002,6,23.2,1.0,2002-06-01
17150,TR,BAL,LTBF,Balikesir,39.6167,27.9167,101,2002,7,27.1,12.0,2002-07-01
17150,TR,BAL,LTBF,Balikesir,39.6167,27.9167,101,2002,8,25.9,3.0,2002-08-01
17150,TR,BAL,LTBF,Balikesir,39.6167,27.9167,101,2002,9,20.5,54.0,2002-09-01
17150,TR,BAL,LTBF,Balikesir,39.6167,27.9167,101,2002,10,15.2,60.0,2002-10-01
17150,TR,BAL,LTBF,Balikesir,39.6167,27.9167,101,2002,11,9.3,79.0,2002-11-01
17150,TR,BAL,LTBF,Balikesir,39.6167,27.9167,101,2002,12,4.3,54.0,2002-12-01
17150,TR,BAL,LTBF,Balikesir,39.6167,27.9167,101,2003,1,7.9,71.0,2003-01-01
17150,TR,BAL,LTBF,Balikesir,39.6167,27.9167,101,2003,2,2.3,79.0,2003-02-01
17150,TR,BAL,LTBF,Balikesir,39.6167,27.9167,101,2003,3,4.5,31.0,2003-03-01
17150,TR,BAL,LTBF,Balikesir,39.6167,27.9167,101,2003,4,9.9,70.0,2003-04-01
17150,TR,BAL,LTBF,Balikesir,39.6167,27.9167,101,2003,5,18.9,22.0,2003-05-01
17150,TR,BAL,LTBF,Balikesir,39.6167,27.9167,101,2003,6,23.4,0.0,2003-06-01
17150,TR,BAL,LTBF,Balikesir,39.6167,27.9167,101,2003,7,25.4,0.0,2003-07-01
17150,TR,BAL,LTBF,Balikesir,39.6167,27.9167,101,2003,8,25.3,0.0,2003-08-01
17150,TR,BAL,LTBF,Balikesir,39.6167,27.9167,101,2003,9,19.6,40.0,2003-09-01
17150,TR,BAL,LTBF,Balikesir,39.6167,27.9167,101,2003,10,16.3,54.0,2003-10-01
17150,TR,BAL,LTBF,Balikesir,39.6167,27.9167,101,2003,11,8.6,44.0,2003-11-01
17150,TR,BAL,LTBF,Balikesir,39.6167,27.9167,101,2003,12,5.6,66.0,2003-12-01
17150,TR,BAL,LTBF,Balikesir,39.6167,27.9167,101,2004,1,4.1,138.0,2004-01-01
17150,TR,BAL,LTBF,Balikesir,39.6167,27.9167,101,2004,2,4.8,34.0,2004-02-01
17150,TR,BAL,LTBF,Balikesir,39.6167,27.9167,101,2004,3,9.0,24.0,2004-03-01
17150,TR,BAL,LTBF,Balikesir,39.6167,27.9167,101,2004,4,12.2,49.0,2004-04-01
17150,TR,BAL,LTBF,Balikesir,39.6167,27.9167,101,2004,5,17.1,17.0,2004-05-01
17150,TR,BAL,LTBF,Balikesir,39.6167,27.9167,101,2004,6,22.3,22.0,2004-06-01
17150,TR,BAL,LTBF,Balikesir,39.6167,27.9167,101,2004,7,25.0,1.0,2004-07-01
17150,TR,BAL,LTBF,Balikesir,39.6167,27.9167,101,2004,8,24.1,7.0,2004-08-01
17150,TR,BAL,LTBF,Balikesir,39.6167,27.9167,101,2004,9,21.1,0.0,2004-09-01
17150,TR,BAL,LTBF,Balikesir,39.6167,27.9167,101,2004,10,17.5,7.0,2004-10-01
17150,TR,BAL,LTBF,Balikesir,39.6167,27.9167,101,2004,11,10.4,173.0,2004-11-01
17150,TR,BAL,LTBF,Balikesir,39.6167,27.9167,101,2004,12,7.0,34.0,2004-12-01
17150,TR,BAL,LTBF,Balikesir,39.6167,27.9167,101,2005,1,5.5,87.0,2005-01-01
17150,TR,BAL,LTBF,Balikesir,39.6167,27.9167,101,2005,2,5.8,90.0,2005-02-01
17150,TR,BAL,LTBF,Balikesir,39.6167,27.9167,101,2005,3,8.2,89.0,2005-03-01
17150,TR,BAL,LTBF,Balikesir,39.6167,27.9167,101,2005,4,13.2,34.0,2005-04-01
17150,TR,BAL,LTBF,Balikesir,39.6167,27.9167,101,2005,5,18.0,34.0,2005-05-01
17150,TR,BAL,LTBF,Balikesir,39.6167,27.9167,101,2005,6,21.5,28.0,2005-06-01
17150,TR,BAL,LTBF,Balikesir,39.6167,27.9167,101,2005,7,25.7,10.0,2005-07-01
17150,TR,BAL,LTBF,Balikesir,39.6167,27.9167,101,2005,8,26.2,1.0,2005-08-01
17150,TR,BAL,LTBF,Balikesir,39.6167,27.9167,101,2005,9,21.1,13.0,2005-09-01
17150,TR,BAL,LTBF,Balikesir,39.6167,27.9167,101,2005,10,13.9,17.0,2005-10-01
17150,TR,BAL,LTBF,Balikesir,39.6167,27.9167,101,2005,11,9.5,99.0,2005-11-01
17150,TR,BAL,LTBF,Balikesir,39.6167,27.9167,101,2005,12,7.5,60.0,2005-12-01
17150,TR,BAL,LTBF,Balikesir,39.6167,27.9167,101,2006,1,2.5,46.0,2006-01-01
17150,TR,BAL,LTBF,Balikesir,39.6167,27.9167,101,2006,2,4.7,71.0,2006-02-01
17150,TR,BAL,LTBF,Balikesir,39.6167,27.9167,101,2006,3,9.0,71.0,2006-03-01
17150,TR,BAL,LTBF,Balikesir,39.6167,27.9167,101,2006,4,13.4,21.0,2006-04-01
17150,TR,BAL,LTBF,Balikesir,39.6167,27.9167,101,2006,5,17.5,14.0,2006-05-01
17150,TR,BAL,LTBF,Balikesir,39.6167,27.9167,101,2006,6,22.2,71.0,2006-06-01
17150,TR,BAL,LTBF,Balikesir,39.6167,27.9167,101,2006,7,23.8,3.0,2006-07-01
17150,TR,BAL,LTBF,Balikesir,39.6167,27.9167,101,2006,8,26.4,0.0,2006-08-01
17150,TR,BAL,LTBF,Balikesir,39.6167,27.9167,101,2006,9,19.6,69.0,2006-09-01
17150,TR,BAL,LTBF,Balikesir,39.6167,27.9167,101,2006,10,15.9,47.0,2006-10-01
17150,TR,BAL,LTBF,Balikesir,39.6167,27.9167,101,2006,11,7.3,32.0,2006-11-01
17150,TR,BAL,LTBF,Balikesir,39.6167,27.9167,101,2006,12,3.4,29.0,2006-12-01
17150,TR,BAL,LTBF,Balikesir,39.6167,27.9167,101,2007,1,5.5,29.0,2007-01-01
17150,TR,BAL,LTBF,Balikesir,39.6167,27.9167,101,2007,2,6.5,18.0,2007-02-01
17150,TR,BAL,LTBF,Balikesir,39.6167,27.9167,101,2007,3,8.8,44.0,2007-03-01
17150,TR,BAL,LTBF,Balikesir,39.6167,27.9167,101,2007,4,11.0,15.0,2007-04-01
17150,TR,BAL,LTBF,Balikesir,39.6167,27.9167,101,2007,5,19.5,44.0,2007-05-01
17150,TR,BAL,LTBF,Balikesir,39.6167,27.9167,101,2007,6,24.9,7.0,2007-06-01
17150,TR,BAL,LTBF,Balikesir,39.6167,27.9167,101,2007,7,26.4,0.0,2007-07-01
17150,TR,BAL,LTBF,Balikesir,39.6167,27.9167,101,2007,8,26.7,0.0,2007-08-01
17150,TR,BAL,LTBF,Balikesir,39.6167,27.9167,101,2007,9,21.1,0.0,2007-09-01
17150,TR,BAL,LTBF,Balikesir,39.6167,27.9167,101,2007,10,16.3,90.0,2007-10-01
17150,TR,BAL,LTBF,Balikesir,39.6167,27.9167,101,2007,11,8.8,102.0,2007-11-01
17150,TR,BAL,LTBF,Balikesir,39.6167,27.9167,101,2007,12,4.3,120.0,2007-12-01
17150,TR,BAL,LTBF,Balikesir,39.6167,27.9167,101,2008,1,1.3,37.0,2008-01-01
17150,TR,BAL,LTBF,Balikesir,39.6167,27.9167,101,2008,2,3.6,13.0,2008-02-01
17150,TR,BAL,LTBF,Balikesir,39.6167,27.9167,101,2008,3,11.4,54.0,2008-03-01
17150,TR,BAL,LTBF,Balikesir,39.6167,27.9167,101,2008,4,14.1,42.0,2008-04-01
17150,TR,BAL,LTBF,Balikesir,39.6167,27.9167,101,2008,5,17.2,5.0,2008-05-01
17150,TR,BAL,LTBF,Balikesir,39.6167,27.9167,101,2008,6,23.5,14.0,2008-06-01
17150,TR,BAL,LTBF,Balikesir,39.6167,27.9167,101,2008,7,25.0,0.0,2008-07-01
17150,TR,BAL,LTBF,Balikesir,39.6167,27.9167,101,2008,8,26.2,4.0,2008-08-01
17150,TR,BAL,LTBF,Balikesir,39.6167,27.9167,101,2008,9,20.4,33.0,2008-09-01
17150,TR,BAL,LTBF,Balikesir,39.6167,27.9167,101,2008,10,15.9,39.0,2008-10-01
17150,TR,BAL,LTBF,Balikesir,39.6167,27.9167,101,2008,11,11.2,53.0,2008-11-01
17150,TR,BAL,LTBF,Balikesir,39.6167,27.9167,101,2008,12,6.4,60.0,2008-12-01
17150,TR,BAL,LTBF,Balikesir,39.6167,27.9167,101,2009,1,5.2,120.0,2009-01-01
17150,TR,BAL,LTBF,Balikesir,39.6167,27.9167,101,2009,2,7.0,120.0,2009-02-01
17150,TR,BAL,LTBF,Balikesir,39.6167,27.9167,101,2009,3,8.3,121.0,2009-03-01
17150,TR,BAL,LTBF,Balikesir,39.6167,27.9167,101,2009,4,12.0,54.0,2009-04-01
17150,TR,BAL,LTBF,Balikesir,39.6167,27.9167,101,2009,5,17.6,52.0,2009-05-01
17150,TR,BAL,LTBF,Balikesir,39.6167,27.9167,101,2009,6,22.8,35.0,2009-06-01
17150,TR,BAL,LTBF,Balikesir,39.6167,27.9167,101,2009,7,25.5,2.0,2009-07-01
17150,TR,BAL,LTBF,Balikesir,39.6167,27.9167,101,2009,8,24.3,0.0,2009-08-01
17150,TR,BAL,LTBF,Balikesir,39.6167,27.9167,101,2009,9,20.0,29.0,2009-09-01
17150,TR,BAL,LTBF,Balikesir,39.6167,27.9167,101,2009,10,17.4,31.0,2009-10-01
17150,TR,BAL,LTBF,Balikesir,39.6167,27.9167,101,2009,11,9.3,93.0,2009-11-01
17150,TR,BAL,LTBF,Balikesir,39.6167,27.9167,101,2009,12,8.9,118.0,2009-12-01
17150,TR,BAL,LTBF,Balikesir,39.6167,27.9167,101,2010,1,6.1,165.0,2010-01-01
17150,TR,BAL,LTBF,Balikesir,39.6167,27.9167,101,2010,2,9.3,167.0,2010-02-01
17150,TR,BAL,LTBF,Balikesir,39.6167,27.9167,101,2010,3,9.0,39.0,2010-03-01
17150,TR,BAL,LTBF,Balikesir,39.6167,27.9167,101,2010,4,13.0,37.0,2010-04-01
17150,TR,BAL,LTBF,Balikesir,39.6167,27.9167,101,2010,5,18.5,44.0,2010-05-01
17150,TR,BAL,LTBF,Balikesir,39.6167,27.9167,101,2010,6,22.5,96.0,2010-06-01
17150,TR,BAL,LTBF,Balikesir,39.6167,27.9167,101,2010,7,25.5,1.0,2010-07-01
17150,TR,BAL,LTBF,Balikesir,39.6167,27.9167,101,2010,8,27.5,2.0,2010-08-01
17150,TR,BAL,LTBF,Balikesir,39.6167,27.9167,101,2010,9,21.4,58.0,2010-09-01
17150,TR,BAL,LTBF,Balikesir,39.6167,27.9167,101,2010,10,14.6,202.0,2010-10-01
17150,TR,BAL,LTBF,Balikesir,39.6167,27.9167,101,2010,11,13.3,31.0,2010-11-01
17150,TR,BAL,LTBF,Balikesir,39.6167,27.9167,101,2010,12,8.5,155.0,2010-12-01
17150,TR,BAL,LTBF,Balikesir,39.6167,27.9167,101,2011,1,4.2,37.0,2011-01-01
17150,TR,BAL,LTBF,Balikesir,39.6167,27.9167,101,2011,2,5.0,34.0,2011-02-01
17150,TR,BAL,LTBF,Balikesir,39.6167,27.9167,101,2011,3,7.6,40.0,2011-03-01
17150,TR,BAL,LTBF,Balikesir,39.6167,27.9167,101,2011,4,10.3,65.0,2011-04-01
17150,TR,BAL,LTBF,Balikesir,39.6167,27.9167,101,2011,5,16.1,36.0,2011-05-01
17150,TR,BAL,LTBF,Balikesir,39.6167,27.9167,101,2011,6,21.7,4.0,2011-06-01
17150,TR,BAL,LTBF,Balikesir,39.6167,27.9167,101,2011,7,26.1,4.0,2011-07-01
17150,TR,BAL,LTBF,Balikesir,39.6167,27.9167,101,2011,8,24.1,0.0,2011-08-01
17150,TR,BAL,LTBF,Balikesir,39.6167,27.9167,101,2011,9,21.8,91.0,2011-09-01
17150,TR,BAL,LTBF,Balikesir,39.6167,27.9167,101,2011,10,12.9,94.0,2011-10-01
17150,TR,BAL,LTBF,Balikesir,39.6167,27.9167,101,2011,11,5.8,1.0,2011-11-01
17150,TR,BAL,LTBF,Balikesir,39.6167,27.9167,101,2011,12,5.3,153.0,2011-12-01
17150,TR,BAL,LTBF,Balikesir,39.6167,27.9167,101,2012,1,2.6,78.0,2012-01-01
17150,TR,BAL,LTBF,Balikesir,39.6167,27.9167,101,2012,2,2.2,119.0,2012-02-01
17150,TR,BAL,LTBF,Balikesir,39.6167,27.9167,101,2012,3,7.1,40.0,2012-03-01
17150,TR,BAL,LTBF,Balikesir,39.6167,27.9167,101,2012,4,14.2,68.0,2012-04-01
17150,TR,BAL,LTBF,Balikesir,39.6167,27.9167,101,2012,5,17.4,87.0,2012-05-01
17150,TR,BAL,LTBF,Balikesir,39.6167,27.9167,101,2012,6,24.1,0.0,2012-06-01
17150,TR,BAL,LTBF,Balikesir,39.6167,27.9167,101,2012,7,27.1,0.0,2012-07-01
17150,TR,BAL,LTBF,Balikesir,39.6167,27.9167,101,2012,8,25.3,14.0,2012-08-01
17150,TR,BAL,LTBF,Balikesir,39.6167,27.9167,101,2012,9,22.3,7.0,2012-09-01
17150,TR,BAL,LTBF,Balikesir,39.6167,27.9167,101,2012,10,18.4,26.0,2012-10-01
17150,TR,BAL,LTBF,Balikesir,39.6167,27.9167,101,2012,11,12.4,33.0,2012-11-01
17150,TR,BAL,LTBF,Balikesir,39.6167,27.9167,101,2012,12,6.8,141.0,2012-12-01
17150,TR,BAL,LTBF,Balikesir,39.6167,27.9167,101,2013,1,6.2,132.0,2013-01-01
17150,TR,BAL,LTBF,Balikesir,39.6167,27.9167,101,2013,2,8.0,111.0,2013-02-01
17150,TR,BAL,LTBF,Balikesir,39.6167,27.9167,101,2013,3,10.7,90.0,2013-03-01
17150,TR,BAL,LTBF,Balikesir,39.6167,27.9167,101,2013,4,13.1,43.0,2013-04-01
17150,TR,BAL,LTBF,Balikesir,39.6167,27.9167,101,2013,5,19.7,5.0,2013-05-01
17150,TR,BAL,LTBF,Balikesir,39.6167,27.9167,101,2013,6,22.7,17.0,2013-06-01
17150,TR,BAL,LTBF,Balikesir,39.6167,27.9167,101,2013,7,24.9,0.0,2013-07-01
17150,TR,BAL,LTBF,Balikesir,39.6167,27.9167,101,2013,8,25.8,0.0,2013-08-01
17150,TR,BAL,LTBF,Balikesir,39.6167,27.9167,101,2013,9,20.7,12.0,2013-09-01
17150,TR,BAL,LTBF,Balikesir,39.6167,27.9167,101,2013,10,13.4,64.0,2013-10-01
17150,TR,BAL,LTBF,Balikesir,39.6167,27.9167,101,2013,11,11.0,115.0,2013-11-01
17150,TR,BAL,LTBF,Balikesir,39.6167,27.9167,101,2013,12,1.6,22.0,2013-12-01
17150,TR,BAL,LTBF,Balikesir,39.6167,27.9167,101,2014,1,7.3,41.0,2014-01-01
17150,TR,BAL,LTBF,Balikesir,39.6167,27.9167,101,2014,2,7.3,10.0,2014-02-01
17150,TR,BAL,LTBF,Balikesir,39.6167,27.9167,101,2014,3,9.5,46.0,2014-03-01
17150,TR,BAL,LTBF,Balikesir,39.6167,27.9167,101,2014,4,13.6,114.0,2014-04-01
17150,TR,BAL,LTBF,Balikesir,39.6167,27.9167,101,2014,5,17.4,40.0,2014-05-01
17150,TR,BAL,LTBF,Balikesir,39.6167,27.9167,101,2014,6,21.8,94.0,2014-06-01
17150,TR,BAL,LTBF,Balikesir,39.6167,27.9167,101,2014,7,25.5,5.0,2014-07-01
17150,TR,BAL,LTBF,Balikesir,39.6167,27.9167,101,2014,8,25.6,25.0,2014-08-01
17150,TR,BAL,LTBF,Balikesir,39.6167,27.9167,101,2014,9,20.4,99.0,2014-09-01
17150,TR,BAL,LTBF,Balikesir,39.6167,27.9167,101,2014,10,15.8,83.0,2014-10-01
17150,TR,BAL,LTBF,Balikesir,39.6167,27.9167,101,2014,11,10.5,38.0,2014-11-01
17150,TR,BAL,LTBF,Balikesir,39.6167,27.9167,101,2014,12,8.5,115.0,2014-12-01
17150,TR,BAL,LTBF,Balikesir,39.6167,27.9167,101,2015,1,4.5,97.0,2015-01-01
17150,TR,BAL,LTBF,Balikesir,39.6167,27.9167,101,2015,2,6.3,64.0,2015-02-01
17150,TR,BAL,LTBF,Balikesir,39.6167,27.9167,101,2015,3,8.8,62.0,2015-03-01
17150,TR,BAL,LTBF,Balikesir,39.6167,27.9167,101,2015,4,11.0,69.0,2015-04-01
17150,TR,BAL,LTBF,Balikesir,39.6167,27.9167,101,2015,5,18.7,36.0,2015-05-01
17150,TR,BAL,LTBF,Balikesir,39.6167,27.9167,101,2015,6,21.1,93.0,2015-06-01
17150,TR,BAL,LTBF,Balikesir,39.6167,27.9167,101,2015,7,25.0,0.0,2015-07-01
17150,TR,BAL,LTBF,Balikesir,39.6167,27.9167,101,2015,8,26.1,0.0,2015-08-01
17150,TR,BAL,LTBF,Balikesir,39.6167,27.9167,101,2015,9,23.1,49.0,2015-09-01
17150,TR,BAL,LTBF,Balikesir,39.6167,27.9167,101,2015,10,16.0,108.0,2015-10-01
17150,TR,BAL,LTBF,Balikesir,39.6167,27.9167,101,2015,11,11.6,73.0,2015-11-01
17150,TR,BAL,LTBF,Balikesir,39.6167,27.9167,101,2015,12,3.0,2.0,2015-12-01
17150,TR,BAL,LTBF,Balikesir,39.6167,27.9167,101,2016,1,3.9,178.0,2016-01-01
17150,TR,BAL,LTBF,Balikesir,39.6167,27.9167,101,2016,2,10.2,49.0,2016-02-01
17150,TR,BAL,LTBF,Balikesir,39.6167,27.9167,101,2016,3,10.3,132.0,2016-03-01
17150,TR,BAL,LTBF,Balikesir,39.6167,27.9167,101,2016,4,15.6,12.0,2016-04-01
17150,TR,BAL,LTBF,Balikesir,39.6167,27.9167,101,2016,5,17.5,50.0,2016-05-01
17150,TR,BAL,LTBF,Balikesir,39.6167,27.9167,101,2016,6,24.0,18.0,2016-06-01
17150,TR,BAL,LTBF,Balikesir,39.6167,27.9167,101,2016,7,26.0,0.0,2016-07-01
17150,TR,BAL,LTBF,Balikesir,39.6167,27.9167,101,2016,8,25.8,0.0,2016-08-01
17150,TR,BAL,LTBF,Balikesir,39.6167,27.9167,101,2016,9,21.1,3.0,2016-09-01
17150,TR,BAL,LTBF,Balikesir,39.6167,27.9167,101,2016,10,15.5,16.0,2016-10-01
17150,TR,BAL,LTBF,Balikesir,39.6167,27.9167,101,2016,11,9.6,126.0,2016-11-01
17150,TR,BAL,LTBF,Balikesir,39.6167,27.9167,101,2016,12,2.7,42.0,2016-12-01
17150,TR,BAL,LTBF,Balikesir,39.6167,27.9167,101,2017,1,1.9,172.0,2017-01-01
17150,TR,BAL,LTBF,Balikesir,39.6167,27.9167,101,2017,2,6.7,52.0,2017-02-01
17150,TR,BAL,LTBF,Balikesir,39.6167,27.9167,101,2017,3,9.5,59.0,2017-03-01
17150,TR,BAL,LTBF,Balikesir,39.6167,27.9167,101,2017,4,12.3,35.0,2017-04-01
17150,TR,BAL,LTBF,Balikesir,39.6167,27.9167,101,2017,5,17.2,40.0,2017-05-01
17150,TR,BAL,LTBF,Balikesir,39.6167,27.9167,101,2017,6,22.9,13.0,2017-06-01
17150,TR,BAL,LTBF,Balikesir,39.6167,27.9167,101,2017,7,25.3,7.0,2017-07-01
17150,TR,BAL,LTBF,Balikesir,39.6167,27.9167,101,2017,8,25.0,11.0,2017-08-01
17150,TR,BAL,LTBF,Balikesir,39.6167,27.9167,101,2017,9,21.9,3.0,2017-09-01
17150,TR,BAL,LTBF,Balikesir,39.6167,27.9167,101,2017,10,14.3,37.0,2017-10-01
17150,TR,BAL,LTBF,Balikesir,39.6167,27.9167,101,2017,11,9.4,50.0,2017-11-01
17150,TR,BAL,LTBF,Balikesir,39.6167,27.9167,101,2017,12,8.6,85.0,2017-12-01
17150,TR,BAL,LTBF,Balikesir,39.6167,27.9167,101,2018,1,4.9,37.0,2018-01-01
17150,TR,BAL,LTBF,Balikesir,39.6167,27.9167,101,2018,2,8.4,70.0,2018-02-01
17150,TR,BAL,LTBF,Balikesir,39.6167,27.9167,101,2018,3,11.8,101.0,2018-03-01
17150,TR,BAL,LTBF,Balikesir,39.6167,27.9167,101,2018,4,14.9,18.0,2018-04-01
17150,TR,BAL,LTBF,Balikesir,39.6167,27.9167,101,2018,5,19.4,33.0,2018-05-01
17150,TR,BAL,LTBF,Balikesir,39.6167,27.9167,101,2018,6,22.9,69.0,2018-06-01
17150,TR,BAL,LTBF,Balikesir,39.6167,27.9167,101,2018,7,25.8,46.0,2018-07-01
17150,TR,BAL,LTBF,Balikesir,39.6167,27.9167,101,2018,8,26.3,0.5,2018-08-01
17150,TR,BAL,LTBF,Balikesir,39.6167,27.9167,101,2018,9,21.4,19.0,2018-09-01
17150,TR,BAL,LTBF,Balikesir,39.6167,27.9167,101,2018,10,16.5,10.0,2018-10-01
17150,TR,BAL,LTBF,Balikesir,39.6167,27.9167,101,2018,11,11.9,50.0,2018-11-01
17150,TR,BAL,LTBF,Balikesir,39.6167,27.9167,101,2018,12,5.0,63.0,2018-12-01
17150,TR,BAL,LTBF,Balikesir,39.6167,27.9167,101,2019,1,5.8,106.0,2019-01-01
17150,TR,BAL,LTBF,Balikesir,39.6167,27.9167,101,2019,2,6.4,45.0,2019-02-01
17150,TR,BAL,LTBF,Balikesir,39.6167,27.9167,101,2019,3,9.4,26.0,2019-03-01
17150,TR,BAL,LTBF,Balikesir,39.6167,27.9167,101,2019,4,12.3,76.0,2019-04-01
17150,TR,BAL,LTBF,Balikesir,39.6167,27.9167,101,2019,5,19.0,37.0,2019-05-01
17150,TR,BAL,LTBF,Balikesir,39.6167,27.9167,101,2019,6,24.4,15.0,2019-06-01
17150,TR,BAL,LTBF,Balikesir,39.6167,27.9167,101,2019,7,24.4,37.0,2019-07-01
17150,TR,BAL,LTBF,Balikesir,39.6167,27.9167,101,2019,8,25.4,0.0,2019-08-01
17150,TR,BAL,LTBF,Balikesir,39.6167,27.9167,101,2019,9,21.5,3.0,2019-09-01
17150,TR,BAL,LTBF,Balikesir,39.6167,27.9167,101,2019,10,17.3,51.0,2019-10-01
17150,TR,BAL,LTBF,Balikesir,39.6167,27.9167,101,2019,11,12.6,49.0,2019-11-01
17150,TR,BAL,LTBF,Balikesir,39.6167,27.9167,101,2019,12,6.5,55.0,2019-12-01
17150,TR,BAL,LTBF,Balikesir,39.6167,27.9167,101,2020,1,4.4,55.0,2020-01-01
17150,TR,BAL,LTBF,Balikesir,39.6167,27.9167,101,2020,2,7.0,68.0,2020-02-01
17150,TR,BAL,LTBF,Balikesir,39.6167,27.9167,101,2020,3,9.4,43.0,2020-03-01
17150,TR,BAL,LTBF,Balikesir,39.6167,27.9167,101,2020,4,11.6,52.0,2020-04-01
17150,TR,BAL,LTBF,Balikesir,39.6167,27.9167,101,2020,5,17.7,61.0,2020-05-01
17150,TR,BAL,LTBF,Balikesir,39.6167,27.9167,101,2020,6,21.8,72.0,2020-06-01
17150,TR,BAL,LTBF,Balikesir,39.6167,27.9167,101,2020,7,25.2,0.6,2020-07-01
17150,TR,BAL,LTBF,Balikesir,39.6167,27.9167,101,2020,8,25.3,0.0,2020-08-01
17150,TR,BAL,LTBF,Balikesir,39.6167,27.9167,101,2020,9,23.6,0.0,2020-09-01
17150,TR,BAL,LTBF,Balikesir,39.6167,27.9167,101,2020,10,18.2,25.0,2020-10-01
17150,TR,BAL,LTBF,Balikesir,39.6167,27.9167,101,2020,11,9.8,29.0,2020-11-01
17150,TR,BAL,LTBF,Balikesir,39.6167,27.9167,101,2020,12,9.3,37.0,2020-12-01
17150,TR,BAL,LTBF,Balikesir,39.6167,27.9167,101,2021,1,6.8,175.0,2021-01-01
17150,TR,BAL,LTBF,Balikesir,39.6167,27.9167,101,2021,2,6.5,79.0,2021-02-01
17150,TR,BAL,LTBF,Balikesir,39.6167,27.9167,101,2021,3,6.8,94.0,2021-03-01
17150,TR,BAL,LTBF,Balikesir,39.6167,27.9167,101,2021,4,12.6,99.0,2021-04-01
17150,TR,BAL,LTBF,Balikesir,39.6167,27.9167,101,2021,5,18.6,18.0,2021-05-01
17150,TR,BAL,LTBF,Balikesir,39.6167,27.9167,101,2021,6,21.4,54.0,2021-06-01
17150,TR,BAL,LTBF,Balikesir,39.6167,27.9167,101,2021,7,26.4,0.4,2021-07-01
17150,TR,BAL,LTBF,Balikesir,39.6167,27.9167,101,2021,8,26.3,0.0,2021-08-01
17150,TR,BAL,LTBF,Balikesir,39.6167,27.9167,101,2021,9,20.6,8.0,2021-09-01
17150,TR,BAL,LTBF,Balikesir,39.6167,27.9167,101,2021,10,14.7,48.0,2021-10-01
17150,TR,BAL,LTBF,Balikesir,39.6167,27.9167,101,2021,11,12.0,75.0,2021-11-01
17150,TR,BAL,LTBF,Balikesir,39.6167,27.9167,101,2021,12,8.2,62.0,2021-12-01
17150,TR,BAL,LTBF,Balikesir,39.6167,27.9167,101,2022,1,3.8,40.0,2022-01-01
17150,TR,BAL,LTBF,Balikesir,39.6167,27.9167,101,2022,2,6.1,124.0,2022-02-01
17150,TR,BAL,LTBF,Balikesir,39.6167,27.9167,101,2022,3,4.4,32.0,2022-03-01
17150,TR,BAL,LTBF,Balikesir,39.6167,27.9167,101,2022,4,13.7,52.0,2022-04-01
17150,TR,BAL,LTBF,Balikesir,39.6167,27.9167,101,2022,5,18.1,6.0,2022-05-01
17150,TR,BAL,LTBF,Balikesir,39.6167,27.9167,101,2022,6,23.2,30.0,2022-06-01
17150,TR,BAL,LTBF,Balikesir,39.6167,27.9167,101,2022,7,24.8,50.0,2022-07-01
17150,TR,BAL,LTBF,Balikesir,39.6167,27.9167,101,2022,8,25.7,15.0,2022-08-01
17150,TR,BAL,LTBF,Balikesir,39.6167,27.9167,101,2022,9,21.3,10.0,2022-09-01
17150,TR,BAL,LTBF,Balikesir,39.6167,27.9167,101,2022,10,16.1,1.0,2022-10-01
17150,TR,BAL,LTBF,Balikesir,39.6167,27.9167,101,2022,11,12.3,52.0,2022-11-01
17150,TR,BAL,LTBF,Balikesir,39.6167,27.9167,101,2022,12,8.8,67.0,2022-12-01
17150,TR,BAL,LTBF,Balikesir,39.6167,27.9167,101,2023,1,6.8,90.0,2023-01-01
17150,TR,BAL,LTBF,Balikesir,39.6167,27.9167,101,2023,2,5.2,20.0,2023-02-01
17150,TR,BAL,LTBF,Balikesir,39.6167,27.9167,101,2023,3,9.8,69.0,2023-03-01
17150,TR,BAL,LTBF,Balikesir,39.6167,27.9167,101,2023,4,12.3,128.0,2023-04-01
17150,TR,BAL,LTBF,Balikesir,39.6167,27.9167,101,2023,5,16.3,107.0,2023-05-01
17150,TR,BAL,LTBF,Balikesir,39.6167,27.9167,101,2023,6,21.7,32.0,2023-06-01
17150,TR,BAL,LTBF,Balikesir,39.6167,27.9167,101,2023,7,26.2,0.0,2023-07-01
17150,TR,BAL,LTBF,Balikesir,39.6167,27.9167,101,2023,8,26.7,0.6,2023-08-01
17150,TR,BAL,LTBF,Balikesir,39.6167,27.9167,101,2023,9,22.6,21.0,2023-09-01
17150,TR,BAL,LTBF,Balikesir,39.6167,27.9167,101,2023,10,17.4,18.0,2023-10-01
17150,TR,BAL,LTBF,Balikesir,39.6167,27.9167,101,2023,11,13.1,166.0,2023-11-01
17150,TR,BAL,LTBF,Balikesir,39.6167,27.9167,101,2023,12,9.0,83.0,2023-12-01
17150,TR,BAL,LTBF,Balikesir,39.6167,27.9167,101,2024,1,6.7,111.0,2024-01-01
17150,TR,BAL,LTBF,Balikesir,39.6167,27.9167,101,2024,2,8.3,24.0,2024-02-01
17150,TR,BAL,LTBF,Balikesir,39.6167,27.9167,101,2024,3,9.9,80.0,2024-03-01
17150,TR,BAL,LTBF,Balikesir,39.6167,27.9167,101,2024,4,15.8,43.0,2024-04-01
17150,TR,BAL,LTBF,Balikesir,39.6167,27.9167,101,2024,5,16.7,26.0,2024-05-01
17150,TR,BAL,LTBF,Balikesir,39.6167,27.9167,101,2024,6,25.8,0.0,2024-06-01
17150,TR,BAL,LTBF,Balikesir,39.6167,27.9167,101,2024,7,27.7,15.0,2024-07-01
17150,TR,BAL,LTBF,Balikesir,39.6167,27.9167,101,2024,8,26.4,0.0,2024-08-01
17150,TR,BAL,LTBF,Balikesir,39.6167,27.9167,101,2024,9,22.5,21.0,2024-09-01
17150,TR,BAL,LTBF,Balikesir,39.6167,27.9167,101,2024,10,16.4,4.0,2024-10-01
17150,TR,BAL,LTBF,Balikesir,39.6167,27.9167,101,2024,11,9.7,76.0,2024-11-01
17150,TR,BAL,LTBF,Balikesir,39.6167,27.9167,101,2024,12,8.0,131.0,2024-12-01
17150,TR,BAL,LTBF,Balikesir,39.6167,27.9167,101,2025,1,6.7,75.0,2025-01-01
17150,TR,BAL,LTBF,Balikesir,39.6167,27.9167,101,2025,2,4.6,44.0,2025-02-01
17150,TR,BAL,LTBF,Balikesir,39.6167,27.9167,101,2025,3,11.1,33.0,2025-03-01
17150,TR,BAL,LTBF,Balikesir,39.6167,27.9167,101,2025,4,11.6,51.0,2025-04-01
17150,TR,BAL,LTBF,Balikesir,39.6167,27.9167,101,2025,5,18.0,34.0,2025-05-01
17150,TR,BAL,LTBF,Balikesir,39.6167,27.9167,101,2025,6,23.6,0.0,2025-06-01
17150,TR,BAL,LTBF,Balikesir,39.6167,27.9167,101,2025,7,27.6,0.0,2025-07-01
17150,TR,BAL,LTBF,Balikesir,39.6167,27.9167,101,2025,8,26.0,5.0,2025-08-01
17150,TR,BAL,LTBF,Balikesir,39.6167,27.9167,101,2025,9,22.0,10.0,2025-09-01
17150,TR,BAL,LTBF,Balikesir,39.6167,27.9167,101,2025,10,14.9,115.0,2025-10-01
17150,TR,BAL,LTBF,Balikesir,39.6167,27.9167,101,2025,11,12.0,68.0,2025-11-01
17150,TR,BAL,LTBF,Balikesir,39.6167,27.9167,101,2025,12,6.0,22.0,2025-12-01
17150,TR,BAL,LTBF,Balikesir,39.6167,27.9167,101,2026,1,6.9,121.0,2026-01-01
17150,TR,BAL,LTBF,Balikesir,39.6167,27.9167,101,2026,2,8.4,179.0,2026-02-01
17150,TR,BAL,LTBF,Balikesir,39.6167,27.9167,101,2026,3,8.0,61.0,2026-03-01
17150,TR,BAL,LTBF,Balikesir,39.6167,27.9167,101,2026,4,,,2026-04-01
17150,TR,BAL,LTBF,Balikesir,39.6167,27.9167,101,2026,5,,,2026-05-01
17150,TR,BAL,LTBF,Balikesir,39.6167,27.9167,101,2026,6,,,2026-06-01
17150,TR,BAL,LTBF,Balikesir,39.6167,27.9167,101,2026,7,,,2026-07-01
17150,TR,BAL,LTBF,Balikesir,39.6167,27.9167,101,2026,8,,,2026-08-01
17150,TR,BAL,LTBF,Balikesir,39.6167,27.9167,101,2026,9,,,2026-09-01
17150,TR,BAL,LTBF,Balikesir,39.6167,27.9167,101,2026,10,,,2026-10-01
17150,TR,BAL,LTBF,Balikesir,39.6167,27.9167,101,2026,11,,,2026-11-01
17150,TR,BAL,LTBF,Balikesir,39.6167,27.9167,101,2026,12,,,2026-12-01
17220,TR,IZM,,Izmir,38.4333,27.1667,25,1843,1,6.5,,1843-01-01
17220,TR,IZM,,Izmir,38.4333,27.1667,25,1843,2,11.1,,1843-02-01
17220,TR,IZM,,Izmir,38.4333,27.1667,25,1843,3,13.1,,1843-03-01
17220,TR,IZM,,Izmir,38.4333,27.1667,25,1843,4,14.5,,1843-04-01
17220,TR,IZM,,Izmir,38.4333,27.1667,25,1843,5,18.6,,1843-05-01
17220,TR,IZM,,Izmir,38.4333,27.1667,25,1843,6,23.2,,1843-06-01
17220,TR,IZM,,Izmir,38.4333,27.1667,25,1843,7,27.8,,1843-07-01
17220,TR,IZM,,Izmir,38.4333,27.1667,25,1843,8,24.6,,1843-08-01
17220,TR,IZM,,Izmir,38.4333,27.1667,25,1843,9,20.4,,1843-09-01
17220,TR,IZM,,Izmir,38.4333,27.1667,25,1843,10,17.4,,1843-10-01
17220,TR,IZM,,Izmir,38.4333,27.1667,25,1843,11,12.9,,1843-11-01
17220,TR,IZM,,Izmir,38.4333,27.1667,25,1843,12,6.6,,1843-12-01
17220,TR,IZM,,Izmir,38.4333,27.1667,25,1844,1,6.4,,1844-01-01
17220,TR,IZM,,Izmir,38.4333,27.1667,25,1844,2,11.4,,1844-02-01
17220,TR,IZM,,Izmir,38.4333,27.1667,25,1844,3,12.1,,1844-03-01
17220,TR,IZM,,Izmir,38.4333,27.1667,25,1844,4,12.1,,1844-04-01
17220,TR,IZM,,Izmir,38.4333,27.1667,25,1844,5,19.3,,1844-05-01
17220,TR,IZM,,Izmir,38.4333,27.1667,25,1844,6,23.6,,1844-06-01
17220,TR,IZM,,Izmir,38.4333,27.1667,25,1844,7,26.1,,1844-07-01
17220,TR,IZM,,Izmir,38.4333,27.1667,25,1844,8,23.2,,1844-08-01
17220,TR,IZM,,Izmir,38.4333,27.1667,25,1844,9,19.9,,1844-09-01
17220,TR,IZM,,Izmir,38.4333,27.1667,25,1844,10,17.3,,1844-10-01
17220,TR,IZM,,Izmir,38.4333,27.1667,25,1844,11,13.2,,1844-11-01
17220,TR,IZM,,Izmir,38.4333,27.1667,25,1844,12,7.0,,1844-12-01
17220,TR,IZM,,Izmir,38.4333,27.1667,25,1857,1,10.6,,1857-01-01
17220,TR,IZM,,Izmir,38.4333,27.1667,25,1857,2,6.9,,1857-02-01
17220,TR,IZM,,Izmir,38.4333,27.1667,25,1857,3,11.2,,1857-03-01
17220,TR,IZM,,Izmir,38.4333,27.1667,25,1857,4,17.1,,1857-04-01
17220,TR,IZM,,Izmir,38.4333,27.1667,25,1857,5,20.2,,1857-05-01
17220,TR,IZM,,Izmir,38.4333,27.1667,25,1857,6,22.7,,1857-06-01
17220,TR,IZM,,Izmir,38.4333,27.1667,25,1857,7,27.5,,1857-07-01
17220,TR,IZM,,Izmir,38.4333,27.1667,25,1857,8,26.3,,1857-08-01
17220,TR,IZM,,Izmir,38.4333,27.1667,25,1857,9,20.9,,1857-09-01
17220,TR,IZM,,Izmir,38.4333,27.1667,25,1857,10,19.4,,1857-10-01
17220,TR,IZM,,Izmir,38.4333,27.1667,25,1857,11,12.2,,1857-11-01
17220,TR,IZM,,Izmir,38.4333,27.1667,25,1857,12,7.0,,1857-12-01
17220,TR,IZM,,Izmir,38.4333,27.1667,25,1858,1,2.9,,1858-01-01
17220,TR,IZM,,Izmir,38.4333,27.1667,25,1858,2,5.0,,1858-02-01
17220,TR,IZM,,Izmir,38.4333,27.1667,25,1858,3,12.6,,1858-03-01
17220,TR,IZM,,Izmir,38.4333,27.1667,25,1858,4,16.1,,1858-04-01
17220,TR,IZM,,Izmir,38.4333,27.1667,25,1858,5,22.5,,1858-05-01
17220,TR,IZM,,Izmir,38.4333,27.1667,25,1858,6,23.0,,1858-06-01
17220,TR,IZM,,Izmir,38.4333,27.1667,25,1858,7,27.3,,1858-07-01
17220,TR,IZM,,Izmir,38.4333,27.1667,25,1858,8,27.6,,1858-08-01
17220,TR,IZM,,Izmir,38.4333,27.1667,25,1858,9,23.2,,1858-09-01
17220,TR,IZM,,Izmir,38.4333,27.1667,25,1858,10,20.9,,1858-10-01
17220,TR,IZM,,Izmir,38.4333,27.1667,25,1858,11,15.5,,1858-11-01
17220,TR,IZM,,Izmir,38.4333,27.1667,25,1858,12,8.1,,1858-12-01
17220,TR,IZM,,Izmir,38.4333,27.1667,25,1859,1,3.6,,1859-01-01
17220,TR,IZM,,Izmir,38.4333,27.1667,25,1859,2,6.6,,1859-02-01
17220,TR,IZM,,Izmir,38.4333,27.1667,25,1859,3,10.9,,1859-03-01
17220,TR,IZM,,Izmir,38.4333,27.1667,25,1859,4,17.0,,1859-04-01
17220,TR,IZM,,Izmir,38.4333,27.1667,25,1859,5,22.9,,1859-05-01
17220,TR,IZM,,Izmir,38.4333,27.1667,25,1859,6,24.1,,1859-06-01
17220,TR,IZM,,Izmir,38.4333,27.1667,25,1859,7,26.4,,1859-07-01
17220,TR,IZM,,Izmir,38.4333,27.1667,25,1859,8,26.2,,1859-08-01
17220,TR,IZM,,Izmir,38.4333,27.1667,25,1859,9,22.4,,1859-09-01
17220,TR,IZM,,Izmir,38.4333,27.1667,25,1859,10,20.1,,1859-10-01
17220,TR,IZM,,Izmir,38.4333,27.1667,25,1859,11,14.0,,1859-11-01
17220,TR,IZM,,Izmir,38.4333,27.1667,25,1859,12,10.4,,1859-12-01
17220,TR,IZM,,Izmir,38.4333,27.1667,25,1860,1,8.9,,1860-01-01
17220,TR,IZM,,Izmir,38.4333,27.1667,25,1860,2,8.6,,1860-02-01
17220,TR,IZM,,Izmir,38.4333,27.1667,25,1860,3,10.4,,1860-03-01
17220,TR,IZM,,Izmir,38.4333,27.1667,25,1860,4,17.6,,1860-04-01
17220,TR,IZM,,Izmir,38.4333,27.1667,25,1860,5,20.1,,1860-05-01
17220,TR,IZM,,Izmir,38.4333,27.1667,25,1860,6,27.0,,1860-06-01
17220,TR,IZM,,Izmir,38.4333,27.1667,25,1860,7,28.2,,1860-07-01
17220,TR,IZM,,Izmir,38.4333,27.1667,25,1860,8,29.4,,1860-08-01
17220,TR,IZM,,Izmir,38.4333,27.1667,25,1860,9,24.9,,1860-09-01
17220,TR,IZM,,Izmir,38.4333,27.1667,25,1860,10,17.6,,1860-10-01
17220,TR,IZM,,Izmir,38.4333,27.1667,25,1860,11,9.5,,1860-11-01
17220,TR,IZM,,Izmir,38.4333,27.1667,25,1860,12,10.5,,1860-12-01
17220,TR,IZM,,Izmir,38.4333,27.1667,25,1861,1,6.6,,1861-01-01
17220,TR,IZM,,Izmir,38.4333,27.1667,25,1861,2,10.4,,1861-02-01
17220,TR,IZM,,Izmir,38.4333,27.1667,25,1861,3,11.3,,1861-03-01
17220,TR,IZM,,Izmir,38.4333,27.1667,25,1861,4,15.2,,1861-04-01
17220,TR,IZM,,Izmir,38.4333,27.1667,25,1861,5,18.2,,1861-05-01
17220,TR,IZM,,Izmir,38.4333,27.1667,25,1861,6,27.9,,1861-06-01
17220,TR,IZM,,Izmir,38.4333,27.1667,25,1861,7,29.3,,1861-07-01
17220,TR,IZM,,Izmir,38.4333,27.1667,25,1861,8,27.2,,1861-08-01
17220,TR,IZM,,Izmir,38.4333,27.1667,25,1861,9,25.8,,1861-09-01
17220,TR,IZM,,Izmir,38.4333,27.1667,25,1861,10,20.1,,1861-10-01
17220,TR,IZM,,Izmir,38.4333,27.1667,25,1861,11,10.4,,1861-11-01
17220,TR,IZM,,Izmir,38.4333,27.1667,25,1861,12,8.6,,1861-12-01
17220,TR,IZM,,Izmir,38.4333,27.1667,25,1864,1,4.2,84.0,1864-01-01
17220,TR,IZM,,Izmir,38.4333,27.1667,25,1864,2,10.4,36.0,1864-02-01
17220,TR,IZM,,Izmir,38.4333,27.1667,25,1864,3,15.5,14.0,1864-03-01
17220,TR,IZM,,Izmir,38.4333,27.1667,25,1864,4,12.8,88.0,1864-04-01
17220,TR,IZM,,Izmir,38.4333,27.1667,25,1864,5,18.9,38.0,1864-05-01
17220,TR,IZM,,Izmir,38.4333,27.1667,25,1864,6,24.8,19.0,1864-06-01
17220,TR,IZM,,Izmir,38.4333,27.1667,25,1864,7,25.2,61.0,1864-07-01
17220,TR,IZM,,Izmir,38.4333,27.1667,25,1864,8,25.1,13.0,1864-08-01
17220,TR,IZM,,Izmir,38.4333,27.1667,25,1864,9,22.7,76.0,1864-09-01
17220,TR,IZM,,Izmir,38.4333,27.1667,25,1864,10,19.2,82.0,1864-10-01
17220,TR,IZM,,Izmir,38.4333,27.1667,25,1864,11,14.8,158.0,1864-11-01
17220,TR,IZM,,Izmir,38.4333,27.1667,25,1864,12,9.7,35.0,1864-12-01
17220,TR,IZM,,Izmir,38.4333,27.1667,25,1865,1,11.8,164.0,1865-01-01
17220,TR,IZM,,Izmir,38.4333,27.1667,25,1865,2,10.1,210.0,1865-02-01
17220,TR,IZM,,Izmir,38.4333,27.1667,25,1865,3,13.7,102.0,1865-03-01
17220,TR,IZM,,Izmir,38.4333,27.1667,25,1865,4,13.7,34.0,1865-04-01
17220,TR,IZM,,Izmir,38.4333,27.1667,25,1865,5,19.3,6.0,1865-05-01
17220,TR,IZM,,Izmir,38.4333,27.1667,25,1865,6,22.5,9.0,1865-06-01
17220,TR,IZM,,Izmir,38.4333,27.1667,25,1865,7,25.9,3.0,1865-07-01
17220,TR,IZM,,Izmir,38.4333,27.1667,25,1865,8,26.4,0.0,1865-08-01
17220,TR,IZM,,Izmir,38.4333,27.1667,25,1865,9,21.2,0.0,1865-09-01
17220,TR,IZM,,Izmir,38.4333,27.1667,25,1865,10,21.6,30.0,1865-10-01
17220,TR,IZM,,Izmir,38.4333,27.1667,25,1865,11,13.8,63.0,1865-11-01
17220,TR,IZM,,Izmir,38.4333,27.1667,25,1865,12,7.9,3.0,1865-12-01
17220,TR,IZM,,Izmir,38.4333,27.1667,25,1866,1,6.7,33.0,1866-01-01
17220,TR,IZM,,Izmir,38.4333,27.1667,25,1866,2,10.5,43.0,1866-02-01
17220,TR,IZM,,Izmir,38.4333,27.1667,25,1866,3,14.3,43.0,1866-03-01
17220,TR,IZM,,Izmir,38.4333,27.1667,25,1866,4,16.0,5.0,1866-04-01
17220,TR,IZM,,Izmir,38.4333,27.1667,25,1866,5,19.2,24.0,1866-05-01
17220,TR,IZM,,Izmir,38.4333,27.1667,25,1866,6,23.8,16.0,1866-06-01
17220,TR,IZM,,Izmir,38.4333,27.1667,25,1866,7,27.2,3.0,1866-07-01
17220,TR,IZM,,Izmir,38.4333,27.1667,25,1866,8,25.6,2.0,1866-08-01
17220,TR,IZM,,Izmir,38.4333,27.1667,25,1866,9,23.8,10.0,1866-09-01
17220,TR,IZM,,Izmir,38.4333,27.1667,25,1866,10,17.4,2.0,1866-10-01
17220,TR,IZM,,Izmir,38.4333,27.1667,25,1866,11,12.3,90.0,1866-11-01
17220,TR,IZM,,Izmir,38.4333,27.1667,25,1866,12,8.6,92.0,1866-12-01
17220,TR,IZM,,Izmir,38.4333,27.1667,25,1867,1,7.7,62.0,1867-01-01
17220,TR,IZM,,Izmir,38.4333,27.1667,25,1867,2,5.8,75.0,1867-02-01
17220,TR,IZM,,Izmir,38.4333,27.1667,25,1867,3,7.3,27.0,1867-03-01
17220,TR,IZM,,Izmir,38.4333,27.1667,25,1867,4,11.7,9.0,1867-04-01
17220,TR,IZM,,Izmir,38.4333,27.1667,25,1867,5,20.4,32.0,1867-05-01
17220,TR,IZM,,Izmir,38.4333,27.1667,25,1867,6,19.3,17.0,1867-06-01
17220,TR,IZM,,Izmir,38.4333,27.1667,25,1867,7,22.7,0.0,1867-07-01
17220,TR,IZM,,Izmir,38.4333,27.1667,25,1867,8,21.7,0.0,1867-08-01
17220,TR,IZM,,Izmir,38.4333,27.1667,25,1867,9,19.3,0.0,1867-09-01
17220,TR,IZM,,Izmir,38.4333,27.1667,25,1867,10,17.3,37.0,1867-10-01
17220,TR,IZM,,Izmir,38.4333,27.1667,25,1867,11,8.2,134.0,1867-11-01
17220,TR,IZM,,Izmir,38.4333,27.1667,25,1867,12,6.5,165.0,1867-12-01
17220,TR,IZM,,Izmir,38.4333,27.1667,25,1868,1,9.8,211.0,1868-01-01
17220,TR,IZM,,Izmir,38.4333,27.1667,25,1868,2,6.4,8.0,1868-02-01
17220,TR,IZM,,Izmir,38.4333,27.1667,25,1868,3,10.3,286.0,1868-03-01
17220,TR,IZM,,Izmir,38.4333,27.1667,25,1868,4,13.8,23.0,1868-04-01
17220,TR,IZM,,Izmir,38.4333,27.1667,25,1868,5,21.1,21.0,1868-05-01
17220,TR,IZM,,Izmir,38.4333,27.1667,25,1868,6,23.8,17.0,1868-06-01
17220,TR,IZM,,Izmir,38.4333,27.1667,25,1868,7,26.5,7.0,1868-07-01
17220,TR,IZM,,Izmir,38.4333,27.1667,25,1868,8,26.3,2.0,1868-08-01
17220,TR,IZM,,Izmir,38.4333,27.1667,25,1868,9,22.8,13.0,1868-09-01
17220,TR,IZM,,Izmir,38.4333,27.1667,25,1868,10,18.7,33.0,1868-10-01
17220,TR,IZM,,Izmir,38.4333,27.1667,25,1868,11,12.6,125.0,1868-11-01
17220,TR,IZM,,Izmir,38.4333,27.1667,25,1868,12,9.8,21.0,1868-12-01
17220,TR,IZM,,Izmir,38.4333,27.1667,25,1869,1,5.3,82.0,1869-01-01
17220,TR,IZM,,Izmir,38.4333,27.1667,25,1869,2,9.3,19.0,1869-02-01
17220,TR,IZM,,Izmir,38.4333,27.1667,25,1869,3,12.5,307.0,1869-03-01
17220,TR,IZM,,Izmir,38.4333,27.1667,25,1869,4,14.2,45.0,1869-04-01
17220,TR,IZM,,Izmir,38.4333,27.1667,25,1869,5,21.7,5.0,1869-05-01
17220,TR,IZM,,Izmir,38.4333,27.1667,25,1869,6,25.1,15.0,1869-06-01
17220,TR,IZM,,Izmir,38.4333,27.1667,25,1869,7,25.9,1.0,1869-07-01
17220,TR,IZM,,Izmir,38.4333,27.1667,25,1869,8,26.4,0.0,1869-08-01
17220,TR,IZM,,Izmir,38.4333,27.1667,25,1869,9,22.8,2.0,1869-09-01
17220,TR,IZM,,Izmir,38.4333,27.1667,25,1869,10,17.8,46.0,1869-10-01
17220,TR,IZM,,Izmir,38.4333,27.1667,25,1869,11,12.9,88.0,1869-11-01
17220,TR,IZM,,Izmir,38.4333,27.1667,25,1869,12,10.8,20.0,1869-12-01
17220,TR,IZM,,Izmir,38.4333,27.1667,25,1870,1,9.3,147.0,1870-01-01
17220,TR,IZM,,Izmir,38.4333,27.1667,25,1870,2,7.3,71.0,1870-02-01
17220,TR,IZM,,Izmir,38.4333,27.1667,25,1870,3,11.2,58.0,1870-03-01
17220,TR,IZM,,Izmir,38.4333,27.1667,25,1870,4,10.6,57.0,1870-04-01
17220,TR,IZM,,Izmir,38.4333,27.1667,25,1870,5,21.8,2.0,1870-05-01
17220,TR,IZM,,Izmir,38.4333,27.1667,25,1870,6,23.6,0.0,1870-06-01
17220,TR,IZM,,Izmir,38.4333,27.1667,25,1870,7,26.4,0.0,1870-07-01
17220,TR,IZM,,Izmir,38.4333,27.1667,25,1870,8,25.3,12.0,1870-08-01
17220,TR,IZM,,Izmir,38.4333,27.1667,25,1870,9,20.4,100.0,1870-09-01
17220,TR,IZM,,Izmir,38.4333,27.1667,25,1870,10,16.2,113.0,1870-10-01
17220,TR,IZM,,Izmir,38.4333,27.1667,25,1870,11,15.1,5.0,1870-11-01
17220,TR,IZM,,Izmir,38.4333,27.1667,25,1870,12,11.6,171.0,1870-12-01
17220,TR,IZM,,Izmir,38.4333,27.1667,25,1871,1,10.4,282.0,1871-01-01
17220,TR,IZM,,Izmir,38.4333,27.1667,25,1871,2,7.6,30.0,1871-02-01
17220,TR,IZM,,Izmir,38.4333,27.1667,25,1871,3,10.1,33.0,1871-03-01
17220,TR,IZM,,Izmir,38.4333,27.1667,25,1871,4,14.7,17.0,1871-04-01
17220,TR,IZM,,Izmir,38.4333,27.1667,25,1871,5,18.4,28.0,1871-05-01
17220,TR,IZM,,Izmir,38.4333,27.1667,25,1871,6,23.1,10.0,1871-06-01
17220,TR,IZM,,Izmir,38.4333,27.1667,25,1871,7,26.8,0.0,1871-07-01
17220,TR,IZM,,Izmir,38.4333,27.1667,25,1871,8,26.2,0.0,1871-08-01
17220,TR,IZM,,Izmir,38.4333,27.1667,25,1871,9,21.2,2.0,1871-09-01
17220,TR,IZM,,Izmir,38.4333,27.1667,25,1871,10,17.7,35.0,1871-10-01
17220,TR,IZM,,Izmir,38.4333,27.1667,25,1871,11,14.3,179.0,1871-11-01
17220,TR,IZM,,Izmir,38.4333,27.1667,25,1871,12,9.4,116.0,1871-12-01
17220,TR,IZM,,Izmir,38.4333,27.1667,25,1872,1,9.5,81.0,1872-01-01
17220,TR,IZM,,Izmir,38.4333,27.1667,25,1872,2,7.4,37.0,1872-02-01
17220,TR,IZM,,Izmir,38.4333,27.1667,25,1872,3,12.8,13.0,1872-03-01
17220,TR,IZM,,Izmir,38.4333,27.1667,25,1872,4,15.7,106.0,1872-04-01
17220,TR,IZM,,Izmir,38.4333,27.1667,25,1872,5,21.9,79.0,1872-05-01
17220,TR,IZM,,Izmir,38.4333,27.1667,25,1872,6,23.2,15.0,1872-06-01
17220,TR,IZM,,Izmir,38.4333,27.1667,25,1872,7,25.3,0.0,1872-07-01
17220,TR,IZM,,Izmir,38.4333,27.1667,25,1872,8,25.1,0.0,1872-08-01
17220,TR,IZM,,Izmir,38.4333,27.1667,25,1872,9,23.6,0.0,1872-09-01
17220,TR,IZM,,Izmir,38.4333,27.1667,25,1872,10,20.0,0.0,1872-10-01
17220,TR,IZM,,Izmir,38.4333,27.1667,25,1872,11,16.2,93.0,1872-11-01
17220,TR,IZM,,Izmir,38.4333,27.1667,25,1872,12,12.1,121.0,1872-12-01
17220,TR,IZM,,Izmir,38.4333,27.1667,25,1873,1,10.5,61.0,1873-01-01
17220,TR,IZM,,Izmir,38.4333,27.1667,25,1873,2,9.8,143.0,1873-02-01
17220,TR,IZM,,Izmir,38.4333,27.1667,25,1873,3,12.8,53.0,1873-03-01
17220,TR,IZM,,Izmir,38.4333,27.1667,25,1873,4,16.4,13.0,1873-04-01
17220,TR,IZM,,Izmir,38.4333,27.1667,25,1873,5,19.4,61.0,1873-05-01
17220,TR,IZM,,Izmir,38.4333,27.1667,25,1873,6,21.9,4.0,1873-06-01
17220,TR,IZM,,Izmir,38.4333,27.1667,25,1873,7,26.7,0.0,1873-07-01
17220,TR,IZM,,Izmir,38.4333,27.1667,25,1873,8,26.0,0.0,1873-08-01
17220,TR,IZM,,Izmir,38.4333,27.1667,25,1873,9,21.2,72.0,1873-09-01
17220,TR,IZM,,Izmir,38.4333,27.1667,25,1873,10,17.8,64.0,1873-10-01
17220,TR,IZM,,Izmir,38.4333,27.1667,25,1873,11,13.6,74.0,1873-11-01
17220,TR,IZM,,Izmir,38.4333,27.1667,25,1873,12,8.7,67.0,1873-12-01
17220,TR,IZM,,Izmir,38.4333,27.1667,25,1874,1,7.1,4.0,1874-01-01
17220,TR,IZM,,Izmir,38.4333,27.1667,25,1874,2,5.7,148.0,1874-02-01
17220,TR,IZM,,Izmir,38.4333,27.1667,25,1874,3,6.7,49.0,1874-03-01
17220,TR,IZM,,Izmir,38.4333,27.1667,25,1874,4,16.4,10.0,1874-04-01
17220,TR,IZM,,Izmir,38.4333,27.1667,25,1874,5,19.0,4.0,1874-05-01
17220,TR,IZM,,Izmir,38.4333,27.1667,25,1874,6,24.6,0.0,1874-06-01
17220,TR,IZM,,Izmir,38.4333,27.1667,25,1874,7,27.2,0.0,1874-07-01
17220,TR,IZM,,Izmir,38.4333,27.1667,25,1874,8,26.1,0.0,1874-08-01
17220,TR,IZM,,Izmir,38.4333,27.1667,25,1874,9,23.3,0.0,1874-09-01
17220,TR,IZM,,Izmir,38.4333,27.1667,25,1874,10,19.1,8.0,1874-10-01
17220,TR,IZM,,Izmir,38.4333,27.1667,25,1874,11,14.6,262.0,1874-11-01
17220,TR,IZM,,Izmir,38.4333,27.1667,25,1874,12,12.7,228.0,1874-12-01
17220,TR,IZM,,Izmir,38.4333,27.1667,25,1875,1,4.9,116.0,1875-01-01
17220,TR,IZM,,Izmir,38.4333,27.1667,25,1875,2,5.1,241.0,1875-02-01
17220,TR,IZM,,Izmir,38.4333,27.1667,25,1875,3,4.7,147.0,1875-03-01
17220,TR,IZM,,Izmir,38.4333,27.1667,25,1875,4,11.1,35.0,1875-04-01
17220,TR,IZM,,Izmir,38.4333,27.1667,25,1875,5,16.3,0.0,1875-05-01
17220,TR,IZM,,Izmir,38.4333,27.1667,25,1875,6,23.8,0.0,1875-06-01
17220,TR,IZM,,Izmir,38.4333,27.1667,25,1875,7,24.8,0.0,1875-07-01
17220,TR,IZM,,Izmir,38.4333,27.1667,25,1875,8,23.5,0.0,1875-08-01
17220,TR,IZM,,Izmir,38.4333,27.1667,25,1875,9,17.8,0.5,1875-09-01
17220,TR,IZM,,Izmir,38.4333,27.1667,25,1875,10,16.8,73.0,1875-10-01
17220,TR,IZM,,Izmir,38.4333,27.1667,25,1875,11,11.7,123.0,1875-11-01
17220,TR,IZM,,Izmir,38.4333,27.1667,25,1875,12,5.5,101.0,1875-12-01
17220,TR,IZM,,Izmir,38.4333,27.1667,25,1876,1,3.9,73.0,1876-01-01
17220,TR,IZM,,Izmir,38.4333,27.1667,25,1876,2,7.0,37.0,1876-02-01
17220,TR,IZM,,Izmir,38.4333,27.1667,25,1876,3,10.7,64.0,1876-03-01
17220,TR,IZM,,Izmir,38.4333,27.1667,25,1876,4,12.3,79.0,1876-04-01
17220,TR,IZM,,Izmir,38.4333,27.1667,25,1876,5,17.6,11.0,1876-05-01
17220,TR,IZM,,Izmir,38.4333,27.1667,25,1876,6,22.0,45.0,1876-06-01
17220,TR,IZM,,Izmir,38.4333,27.1667,25,1876,7,24.2,14.0,1876-07-01
17220,TR,IZM,,Izmir,38.4333,27.1667,25,1876,8,24.2,0.0,1876-08-01
17220,TR,IZM,,Izmir,38.4333,27.1667,25,1876,9,22.7,4.0,1876-09-01
17220,TR,IZM,,Izmir,38.4333,27.1667,25,1876,10,17.2,24.0,1876-10-01
17220,TR,IZM,,Izmir,38.4333,27.1667,25,1876,11,9.4,146.0,1876-11-01
17220,TR,IZM,,Izmir,38.4333,27.1667,25,1876,12,10.6,215.0,1876-12-01
17220,TR,IZM,,Izmir,38.4333,27.1667,25,1877,1,7.4,78.0,1877-01-01
17220,TR,IZM,,Izmir,38.4333,27.1667,25,1877,2,6.5,74.0,1877-02-01
17220,TR,IZM,,Izmir,38.4333,27.1667,25,1877,3,9.9,123.0,1877-03-01
17220,TR,IZM,,Izmir,38.4333,27.1667,25,1877,4,13.2,28.0,1877-04-01
17220,TR,IZM,,Izmir,38.4333,27.1667,25,1877,5,16.8,88.0,1877-05-01
17220,TR,IZM,,Izmir,38.4333,27.1667,25,1877,6,20.8,24.0,1877-06-01
17220,TR,IZM,,Izmir,38.4333,27.1667,25,1877,7,24.9,3.0,1877-07-01
17220,TR,IZM,,Izmir,38.4333,27.1667,25,1877,8,24.5,9.0,1877-08-01
17220,TR,IZM,,Izmir,38.4333,27.1667,25,1877,9,21.9,2.0,1877-09-01
17220,TR,IZM,,Izmir,38.4333,27.1667,25,1877,10,16.6,102.0,1877-10-01
17220,TR,IZM,,Izmir,38.4333,27.1667,25,1877,11,11.9,155.0,1877-11-01
17220,TR,IZM,,Izmir,38.4333,27.1667,25,1877,12,8.1,152.0,1877-12-01
17220,TR,IZM,,Izmir,38.4333,27.1667,25,1878,1,4.9,159.0,1878-01-01
17220,TR,IZM,,Izmir,38.4333,27.1667,25,1878,2,5.1,53.0,1878-02-01
17220,TR,IZM,,Izmir,38.4333,27.1667,25,1878,3,8.2,76.0,1878-03-01
17220,TR,IZM,,Izmir,38.4333,27.1667,25,1878,4,13.0,126.0,1878-04-01
17220,TR,IZM,,Izmir,38.4333,27.1667,25,1878,5,17.2,7.0,1878-05-01
17220,TR,IZM,,Izmir,38.4333,27.1667,25,1878,6,21.7,3.0,1878-06-01
17220,TR,IZM,,Izmir,38.4333,27.1667,25,1878,7,24.6,10.0,1878-07-01
17220,TR,IZM,,Izmir,38.4333,27.1667,25,1878,8,23.9,16.0,1878-08-01
17220,TR,IZM,,Izmir,38.4333,27.1667,25,1878,9,22.5,16.0,1878-09-01
17220,TR,IZM,,Izmir,38.4333,27.1667,25,1878,10,17.7,0.0,1878-10-01
17220,TR,IZM,,Izmir,38.4333,27.1667,25,1878,11,15.2,11.0,1878-11-01
17220,TR,IZM,,Izmir,38.4333,27.1667,25,1878,12,10.6,216.0,1878-12-01
17220,TR,IZM,,Izmir,38.4333,27.1667,25,1879,1,6.2,109.0,1879-01-01
17220,TR,IZM,,Izmir,38.4333,27.1667,25,1879,2,10.5,68.0,1879-02-01
17220,TR,IZM,,Izmir,38.4333,27.1667,25,1879,3,8.6,41.0,1879-03-01
17220,TR,IZM,,Izmir,38.4333,27.1667,25,1879,4,15.4,9.0,1879-04-01
17220,TR,IZM,,Izmir,38.4333,27.1667,25,1879,5,18.5,60.0,1879-05-01
17220,TR,IZM,,Izmir,38.4333,27.1667,25,1879,6,23.4,0.3,1879-06-01
17220,TR,IZM,,Izmir,38.4333,27.1667,25,1879,7,25.9,0.0,1879-07-01
17220,TR,IZM,,Izmir,38.4333,27.1667,25,1879,8,25.4,0.0,1879-08-01
17220,TR,IZM,,Izmir,38.4333,27.1667,25,1879,9,22.7,31.0,1879-09-01
17220,TR,IZM,,Izmir,38.4333,27.1667,25,1879,10,16.7,69.0,1879-10-01
17220,TR,IZM,,Izmir,38.4333,27.1667,25,1879,11,11.1,103.0,1879-11-01
17220,TR,IZM,,Izmir,38.4333,27.1667,25,1879,12,5.2,46.0,1879-12-01
17220,TR,IZM,,Izmir,38.4333,27.1667,25,1880,1,0.7,41.0,1880-01-01
17220,TR,IZM,,Izmir,38.4333,27.1667,25,1880,2,4.8,8.0,1880-02-01
17220,TR,IZM,,Izmir,38.4333,27.1667,25,1880,3,4.4,73.0,1880-03-01
17220,TR,IZM,,Izmir,38.4333,27.1667,25,1880,4,10.2,43.0,1880-04-01
17220,TR,IZM,,Izmir,38.4333,27.1667,25,1880,5,16.1,68.0,1880-05-01
17220,TR,IZM,,Izmir,38.4333,27.1667,25,1880,6,22.2,5.0,1880-06-01
17220,TR,IZM,,Izmir,38.4333,27.1667,25,1880,7,25.1,1.0,1880-07-01
17220,TR,IZM,,Izmir,38.4333,27.1667,25,1880,8,24.6,0.0,1880-08-01
17220,TR,IZM,,Izmir,38.4333,27.1667,25,1880,9,19.9,35.0,1880-09-01
17220,TR,IZM,,Izmir,38.4333,27.1667,25,1880,10,17.8,15.0,1880-10-01
17220,TR,IZM,,Izmir,38.4333,27.1667,25,1880,11,12.9,104.0,1880-11-01
17220,TR,IZM,,Izmir,38.4333,27.1667,25,1880,12,6.9,63.0,1880-12-01
17220,TR,IZM,,Izmir,38.4333,27.1667,25,1881,1,,156.0,1881-01-01
17220,TR,IZM,,Izmir,38.4333,27.1667,25,1881,2,,100.0,1881-02-01
17220,TR,IZM,,Izmir,38.4333,27.1667,25,1881,3,,44.0,1881-03-01
17220,TR,IZM,,Izmir,38.4333,27.1667,25,1881,4,,20.0,1881-04-01
17220,TR,IZM,,Izmir,38.4333,27.1667,25,1881,5,,37.0,1881-05-01
17220,TR,IZM,,Izmir,38.4333,27.1667,25,1881,6,,0.0,1881-06-01
17220,TR,IZM,,Izmir,38.4333,27.1667,25,1881,7,,3.0,1881-07-01
17220,TR,IZM,,Izmir,38.4333,27.1667,25,1881,8,,0.0,1881-08-01
17220,TR,IZM,,Izmir,38.4333,27.1667,25,1881,9,,34.0,1881-09-01
17220,TR,IZM,,Izmir,38.4333,27.1667,25,1881,10,,139.0,1881-10-01
17220,TR,IZM,,Izmir,38.4333,27.1667,25,1881,11,,4.0,1881-11-01
17220,TR,IZM,,Izmir,38.4333,27.1667,25,1881,12,,120.0,1881-12-01
17220,TR,IZM,,Izmir,38.4333,27.1667,25,1882,1,,32.0,1882-01-01
17220,TR,IZM,,Izmir,38.4333,27.1667,25,1882,2,,30.0,1882-02-01
17220,TR,IZM,,Izmir,38.4333,27.1667,25,1882,3,,26.0,1882-03-01
17220,TR,IZM,,Izmir,38.4333,27.1667,25,1882,4,,88.0,1882-04-01
17220,TR,IZM,,Izmir,38.4333,27.1667,25,1882,5,,17.0,1882-05-01
17220,TR,IZM,,Izmir,38.4333,27.1667,25,1882,6,,2.0,1882-06-01
17220,TR,IZM,,Izmir,38.4333,27.1667,25,1882,7,,0.0,1882-07-01
17220,TR,IZM,,Izmir,38.4333,27.1667,25,1882,8,,0.0,1882-08-01
17220,TR,IZM,,Izmir,38.4333,27.1667,25,1882,9,,0.0,1882-09-01
17220,TR,IZM,,Izmir,38.4333,27.1667,25,1882,10,,26.0,1882-10-01
17220,TR,IZM,,Izmir,38.4333,27.1667,25,1882,11,,200.0,1882-11-01
17220,TR,IZM,,Izmir,38.4333,27.1667,25,1882,12,,116.0,1882-12-01
17220,TR,IZM,,Izmir,38.4333,27.1667,25,1883,1,,121.0,1883-01-01
17220,TR,IZM,,Izmir,38.4333,27.1667,25,1883,2,,66.0,1883-02-01
17220,TR,IZM,,Izmir,38.4333,27.1667,25,1883,3,,128.0,1883-03-01
17220,TR,IZM,,Izmir,38.4333,27.1667,25,1883,4,,68.0,1883-04-01
17220,TR,IZM,,Izmir,38.4333,27.1667,25,1883,5,,52.0,1883-05-01
17220,TR,IZM,,Izmir,38.4333,27.1667,25,1883,6,,47.0,1883-06-01
17220,TR,IZM,,Izmir,38.4333,27.1667,25,1883,7,,2.0,1883-07-01
17220,TR,IZM,,Izmir,38.4333,27.1667,25,1883,8,,13.0,1883-08-01
17220,TR,IZM,,Izmir,38.4333,27.1667,25,1883,9,,62.0,1883-09-01
17220,TR,IZM,,Izmir,38.4333,27.1667,25,1883,10,,12.0,1883-10-01
17220,TR,IZM,,Izmir,38.4333,27.1667,25,1883,11,,36.0,1883-11-01
17220,TR,IZM,,Izmir,38.4333,27.1667,25,1883,12,,179.0,1883-12-01
17220,TR,IZM,,Izmir,38.4333,27.1667,25,1890,1,,13.0,1890-01-01
17220,TR,IZM,,Izmir,38.4333,27.1667,25,1890,2,,26.0,1890-02-01
17220,TR,IZM,,Izmir,38.4333,27.1667,25,1890,3,,43.0,1890-03-01
17220,TR,IZM,,Izmir,38.4333,27.1667,25,1890,4,,17.0,1890-04-01
17220,TR,IZM,,Izmir,38.4333,27.1667,25,1890,5,,2.0,1890-05-01
17220,TR,IZM,,Izmir,38.4333,27.1667,25,1890,6,,9.0,1890-06-01
17220,TR,IZM,,Izmir,38.4333,27.1667,25,1890,7,,0.0,1890-07-01
17220,TR,IZM,,Izmir,38.4333,27.1667,25,1890,8,,0.0,1890-08-01
17220,TR,IZM,,Izmir,38.4333,27.1667,25,1890,9,,42.0,1890-09-01
17220,TR,IZM,,Izmir,38.4333,27.1667,25,1890,10,,91.0,1890-10-01
17220,TR,IZM,,Izmir,38.4333,27.1667,25,1890,11,,141.0,1890-11-01
17220,TR,IZM,,Izmir,38.4333,27.1667,25,1890,12,,165.0,1890-12-01
17220,TR,IZM,,Izmir,38.4333,27.1667,25,1891,1,,213.0,1891-01-01
17220,TR,IZM,,Izmir,38.4333,27.1667,25,1891,2,,31.0,1891-02-01
17220,TR,IZM,,Izmir,38.4333,27.1667,25,1891,3,,34.0,1891-03-01
17220,TR,IZM,,Izmir,38.4333,27.1667,25,1891,4,,68.0,1891-04-01
17220,TR,IZM,,Izmir,38.4333,27.1667,25,1891,5,,8.0,1891-05-01
17220,TR,IZM,,Izmir,38.4333,27.1667,25,1891,6,,8.0,1891-06-01
17220,TR,IZM,,Izmir,38.4333,27.1667,25,1891,7,,0.0,1891-07-01
17220,TR,IZM,,Izmir,38.4333,27.1667,25,1891,8,,5.0,1891-08-01
17220,TR,IZM,,Izmir,38.4333,27.1667,25,1891,9,,0.0,1891-09-01
17220,TR,IZM,,Izmir,38.4333,27.1667,25,1891,10,,18.0,1891-10-01
17220,TR,IZM,,Izmir,38.4333,27.1667,25,1891,11,,61.0,1891-11-01
17220,TR,IZM,,Izmir,38.4333,27.1667,25,1891,12,,113.0,1891-12-01
17220,TR,IZM,,Izmir,38.4333,27.1667,25,1892,1,,173.0,1892-01-01
17220,TR,IZM,,Izmir,38.4333,27.1667,25,1892,2,,119.0,1892-02-01
17220,TR,IZM,,Izmir,38.4333,27.1667,25,1892,3,,144.0,1892-03-01
17220,TR,IZM,,Izmir,38.4333,27.1667,25,1892,4,,81.0,1892-04-01
17220,TR,IZM,,Izmir,38.4333,27.1667,25,1892,5,,106.0,1892-05-01
17220,TR,IZM,,Izmir,38.4333,27.1667,25,1892,6,,9.0,1892-06-01
17220,TR,IZM,,Izmir,38.4333,27.1667,25,1892,7,,0.2,1892-07-01
17220,TR,IZM,,Izmir,38.4333,27.1667,25,1892,8,,0.0,1892-08-01
17220,TR,IZM,,Izmir,38.4333,27.1667,25,1892,9,,0.0,1892-09-01
17220,TR,IZM,,Izmir,38.4333,27.1667,25,1892,10,,1.0,1892-10-01
17220,TR,IZM,,Izmir,38.4333,27.1667,25,1892,11,,111.0,1892-11-01
17220,TR,IZM,,Izmir,38.4333,27.1667,25,1892,12,,267.0,1892-12-01
17220,TR,IZM,,Izmir,38.4333,27.1667,25,1893,1,,351.0,1893-01-01
17220,TR,IZM,,Izmir,38.4333,27.1667,25,1893,2,,96.0,1893-02-01
17220,TR,IZM,,Izmir,38.4333,27.1667,25,1893,3,,80.0,1893-03-01
17220,TR,IZM,,Izmir,38.4333,27.1667,25,1893,4,,75.0,1893-04-01
17220,TR,IZM,,Izmir,38.4333,27.1667,25,1893,5,,23.0,1893-05-01
17220,TR,IZM,,Izmir,38.4333,27.1667,25,1893,6,,2.0,1893-06-01
17220,TR,IZM,,Izmir,38.4333,27.1667,25,1893,7,,0.0,1893-07-01
17220,TR,IZM,,Izmir,38.4333,27.1667,25,1893,8,,0.5,1893-08-01
17220,TR,IZM,,Izmir,38.4333,27.1667,25,1893,9,,0.0,1893-09-01
17220,TR,IZM,,Izmir,38.4333,27.1667,25,1893,10,,28.0,1893-10-01
17220,TR,IZM,,Izmir,38.4333,27.1667,25,1893,11,,47.0,1893-11-01
17220,TR,IZM,,Izmir,38.4333,27.1667,25,1893,12,,46.0,1893-12-01
17220,TR,IZM,,Izmir,38.4333,27.1667,25,1894,1,,181.0,1894-01-01
17220,TR,IZM,,Izmir,38.4333,27.1667,25,1894,2,,47.0,1894-02-01
17220,TR,IZM,,Izmir,38.4333,27.1667,25,1894,3,,26.0,1894-03-01
17220,TR,IZM,,Izmir,38.4333,27.1667,25,1894,4,,30.0,1894-04-01
17220,TR,IZM,,Izmir,38.4333,27.1667,25,1894,5,,84.0,1894-05-01
17220,TR,IZM,,Izmir,38.4333,27.1667,25,1894,6,,8.0,1894-06-01
17220,TR,IZM,,Izmir,38.4333,27.1667,25,1894,7,,0.0,1894-07-01
17220,TR,IZM,,Izmir,38.4333,27.1667,25,1894,8,,0.0,1894-08-01
17220,TR,IZM,,Izmir,38.4333,27.1667,25,1894,9,,0.0,1894-09-01
17220,TR,IZM,,Izmir,38.4333,27.1667,25,1894,10,,6.0,1894-10-01
17220,TR,IZM,,Izmir,38.4333,27.1667,25,1894,11,,4.0,1894-11-01
17220,TR,IZM,,Izmir,38.4333,27.1667,25,1894,12,,124.0,1894-12-01
17220,TR,IZM,,Izmir,38.4333,27.1667,25,1895,1,,261.0,1895-01-01
17220,TR,IZM,,Izmir,38.4333,27.1667,25,1895,2,,223.0,1895-02-01
17220,TR,IZM,,Izmir,38.4333,27.1667,25,1895,3,,106.0,1895-03-01
17220,TR,IZM,,Izmir,38.4333,27.1667,25,1895,4,,5.0,1895-04-01
17220,TR,IZM,,Izmir,38.4333,27.1667,25,1895,5,,7.0,1895-05-01
17220,TR,IZM,,Izmir,38.4333,27.1667,25,1895,6,,25.0,1895-06-01
17220,TR,IZM,,Izmir,38.4333,27.1667,25,1895,7,,0.0,1895-07-01
17220,TR,IZM,,Izmir,38.4333,27.1667,25,1895,8,,0.0,1895-08-01
17220,TR,IZM,,Izmir,38.4333,27.1667,25,1895,9,,3.0,1895-09-01
17220,TR,IZM,,Izmir,38.4333,27.1667,25,1895,10,,105.0,1895-10-01
17220,TR,IZM,,Izmir,38.4333,27.1667,25,1895,11,,61.0,1895-11-01
17220,TR,IZM,,Izmir,38.4333,27.1667,25,1895,12,,283.0,1895-12-01
17220,TR,IZM,,Izmir,38.4333,27.1667,25,1896,1,,109.0,1896-01-01
17220,TR,IZM,,Izmir,38.4333,27.1667,25,1896,2,,110.0,1896-02-01
17220,TR,IZM,,Izmir,38.4333,27.1667,25,1896,3,,37.0,1896-03-01
17220,TR,IZM,,Izmir,38.4333,27.1667,25,1896,4,,69.0,1896-04-01
17220,TR,IZM,,Izmir,38.4333,27.1667,25,1896,5,,29.0,1896-05-01
17220,TR,IZM,,Izmir,38.4333,27.1667,25,1896,6,,0.0,1896-06-01
17220,TR,IZM,,Izmir,38.4333,27.1667,25,1896,7,,0.0,1896-07-01
17220,TR,IZM,,Izmir,38.4333,27.1667,25,1896,8,,0.0,1896-08-01
17220,TR,IZM,,Izmir,38.4333,27.1667,25,1896,9,,90.0,1896-09-01
17220,TR,IZM,,Izmir,38.4333,27.1667,25,1896,10,,0.0,1896-10-01
17220,TR,IZM,,Izmir,38.4333,27.1667,25,1896,11,,110.0,1896-11-01
17220,TR,IZM,,Izmir,38.4333,27.1667,25,1896,12,,264.0,1896-12-01
17220,TR,IZM,,Izmir,38.4333,27.1667,25,1897,1,,67.0,1897-01-01
17220,TR,IZM,,Izmir,38.4333,27.1667,25,1897,2,,154.0,1897-02-01
17220,TR,IZM,,Izmir,38.4333,27.1667,25,1897,3,,45.0,1897-03-01
17220,TR,IZM,,Izmir,38.4333,27.1667,25,1897,4,,37.0,1897-04-01
17220,TR,IZM,,Izmir,38.4333,27.1667,25,1897,5,,71.0,1897-05-01
17220,TR,IZM,,Izmir,38.4333,27.1667,25,1897,6,,15.0,1897-06-01
17220,TR,IZM,,Izmir,38.4333,27.1667,25,1897,7,,0.0,1897-07-01
17220,TR,IZM,,Izmir,38.4333,27.1667,25,1897,8,,0.0,1897-08-01
17220,TR,IZM,,Izmir,38.4333,27.1667,25,1897,9,,0.0,1897-09-01
17220,TR,IZM,,Izmir,38.4333,27.1667,25,1897,10,,196.0,1897-10-01
17220,TR,IZM,,Izmir,38.4333,27.1667,25,1897,11,,21.0,1897-11-01
17220,TR,IZM,,Izmir,38.4333,27.1667,25,1897,12,,54.0,1897-12-01
17220,TR,IZM,,Izmir,38.4333,27.1667,25,1898,1,,8.0,1898-01-01
17220,TR,IZM,,Izmir,38.4333,27.1667,25,1898,2,,68.0,1898-02-01
17220,TR,IZM,,Izmir,38.4333,27.1667,25,1898,3,,64.0,1898-03-01
17220,TR,IZM,,Izmir,38.4333,27.1667,25,1898,4,,10.0,1898-04-01
17220,TR,IZM,,Izmir,38.4333,27.1667,25,1898,5,,43.0,1898-05-01
17220,TR,IZM,,Izmir,38.4333,27.1667,25,1898,6,,0.0,1898-06-01
17220,TR,IZM,,Izmir,38.4333,27.1667,25,1898,7,,0.0,1898-07-01
17220,TR,IZM,,Izmir,38.4333,27.1667,25,1898,8,,0.0,1898-08-01
17220,TR,IZM,,Izmir,38.4333,27.1667,25,1898,9,,0.0,1898-09-01
17220,TR,IZM,,Izmir,38.4333,27.1667,25,1898,10,,22.0,1898-10-01
17220,TR,IZM,,Izmir,38.4333,27.1667,25,1898,11,,0.0,1898-11-01
17220,TR,IZM,,Izmir,38.4333,27.1667,25,1898,12,,56.0,1898-12-01
17220,TR,IZM,,Izmir,38.4333,27.1667,25,1899,1,,64.0,1899-01-01
17220,TR,IZM,,Izmir,38.4333,27.1667,25,1899,2,,46.0,1899-02-01
17220,TR,IZM,,Izmir,38.4333,27.1667,25,1899,3,,37.0,1899-03-01
17220,TR,IZM,,Izmir,38.4333,27.1667,25,1899,4,,87.0,1899-04-01
17220,TR,IZM,,Izmir,38.4333,27.1667,25,1899,5,,2.0,1899-05-01
17220,TR,IZM,,Izmir,38.4333,27.1667,25,1899,6,,5.0,1899-06-01
17220,TR,IZM,,Izmir,38.4333,27.1667,25,1899,7,,0.0,1899-07-01
17220,TR,IZM,,Izmir,38.4333,27.1667,25,1899,8,,0.0,1899-08-01
17220,TR,IZM,,Izmir,38.4333,27.1667,25,1899,9,,27.0,1899-09-01
17220,TR,IZM,,Izmir,38.4333,27.1667,25,1899,10,,49.0,1899-10-01
17220,TR,IZM,,Izmir,38.4333,27.1667,25,1899,11,,30.0,1899-11-01
17220,TR,IZM,,Izmir,38.4333,27.1667,25,1899,12,,131.0,1899-12-01
17220,TR,IZM,,Izmir,38.4333,27.1667,25,1900,1,,169.0,1900-01-01
17220,TR,IZM,,Izmir,38.4333,27.1667,25,1900,2,,149.0,1900-02-01
17220,TR,IZM,,Izmir,38.4333,27.1667,25,1900,3,,90.0,1900-03-01
17220,TR,IZM,,Izmir,38.4333,27.1667,25,1900,4,,47.0,1900-04-01
17220,TR,IZM,,Izmir,38.4333,27.1667,25,1900,5,,31.0,1900-05-01
17220,TR,IZM,,Izmir,38.4333,27.1667,25,1900,6,,8.0,1900-06-01
17220,TR,IZM,,Izmir,38.4333,27.1667,25,1900,7,,0.0,1900-07-01
17220,TR,IZM,,Izmir,38.4333,27.1667,25,1900,8,,0.0,1900-08-01
17220,TR,IZM,,Izmir,38.4333,27.1667,25,1900,9,,0.0,1900-09-01
17220,TR,IZM,,Izmir,38.4333,27.1667,25,1900,10,,0.3,1900-10-01
17220,TR,IZM,,Izmir,38.4333,27.1667,25,1900,11,,13.0,1900-11-01
17220,TR,IZM,,Izmir,38.4333,27.1667,25,1900,12,,84.0,1900-12-01
17220,TR,IZM,,Izmir,38.4333,27.1667,25,1901,1,,17.0,1901-01-01
17220,TR,IZM,,Izmir,38.4333,27.1667,25,1901,2,,32.0,1901-02-01
17220,TR,IZM,,Izmir,38.4333,27.1667,25,1901,3,,37.0,1901-03-01
17220,TR,IZM,,Izmir,38.4333,27.1667,25,1901,4,,9.0,1901-04-01
17220,TR,IZM,,Izmir,38.4333,27.1667,25,1901,5,,39.0,1901-05-01
17220,TR,IZM,,Izmir,38.4333,27.1667,25,1901,6,,47.0,1901-06-01
17220,TR,IZM,,Izmir,38.4333,27.1667,25,1901,7,,0.0,1901-07-01
17220,TR,IZM,,Izmir,38.4333,27.1667,25,1901,8,,0.0,1901-08-01
17220,TR,IZM,,Izmir,38.4333,27.1667,25,1901,9,,0.0,1901-09-01
17220,TR,IZM,,Izmir,38.4333,27.1667,25,1901,10,,40.0,1901-10-01
17220,TR,IZM,,Izmir,38.4333,27.1667,25,1901,11,,129.0,1901-11-01
17220,TR,IZM,,Izmir,38.4333,27.1667,25,1901,12,,86.0,1901-12-01
17220,TR,IZM,,Izmir,38.4333,27.1667,25,1902,1,10.1,123.0,1902-01-01
17220,TR,IZM,,Izmir,38.4333,27.1667,25,1902,2,12.5,61.0,1902-02-01
17220,TR,IZM,,Izmir,38.4333,27.1667,25,1902,3,12.4,69.0,1902-03-01
17220,TR,IZM,,Izmir,38.4333,27.1667,25,1902,4,16.7,22.0,1902-04-01
17220,TR,IZM,,Izmir,38.4333,27.1667,25,1902,5,20.5,44.0,1902-05-01
17220,TR,IZM,,Izmir,38.4333,27.1667,25,1902,6,24.9,8.0,1902-06-01
17220,TR,IZM,,Izmir,38.4333,27.1667,25,1902,7,25.9,0.0,1902-07-01
17220,TR,IZM,,Izmir,38.4333,27.1667,25,1902,8,26.7,0.0,1902-08-01
17220,TR,IZM,,Izmir,38.4333,27.1667,25,1902,9,24.0,0.0,1902-09-01
17220,TR,IZM,,Izmir,38.4333,27.1667,25,1902,10,20.5,46.0,1902-10-01
17220,TR,IZM,,Izmir,38.4333,27.1667,25,1902,11,11.9,63.0,1902-11-01
17220,TR,IZM,,Izmir,38.4333,27.1667,25,1902,12,7.9,209.0,1902-12-01
17220,TR,IZM,,Izmir,38.4333,27.1667,25,1903,1,7.4,,1903-01-01
17220,TR,IZM,,Izmir,38.4333,27.1667,25,1903,2,8.6,,1903-02-01
17220,TR,IZM,,Izmir,38.4333,27.1667,25,1903,3,11.5,,1903-03-01
17220,TR,IZM,,Izmir,38.4333,27.1667,25,1903,4,16.1,,1903-04-01
17220,TR,IZM,,Izmir,38.4333,27.1667,25,1903,5,20.6,,1903-05-01
17220,TR,IZM,,Izmir,38.4333,27.1667,25,1903,6,22.8,,1903-06-01
17220,TR,IZM,,Izmir,38.4333,27.1667,25,1903,7,26.4,,1903-07-01
17220,TR,IZM,,Izmir,38.4333,27.1667,25,1903,8,26.2,,1903-08-01
17220,TR,IZM,,Izmir,38.4333,27.1667,25,1903,9,22.0,,1903-09-01
17220,TR,IZM,,Izmir,38.4333,27.1667,25,1903,10,16.8,,1903-10-01
17220,TR,IZM,,Izmir,38.4333,27.1667,25,1903,11,12.7,,1903-11-01
17220,TR,IZM,,Izmir,38.4333,27.1667,25,1903,12,10.9,,1903-12-01
17220,TR,IZM,,Izmir,38.4333,27.1667,25,1904,1,7.2,,1904-01-01
17220,TR,IZM,,Izmir,38.4333,27.1667,25,1904,2,12.1,,1904-02-01
17220,TR,IZM,,Izmir,38.4333,27.1667,25,1904,3,10.2,,1904-03-01
17220,TR,IZM,,Izmir,38.4333,27.1667,25,1904,4,14.9,,1904-04-01
17220,TR,IZM,,Izmir,38.4333,27.1667,25,1904,5,20.4,,1904-05-01
17220,TR,IZM,,Izmir,38.4333,27.1667,25,1904,6,24.6,,1904-06-01
17220,TR,IZM,,Izmir,38.4333,27.1667,25,1904,7,27.8,,1904-07-01
17220,TR,IZM,,Izmir,38.4333,27.1667,25,1904,8,26.8,,1904-08-01
17220,TR,IZM,,Izmir,38.4333,27.1667,25,1904,9,23.1,,1904-09-01
17220,TR,IZM,,Izmir,38.4333,27.1667,25,1904,10,20.4,,1904-10-01
17220,TR,IZM,,Izmir,38.4333,27.1667,25,1904,11,11.7,,1904-11-01
17220,TR,IZM,,Izmir,38.4333,27.1667,25,1904,12,9.1,,1904-12-01
17220,TR,IZM,,Izmir,38.4333,27.1667,25,1905,1,6.2,,1905-01-01
17220,TR,IZM,,Izmir,38.4333,27.1667,25,1905,2,7.2,,1905-02-01
17220,TR,IZM,,Izmir,38.4333,27.1667,25,1905,3,10.7,,1905-03-01
17220,TR,IZM,,Izmir,38.4333,27.1667,25,1905,4,15.9,8.0,1905-04-01
17220,TR,IZM,,Izmir,38.4333,27.1667,25,1905,5,21.1,0.0,1905-05-01
17220,TR,IZM,,Izmir,38.4333,27.1667,25,1905,6,24.0,9.0,1905-06-01
17220,TR,IZM,,Izmir,38.4333,27.1667,25,1905,7,27.7,0.0,1905-07-01
17220,TR,IZM,,Izmir,38.4333,27.1667,25,1905,8,27.0,0.0,1905-08-01
17220,TR,IZM,,Izmir,38.4333,27.1667,25,1905,9,24.0,0.0,1905-09-01
17220,TR,IZM,,Izmir,38.4333,27.1667,25,1905,10,18.8,85.0,1905-10-01
17220,TR,IZM,,Izmir,38.4333,27.1667,25,1905,11,15.9,84.0,1905-11-01
17220,TR,IZM,,Izmir,38.4333,27.1667,25,1905,12,8.8,7.0,1905-12-01
17220,TR,IZM,,Izmir,38.4333,27.1667,25,1906,1,8.2,106.0,1906-01-01
17220,TR,IZM,,Izmir,38.4333,27.1667,25,1906,2,9.8,145.0,1906-02-01
17220,TR,IZM,,Izmir,38.4333,27.1667,25,1906,3,12.4,72.0,1906-03-01
17220,TR,IZM,,Izmir,38.4333,27.1667,25,1906,4,15.7,28.0,1906-04-01
17220,TR,IZM,,Izmir,38.4333,27.1667,25,1906,5,19.4,25.0,1906-05-01
17220,TR,IZM,,Izmir,38.4333,27.1667,25,1906,6,24.7,0.0,1906-06-01
17220,TR,IZM,,Izmir,38.4333,27.1667,25,1906,7,27.2,0.0,1906-07-01
17220,TR,IZM,,Izmir,38.4333,27.1667,25,1906,8,26.9,,1906-08-01
17220,TR,IZM,,Izmir,38.4333,27.1667,25,1906,9,22.8,0.0,1906-09-01
17220,TR,IZM,,Izmir,38.4333,27.1667,25,1906,10,16.6,60.0,1906-10-01
17220,TR,IZM,,Izmir,38.4333,27.1667,25,1906,11,13.5,48.0,1906-11-01
17220,TR,IZM,,Izmir,38.4333,27.1667,25,1906,12,11.0,248.0,1906-12-01
17220,TR,IZM,,Izmir,38.4333,27.1667,25,1907,1,6.3,64.0,1907-01-01
17220,TR,IZM,,Izmir,38.4333,27.1667,25,1907,2,8.0,91.0,1907-02-01
17220,TR,IZM,,Izmir,38.4333,27.1667,25,1907,3,7.0,188.0,1907-03-01
17220,TR,IZM,,Izmir,38.4333,27.1667,25,1907,4,14.7,48.0,1907-04-01
17220,TR,IZM,,Izmir,38.4333,27.1667,25,1907,5,22.0,8.0,1907-05-01
17220,TR,IZM,,Izmir,38.4333,27.1667,25,1907,6,24.6,9.0,1907-06-01
17220,TR,IZM,,Izmir,38.4333,27.1667,25,1907,7,27.1,0.0,1907-07-01
17220,TR,IZM,,Izmir,38.4333,27.1667,25,1907,8,26.5,54.0,1907-08-01
17220,TR,IZM,,Izmir,38.4333,27.1667,25,1907,9,21.9,0.0,1907-09-01
17220,TR,IZM,,Izmir,38.4333,27.1667,25,1907,10,19.6,0.0,1907-10-01
17220,TR,IZM,,Izmir,38.4333,27.1667,25,1907,11,12.6,38.0,1907-11-01
17220,TR,IZM,,Izmir,38.4333,27.1667,25,1907,12,10.2,165.0,1907-12-01
17220,TR,IZM,,Izmir,38.4333,27.1667,25,1908,1,,16.0,1908-01-01
17220,TR,IZM,,Izmir,38.4333,27.1667,25,1908,2,,62.0,1908-02-01
17220,TR,IZM,,Izmir,38.4333,27.1667,25,1908,3,,114.0,1908-03-01
17220,TR,IZM,,Izmir,38.4333,27.1667,25,1908,4,,19.0,1908-04-01
17220,TR,IZM,,Izmir,38.4333,27.1667,25,1908,5,,16.0,1908-05-01
17220,TR,IZM,,Izmir,38.4333,27.1667,25,1908,6,,29.0,1908-06-01
17220,TR,IZM,,Izmir,38.4333,27.1667,25,1908,7,,0.0,1908-07-01
17220,TR,IZM,,Izmir,38.4333,27.1667,25,1908,8,,,1908-08-01
17220,TR,IZM,,Izmir,38.4333,27.1667,25,1908,9,,90.0,1908-09-01
17220,TR,IZM,,Izmir,38.4333,27.1667,25,1908,10,,0.0,1908-10-01
17220,TR,IZM,,Izmir,38.4333,27.1667,25,1908,11,,,1908-11-01
17220,TR,IZM,,Izmir,38.4333,27.1667,25,1908,12,,114.0,1908-12-01
17220,TR,IZM,,Izmir,38.4333,27.1667,25,1909,1,,78.0,1909-01-01
17220,TR,IZM,,Izmir,38.4333,27.1667,25,1909,2,,124.0,1909-02-01
17220,TR,IZM,,Izmir,38.4333,27.1667,25,1909,3,,122.0,1909-03-01
17220,TR,IZM,,Izmir,38.4333,27.1667,25,1909,4,,19.0,1909-04-01
17220,TR,IZM,,Izmir,38.4333,27.1667,25,1909,5,,5.0,1909-05-01
17220,TR,IZM,,Izmir,38.4333,27.1667,25,1909,6,,13.0,1909-06-01
17220,TR,IZM,,Izmir,38.4333,27.1667,25,1909,7,,0.0,1909-07-01
17220,TR,IZM,,Izmir,38.4333,27.1667,25,1909,8,,,1909-08-01
17220,TR,IZM,,Izmir,38.4333,27.1667,25,1909,9,,8.0,1909-09-01
17220,TR,IZM,,Izmir,38.4333,27.1667,25,1909,10,,44.0,1909-10-01
17220,TR,IZM,,Izmir,38.4333,27.1667,25,1909,11,,173.0,1909-11-01
17220,TR,IZM,,Izmir,38.4333,27.1667,25,1909,12,,63.0,1909-12-01
17220,TR,IZM,,Izmir,38.4333,27.1667,25,1910,1,,80.0,1910-01-01
17220,TR,IZM,,Izmir,38.4333,27.1667,25,1910,2,,79.0,1910-02-01
17220,TR,IZM,,Izmir,38.4333,27.1667,25,1910,3,,52.0,1910-03-01
17220,TR,IZM,,Izmir,38.4333,27.1667,25,1910,4,,27.0,1910-04-01
17220,TR,IZM,,Izmir,38.4333,27.1667,25,1910,5,,91.0,1910-05-01
17220,TR,IZM,,Izmir,38.4333,27.1667,25,1910,6,,0.0,1910-06-01
17220,TR,IZM,,Izmir,38.4333,27.1667,25,1910,7,,11.0,1910-07-01
17220,TR,IZM,,Izmir,38.4333,27.1667,25,1910,8,,,1910-08-01
17220,TR,IZM,,Izmir,38.4333,27.1667,25,1910,9,,0.0,1910-09-01
17220,TR,IZM,,Izmir,38.4333,27.1667,25,1910,10,,5.0,1910-10-01
17220,TR,IZM,,Izmir,38.4333,27.1667,25,1910,11,,93.0,1910-11-01
17220,TR,IZM,,Izmir,38.4333,27.1667,25,1910,12,,81.0,1910-12-01
17220,TR,IZM,,Izmir,38.4333,27.1667,25,1929,1,6.9,183.0,1929-01-01
17220,TR,IZM,,Izmir,38.4333,27.1667,25,1929,2,5.0,196.0,1929-02-01
17220,TR,IZM,,Izmir,38.4333,27.1667,25,1929,3,7.7,121.0,1929-03-01
17220,TR,IZM,,Izmir,38.4333,27.1667,25,1929,4,15.0,62.0,1929-04-01
17220,TR,IZM,,Izmir,38.4333,27.1667,25,1929,5,22.0,8.0,1929-05-01
17220,TR,IZM,,Izmir,38.4333,27.1667,25,1929,6,25.0,1.0,1929-06-01
17220,TR,IZM,,Izmir,38.4333,27.1667,25,1929,7,27.2,0.0,1929-07-01
17220,TR,IZM,,Izmir,38.4333,27.1667,25,1929,8,28.4,3.0,1929-08-01
17220,TR,IZM,,Izmir,38.4333,27.1667,25,1929,9,20.7,105.0,1929-09-01
17220,TR,IZM,,Izmir,38.4333,27.1667,25,1929,10,17.8,35.0,1929-10-01
17220,TR,IZM,,Izmir,38.4333,27.1667,25,1929,11,15.3,27.0,1929-11-01
17220,TR,IZM,,Izmir,38.4333,27.1667,25,1929,12,10.7,78.0,1929-12-01
17220,TR,IZM,,Izmir,38.4333,27.1667,25,1930,1,9.4,126.0,1930-01-01
17220,TR,IZM,,Izmir,38.4333,27.1667,25,1930,2,8.7,110.0,1930-02-01
17220,TR,IZM,,Izmir,38.4333,27.1667,25,1930,3,13.1,56.0,1930-03-01
17220,TR,IZM,,Izmir,38.4333,27.1667,25,1930,4,16.6,20.0,1930-04-01
17220,TR,IZM,,Izmir,38.4333,27.1667,25,1930,5,19.4,70.0,1930-05-01
17220,TR,IZM,,Izmir,38.4333,27.1667,25,1930,6,24.1,21.0,1930-06-01
17220,TR,IZM,,Izmir,38.4333,27.1667,25,1930,7,28.1,8.0,1930-07-01
17220,TR,IZM,,Izmir,38.4333,27.1667,25,1930,8,27.7,3.0,1930-08-01
17220,TR,IZM,,Izmir,38.4333,27.1667,25,1930,9,23.5,53.0,1930-09-01
17220,TR,IZM,,Izmir,38.4333,27.1667,25,1930,10,17.9,395.0,1930-10-01
17220,TR,IZM,,Izmir,38.4333,27.1667,25,1930,11,14.0,40.0,1930-11-01
17220,TR,IZM,,Izmir,38.4333,27.1667,25,1930,12,12.1,128.0,1930-12-01
17220,TR,IZM,,Izmir,38.4333,27.1667,25,1931,1,9.8,183.0,1931-01-01
17220,TR,IZM,,Izmir,38.4333,27.1667,25,1931,2,9.6,96.0,1931-02-01
17220,TR,IZM,,Izmir,38.4333,27.1667,25,1931,3,12.3,85.0,1931-03-01
17220,TR,IZM,,Izmir,38.4333,27.1667,25,1931,4,13.6,123.0,1931-04-01
17220,TR,IZM,,Izmir,38.4333,27.1667,25,1931,5,20.0,48.0,1931-05-01
17220,TR,IZM,,Izmir,38.4333,27.1667,25,1931,6,25.4,0.5,1931-06-01
17220,TR,IZM,,Izmir,38.4333,27.1667,25,1931,7,28.7,0.3,1931-07-01
17220,TR,IZM,,Izmir,38.4333,27.1667,25,1931,8,28.0,0.0,1931-08-01
17220,TR,IZM,,Izmir,38.4333,27.1667,25,1931,9,22.8,35.0,1931-09-01
17220,TR,IZM,,Izmir,38.4333,27.1667,25,1931,10,18.7,17.0,1931-10-01
17220,TR,IZM,,Izmir,38.4333,27.1667,25,1931,11,11.8,102.0,1931-11-01
17220,TR,IZM,,Izmir,38.4333,27.1667,25,1931,12,8.0,85.0,1931-12-01
17220,TR,IZM,,Izmir,38.4333,27.1667,25,1932,1,6.9,63.0,1932-01-01
17220,TR,IZM,,Izmir,38.4333,27.1667,25,1932,2,5.7,69.0,1932-02-01
17220,TR,IZM,,Izmir,38.4333,27.1667,25,1932,3,10.6,120.0,1932-03-01
17220,TR,IZM,,Izmir,38.4333,27.1667,25,1932,4,15.9,68.0,1932-04-01
17220,TR,IZM,,Izmir,38.4333,27.1667,25,1932,5,20.5,6.0,1932-05-01
17220,TR,IZM,,Izmir,38.4333,27.1667,25,1932,6,25.0,0.0,1932-06-01
17220,TR,IZM,,Izmir,38.4333,27.1667,25,1932,7,27.9,5.0,1932-07-01
17220,TR,IZM,,Izmir,38.4333,27.1667,25,1932,8,27.4,0.0,1932-08-01
17220,TR,IZM,,Izmir,38.4333,27.1667,25,1932,9,23.9,0.0,1932-09-01
17220,TR,IZM,,Izmir,38.4333,27.1667,25,1932,10,21.8,65.0,1932-10-01
17220,TR,IZM,,Izmir,38.4333,27.1667,25,1932,11,13.9,66.0,1932-11-01
17220,TR,IZM,,Izmir,38.4333,27.1667,25,1932,12,10.0,40.0,1932-12-01
17220,TR,IZM,,Izmir,38.4333,27.1667,25,1933,1,7.3,134.0,1933-01-01
17220,TR,IZM,,Izmir,38.4333,27.1667,25,1933,2,9.0,134.0,1933-02-01
17220,TR,IZM,,Izmir,38.4333,27.1667,25,1933,3,9.0,43.0,1933-03-01
17220,TR,IZM,,Izmir,38.4333,27.1667,25,1933,4,12.5,42.0,1933-04-01
17220,TR,IZM,,Izmir,38.4333,27.1667,25,1933,5,17.5,110.0,1933-05-01
17220,TR,IZM,,Izmir,38.4333,27.1667,25,1933,6,22.2,19.0,1933-06-01
17220,TR,IZM,,Izmir,38.4333,27.1667,25,1933,7,25.5,16.0,1933-07-01
17220,TR,IZM,,Izmir,38.4333,27.1667,25,1933,8,26.0,0.0,1933-08-01
17220,TR,IZM,,Izmir,38.4333,27.1667,25,1933,9,20.7,2.0,1933-09-01
17220,TR,IZM,,Izmir,38.4333,27.1667,25,1933,10,17.1,28.0,1933-10-01
17220,TR,IZM,,Izmir,38.4333,27.1667,25,1933,11,17.0,77.0,1933-11-01
17220,TR,IZM,,Izmir,38.4333,27.1667,25,1933,12,8.4,121.0,1933-12-01
17220,TR,IZM,,Izmir,38.4333,27.1667,25,1934,1,8.5,108.0,1934-01-01
17220,TR,IZM,,Izmir,38.4333,27.1667,25,1934,2,5.6,93.0,1934-02-01
17220,TR,IZM,,Izmir,38.4333,27.1667,25,1934,3,13.2,43.0,1934-03-01
17220,TR,IZM,,Izmir,38.4333,27.1667,25,1934,4,16.9,9.0,1934-04-01
17220,TR,IZM,,Izmir,38.4333,27.1667,25,1934,5,20.7,16.0,1934-05-01
17220,TR,IZM,,Izmir,38.4333,27.1667,25,1934,6,24.8,5.0,1934-06-01
17220,TR,IZM,,Izmir,38.4333,27.1667,25,1934,7,27.5,29.0,1934-07-01
17220,TR,IZM,,Izmir,38.4333,27.1667,25,1934,8,26.9,0.0,1934-08-01
17220,TR,IZM,,Izmir,38.4333,27.1667,25,1934,9,23.6,0.6,1934-09-01
17220,TR,IZM,,Izmir,38.4333,27.1667,25,1934,10,18.0,71.0,1934-10-01
17220,TR,IZM,,Izmir,38.4333,27.1667,25,1934,11,14.5,74.0,1934-11-01
17220,TR,IZM,,Izmir,38.4333,27.1667,25,1934,12,10.2,40.0,1934-12-01
17220,TR,IZM,,Izmir,38.4333,27.1667,25,1935,1,7.6,189.0,1935-01-01
17220,TR,IZM,,Izmir,38.4333,27.1667,25,1935,2,9.2,60.0,1935-02-01
17220,TR,IZM,,Izmir,38.4333,27.1667,25,1935,3,9.9,87.0,1935-03-01
17220,TR,IZM,,Izmir,38.4333,27.1667,25,1935,4,15.5,43.0,1935-04-01
17220,TR,IZM,,Izmir,38.4333,27.1667,25,1935,5,21.1,13.0,1935-05-01
17220,TR,IZM,,Izmir,38.4333,27.1667,25,1935,6,26.0,0.0,1935-06-01
17220,TR,IZM,,Izmir,38.4333,27.1667,25,1935,7,27.0,0.0,1935-07-01
17220,TR,IZM,,Izmir,38.4333,27.1667,25,1935,8,27.1,0.0,1935-08-01
17220,TR,IZM,,Izmir,38.4333,27.1667,25,1935,9,22.7,85.0,1935-09-01
17220,TR,IZM,,Izmir,38.4333,27.1667,25,1935,10,19.2,110.0,1935-10-01
17220,TR,IZM,,Izmir,38.4333,27.1667,25,1935,11,13.0,87.0,1935-11-01
17220,TR,IZM,,Izmir,38.4333,27.1667,25,1935,12,12.3,211.0,1935-12-01
17220,TR,IZM,,Izmir,38.4333,27.1667,25,1936,1,12.1,69.0,1936-01-01
17220,TR,IZM,,Izmir,38.4333,27.1667,25,1936,2,10.0,215.0,1936-02-01
17220,TR,IZM,,Izmir,38.4333,27.1667,25,1936,3,12.5,114.0,1936-03-01
17220,TR,IZM,,Izmir,38.4333,27.1667,25,1936,4,17.0,23.0,1936-04-01
17220,TR,IZM,,Izmir,38.4333,27.1667,25,1936,5,18.8,50.0,1936-05-01
17220,TR,IZM,,Izmir,38.4333,27.1667,25,1936,6,23.7,10.0,1936-06-01
17220,TR,IZM,,Izmir,38.4333,27.1667,25,1936,7,28.6,0.0,1936-07-01
17220,TR,IZM,,Izmir,38.4333,27.1667,25,1936,8,27.5,6.0,1936-08-01
17220,TR,IZM,,Izmir,38.4333,27.1667,25,1936,9,21.9,41.0,1936-09-01
17220,TR,IZM,,Izmir,38.4333,27.1667,25,1936,10,18.2,26.0,1936-10-01
17220,TR,IZM,,Izmir,38.4333,27.1667,25,1936,11,12.8,125.0,1936-11-01
17220,TR,IZM,,Izmir,38.4333,27.1667,25,1936,12,7.6,52.0,1936-12-01
17220,TR,IZM,,Izmir,38.4333,27.1667,25,1937,1,6.5,79.0,1937-01-01
17220,TR,IZM,,Izmir,38.4333,27.1667,25,1937,2,10.6,73.0,1937-02-01
17220,TR,IZM,,Izmir,38.4333,27.1667,25,1937,3,14.2,21.0,1937-03-01
17220,TR,IZM,,Izmir,38.4333,27.1667,25,1937,4,16.2,28.0,1937-04-01
17220,TR,IZM,,Izmir,38.4333,27.1667,25,1937,5,21.1,7.0,1937-05-01
17220,TR,IZM,,Izmir,38.4333,27.1667,25,1937,6,25.4,0.0,1937-06-01
17220,TR,IZM,,Izmir,38.4333,27.1667,25,1937,7,28.5,3.0,1937-07-01
17220,TR,IZM,,Izmir,38.4333,27.1667,25,1937,8,27.0,0.0,1937-08-01
17220,TR,IZM,,Izmir,38.4333,27.1667,25,1937,9,24.6,6.0,1937-09-01
17220,TR,IZM,,Izmir,38.4333,27.1667,25,1937,10,18.3,77.0,1937-10-01
17220,TR,IZM,,Izmir,38.4333,27.1667,25,1937,11,14.4,161.0,1937-11-01
17220,TR,IZM,,Izmir,38.4333,27.1667,25,1937,12,11.3,127.0,1937-12-01
17220,TR,IZM,,Izmir,38.4333,27.1667,25,1938,1,8.0,69.0,1938-01-01
17220,TR,IZM,,Izmir,38.4333,27.1667,25,1938,2,7.8,125.0,1938-02-01
17220,TR,IZM,,Izmir,38.4333,27.1667,25,1938,3,9.8,34.0,1938-03-01
17220,TR,IZM,,Izmir,38.4333,27.1667,25,1938,4,14.1,48.0,1938-04-01
17220,TR,IZM,,Izmir,38.4333,27.1667,25,1938,5,19.7,31.0,1938-05-01
17220,TR,IZM,,Izmir,38.4333,27.1667,25,1938,6,25.1,0.0,1938-06-01
17220,TR,IZM,,Izmir,38.4333,27.1667,25,1938,7,28.6,0.0,1938-07-01
17220,TR,IZM,,Izmir,38.4333,27.1667,25,1938,8,28.0,0.0,1938-08-01
17220,TR,IZM,,Izmir,38.4333,27.1667,25,1938,9,22.8,16.0,1938-09-01
17220,TR,IZM,,Izmir,38.4333,27.1667,25,1938,10,18.5,16.0,1938-10-01
17220,TR,IZM,,Izmir,38.4333,27.1667,25,1938,11,12.7,58.0,1938-11-01
17220,TR,IZM,,Izmir,38.4333,27.1667,25,1938,12,11.3,136.0,1938-12-01
17220,TR,IZM,,Izmir,38.4333,27.1667,25,1939,1,10.6,103.0,1939-01-01
17220,TR,IZM,,Izmir,38.4333,27.1667,25,1939,2,8.1,43.0,1939-02-01
17220,TR,IZM,,Izmir,38.4333,27.1667,25,1939,3,10.3,193.0,1939-03-01
17220,TR,IZM,,Izmir,38.4333,27.1667,25,1939,4,15.9,3.0,1939-04-01
17220,TR,IZM,,Izmir,38.4333,27.1667,25,1939,5,20.4,25.0,1939-05-01
17220,TR,IZM,,Izmir,38.4333,27.1667,25,1939,6,23.6,38.0,1939-06-01
17220,TR,IZM,,Izmir,38.4333,27.1667,25,1939,7,28.3,0.0,1939-07-01
17220,TR,IZM,,Izmir,38.4333,27.1667,25,1939,8,27.0,0.0,1939-08-01
17220,TR,IZM,,Izmir,38.4333,27.1667,25,1939,9,23.3,37.0,1939-09-01
17220,TR,IZM,,Izmir,38.4333,27.1667,25,1939,10,20.5,4.0,1939-10-01
17220,TR,IZM,,Izmir,38.4333,27.1667,25,1939,11,13.8,43.0,1939-11-01
17220,TR,IZM,,Izmir,38.4333,27.1667,25,1939,12,11.2,246.0,1939-12-01
17220,TR,IZM,,Izmir,38.4333,27.1667,25,1940,1,7.0,168.0,1940-01-01
17220,TR,IZM,,Izmir,38.4333,27.1667,25,1940,2,9.8,92.0,1940-02-01
17220,TR,IZM,,Izmir,38.4333,27.1667,25,1940,3,11.1,40.0,1940-03-01
17220,TR,IZM,,Izmir,38.4333,27.1667,25,1940,4,14.5,184.0,1940-04-01
17220,TR,IZM,,Izmir,38.4333,27.1667,25,1940,5,18.3,78.0,1940-05-01
17220,TR,IZM,,Izmir,38.4333,27.1667,25,1940,6,23.2,30.0,1940-06-01
17220,TR,IZM,,Izmir,38.4333,27.1667,25,1940,7,27.6,0.0,1940-07-01
17220,TR,IZM,,Izmir,38.4333,27.1667,25,1940,8,25.2,0.0,1940-08-01
17220,TR,IZM,,Izmir,38.4333,27.1667,25,1940,9,22.0,8.0,1940-09-01
17220,TR,IZM,,Izmir,38.4333,27.1667,25,1940,10,19.4,14.0,1940-10-01
17220,TR,IZM,,Izmir,38.4333,27.1667,25,1940,11,15.1,45.0,1940-11-01
17220,TR,IZM,,Izmir,38.4333,27.1667,25,1940,12,9.8,292.0,1940-12-01
17220,TR,IZM,,Izmir,38.4333,27.1667,25,1941,1,10.4,114.0,1941-01-01
17220,TR,IZM,,Izmir,38.4333,27.1667,25,1941,2,12.1,102.0,1941-02-01
17220,TR,IZM,,Izmir,38.4333,27.1667,25,1941,3,11.3,42.0,1941-03-01
17220,TR,IZM,,Izmir,38.4333,27.1667,25,1941,4,16.3,55.0,1941-04-01
17220,TR,IZM,,Izmir,38.4333,27.1667,25,1941,5,20.5,12.0,1941-05-01
17220,TR,IZM,,Izmir,38.4333,27.1667,25,1941,6,24.8,1.0,1941-06-01
17220,TR,IZM,,Izmir,38.4333,27.1667,25,1941,7,27.1,0.0,1941-07-01
17220,TR,IZM,,Izmir,38.4333,27.1667,25,1941,8,26.9,0.0,1941-08-01
17220,TR,IZM,,Izmir,38.4333,27.1667,25,1941,9,21.0,3.0,1941-09-01
17220,TR,IZM,,Izmir,38.4333,27.1667,25,1941,10,17.2,51.0,1941-10-01
17220,TR,IZM,,Izmir,38.4333,27.1667,25,1941,11,11.8,30.0,1941-11-01
17220,TR,IZM,,Izmir,38.4333,27.1667,25,1941,12,6.5,96.0,1941-12-01
17220,TR,IZM,,Izmir,38.4333,27.1667,25,1942,1,5.7,208.0,1942-01-01
17220,TR,IZM,,Izmir,38.4333,27.1667,25,1942,2,10.1,141.0,1942-02-01
17220,TR,IZM,,Izmir,38.4333,27.1667,25,1942,3,10.3,10.0,1942-03-01
17220,TR,IZM,,Izmir,38.4333,27.1667,25,1942,4,15.1,15.0,1942-04-01
17220,TR,IZM,,Izmir,38.4333,27.1667,25,1942,5,21.4,0.5,1942-05-01
17220,TR,IZM,,Izmir,38.4333,27.1667,25,1942,6,26.5,1.0,1942-06-01
17220,TR,IZM,,Izmir,38.4333,27.1667,25,1942,7,26.8,0.3,1942-07-01
17220,TR,IZM,,Izmir,38.4333,27.1667,25,1942,8,26.3,9.0,1942-08-01
17220,TR,IZM,,Izmir,38.4333,27.1667,25,1942,9,23.4,1.0,1942-09-01
17220,TR,IZM,,Izmir,38.4333,27.1667,25,1942,10,18.2,26.0,1942-10-01
17220,TR,IZM,,Izmir,38.4333,27.1667,25,1942,11,12.7,194.0,1942-11-01
17220,TR,IZM,,Izmir,38.4333,27.1667,25,1942,12,8.1,34.0,1942-12-01
17220,TR,IZM,,Izmir,38.4333,27.1667,25,1943,1,6.6,182.0,1943-01-01
17220,TR,IZM,,Izmir,38.4333,27.1667,25,1943,2,7.5,18.0,1943-02-01
17220,TR,IZM,,Izmir,38.4333,27.1667,25,1943,3,8.8,31.0,1943-03-01
17220,TR,IZM,,Izmir,38.4333,27.1667,25,1943,4,13.9,77.0,1943-04-01
17220,TR,IZM,,Izmir,38.4333,27.1667,25,1943,5,19.2,72.0,1943-05-01
17220,TR,IZM,,Izmir,38.4333,27.1667,25,1943,6,24.3,6.0,1943-06-01
17220,TR,IZM,,Izmir,38.4333,27.1667,25,1943,7,26.9,0.0,1943-07-01
17220,TR,IZM,,Izmir,38.4333,27.1667,25,1943,8,27.6,12.0,1943-08-01
17220,TR,IZM,,Izmir,38.4333,27.1667,25,1943,9,23.5,8.0,1943-09-01
17220,TR,IZM,,Izmir,38.4333,27.1667,25,1943,10,19.9,26.0,1943-10-01
17220,TR,IZM,,Izmir,38.4333,27.1667,25,1943,11,17.0,94.0,1943-11-01
17220,TR,IZM,,Izmir,38.4333,27.1667,25,1943,12,10.5,100.0,1943-12-01
17220,TR,IZM,,Izmir,38.4333,27.1667,25,1944,1,7.4,121.0,1944-01-01
17220,TR,IZM,,Izmir,38.4333,27.1667,25,1944,2,9.8,296.0,1944-02-01
17220,TR,IZM,,Izmir,38.4333,27.1667,25,1944,3,10.7,187.0,1944-03-01
17220,TR,IZM,,Izmir,38.4333,27.1667,25,1944,4,15.7,74.0,1944-04-01
17220,TR,IZM,,Izmir,38.4333,27.1667,25,1944,5,18.4,34.0,1944-05-01
17220,TR,IZM,,Izmir,38.4333,27.1667,25,1944,6,25.7,0.0,1944-06-01
17220,TR,IZM,,Izmir,38.4333,27.1667,25,1944,7,26.8,6.0,1944-07-01
17220,TR,IZM,,Izmir,38.4333,27.1667,25,1944,8,25.8,13.0,1944-08-01
17220,TR,IZM,,Izmir,38.4333,27.1667,25,1944,9,23.0,13.0,1944-09-01
17220,TR,IZM,,Izmir,38.4333,27.1667,25,1944,10,18.7,130.0,1944-10-01
17220,TR,IZM,,Izmir,38.4333,27.1667,25,1944,11,13.4,142.0,1944-11-01
17220,TR,IZM,,Izmir,38.4333,27.1667,25,1944,12,9.8,101.0,1944-12-01
17220,TR,IZM,,Izmir,38.4333,27.1667,25,1945,1,8.0,397.0,1945-01-01
17220,TR,IZM,,Izmir,38.4333,27.1667,25,1945,2,6.2,30.0,1945-02-01
17220,TR,IZM,,Izmir,38.4333,27.1667,25,1945,3,9.2,50.0,1945-03-01
17220,TR,IZM,,Izmir,38.4333,27.1667,25,1945,4,14.5,21.0,1945-04-01
17220,TR,IZM,,Izmir,38.4333,27.1667,25,1945,5,23.1,0.0,1945-05-01
17220,TR,IZM,,Izmir,38.4333,27.1667,25,1945,6,24.9,0.0,1945-06-01
17220,TR,IZM,,Izmir,38.4333,27.1667,25,1945,7,28.0,0.3,1945-07-01
17220,TR,IZM,,Izmir,38.4333,27.1667,25,1945,8,28.2,20.0,1945-08-01
17220,TR,IZM,,Izmir,38.4333,27.1667,25,1945,9,23.4,3.0,1945-09-01
17220,TR,IZM,,Izmir,38.4333,27.1667,25,1945,10,16.3,30.0,1945-10-01
17220,TR,IZM,,Izmir,38.4333,27.1667,25,1945,11,13.9,99.0,1945-11-01
17220,TR,IZM,,Izmir,38.4333,27.1667,25,1945,12,10.0,306.0,1945-12-01
17220,TR,IZM,,Izmir,38.4333,27.1667,25,1946,1,8.5,53.0,1946-01-01
17220,TR,IZM,,Izmir,38.4333,27.1667,25,1946,2,8.8,153.0,1946-02-01
17220,TR,IZM,,Izmir,38.4333,27.1667,25,1946,3,10.7,81.0,1946-03-01
17220,TR,IZM,,Izmir,38.4333,27.1667,25,1946,4,15.3,16.0,1946-04-01
17220,TR,IZM,,Izmir,38.4333,27.1667,25,1946,5,20.3,35.0,1946-05-01
17220,TR,IZM,,Izmir,38.4333,27.1667,25,1946,6,26.2,10.0,1946-06-01
17220,TR,IZM,,Izmir,38.4333,27.1667,25,1946,7,28.3,0.0,1946-07-01
17220,TR,IZM,,Izmir,38.4333,27.1667,25,1946,8,28.7,0.0,1946-08-01
17220,TR,IZM,,Izmir,38.4333,27.1667,25,1946,9,25.7,2.0,1946-09-01
17220,TR,IZM,,Izmir,38.4333,27.1667,25,1946,10,17.0,63.0,1946-10-01
17220,TR,IZM,,Izmir,38.4333,27.1667,25,1946,11,15.8,111.0,1946-11-01
17220,TR,IZM,,Izmir,38.4333,27.1667,25,1946,12,10.3,358.0,1946-12-01
17220,TR,IZM,,Izmir,38.4333,27.1667,25,1947,1,6.5,136.0,1947-01-01
17220,TR,IZM,,Izmir,38.4333,27.1667,25,1947,2,11.5,91.0,1947-02-01
17220,TR,IZM,,Izmir,38.4333,27.1667,25,1947,3,14.7,36.0,1947-03-01
17220,TR,IZM,,Izmir,38.4333,27.1667,25,1947,4,17.0,0.0,1947-04-01
17220,TR,IZM,,Izmir,38.4333,27.1667,25,1947,5,21.0,7.0,1947-05-01
17220,TR,IZM,,Izmir,38.4333,27.1667,25,1947,6,25.4,6.0,1947-06-01
17220,TR,IZM,,Izmir,38.4333,27.1667,25,1947,7,28.1,0.4,1947-07-01
17220,TR,IZM,,Izmir,38.4333,27.1667,25,1947,8,27.0,10.0,1947-08-01
17220,TR,IZM,,Izmir,38.4333,27.1667,25,1947,9,23.2,11.0,1947-09-01
17220,TR,IZM,,Izmir,38.4333,27.1667,25,1947,10,16.7,41.0,1947-10-01
17220,TR,IZM,,Izmir,38.4333,27.1667,25,1947,11,14.1,81.0,1947-11-01
17220,TR,IZM,,Izmir,38.4333,27.1667,25,1947,12,12.6,222.0,1947-12-01
17220,TR,IZM,,Izmir,38.4333,27.1667,25,1948,1,12.0,215.0,1948-01-01
17220,TR,IZM,,Izmir,38.4333,27.1667,25,1948,2,8.0,160.0,1948-02-01
17220,TR,IZM,,Izmir,38.4333,27.1667,25,1948,3,8.5,20.0,1948-03-01
17220,TR,IZM,,Izmir,38.4333,27.1667,25,1948,4,14.6,38.0,1948-04-01
17220,TR,IZM,,Izmir,38.4333,27.1667,25,1948,5,20.1,60.0,1948-05-01
17220,TR,IZM,,Izmir,38.4333,27.1667,25,1948,6,23.2,42.0,1948-06-01
17220,TR,IZM,,Izmir,38.4333,27.1667,25,1948,7,26.9,0.0,1948-07-01
17220,TR,IZM,,Izmir,38.4333,27.1667,25,1948,8,27.3,0.0,1948-08-01
17220,TR,IZM,,Izmir,38.4333,27.1667,25,1948,9,22.7,0.0,1948-09-01
17220,TR,IZM,,Izmir,38.4333,27.1667,25,1948,10,18.2,3.0,1948-10-01
17220,TR,IZM,,Izmir,38.4333,27.1667,25,1948,11,11.9,45.0,1948-11-01
17220,TR,IZM,,Izmir,38.4333,27.1667,25,1948,12,5.5,46.0,1948-12-01
17220,TR,IZM,,Izmir,38.4333,27.1667,25,1949,1,7.4,115.0,1949-01-01
17220,TR,IZM,,Izmir,38.4333,27.1667,25,1949,2,6.6,43.0,1949-02-01
17220,TR,IZM,,Izmir,38.4333,27.1667,25,1949,3,9.2,153.0,1949-03-01
17220,TR,IZM,,Izmir,38.4333,27.1667,25,1949,4,13.1,28.0,1949-04-01
17220,TR,IZM,,Izmir,38.4333,27.1667,25,1949,5,21.3,23.0,1949-05-01
17220,TR,IZM,,Izmir,38.4333,27.1667,25,1949,6,24.0,3.0,1949-06-01
17220,TR,IZM,,Izmir,38.4333,27.1667,25,1949,7,26.0,8.0,1949-07-01
17220,TR,IZM,,Izmir,38.4333,27.1667,25,1949,8,25.2,2.0,1949-08-01
17220,TR,IZM,,Izmir,38.4333,27.1667,25,1949,9,21.7,1.0,1949-09-01
17220,TR,IZM,,Izmir,38.4333,27.1667,25,1949,10,18.1,46.0,1949-10-01
17220,TR,IZM,,Izmir,38.4333,27.1667,25,1949,11,16.2,64.0,1949-11-01
17220,TR,IZM,,Izmir,38.4333,27.1667,25,1949,12,11.7,80.0,1949-12-01
17220,TR,IZM,,Izmir,38.4333,27.1667,25,1950,1,5.8,82.0,1950-01-01
17220,TR,IZM,,Izmir,38.4333,27.1667,25,1950,2,9.3,31.0,1950-02-01
17220,TR,IZM,,Izmir,38.4333,27.1667,25,1950,3,11.7,40.0,1950-03-01
17220,TR,IZM,,Izmir,38.4333,27.1667,25,1950,4,18.1,27.0,1950-04-01
17220,TR,IZM,,Izmir,38.4333,27.1667,25,1950,5,20.6,31.0,1950-05-01
17220,TR,IZM,,Izmir,38.4333,27.1667,25,1950,6,25.9,18.0,1950-06-01
17220,TR,IZM,,Izmir,38.4333,27.1667,25,1950,7,29.2,0.0,1950-07-01
17220,TR,IZM,,Izmir,38.4333,27.1667,25,1950,8,27.7,0.0,1950-08-01
17220,TR,IZM,,Izmir,38.4333,27.1667,25,1950,9,25.4,3.0,1950-09-01
17220,TR,IZM,,Izmir,38.4333,27.1667,25,1950,10,18.0,20.0,1950-10-01
17220,TR,IZM,,Izmir,38.4333,27.1667,25,1950,11,13.8,68.0,1950-11-01
17220,TR,IZM,,Izmir,38.4333,27.1667,25,1950,12,13.7,23.0,1950-12-01
17220,TR,IZM,,Izmir,38.4333,27.1667,25,1951,1,10.5,104.0,1951-01-01
17220,TR,IZM,,Izmir,38.4333,27.1667,25,1951,2,11.7,7.0,1951-02-01
17220,TR,IZM,,Izmir,38.4333,27.1667,25,1951,3,13.6,45.0,1951-03-01
17220,TR,IZM,,Izmir,38.4333,27.1667,25,1951,4,16.7,7.0,1951-04-01
17220,TR,IZM,,Izmir,38.4333,27.1667,25,1951,5,21.8,0.0,1951-05-01
17220,TR,IZM,,Izmir,38.4333,27.1667,25,1951,6,24.8,0.0,1951-06-01
17220,TR,IZM,,Izmir,38.4333,27.1667,25,1951,7,27.4,0.0,1951-07-01
17220,TR,IZM,,Izmir,38.4333,27.1667,25,1951,8,28.2,0.0,1951-08-01
17220,TR,IZM,,Izmir,38.4333,27.1667,25,1951,9,23.9,10.0,1951-09-01
17220,TR,IZM,,Izmir,38.4333,27.1667,25,1951,10,16.0,0.0,1951-10-01
17220,TR,IZM,,Izmir,38.4333,27.1667,25,1951,11,14.0,67.0,1951-11-01
17220,TR,IZM,,Izmir,38.4333,27.1667,25,1951,12,9.0,89.0,1951-12-01
17220,TR,IZM,,Izmir,38.4333,27.1667,25,1952,1,10.1,120.0,1952-01-01
17220,TR,IZM,,Izmir,38.4333,27.1667,25,1952,2,9.4,144.0,1952-02-01
17220,TR,IZM,,Izmir,38.4333,27.1667,25,1952,3,11.1,56.0,1952-03-01
17220,TR,IZM,,Izmir,38.4333,27.1667,25,1952,4,16.8,0.0,1952-04-01
17220,TR,IZM,,Izmir,38.4333,27.1667,25,1952,5,19.7,80.0,1952-05-01
17220,TR,IZM,,Izmir,38.4333,27.1667,25,1952,6,21.5,0.0,1952-06-01
17220,TR,IZM,,Izmir,38.4333,27.1667,25,1952,7,27.3,0.0,1952-07-01
17220,TR,IZM,,Izmir,38.4333,27.1667,25,1952,8,29.1,0.0,1952-08-01
17220,TR,IZM,,Izmir,38.4333,27.1667,25,1952,9,25.9,3.0,1952-09-01
17220,TR,IZM,,Izmir,38.4333,27.1667,25,1952,10,19.6,52.0,1952-10-01
17220,TR,IZM,,Izmir,38.4333,27.1667,25,1952,11,15.3,143.0,1952-11-01
17220,TR,IZM,,Izmir,38.4333,27.1667,25,1952,12,13.6,46.0,1952-12-01
17220,TR,IZM,,Izmir,38.4333,27.1667,25,1953,1,9.4,228.0,1953-01-01
17220,TR,IZM,,Izmir,38.4333,27.1667,25,1953,2,9.8,47.0,1953-02-01
17220,TR,IZM,,Izmir,38.4333,27.1667,25,1953,3,7.9,5.0,1953-03-01
17220,TR,IZM,,Izmir,38.4333,27.1667,25,1953,4,15.7,12.0,1953-04-01
17220,TR,IZM,,Izmir,38.4333,27.1667,25,1953,5,19.1,53.0,1953-05-01
17220,TR,IZM,,Izmir,38.4333,27.1667,25,1953,6,24.5,37.0,1953-06-01
17220,TR,IZM,,Izmir,38.4333,27.1667,25,1953,7,28.2,0.0,1953-07-01
17220,TR,IZM,,Izmir,38.4333,27.1667,25,1953,8,27.3,0.0,1953-08-01
17220,TR,IZM,,Izmir,38.4333,27.1667,25,1953,9,23.0,10.0,1953-09-01
17220,TR,IZM,,Izmir,38.4333,27.1667,25,1953,10,18.4,42.0,1953-10-01
17220,TR,IZM,,Izmir,38.4333,27.1667,25,1953,11,11.0,48.0,1953-11-01
17220,TR,IZM,,Izmir,38.4333,27.1667,25,1953,12,6.9,109.0,1953-12-01
17220,TR,IZM,,Izmir,38.4333,27.1667,25,1954,1,6.8,141.0,1954-01-01
17220,TR,IZM,,Izmir,38.4333,27.1667,25,1954,2,7.8,100.0,1954-02-01
17220,TR,IZM,,Izmir,38.4333,27.1667,25,1954,3,12.1,103.0,1954-03-01
17220,TR,IZM,,Izmir,38.4333,27.1667,25,1954,4,13.3,54.0,1954-04-01
17220,TR,IZM,,Izmir,38.4333,27.1667,25,1954,5,19.2,64.0,1954-05-01
17220,TR,IZM,,Izmir,38.4333,27.1667,25,1954,6,26.4,0.0,1954-06-01
17220,TR,IZM,,Izmir,38.4333,27.1667,25,1954,7,28.5,0.0,1954-07-01
17220,TR,IZM,,Izmir,38.4333,27.1667,25,1954,8,27.9,0.0,1954-08-01
17220,TR,IZM,,Izmir,38.4333,27.1667,25,1954,9,24.2,0.0,1954-09-01
17220,TR,IZM,,Izmir,38.4333,27.1667,25,1954,10,19.2,49.0,1954-10-01
17220,TR,IZM,,Izmir,38.4333,27.1667,25,1954,11,14.0,149.0,1954-11-01
17220,TR,IZM,,Izmir,38.4333,27.1667,25,1954,12,10.3,203.0,1954-12-01
17220,TR,IZM,,Izmir,38.4333,27.1667,25,1955,1,11.8,167.0,1955-01-01
17220,TR,IZM,,Izmir,38.4333,27.1667,25,1955,2,14.0,85.0,1955-02-01
17220,TR,IZM,,Izmir,38.4333,27.1667,25,1955,3,13.0,59.0,1955-03-01
17220,TR,IZM,,Izmir,38.4333,27.1667,25,1955,4,13.9,55.0,1955-04-01
17220,TR,IZM,,Izmir,38.4333,27.1667,25,1955,5,21.3,15.0,1955-05-01
17220,TR,IZM,,Izmir,38.4333,27.1667,25,1955,6,25.2,0.0,1955-06-01
17220,TR,IZM,,Izmir,38.4333,27.1667,25,1955,7,27.8,0.0,1955-07-01
17220,TR,IZM,,Izmir,38.4333,27.1667,25,1955,8,26.0,3.0,1955-08-01
17220,TR,IZM,,Izmir,38.4333,27.1667,25,1955,9,23.5,4.0,1955-09-01
17220,TR,IZM,,Izmir,38.4333,27.1667,25,1955,10,20.3,63.0,1955-10-01
17220,TR,IZM,,Izmir,38.4333,27.1667,25,1955,11,14.2,311.0,1955-11-01
17220,TR,IZM,,Izmir,38.4333,27.1667,25,1955,12,11.2,135.0,1955-12-01
17220,TR,IZM,,Izmir,38.4333,27.1667,25,1956,1,9.9,77.0,1956-01-01
17220,TR,IZM,,Izmir,38.4333,27.1667,25,1956,2,9.2,204.0,1956-02-01
17220,TR,IZM,,Izmir,38.4333,27.1667,25,1956,3,8.6,69.0,1956-03-01
17220,TR,IZM,,Izmir,38.4333,27.1667,25,1956,4,16.2,8.0,1956-04-01
17220,TR,IZM,,Izmir,38.4333,27.1667,25,1956,5,19.9,28.0,1956-05-01
17220,TR,IZM,,Izmir,38.4333,27.1667,25,1956,6,24.6,25.0,1956-06-01
17220,TR,IZM,,Izmir,38.4333,27.1667,25,1956,7,27.9,0.0,1956-07-01
17220,TR,IZM,,Izmir,38.4333,27.1667,25,1956,8,28.2,0.0,1956-08-01
17220,TR,IZM,,Izmir,38.4333,27.1667,25,1956,9,23.2,0.0,1956-09-01
17220,TR,IZM,,Izmir,38.4333,27.1667,25,1956,10,17.5,7.0,1956-10-01
17220,TR,IZM,,Izmir,38.4333,27.1667,25,1956,11,14.0,58.0,1956-11-01
17220,TR,IZM,,Izmir,38.4333,27.1667,25,1956,12,8.5,135.0,1956-12-01
17220,TR,IZM,,Izmir,38.4333,27.1667,25,1957,1,7.7,184.0,1957-01-01
17220,TR,IZM,,Izmir,38.4333,27.1667,25,1957,2,11.1,28.0,1957-02-01
17220,TR,IZM,,Izmir,38.4333,27.1667,25,1957,3,11.2,93.0,1957-03-01
17220,TR,IZM,,Izmir,38.4333,27.1667,25,1957,4,15.3,20.0,1957-04-01
17220,TR,IZM,,Izmir,38.4333,27.1667,25,1957,5,19.0,119.0,1957-05-01
17220,TR,IZM,,Izmir,38.4333,27.1667,25,1957,6,25.9,1.0,1957-06-01
17220,TR,IZM,,Izmir,38.4333,27.1667,25,1957,7,27.2,3.0,1957-07-01
17220,TR,IZM,,Izmir,38.4333,27.1667,25,1957,8,28.3,0.0,1957-08-01
17220,TR,IZM,,Izmir,38.4333,27.1667,25,1957,9,23.7,10.0,1957-09-01
17220,TR,IZM,,Izmir,38.4333,27.1667,25,1957,10,20.6,18.0,1957-10-01
17220,TR,IZM,,Izmir,38.4333,27.1667,25,1957,11,14.4,84.0,1957-11-01
17220,TR,IZM,,Izmir,38.4333,27.1667,25,1957,12,9.8,98.0,1957-12-01
17220,TR,IZM,,Izmir,38.4333,27.1667,25,1958,1,8.8,166.0,1958-01-01
17220,TR,IZM,,Izmir,38.4333,27.1667,25,1958,2,11.9,59.0,1958-02-01
17220,TR,IZM,,Izmir,38.4333,27.1667,25,1958,3,12.2,183.0,1958-03-01
17220,TR,IZM,,Izmir,38.4333,27.1667,25,1958,4,15.1,63.0,1958-04-01
17220,TR,IZM,,Izmir,38.4333,27.1667,25,1958,5,21.7,39.0,1958-05-01
17220,TR,IZM,,Izmir,38.4333,27.1667,25,1958,6,24.8,0.0,1958-06-01
17220,TR,IZM,,Izmir,38.4333,27.1667,25,1958,7,27.4,6.0,1958-07-01
17220,TR,IZM,,Izmir,38.4333,27.1667,25,1958,8,27.5,1.0,1958-08-01
17220,TR,IZM,,Izmir,38.4333,27.1667,25,1958,9,22.2,16.0,1958-09-01
17220,TR,IZM,,Izmir,38.4333,27.1667,25,1958,10,17.9,30.0,1958-10-01
17220,TR,IZM,,Izmir,38.4333,27.1667,25,1958,11,14.7,96.0,1958-11-01
17220,TR,IZM,,Izmir,38.4333,27.1667,25,1958,12,12.1,177.0,1958-12-01
17220,TR,IZM,,Izmir,38.4333,27.1667,25,1959,1,9.1,238.0,1959-01-01
17220,TR,IZM,,Izmir,38.4333,27.1667,25,1959,2,6.1,14.0,1959-02-01
17220,TR,IZM,,Izmir,38.4333,27.1667,25,1959,3,11.3,71.0,1959-03-01
17220,TR,IZM,,Izmir,38.4333,27.1667,25,1959,4,15.7,14.0,1959-04-01
17220,TR,IZM,,Izmir,38.4333,27.1667,25,1959,5,20.2,24.0,1959-05-01
17220,TR,IZM,,Izmir,38.4333,27.1667,25,1959,6,24.0,16.0,1959-06-01
17220,TR,IZM,,Izmir,38.4333,27.1667,25,1959,7,27.4,2.0,1959-07-01
17220,TR,IZM,,Izmir,38.4333,27.1667,25,1959,8,27.2,0.0,1959-08-01
17220,TR,IZM,,Izmir,38.4333,27.1667,25,1959,9,21.4,0.0,1959-09-01
17220,TR,IZM,,Izmir,38.4333,27.1667,25,1959,10,16.1,72.0,1959-10-01
17220,TR,IZM,,Izmir,38.4333,27.1667,25,1959,11,13.2,73.0,1959-11-01
17220,TR,IZM,,Izmir,38.4333,27.1667,25,1959,12,12.3,254.0,1959-12-01
17220,TR,IZM,,Izmir,38.4333,27.1667,25,1960,1,10.0,136.0,1960-01-01
17220,TR,IZM,,Izmir,38.4333,27.1667,25,1960,2,10.2,55.0,1960-02-01
17220,TR,IZM,,Izmir,38.4333,27.1667,25,1960,3,11.2,35.0,1960-03-01
17220,TR,IZM,,Izmir,38.4333,27.1667,25,1960,4,15.0,68.0,1960-04-01
17220,TR,IZM,,Izmir,38.4333,27.1667,25,1960,5,20.8,18.0,1960-05-01
17220,TR,IZM,,Izmir,38.4333,27.1667,25,1960,6,24.1,8.0,1960-06-01
17220,TR,IZM,,Izmir,38.4333,27.1667,25,1960,7,26.9,0.0,1960-07-01
17220,TR,IZM,,Izmir,38.4333,27.1667,25,1960,8,27.4,0.0,1960-08-01
17220,TR,IZM,,Izmir,38.4333,27.1667,25,1960,9,22.7,6.0,1960-09-01
17220,TR,IZM,,Izmir,38.4333,27.1667,25,1960,10,21.5,5.0,1960-10-01
17220,TR,IZM,,Izmir,38.4333,27.1667,25,1960,11,16.1,157.0,1960-11-01
17220,TR,IZM,,Izmir,38.4333,27.1667,25,1960,12,13.8,297.0,1960-12-01
17220,TR,IZM,,Izmir,38.4333,27.1667,25,1961,1,8.7,127.0,1961-01-01
17220,TR,IZM,,Izmir,38.4333,27.1667,25,1961,2,8.4,88.0,1961-02-01
17220,TR,IZM,,Izmir,38.4333,27.1667,25,1961,3,12.0,12.0,1961-03-01
17220,TR,IZM,,Izmir,38.4333,27.1667,25,1961,4,17.5,100.0,1961-04-01
17220,TR,IZM,,Izmir,38.4333,27.1667,25,1961,5,20.6,17.0,1961-05-01
17220,TR,IZM,,Izmir,38.4333,27.1667,25,1961,6,24.8,24.0,1961-06-01
17220,TR,IZM,,Izmir,38.4333,27.1667,25,1961,7,27.2,0.0,1961-07-01
17220,TR,IZM,,Izmir,38.4333,27.1667,25,1961,8,27.6,8.0,1961-08-01
17220,TR,IZM,,Izmir,38.4333,27.1667,25,1961,9,22.0,4.0,1961-09-01
17220,TR,IZM,,Izmir,38.4333,27.1667,25,1961,10,18.2,30.0,1961-10-01
17220,TR,IZM,,Izmir,38.4333,27.1667,25,1961,11,16.2,59.0,1961-11-01
17220,TR,IZM,,Izmir,38.4333,27.1667,25,1961,12,11.2,110.0,1961-12-01
17220,TR,IZM,,Izmir,38.4333,27.1667,25,1962,1,10.1,55.0,1962-01-01
17220,TR,IZM,,Izmir,38.4333,27.1667,25,1962,2,8.1,148.0,1962-02-01
17220,TR,IZM,,Izmir,38.4333,27.1667,25,1962,3,13.4,152.0,1962-03-01
17220,TR,IZM,,Izmir,38.4333,27.1667,25,1962,4,15.0,57.0,1962-04-01
17220,TR,IZM,,Izmir,38.4333,27.1667,25,1962,5,21.7,1.0,1962-05-01
17220,TR,IZM,,Izmir,38.4333,27.1667,25,1962,6,25.4,4.0,1962-06-01
17220,TR,IZM,,Izmir,38.4333,27.1667,25,1962,7,27.8,0.0,1962-07-01
17220,TR,IZM,,Izmir,38.4333,27.1667,25,1962,8,28.3,0.0,1962-08-01
17220,TR,IZM,,Izmir,38.4333,27.1667,25,1962,9,23.7,28.0,1962-09-01
17220,TR,IZM,,Izmir,38.4333,27.1667,25,1962,10,19.0,32.0,1962-10-01
17220,TR,IZM,,Izmir,38.4333,27.1667,25,1962,11,17.6,94.0,1962-11-01
17220,TR,IZM,,Izmir,38.4333,27.1667,25,1962,12,11.5,291.0,1962-12-01
17220,TR,IZM,,Izmir,38.4333,27.1667,25,1963,1,9.7,168.0,1963-01-01
17220,TR,IZM,,Izmir,38.4333,27.1667,25,1963,2,11.7,121.0,1963-02-01
17220,TR,IZM,,Izmir,38.4333,27.1667,25,1963,3,10.4,50.0,1963-03-01
17220,TR,IZM,,Izmir,38.4333,27.1667,25,1963,4,15.0,23.0,1963-04-01
17220,TR,IZM,,Izmir,38.4333,27.1667,25,1963,5,19.9,42.0,1963-05-01
17220,TR,IZM,,Izmir,38.4333,27.1667,25,1963,6,25.8,1.0,1963-06-01
17220,TR,IZM,,Izmir,38.4333,27.1667,25,1963,7,28.6,0.0,1963-07-01
17220,TR,IZM,,Izmir,38.4333,27.1667,25,1963,8,28.8,0.0,1963-08-01
17220,TR,IZM,,Izmir,38.4333,27.1667,25,1963,9,24.7,0.0,1963-09-01
17220,TR,IZM,,Izmir,38.4333,27.1667,25,1963,10,19.0,83.0,1963-10-01
17220,TR,IZM,,Izmir,38.4333,27.1667,25,1963,11,15.1,37.0,1963-11-01
17220,TR,IZM,,Izmir,38.4333,27.1667,25,1963,12,11.7,46.0,1963-12-01
17220,TR,IZM,,Izmir,38.4333,27.1667,25,1964,1,5.4,56.0,1964-01-01
17220,TR,IZM,,Izmir,38.4333,27.1667,25,1964,2,8.0,72.0,1964-02-01
17220,TR,IZM,,Izmir,38.4333,27.1667,25,1964,3,11.5,65.0,1964-03-01
17220,TR,IZM,,Izmir,38.4333,27.1667,25,1964,4,15.8,2.0,1964-04-01
17220,TR,IZM,,Izmir,38.4333,27.1667,25,1964,5,19.5,17.0,1964-05-01
17220,TR,IZM,,Izmir,38.4333,27.1667,25,1964,6,25.2,28.0,1964-06-01
17220,TR,IZM,,Izmir,38.4333,27.1667,25,1964,7,26.9,0.0,1964-07-01
17220,TR,IZM,,Izmir,38.4333,27.1667,25,1964,8,26.0,0.0,1964-08-01
17220,TR,IZM,,Izmir,38.4333,27.1667,25,1964,9,21.9,68.0,1964-09-01
17220,TR,IZM,,Izmir,38.4333,27.1667,25,1964,10,20.3,0.0,1964-10-01
17220,TR,IZM,,Izmir,38.4333,27.1667,25,1964,11,14.3,20.0,1964-11-01
17220,TR,IZM,,Izmir,38.4333,27.1667,25,1964,12,11.7,182.0,1964-12-01
17220,TR,IZM,,Izmir,38.4333,27.1667,25,1965,1,8.9,73.0,1965-01-01
17220,TR,IZM,,Izmir,38.4333,27.1667,25,1965,2,7.8,220.0,1965-02-01
17220,TR,IZM,,Izmir,38.4333,27.1667,25,1965,3,11.6,73.0,1965-03-01
17220,TR,IZM,,Izmir,38.4333,27.1667,25,1965,4,14.5,143.0,1965-04-01
17220,TR,IZM,,Izmir,38.4333,27.1667,25,1965,5,18.7,86.0,1965-05-01
17220,TR,IZM,,Izmir,38.4333,27.1667,25,1965,6,25.8,0.0,1965-06-01
17220,TR,IZM,,Izmir,38.4333,27.1667,25,1965,7,27.3,0.0,1965-07-01
17220,TR,IZM,,Izmir,38.4333,27.1667,25,1965,8,25.5,0.0,1965-08-01
17220,TR,IZM,,Izmir,38.4333,27.1667,25,1965,9,23.6,0.0,1965-09-01
17220,TR,IZM,,Izmir,38.4333,27.1667,25,1965,10,16.6,10.0,1965-10-01
17220,TR,IZM,,Izmir,38.4333,27.1667,25,1965,11,14.2,87.0,1965-11-01
17220,TR,IZM,,Izmir,38.4333,27.1667,25,1965,12,11.9,202.0,1965-12-01
17220,TR,IZM,,Izmir,38.4333,27.1667,25,1966,1,9.8,187.0,1966-01-01
17220,TR,IZM,,Izmir,38.4333,27.1667,25,1966,2,12.0,43.0,1966-02-01
17220,TR,IZM,,Izmir,38.4333,27.1667,25,1966,3,11.5,154.0,1966-03-01
17220,TR,IZM,,Izmir,38.4333,27.1667,25,1966,4,16.4,24.0,1966-04-01
17220,TR,IZM,,Izmir,38.4333,27.1667,25,1966,5,19.8,29.0,1966-05-01
17220,TR,IZM,,Izmir,38.4333,27.1667,25,1966,6,24.2,6.0,1966-06-01
17220,TR,IZM,,Izmir,38.4333,27.1667,25,1966,7,27.7,0.0,1966-07-01
17220,TR,IZM,,Izmir,38.4333,27.1667,25,1966,8,27.7,17.0,1966-08-01
17220,TR,IZM,,Izmir,38.4333,27.1667,25,1966,9,22.7,28.0,1966-09-01
17220,TR,IZM,,Izmir,38.4333,27.1667,25,1966,10,21.6,6.0,1966-10-01
17220,TR,IZM,,Izmir,38.4333,27.1667,25,1966,11,17.2,94.0,1966-11-01
17220,TR,IZM,,Izmir,38.4333,27.1667,25,1966,12,10.9,305.0,1966-12-01
17220,TR,IZM,,Izmir,38.4333,27.1667,25,1967,1,7.9,142.0,1967-01-01
17220,TR,IZM,,Izmir,38.4333,27.1667,25,1967,2,7.0,20.0,1967-02-01
17220,TR,IZM,,Izmir,38.4333,27.1667,25,1967,3,10.6,17.0,1967-03-01
17220,TR,IZM,,Izmir,38.4333,27.1667,25,1967,4,14.9,39.0,1967-04-01
17220,TR,IZM,,Izmir,38.4333,27.1667,25,1967,5,20.6,10.0,1967-05-01
17220,TR,IZM,,Izmir,38.4333,27.1667,25,1967,6,24.2,3.0,1967-06-01
17220,TR,IZM,,Izmir,38.4333,27.1667,25,1967,7,27.6,0.0,1967-07-01
17220,TR,IZM,,Izmir,38.4333,27.1667,25,1967,8,28.0,0.0,1967-08-01
17220,TR,IZM,,Izmir,38.4333,27.1667,25,1967,9,23.0,9.0,1967-09-01
17220,TR,IZM,,Izmir,38.4333,27.1667,25,1967,10,18.5,12.0,1967-10-01
17220,TR,IZM,,Izmir,38.4333,27.1667,25,1967,11,13.1,15.0,1967-11-01
17220,TR,IZM,,Izmir,38.4333,27.1667,25,1967,12,11.6,147.0,1967-12-01
17220,TR,IZM,,Izmir,38.4333,27.1667,25,1968,1,7.8,270.0,1968-01-01
17220,TR,IZM,,Izmir,38.4333,27.1667,25,1968,2,10.3,100.0,1968-02-01
17220,TR,IZM,,Izmir,38.4333,27.1667,25,1968,3,10.7,73.0,1968-03-01
17220,TR,IZM,,Izmir,38.4333,27.1667,25,1968,4,17.3,1.0,1968-04-01
17220,TR,IZM,,Izmir,38.4333,27.1667,25,1968,5,23.6,6.0,1968-05-01
17220,TR,IZM,,Izmir,38.4333,27.1667,25,1968,6,25.2,8.0,1968-06-01
17220,TR,IZM,,Izmir,38.4333,27.1667,25,1968,7,27.7,0.0,1968-07-01
17220,TR,IZM,,Izmir,38.4333,27.1667,25,1968,8,25.8,2.0,1968-08-01
17220,TR,IZM,,Izmir,38.4333,27.1667,25,1968,9,23.1,34.0,1968-09-01
17220,TR,IZM,,Izmir,38.4333,27.1667,25,1968,10,17.5,20.0,1968-10-01
17220,TR,IZM,,Izmir,38.4333,27.1667,25,1968,11,13.9,67.0,1968-11-01
17220,TR,IZM,,Izmir,38.4333,27.1667,25,1968,12,10.4,134.0,1968-12-01
17220,TR,IZM,,Izmir,38.4333,27.1667,25,1969,1,7.2,136.0,1969-01-01
17220,TR,IZM,,Izmir,38.4333,27.1667,25,1969,2,11.2,106.0,1969-02-01
17220,TR,IZM,,Izmir,38.4333,27.1667,25,1969,3,10.8,57.0,1969-03-01
17220,TR,IZM,,Izmir,38.4333,27.1667,25,1969,4,13.4,35.0,1969-04-01
17220,TR,IZM,,Izmir,38.4333,27.1667,25,1969,5,22.1,30.0,1969-05-01
17220,TR,IZM,,Izmir,38.4333,27.1667,25,1969,6,25.5,6.0,1969-06-01
17220,TR,IZM,,Izmir,38.4333,27.1667,25,1969,7,25.9,6.0,1969-07-01
17220,TR,IZM,,Izmir,38.4333,27.1667,25,1969,8,26.6,0.0,1969-08-01
17220,TR,IZM,,Izmir,38.4333,27.1667,25,1969,9,24.4,0.0,1969-09-01
17220,TR,IZM,,Izmir,38.4333,27.1667,25,1969,10,18.1,0.0,1969-10-01
17220,TR,IZM,,Izmir,38.4333,27.1667,25,1969,11,14.5,36.0,1969-11-01
17220,TR,IZM,,Izmir,38.4333,27.1667,25,1969,12,11.9,380.0,1969-12-01
17220,TR,IZM,,Izmir,38.4333,27.1667,25,1970,1,10.4,72.0,1970-01-01
17220,TR,IZM,,Izmir,38.4333,27.1667,25,1970,2,11.7,184.0,1970-02-01
17220,TR,IZM,,Izmir,38.4333,27.1667,25,1970,3,12.7,69.0,1970-03-01
17220,TR,IZM,,Izmir,38.4333,27.1667,25,1970,4,17.2,26.0,1970-04-01
17220,TR,IZM,,Izmir,38.4333,27.1667,25,1970,5,19.5,22.0,1970-05-01
17220,TR,IZM,,Izmir,38.4333,27.1667,25,1970,6,25.3,10.0,1970-06-01
17220,TR,IZM,,Izmir,38.4333,27.1667,25,1970,7,27.8,0.0,1970-07-01
17220,TR,IZM,,Izmir,38.4333,27.1667,25,1970,8,27.7,0.0,1970-08-01
17220,TR,IZM,,Izmir,38.4333,27.1667,25,1970,9,22.7,2.0,1970-09-01
17220,TR,IZM,,Izmir,38.4333,27.1667,25,1970,10,16.8,92.0,1970-10-01
17220,TR,IZM,,Izmir,38.4333,27.1667,25,1970,11,13.7,62.0,1970-11-01
17220,TR,IZM,,Izmir,38.4333,27.1667,25,1970,12,9.7,88.0,1970-12-01
17220,TR,IZM,,Izmir,38.4333,27.1667,25,1971,1,11.6,80.0,1971-01-01
17220,TR,IZM,,Izmir,38.4333,27.1667,25,1971,2,8.6,196.0,1971-02-01
17220,TR,IZM,,Izmir,38.4333,27.1667,25,1971,3,11.7,121.0,1971-03-01
17220,TR,IZM,,Izmir,38.4333,27.1667,25,1971,4,14.6,32.0,1971-04-01
17220,TR,IZM,,Izmir,38.4333,27.1667,25,1971,5,21.3,4.0,1971-05-01
17220,TR,IZM,,Izmir,38.4333,27.1667,25,1971,6,25.2,3.0,1971-06-01
17220,TR,IZM,,Izmir,38.4333,27.1667,25,1971,7,26.1,9.0,1971-07-01
17220,TR,IZM,,Izmir,38.4333,27.1667,25,1971,8,27.5,18.0,1971-08-01
17220,TR,IZM,,Izmir,38.4333,27.1667,25,1971,9,22.9,0.0,1971-09-01
17220,TR,IZM,,Izmir,38.4333,27.1667,25,1971,10,16.3,23.0,1971-10-01
17220,TR,IZM,,Izmir,38.4333,27.1667,25,1971,11,13.8,107.0,1971-11-01
17220,TR,IZM,,Izmir,38.4333,27.1667,25,1971,12,8.7,132.0,1971-12-01
17220,TR,IZM,,Izmir,38.4333,27.1667,25,1972,1,7.4,25.0,1972-01-01
17220,TR,IZM,,Izmir,38.4333,27.1667,25,1972,2,8.8,62.0,1972-02-01
17220,TR,IZM,,Izmir,38.4333,27.1667,25,1972,3,11.8,36.0,1972-03-01
17220,TR,IZM,,Izmir,38.4333,27.1667,25,1972,4,17.5,41.0,1972-04-01
17220,TR,IZM,,Izmir,38.4333,27.1667,25,1972,5,21.0,38.0,1972-05-01
17220,TR,IZM,,Izmir,38.4333,27.1667,25,1972,6,25.8,0.0,1972-06-01
17220,TR,IZM,,Izmir,38.4333,27.1667,25,1972,7,27.0,0.0,1972-07-01
17220,TR,IZM,,Izmir,38.4333,27.1667,25,1972,8,26.9,3.0,1972-08-01
17220,TR,IZM,,Izmir,38.4333,27.1667,25,1972,9,23.6,9.0,1972-09-01
17220,TR,IZM,,Izmir,38.4333,27.1667,25,1972,10,16.7,86.0,1972-10-01
17220,TR,IZM,,Izmir,38.4333,27.1667,25,1972,11,13.2,34.0,1972-11-01
17220,TR,IZM,,Izmir,38.4333,27.1667,25,1972,12,7.8,5.0,1972-12-01
17220,TR,IZM,,Izmir,38.4333,27.1667,25,1973,1,7.7,135.0,1973-01-01
17220,TR,IZM,,Izmir,38.4333,27.1667,25,1973,2,11.0,187.0,1973-02-01
17220,TR,IZM,,Izmir,38.4333,27.1667,25,1973,3,10.5,39.0,1973-03-01
17220,TR,IZM,,Izmir,38.4333,27.1667,25,1973,4,14.7,45.0,1973-04-01
17220,TR,IZM,,Izmir,38.4333,27.1667,25,1973,5,21.5,10.0,1973-05-01
17220,TR,IZM,,Izmir,38.4333,27.1667,25,1973,6,24.5,21.0,1973-06-01
17220,TR,IZM,,Izmir,38.4333,27.1667,25,1973,7,27.9,0.0,1973-07-01
17220,TR,IZM,,Izmir,38.4333,27.1667,25,1973,8,26.1,0.0,1973-08-01
17220,TR,IZM,,Izmir,38.4333,27.1667,25,1973,9,24.0,8.0,1973-09-01
17220,TR,IZM,,Izmir,38.4333,27.1667,25,1973,10,19.0,30.0,1973-10-01
17220,TR,IZM,,Izmir,38.4333,27.1667,25,1973,11,12.3,40.0,1973-11-01
17220,TR,IZM,,Izmir,38.4333,27.1667,25,1973,12,11.3,112.0,1973-12-01
17220,TR,IZM,,Izmir,38.4333,27.1667,25,1974,1,5.6,13.0,1974-01-01
17220,TR,IZM,,Izmir,38.4333,27.1667,25,1974,2,10.0,148.0,1974-02-01
17220,TR,IZM,,Izmir,38.4333,27.1667,25,1974,3,11.9,127.0,1974-03-01
17220,TR,IZM,,Izmir,38.4333,27.1667,25,1974,4,14.6,23.0,1974-04-01
17220,TR,IZM,,Izmir,38.4333,27.1667,25,1974,5,20.2,29.0,1974-05-01
17220,TR,IZM,,Izmir,38.4333,27.1667,25,1974,6,25.4,1.0,1974-06-01
17220,TR,IZM,,Izmir,38.4333,27.1667,25,1974,7,28.2,0.0,1974-07-01
17220,TR,IZM,,Izmir,38.4333,27.1667,25,1974,8,27.1,2.0,1974-08-01
17220,TR,IZM,,Izmir,38.4333,27.1667,25,1974,9,23.6,12.0,1974-09-01
17220,TR,IZM,,Izmir,38.4333,27.1667,25,1974,10,20.7,60.0,1974-10-01
17220,TR,IZM,,Izmir,38.4333,27.1667,25,1974,11,13.3,118.0,1974-11-01
17220,TR,IZM,,Izmir,38.4333,27.1667,25,1974,12,8.8,168.0,1974-12-01
17220,TR,IZM,,Izmir,38.4333,27.1667,25,1975,1,7.4,175.0,1975-01-01
17220,TR,IZM,,Izmir,38.4333,27.1667,25,1975,2,7.9,76.0,1975-02-01
17220,TR,IZM,,Izmir,38.4333,27.1667,25,1975,3,13.7,53.0,1975-03-01
17220,TR,IZM,,Izmir,38.4333,27.1667,25,1975,4,16.6,58.0,1975-04-01
17220,TR,IZM,,Izmir,38.4333,27.1667,25,1975,5,20.7,17.0,1975-05-01
17220,TR,IZM,,Izmir,38.4333,27.1667,25,1975,6,24.4,48.0,1975-06-01
17220,TR,IZM,,Izmir,38.4333,27.1667,25,1975,7,27.7,0.0,1975-07-01
17220,TR,IZM,,Izmir,38.4333,27.1667,25,1975,8,26.3,0.0,1975-08-01
17220,TR,IZM,,Izmir,38.4333,27.1667,25,1975,9,24.4,5.0,1975-09-01
17220,TR,IZM,,Izmir,38.4333,27.1667,25,1975,10,18.6,31.0,1975-10-01
17220,TR,IZM,,Izmir,38.4333,27.1667,25,1975,11,13.1,128.0,1975-11-01
17220,TR,IZM,,Izmir,38.4333,27.1667,25,1975,12,8.2,123.0,1975-12-01
17220,TR,IZM,,Izmir,38.4333,27.1667,25,1976,1,8.3,72.0,1976-01-01
17220,TR,IZM,,Izmir,38.4333,27.1667,25,1976,2,7.0,83.0,1976-02-01
17220,TR,IZM,,Izmir,38.4333,27.1667,25,1976,3,10.5,64.0,1976-03-01
17220,TR,IZM,,Izmir,38.4333,27.1667,25,1976,4,14.9,94.0,1976-04-01
17220,TR,IZM,,Izmir,38.4333,27.1667,25,1976,5,20.5,34.0,1976-05-01
17220,TR,IZM,,Izmir,38.4333,27.1667,25,1976,6,24.5,10.0,1976-06-01
17220,TR,IZM,,Izmir,38.4333,27.1667,25,1976,7,26.2,24.0,1976-07-01
17220,TR,IZM,,Izmir,38.4333,27.1667,25,1976,8,24.4,5.0,1976-08-01
17220,TR,IZM,,Izmir,38.4333,27.1667,25,1976,9,22.0,28.0,1976-09-01
17220,TR,IZM,,Izmir,38.4333,27.1667,25,1976,10,18.7,243.0,1976-10-01
17220,TR,IZM,,Izmir,38.4333,27.1667,25,1976,11,13.6,75.0,1976-11-01
17220,TR,IZM,,Izmir,38.4333,27.1667,25,1976,12,9.9,142.0,1976-12-01
17220,TR,IZM,,Izmir,38.4333,27.1667,25,1977,1,9.1,74.0,1977-01-01
17220,TR,IZM,,Izmir,38.4333,27.1667,25,1977,2,12.5,65.0,1977-02-01
17220,TR,IZM,,Izmir,38.4333,27.1667,25,1977,3,11.5,25.0,1977-03-01
17220,TR,IZM,,Izmir,38.4333,27.1667,25,1977,4,15.9,38.0,1977-04-01
17220,TR,IZM,,Izmir,38.4333,27.1667,25,1977,5,21.4,2.0,1977-05-01
17220,TR,IZM,,Izmir,38.4333,27.1667,25,1977,6,25.5,1.0,1977-06-01
17220,TR,IZM,,Izmir,38.4333,27.1667,25,1977,7,28.0,0.0,1977-07-01
17220,TR,IZM,,Izmir,38.4333,27.1667,25,1977,8,27.7,0.0,1977-08-01
17220,TR,IZM,,Izmir,38.4333,27.1667,25,1977,9,22.6,17.0,1977-09-01
17220,TR,IZM,,Izmir,38.4333,27.1667,25,1977,10,15.9,72.0,1977-10-01
17220,TR,IZM,,Izmir,38.4333,27.1667,25,1977,11,15.9,72.0,1977-11-01
17220,TR,IZM,,Izmir,38.4333,27.1667,25,1977,12,8.9,103.0,1977-12-01
17220,TR,IZM,,Izmir,38.4333,27.1667,25,1978,1,8.7,248.0,1978-01-01
17220,TR,IZM,,Izmir,38.4333,27.1667,25,1978,2,11.4,179.0,1978-02-01
17220,TR,IZM,,Izmir,38.4333,27.1667,25,1978,3,12.5,124.0,1978-03-01
17220,TR,IZM,,Izmir,38.4333,27.1667,25,1978,4,15.1,75.0,1978-04-01
17220,TR,IZM,,Izmir,38.4333,27.1667,25,1978,5,20.5,41.0,1978-05-01
17220,TR,IZM,,Izmir,38.4333,27.1667,25,1978,6,25.6,4.0,1978-06-01
17220,TR,IZM,,Izmir,38.4333,27.1667,25,1978,7,28.1,0.0,1978-07-01
17220,TR,IZM,,Izmir,38.4333,27.1667,25,1978,8,25.8,0.0,1978-08-01
17220,TR,IZM,,Izmir,38.4333,27.1667,25,1978,9,21.5,52.0,1978-09-01
17220,TR,IZM,,Izmir,38.4333,27.1667,25,1978,10,18.2,66.0,1978-10-01
17220,TR,IZM,,Izmir,38.4333,27.1667,25,1978,11,12.5,80.0,1978-11-01
17220,TR,IZM,,Izmir,38.4333,27.1667,25,1978,12,11.4,28.0,1978-12-01
17220,TR,IZM,,Izmir,38.4333,27.1667,25,1979,1,9.3,239.0,1979-01-01
17220,TR,IZM,,Izmir,38.4333,27.1667,25,1979,2,10.6,78.0,1979-02-01
17220,TR,IZM,,Izmir,38.4333,27.1667,25,1979,3,13.3,31.0,1979-03-01
17220,TR,IZM,,Izmir,38.4333,27.1667,25,1979,4,15.3,21.0,1979-04-01
17220,TR,IZM,,Izmir,38.4333,27.1667,25,1979,5,20.6,64.0,1979-05-01
17220,TR,IZM,,Izmir,38.4333,27.1667,25,1979,6,26.5,9.0,1979-06-01
17220,TR,IZM,,Izmir,38.4333,27.1667,25,1979,7,27.2,0.0,1979-07-01
17220,TR,IZM,,Izmir,38.4333,27.1667,25,1979,8,26.8,0.0,1979-08-01
17220,TR,IZM,,Izmir,38.4333,27.1667,25,1979,9,23.7,0.0,1979-09-01
17220,TR,IZM,,Izmir,38.4333,27.1667,25,1979,10,18.7,39.0,1979-10-01
17220,TR,IZM,,Izmir,38.4333,27.1667,25,1979,11,13.8,183.0,1979-11-01
17220,TR,IZM,,Izmir,38.4333,27.1667,25,1979,12,10.9,127.0,1979-12-01
17220,TR,IZM,,Izmir,38.4333,27.1667,25,1980,1,7.4,206.0,1980-01-01
17220,TR,IZM,,Izmir,38.4333,27.1667,25,1980,2,8.3,42.0,1980-02-01
17220,TR,IZM,,Izmir,38.4333,27.1667,25,1980,3,10.7,78.0,1980-03-01
17220,TR,IZM,,Izmir,38.4333,27.1667,25,1980,4,14.7,52.0,1980-04-01
17220,TR,IZM,,Izmir,38.4333,27.1667,25,1980,5,19.8,33.0,1980-05-01
17220,TR,IZM,,Izmir,38.4333,27.1667,25,1980,6,24.6,14.0,1980-06-01
17220,TR,IZM,,Izmir,38.4333,27.1667,25,1980,7,27.6,0.0,1980-07-01
17220,TR,IZM,,Izmir,38.4333,27.1667,25,1980,8,27.0,0.0,1980-08-01
17220,TR,IZM,,Izmir,38.4333,27.1667,25,1980,9,22.2,0.0,1980-09-01
17220,TR,IZM,,Izmir,38.4333,27.1667,25,1980,10,20.1,9.0,1980-10-01
17220,TR,IZM,,Izmir,38.4333,27.1667,25,1980,11,15.6,150.0,1980-11-01
17220,TR,IZM,,Izmir,38.4333,27.1667,25,1980,12,10.5,198.0,1980-12-01
17220,TR,IZM,,Izmir,38.4333,27.1667,25,1981,1,8.0,338.0,1981-01-01
17220,TR,IZM,,Izmir,38.4333,27.1667,25,1981,2,8.2,52.0,1981-02-01
17220,TR,IZM,,Izmir,38.4333,27.1667,25,1981,3,13.2,84.0,1981-03-01
17220,TR,IZM,,Izmir,38.4333,27.1667,25,1981,4,16.1,13.0,1981-04-01
17220,TR,IZM,,Izmir,38.4333,27.1667,25,1981,5,18.9,23.0,1981-05-01
17220,TR,IZM,,Izmir,38.4333,27.1667,25,1981,6,26.7,0.0,1981-06-01
17220,TR,IZM,,Izmir,38.4333,27.1667,25,1981,7,26.7,0.0,1981-07-01
17220,TR,IZM,,Izmir,38.4333,27.1667,25,1981,8,26.8,0.0,1981-08-01
17220,TR,IZM,,Izmir,38.4333,27.1667,25,1981,9,23.4,0.0,1981-09-01
17220,TR,IZM,,Izmir,38.4333,27.1667,25,1981,10,21.1,21.0,1981-10-01
17220,TR,IZM,,Izmir,38.4333,27.1667,25,1981,11,11.7,21.0,1981-11-01
17220,TR,IZM,,Izmir,38.4333,27.1667,25,1981,12,13.1,355.0,1981-12-01
17220,TR,IZM,,Izmir,38.4333,27.1667,25,1982,1,9.6,64.0,1982-01-01
17220,TR,IZM,,Izmir,38.4333,27.1667,25,1982,2,6.8,53.0,1982-02-01
17220,TR,IZM,,Izmir,38.4333,27.1667,25,1982,3,9.7,11.0,1982-03-01
17220,TR,IZM,,Izmir,38.4333,27.1667,25,1982,4,14.8,98.0,1982-04-01
17220,TR,IZM,,Izmir,38.4333,27.1667,25,1982,5,19.4,52.0,1982-05-01
17220,TR,IZM,,Izmir,38.4333,27.1667,25,1982,6,25.4,0.0,1982-06-01
17220,TR,IZM,,Izmir,38.4333,27.1667,25,1982,7,26.2,0.7,1982-07-01
17220,TR,IZM,,Izmir,38.4333,27.1667,25,1982,8,26.3,0.0,1982-08-01
17220,TR,IZM,,Izmir,38.4333,27.1667,25,1982,9,24.6,0.0,1982-09-01
17220,TR,IZM,,Izmir,38.4333,27.1667,25,1982,10,18.6,78.0,1982-10-01
17220,TR,IZM,,Izmir,38.4333,27.1667,25,1982,11,12.8,76.0,1982-11-01
17220,TR,IZM,,Izmir,38.4333,27.1667,25,1982,12,10.6,129.0,1982-12-01
17220,TR,IZM,,Izmir,38.4333,27.1667,25,1983,1,6.9,47.0,1983-01-01
17220,TR,IZM,,Izmir,38.4333,27.1667,25,1983,2,7.2,107.0,1983-02-01
17220,TR,IZM,,Izmir,38.4333,27.1667,25,1983,3,11.3,10.0,1983-03-01
17220,TR,IZM,,Izmir,38.4333,27.1667,25,1983,4,16.9,40.0,1983-04-01
17220,TR,IZM,,Izmir,38.4333,27.1667,25,1983,5,21.6,2.0,1983-05-01
17220,TR,IZM,,Izmir,38.4333,27.1667,25,1983,6,24.1,13.0,1983-06-01
17220,TR,IZM,,Izmir,38.4333,27.1667,25,1983,7,27.2,10.0,1983-07-01
17220,TR,IZM,,Izmir,38.4333,27.1667,25,1983,8,25.8,0.0,1983-08-01
17220,TR,IZM,,Izmir,38.4333,27.1667,25,1983,9,22.5,0.0,1983-09-01
17220,TR,IZM,,Izmir,38.4333,27.1667,25,1983,10,17.2,3.0,1983-10-01
17220,TR,IZM,,Izmir,38.4333,27.1667,25,1983,11,13.1,159.0,1983-11-01
17220,TR,IZM,,Izmir,38.4333,27.1667,25,1983,12,11.0,158.0,1983-12-01
17220,TR,IZM,,Izmir,38.4333,27.1667,25,1984,1,9.6,243.0,1984-01-01
17220,TR,IZM,,Izmir,38.4333,27.1667,25,1984,2,9.7,100.0,1984-02-01
17220,TR,IZM,,Izmir,38.4333,27.1667,25,1984,3,11.0,104.0,1984-03-01
17220,TR,IZM,,Izmir,38.4333,27.1667,25,1984,4,13.8,72.0,1984-04-01
17220,TR,IZM,,Izmir,38.4333,27.1667,25,1984,5,21.7,0.0,1984-05-01
17220,TR,IZM,,Izmir,38.4333,27.1667,25,1984,6,24.5,0.0,1984-06-01
17220,TR,IZM,,Izmir,38.4333,27.1667,25,1984,7,26.6,16.0,1984-07-01
17220,TR,IZM,,Izmir,38.4333,27.1667,25,1984,8,25.2,2.0,1984-08-01
17220,TR,IZM,,Izmir,38.4333,27.1667,25,1984,9,24.3,0.0,1984-09-01
17220,TR,IZM,,Izmir,38.4333,27.1667,25,1984,10,19.8,0.0,1984-10-01
17220,TR,IZM,,Izmir,38.4333,27.1667,25,1984,11,14.2,90.0,1984-11-01
17220,TR,IZM,,Izmir,38.4333,27.1667,25,1984,12,8.9,59.0,1984-12-01
17220,TR,IZM,,Izmir,38.4333,27.1667,25,1985,1,10.7,146.0,1985-01-01
17220,TR,IZM,,Izmir,38.4333,27.1667,25,1985,2,6.1,35.0,1985-02-01
17220,TR,IZM,,Izmir,38.4333,27.1667,25,1985,3,11.2,104.0,1985-03-01
17220,TR,IZM,,Izmir,38.4333,27.1667,25,1985,4,17.3,6.0,1985-04-01
17220,TR,IZM,,Izmir,38.4333,27.1667,25,1985,5,22.5,43.0,1985-05-01
17220,TR,IZM,,Izmir,38.4333,27.1667,25,1985,6,25.2,2.0,1985-06-01
17220,TR,IZM,,Izmir,38.4333,27.1667,25,1985,7,27.4,0.0,1985-07-01
17220,TR,IZM,,Izmir,38.4333,27.1667,25,1985,8,27.9,0.0,1985-08-01
17220,TR,IZM,,Izmir,38.4333,27.1667,25,1985,9,23.6,0.0,1985-09-01
17220,TR,IZM,,Izmir,38.4333,27.1667,25,1985,10,16.2,30.0,1985-10-01
17220,TR,IZM,,Izmir,38.4333,27.1667,25,1985,11,15.5,142.0,1985-11-01
17220,TR,IZM,,Izmir,38.4333,27.1667,25,1985,12,11.0,21.0,1985-12-01
17220,TR,IZM,,Izmir,38.4333,27.1667,25,1986,1,10.4,283.0,1986-01-01
17220,TR,IZM,,Izmir,38.4333,27.1667,25,1986,2,10.6,152.0,1986-02-01
17220,TR,IZM,,Izmir,38.4333,27.1667,25,1986,3,11.5,32.0,1986-03-01
17220,TR,IZM,,Izmir,38.4333,27.1667,25,1986,4,17.8,44.0,1986-04-01
17220,TR,IZM,,Izmir,38.4333,27.1667,25,1986,5,20.4,7.0,1986-05-01
17220,TR,IZM,,Izmir,38.4333,27.1667,25,1986,6,25.6,21.0,1986-06-01
17220,TR,IZM,,Izmir,38.4333,27.1667,25,1986,7,27.4,0.0,1986-07-01
17220,TR,IZM,,Izmir,38.4333,27.1667,25,1986,8,28.4,0.0,1986-08-01
17220,TR,IZM,,Izmir,38.4333,27.1667,25,1986,9,24.5,1.0,1986-09-01
17220,TR,IZM,,Izmir,38.4333,27.1667,25,1986,10,18.0,22.0,1986-10-01
17220,TR,IZM,,Izmir,38.4333,27.1667,25,1986,11,11.2,23.0,1986-11-01
17220,TR,IZM,,Izmir,38.4333,27.1667,25,1986,12,9.2,122.0,1986-12-01
17220,TR,IZM,,Izmir,38.4333,27.1667,25,1987,1,10.1,20.0,1987-01-01
17220,TR,IZM,,Izmir,38.4333,27.1667,25,1987,2,10.2,56.0,1987-02-01
17220,TR,IZM,,Izmir,38.4333,27.1667,25,1987,3,7.5,115.0,1987-03-01
17220,TR,IZM,,Izmir,38.4333,27.1667,25,1987,4,14.3,46.0,1987-04-01
17220,TR,IZM,,Izmir,38.4333,27.1667,25,1987,5,19.5,5.0,1987-05-01
17220,TR,IZM,,Izmir,38.4333,27.1667,25,1987,6,25.6,2.0,1987-06-01
17220,TR,IZM,,Izmir,38.4333,27.1667,25,1987,7,28.9,2.0,1987-07-01
17220,TR,IZM,,Izmir,38.4333,27.1667,25,1987,8,26.8,0.0,1987-08-01
17220,TR,IZM,,Izmir,38.4333,27.1667,25,1987,9,25.0,0.0,1987-09-01
17220,TR,IZM,,Izmir,38.4333,27.1667,25,1987,10,17.6,2.0,1987-10-01
17220,TR,IZM,,Izmir,38.4333,27.1667,25,1987,11,13.4,167.0,1987-11-01
17220,TR,IZM,,Izmir,38.4333,27.1667,25,1987,12,9.9,142.0,1987-12-01
17220,TR,IZM,,Izmir,38.4333,27.1667,25,1988,1,9.8,56.0,1988-01-01
17220,TR,IZM,,Izmir,38.4333,27.1667,25,1988,2,9.3,104.0,1988-02-01
17220,TR,IZM,,Izmir,38.4333,27.1667,25,1988,3,11.0,164.0,1988-03-01
17220,TR,IZM,,Izmir,38.4333,27.1667,25,1988,4,15.4,22.0,1988-04-01
17220,TR,IZM,,Izmir,38.4333,27.1667,25,1988,5,21.3,8.0,1988-05-01
17220,TR,IZM,,Izmir,38.4333,27.1667,25,1988,6,25.9,0.0,1988-06-01
17220,TR,IZM,,Izmir,38.4333,27.1667,25,1988,7,30.1,0.0,1988-07-01
17220,TR,IZM,,Izmir,38.4333,27.1667,25,1988,8,28.2,0.0,1988-08-01
17220,TR,IZM,,Izmir,38.4333,27.1667,25,1988,9,24.0,0.0,1988-09-01
17220,TR,IZM,,Izmir,38.4333,27.1667,25,1988,10,17.9,5.0,1988-10-01
17220,TR,IZM,,Izmir,38.4333,27.1667,25,1988,11,10.8,118.0,1988-11-01
17220,TR,IZM,,Izmir,38.4333,27.1667,25,1988,12,9.9,150.0,1988-12-01
17220,TR,IZM,,Izmir,38.4333,27.1667,25,1989,1,6.8,5.0,1989-01-01
17220,TR,IZM,,Izmir,38.4333,27.1667,25,1989,2,9.4,11.0,1989-02-01
17220,TR,IZM,,Izmir,38.4333,27.1667,25,1989,3,13.2,129.0,1989-03-01
17220,TR,IZM,,Izmir,38.4333,27.1667,25,1989,4,19.1,2.0,1989-04-01
17220,TR,IZM,,Izmir,38.4333,27.1667,25,1989,5,20.0,30.0,1989-05-01
17220,TR,IZM,,Izmir,38.4333,27.1667,25,1989,6,24.2,39.0,1989-06-01
17220,TR,IZM,,Izmir,38.4333,27.1667,25,1989,7,27.6,0.0,1989-07-01
17220,TR,IZM,,Izmir,38.4333,27.1667,25,1989,8,27.6,0.0,1989-08-01
17220,TR,IZM,,Izmir,38.4333,27.1667,25,1989,9,23.8,29.0,1989-09-01
17220,TR,IZM,,Izmir,38.4333,27.1667,25,1989,10,17.4,44.0,1989-10-01
17220,TR,IZM,,Izmir,38.4333,27.1667,25,1989,11,12.7,85.0,1989-11-01
17220,TR,IZM,,Izmir,38.4333,27.1667,25,1989,12,10.1,146.0,1989-12-01
17220,TR,IZM,,Izmir,38.4333,27.1667,25,1990,1,7.0,31.0,1990-01-01
17220,TR,IZM,,Izmir,38.4333,27.1667,25,1990,2,9.7,86.0,1990-02-01
17220,TR,IZM,,Izmir,38.4333,27.1667,25,1990,3,13.7,22.0,1990-03-01
17220,TR,IZM,,Izmir,38.4333,27.1667,25,1990,4,16.5,65.0,1990-04-01
17220,TR,IZM,,Izmir,38.4333,27.1667,25,1990,5,20.6,4.0,1990-05-01
17220,TR,IZM,,Izmir,38.4333,27.1667,25,1990,6,25.3,3.0,1990-06-01
17220,TR,IZM,,Izmir,38.4333,27.1667,25,1990,7,28.8,0.0,1990-07-01
17220,TR,IZM,,Izmir,38.4333,27.1667,25,1990,8,27.4,2.0,1990-08-01
17220,TR,IZM,,Izmir,38.4333,27.1667,25,1990,9,23.1,8.0,1990-09-01
17220,TR,IZM,,Izmir,38.4333,27.1667,25,1990,10,19.3,20.0,1990-10-01
17220,TR,IZM,,Izmir,38.4333,27.1667,25,1990,11,16.6,24.0,1990-11-01
17220,TR,IZM,,Izmir,38.4333,27.1667,25,1990,12,11.4,279.0,1990-12-01
17220,TR,IZM,,Izmir,38.4333,27.1667,25,1991,1,8.3,36.0,1991-01-01
17220,TR,IZM,,Izmir,38.4333,27.1667,25,1991,2,9.3,58.0,1991-02-01
17220,TR,IZM,,Izmir,38.4333,27.1667,25,1991,3,12.9,25.0,1991-03-01
17220,TR,IZM,,Izmir,38.4333,27.1667,25,1991,4,15.6,47.0,1991-04-01
17220,TR,IZM,,Izmir,38.4333,27.1667,25,1991,5,18.7,101.0,1991-05-01
17220,TR,IZM,,Izmir,38.4333,27.1667,25,1991,6,25.8,0.0,1991-06-01
17220,TR,IZM,,Izmir,38.4333,27.1667,25,1991,7,27.3,28.0,1991-07-01
17220,TR,IZM,,Izmir,38.4333,27.1667,25,1991,8,27.4,0.0,1991-08-01
17220,TR,IZM,,Izmir,38.4333,27.1667,25,1991,9,23.0,0.0,1991-09-01
17220,TR,IZM,,Izmir,38.4333,27.1667,25,1991,10,19.0,16.0,1991-10-01
17220,TR,IZM,,Izmir,38.4333,27.1667,25,1991,11,14.2,33.0,1991-11-01
17220,TR,IZM,,Izmir,38.4333,27.1667,25,1991,12,6.6,124.0,1991-12-01
17220,TR,IZM,,Izmir,38.4333,27.1667,25,1992,1,7.0,0.0,1992-01-01
17220,TR,IZM,,Izmir,38.4333,27.1667,25,1992,2,6.5,18.0,1992-02-01
17220,TR,IZM,,Izmir,38.4333,27.1667,25,1992,3,10.7,76.0,1992-03-01
17220,TR,IZM,,Izmir,38.4333,27.1667,25,1992,4,16.0,37.0,1992-04-01
17220,TR,IZM,,Izmir,38.4333,27.1667,25,1992,5,19.6,10.0,1992-05-01
17220,TR,IZM,,Izmir,38.4333,27.1667,25,1992,6,25.3,4.0,1992-06-01
17220,TR,IZM,,Izmir,38.4333,27.1667,25,1992,7,26.7,0.0,1992-07-01
17220,TR,IZM,,Izmir,38.4333,27.1667,25,1992,8,28.6,2.0,1992-08-01
17220,TR,IZM,,Izmir,38.4333,27.1667,25,1992,9,23.2,0.0,1992-09-01
17220,TR,IZM,,Izmir,38.4333,27.1667,25,1992,10,22.1,10.0,1992-10-01
17220,TR,IZM,,Izmir,38.4333,27.1667,25,1992,11,13.3,111.0,1992-11-01
17220,TR,IZM,,Izmir,38.4333,27.1667,25,1992,12,7.4,93.0,1992-12-01
17220,TR,IZM,,Izmir,38.4333,27.1667,25,1993,1,7.5,57.0,1993-01-01
17220,TR,IZM,,Izmir,38.4333,27.1667,25,1993,2,6.7,147.0,1993-02-01
17220,TR,IZM,,Izmir,38.4333,27.1667,25,1993,3,11.2,91.0,1993-03-01
17220,TR,IZM,,Izmir,38.4333,27.1667,25,1993,4,15.6,48.0,1993-04-01
17220,TR,IZM,,Izmir,38.4333,27.1667,25,1993,5,19.8,31.0,1993-05-01
17220,TR,IZM,,Izmir,38.4333,27.1667,25,1993,6,25.8,0.0,1993-06-01
17220,TR,IZM,,Izmir,38.4333,27.1667,25,1993,7,27.8,0.0,1993-07-01
17220,TR,IZM,,Izmir,38.4333,27.1667,25,1993,8,28.2,0.0,1993-08-01
17220,TR,IZM,,Izmir,38.4333,27.1667,25,1993,9,23.8,3.0,1993-09-01
17220,TR,IZM,,Izmir,38.4333,27.1667,25,1993,10,20.6,9.0,1993-10-01
17220,TR,IZM,,Izmir,38.4333,27.1667,25,1993,11,12.6,109.0,1993-11-01
17220,TR,IZM,,Izmir,38.4333,27.1667,25,1993,12,12.0,178.0,1993-12-01
17220,TR,IZM,,Izmir,38.4333,27.1667,25,1994,1,10.9,71.0,1994-01-01
17220,TR,IZM,,Izmir,38.4333,27.1667,25,1994,2,9.6,95.0,1994-02-01
17220,TR,IZM,,Izmir,38.4333,27.1667,25,1994,3,11.9,78.0,1994-03-01
17220,TR,IZM,,Izmir,38.4333,27.1667,25,1994,4,17.7,49.0,1994-04-01
17220,TR,IZM,,Izmir,38.4333,27.1667,25,1994,5,21.9,33.0,1994-05-01
17220,TR,IZM,,Izmir,38.4333,27.1667,25,1994,6,25.4,1.0,1994-06-01
17220,TR,IZM,,Izmir,38.4333,27.1667,25,1994,7,28.5,0.0,1994-07-01
17220,TR,IZM,,Izmir,38.4333,27.1667,25,1994,8,29.0,0.0,1994-08-01
17220,TR,IZM,,Izmir,38.4333,27.1667,25,1994,9,26.8,0.0,1994-09-01
17220,TR,IZM,,Izmir,38.4333,27.1667,25,1994,10,21.2,69.0,1994-10-01
17220,TR,IZM,,Izmir,38.4333,27.1667,25,1994,11,12.3,85.0,1994-11-01
17220,TR,IZM,,Izmir,38.4333,27.1667,25,1994,12,9.2,154.0,1994-12-01
17220,TR,IZM,,Izmir,38.4333,27.1667,25,1995,1,10.1,209.0,1995-01-01
17220,TR,IZM,,Izmir,38.4333,27.1667,25,1995,2,11.4,28.0,1995-02-01
17220,TR,IZM,,Izmir,38.4333,27.1667,25,1995,3,12.0,186.0,1995-03-01
17220,TR,IZM,,Izmir,38.4333,27.1667,25,1995,4,14.9,39.0,1995-04-01
17220,TR,IZM,,Izmir,38.4333,27.1667,25,1995,5,21.0,36.0,1995-05-01
17220,TR,IZM,,Izmir,38.4333,27.1667,25,1995,6,27.3,0.0,1995-06-01
17220,TR,IZM,,Izmir,38.4333,27.1667,25,1995,7,28.3,0.0,1995-07-01
17220,TR,IZM,,Izmir,38.4333,27.1667,25,1995,8,26.9,9.0,1995-08-01
17220,TR,IZM,,Izmir,38.4333,27.1667,25,1995,9,24.0,21.0,1995-09-01
17220,TR,IZM,,Izmir,38.4333,27.1667,25,1995,10,17.7,4.0,1995-10-01
17220,TR,IZM,,Izmir,38.4333,27.1667,25,1995,11,10.8,176.0,1995-11-01
17220,TR,IZM,,Izmir,38.4333,27.1667,25,1995,12,11.2,83.0,1995-12-01
17220,TR,IZM,,Izmir,38.4333,27.1667,25,1996,1,7.6,31.0,1996-01-01
17220,TR,IZM,,Izmir,38.4333,27.1667,25,1996,2,9.9,210.0,1996-02-01
17220,TR,IZM,,Izmir,38.4333,27.1667,25,1996,3,9.4,37.0,1996-03-01
17220,TR,IZM,,Izmir,38.4333,27.1667,25,1996,4,14.0,91.0,1996-04-01
17220,TR,IZM,,Izmir,38.4333,27.1667,25,1996,5,22.5,18.0,1996-05-01
17220,TR,IZM,,Izmir,38.4333,27.1667,25,1996,6,26.6,1.0,1996-06-01
17220,TR,IZM,,Izmir,38.4333,27.1667,25,1996,7,28.3,0.0,1996-07-01
17220,TR,IZM,,Izmir,38.4333,27.1667,25,1996,8,27.3,0.0,1996-08-01
17220,TR,IZM,,Izmir,38.4333,27.1667,25,1996,9,22.3,112.0,1996-09-01
17220,TR,IZM,,Izmir,38.4333,27.1667,25,1996,10,17.3,40.0,1996-10-01
17220,TR,IZM,,Izmir,38.4333,27.1667,25,1996,11,14.8,70.0,1996-11-01
17220,TR,IZM,,Izmir,38.4333,27.1667,25,1996,12,12.6,195.0,1996-12-01
17220,TR,IZM,,Izmir,38.4333,27.1667,25,1997,1,10.2,119.0,1997-01-01
17220,TR,IZM,,Izmir,38.4333,27.1667,25,1997,2,8.9,21.0,1997-02-01
17220,TR,IZM,,Izmir,38.4333,27.1667,25,1997,3,10.2,124.0,1997-03-01
17220,TR,IZM,,Izmir,38.4333,27.1667,25,1997,4,12.0,93.0,1997-04-01
17220,TR,IZM,,Izmir,38.4333,27.1667,25,1997,5,21.8,13.0,1997-05-01
17220,TR,IZM,,Izmir,38.4333,27.1667,25,1997,6,26.3,20.0,1997-06-01
17220,TR,IZM,,Izmir,38.4333,27.1667,25,1997,7,28.4,0.0,1997-07-01
17220,TR,IZM,,Izmir,38.4333,27.1667,25,1997,8,26.2,0.0,1997-08-01
17220,TR,IZM,,Izmir,38.4333,27.1667,25,1997,9,22.3,0.0,1997-09-01
17220,TR,IZM,,Izmir,38.4333,27.1667,25,1997,10,18.0,48.0,1997-10-01
17220,TR,IZM,,Izmir,38.4333,27.1667,25,1997,11,14.8,84.0,1997-11-01
17220,TR,IZM,,Izmir,38.4333,27.1667,25,1997,12,11.1,207.0,1997-12-01
17220,TR,IZM,,Izmir,38.4333,27.1667,25,1998,1,9.6,172.0,1998-01-01
17220,TR,IZM,,Izmir,38.4333,27.1667,25,1998,2,10.4,70.0,1998-02-01
17220,TR,IZM,,Izmir,38.4333,27.1667,25,1998,3,9.7,134.0,1998-03-01
17220,TR,IZM,,Izmir,38.4333,27.1667,25,1998,4,17.6,34.0,1998-04-01
17220,TR,IZM,,Izmir,38.4333,27.1667,25,1998,5,20.1,122.0,1998-05-01
17220,TR,IZM,,Izmir,38.4333,27.1667,25,1998,6,26.5,0.0,1998-06-01
17220,TR,IZM,,Izmir,38.4333,27.1667,25,1998,7,29.2,3.0,1998-07-01
17220,TR,IZM,,Izmir,38.4333,27.1667,25,1998,8,29.3,0.0,1998-08-01
17220,TR,IZM,,Izmir,38.4333,27.1667,25,1998,9,23.6,40.0,1998-09-01
17220,TR,IZM,,Izmir,38.4333,27.1667,25,1998,10,19.7,84.0,1998-10-01
17220,TR,IZM,,Izmir,38.4333,27.1667,25,1998,11,15.2,272.0,1998-11-01
17220,TR,IZM,,Izmir,38.4333,27.1667,25,1998,12,9.9,157.0,1998-12-01
17220,TR,IZM,,Izmir,38.4333,27.1667,25,1999,1,10.2,94.0,1999-01-01
17220,TR,IZM,,Izmir,38.4333,27.1667,25,1999,2,9.6,249.0,1999-02-01
17220,TR,IZM,,Izmir,38.4333,27.1667,25,1999,3,12.5,78.0,1999-03-01
17220,TR,IZM,,Izmir,38.4333,27.1667,25,1999,4,17.0,14.0,1999-04-01
17220,TR,IZM,,Izmir,38.4333,27.1667,25,1999,5,22.4,13.0,1999-05-01
17220,TR,IZM,,Izmir,38.4333,27.1667,25,1999,6,26.5,1.0,1999-06-01
17220,TR,IZM,,Izmir,38.4333,27.1667,25,1999,7,29.2,0.0,1999-07-01
17220,TR,IZM,,Izmir,38.4333,27.1667,25,1999,8,29.7,0.0,1999-08-01
17220,TR,IZM,,Izmir,38.4333,27.1667,25,1999,9,24.2,0.0,1999-09-01
17220,TR,IZM,,Izmir,38.4333,27.1667,25,1999,10,20.2,29.0,1999-10-01
17220,TR,IZM,,Izmir,38.4333,27.1667,25,1999,11,14.8,48.0,1999-11-01
17220,TR,IZM,,Izmir,38.4333,27.1667,25,1999,12,13.2,128.0,1999-12-01
17220,TR,IZM,,Izmir,38.4333,27.1667,25,2000,1,6.1,96.0,2000-01-01
17220,TR,IZM,,Izmir,38.4333,27.1667,25,2000,2,9.2,92.0,2000-02-01
17220,TR,IZM,,Izmir,38.4333,27.1667,25,2000,3,11.1,78.0,2000-03-01
17220,TR,IZM,,Izmir,38.4333,27.1667,25,2000,4,17.8,48.0,2000-04-01
17220,TR,IZM,,Izmir,38.4333,27.1667,25,2000,5,21.7,5.0,2000-05-01
17220,TR,IZM,,Izmir,38.4333,27.1667,25,2000,6,26.6,0.0,2000-06-01
17220,TR,IZM,,Izmir,38.4333,27.1667,25,2000,7,29.9,0.0,2000-07-01
17220,TR,IZM,,Izmir,38.4333,27.1667,25,2000,8,28.6,0.0,2000-08-01
17220,TR,IZM,,Izmir,38.4333,27.1667,25,2000,9,24.4,0.0,2000-09-01
17220,TR,IZM,,Izmir,38.4333,27.1667,25,2000,10,18.2,92.0,2000-10-01
17220,TR,IZM,,Izmir,38.4333,27.1667,25,2000,11,15.7,108.0,2000-11-01
17220,TR,IZM,,Izmir,38.4333,27.1667,25,2000,12,11.0,36.0,2000-12-01
17220,TR,IZM,,Izmir,38.4333,27.1667,25,2001,1,10.9,91.0,2001-01-01
17220,TR,IZM,,Izmir,38.4333,27.1667,25,2001,2,10.5,109.0,2001-02-01
17220,TR,IZM,,Izmir,38.4333,27.1667,25,2001,3,16.5,16.0,2001-03-01
17220,TR,IZM,,Izmir,38.4333,27.1667,25,2001,4,16.8,66.0,2001-04-01
17220,TR,IZM,,Izmir,38.4333,27.1667,25,2001,5,21.4,18.0,2001-05-01
17220,TR,IZM,,Izmir,38.4333,27.1667,25,2001,6,26.1,17.0,2001-06-01
17220,TR,IZM,,Izmir,38.4333,27.1667,25,2001,7,29.6,0.0,2001-07-01
17220,TR,IZM,,Izmir,38.4333,27.1667,25,2001,8,29.2,35.0,2001-08-01
17220,TR,IZM,,Izmir,38.4333,27.1667,25,2001,9,24.5,23.0,2001-09-01
17220,TR,IZM,,Izmir,38.4333,27.1667,25,2001,10,20.2,0.0,2001-10-01
17220,TR,IZM,,Izmir,38.4333,27.1667,25,2001,11,13.5,284.0,2001-11-01
17220,TR,IZM,,Izmir,38.4333,27.1667,25,2001,12,8.5,270.0,2001-12-01
17220,TR,IZM,,Izmir,38.4333,27.1667,25,2002,1,7.8,35.0,2002-01-01
17220,TR,IZM,,Izmir,38.4333,27.1667,25,2002,2,12.5,34.0,2002-02-01
17220,TR,IZM,,Izmir,38.4333,27.1667,25,2002,3,13.4,91.0,2002-03-01
17220,TR,IZM,,Izmir,38.4333,27.1667,25,2002,4,15.5,51.0,2002-04-01
17220,TR,IZM,,Izmir,38.4333,27.1667,25,2002,5,21.0,10.0,2002-05-01
17220,TR,IZM,,Izmir,38.4333,27.1667,25,2002,6,27.2,0.0,2002-06-01
17220,TR,IZM,,Izmir,38.4333,27.1667,25,2002,7,28.9,2.0,2002-07-01
17220,TR,IZM,,Izmir,38.4333,27.1667,25,2002,8,28.0,0.5,2002-08-01
17220,TR,IZM,,Izmir,38.4333,27.1667,25,2002,9,23.2,66.0,2002-09-01
17220,TR,IZM,,Izmir,38.4333,27.1667,25,2002,10,19.1,87.0,2002-10-01
17220,TR,IZM,,Izmir,38.4333,27.1667,25,2002,11,14.6,126.0,2002-11-01
17220,TR,IZM,,Izmir,38.4333,27.1667,25,2002,12,8.8,148.0,2002-12-01
17220,TR,IZM,,Izmir,38.4333,27.1667,25,2003,1,12.0,103.0,2003-01-01
17220,TR,IZM,,Izmir,38.4333,27.1667,25,2003,2,5.6,201.0,2003-02-01
17220,TR,IZM,,Izmir,38.4333,27.1667,25,2003,3,9.4,25.0,2003-03-01
17220,TR,IZM,,Izmir,38.4333,27.1667,25,2003,4,13.6,105.0,2003-04-01
17220,TR,IZM,,Izmir,38.4333,27.1667,25,2003,5,22.4,10.0,2003-05-01
17220,TR,IZM,,Izmir,38.4333,27.1667,25,2003,6,27.5,0.0,2003-06-01
17220,TR,IZM,,Izmir,38.4333,27.1667,25,2003,7,28.5,0.0,2003-07-01
17220,TR,IZM,,Izmir,38.4333,27.1667,25,2003,8,29.0,0.0,2003-08-01
17220,TR,IZM,,Izmir,38.4333,27.1667,25,2003,9,23.4,0.0,2003-09-01
17220,TR,IZM,,Izmir,38.4333,27.1667,25,2003,10,20.4,67.0,2003-10-01
17220,TR,IZM,,Izmir,38.4333,27.1667,25,2003,11,14.2,16.0,2003-11-01
17220,TR,IZM,,Izmir,38.4333,27.1667,25,2003,12,10.3,116.0,2003-12-01
17220,TR,IZM,,Izmir,38.4333,27.1667,25,2004,1,8.3,229.0,2004-01-01
17220,TR,IZM,,Izmir,38.4333,27.1667,25,2004,2,9.4,28.0,2004-02-01
17220,TR,IZM,,Izmir,38.4333,27.1667,25,2004,3,12.9,21.0,2004-03-01
17220,TR,IZM,,Izmir,38.4333,27.1667,25,2004,4,16.6,30.0,2004-04-01
17220,TR,IZM,,Izmir,38.4333,27.1667,25,2004,5,20.4,11.0,2004-05-01
17220,TR,IZM,,Izmir,38.4333,27.1667,25,2004,6,26.1,4.0,2004-06-01
17220,TR,IZM,,Izmir,38.4333,27.1667,25,2004,7,28.6,1.0,2004-07-01
17220,TR,IZM,,Izmir,38.4333,27.1667,25,2004,8,27.4,0.0,2004-08-01
17220,TR,IZM,,Izmir,38.4333,27.1667,25,2004,9,24.1,0.0,2004-09-01
17220,TR,IZM,,Izmir,38.4333,27.1667,25,2004,10,21.0,2.0,2004-10-01
17220,TR,IZM,,Izmir,38.4333,27.1667,25,2004,11,14.4,100.0,2004-11-01
17220,TR,IZM,,Izmir,38.4333,27.1667,25,2004,12,11.1,78.0,2004-12-01
17220,TR,IZM,,Izmir,38.4333,27.1667,25,2005,1,9.9,124.0,2005-01-01
17220,TR,IZM,,Izmir,38.4333,27.1667,25,2005,2,8.7,287.0,2005-02-01
17220,TR,IZM,,Izmir,38.4333,27.1667,25,2005,3,12.1,91.0,2005-03-01
17220,TR,IZM,,Izmir,38.4333,27.1667,25,2005,4,16.4,17.0,2005-04-01
17220,TR,IZM,,Izmir,38.4333,27.1667,25,2005,5,21.5,36.0,2005-05-01
17220,TR,IZM,,Izmir,38.4333,27.1667,25,2005,6,25.0,21.0,2005-06-01
17220,TR,IZM,,Izmir,38.4333,27.1667,25,2005,7,28.8,0.0,2005-07-01
17220,TR,IZM,,Izmir,38.4333,27.1667,25,2005,8,28.5,0.0,2005-08-01
17220,TR,IZM,,Izmir,38.4333,27.1667,25,2005,9,24.1,7.0,2005-09-01
17220,TR,IZM,,Izmir,38.4333,27.1667,25,2005,10,17.9,23.0,2005-10-01
17220,TR,IZM,,Izmir,38.4333,27.1667,25,2005,11,12.9,156.0,2005-11-01
17220,TR,IZM,,Izmir,38.4333,27.1667,25,2005,12,11.3,68.0,2005-12-01
17220,TR,IZM,,Izmir,38.4333,27.1667,25,2006,1,6.9,78.0,2006-01-01
17220,TR,IZM,,Izmir,38.4333,27.1667,25,2006,2,9.6,93.0,2006-02-01
17220,TR,IZM,,Izmir,38.4333,27.1667,25,2006,3,12.2,181.0,2006-03-01
17220,TR,IZM,,Izmir,38.4333,27.1667,25,2006,4,18.6,29.0,2006-04-01
17220,TR,IZM,,Izmir,38.4333,27.1667,25,2006,5,21.1,0.0,2006-05-01
17220,TR,IZM,,Izmir,38.4333,27.1667,25,2006,6,25.7,10.0,2006-06-01
17220,TR,IZM,,Izmir,38.4333,27.1667,25,2006,7,28.1,0.0,2006-07-01
17220,TR,IZM,,Izmir,38.4333,27.1667,25,2006,8,29.2,0.0,2006-08-01
17220,TR,IZM,,Izmir,38.4333,27.1667,25,2006,9,23.8,167.0,2006-09-01
17220,TR,IZM,,Izmir,38.4333,27.1667,25,2006,10,19.2,115.0,2006-10-01
17220,TR,IZM,,Izmir,38.4333,27.1667,25,2006,11,12.4,63.0,2006-11-01
17220,TR,IZM,,Izmir,38.4333,27.1667,25,2006,12,9.7,9.0,2006-12-01
17220,TR,IZM,,Izmir,38.4333,27.1667,25,2007,1,10.7,33.0,2007-01-01
17220,TR,IZM,,Izmir,38.4333,27.1667,25,2007,2,10.6,23.0,2007-02-01
17220,TR,IZM,,Izmir,38.4333,27.1667,25,2007,3,13.3,30.0,2007-03-01
17220,TR,IZM,,Izmir,38.4333,27.1667,25,2007,4,16.2,19.0,2007-04-01
17220,TR,IZM,,Izmir,38.4333,27.1667,25,2007,5,22.4,44.0,2007-05-01
17220,TR,IZM,,Izmir,38.4333,27.1667,25,2007,6,27.5,0.0,2007-06-01
17220,TR,IZM,,Izmir,38.4333,27.1667,25,2007,7,30.1,0.0,2007-07-01
17220,TR,IZM,,Izmir,38.4333,27.1667,25,2007,8,29.2,0.0,2007-08-01
17220,TR,IZM,,Izmir,38.4333,27.1667,25,2007,9,24.4,0.0,2007-09-01
17220,TR,IZM,,Izmir,38.4333,27.1667,25,2007,10,19.7,108.0,2007-10-01
17220,TR,IZM,,Izmir,38.4333,27.1667,25,2007,11,13.9,112.0,2007-11-01
17220,TR,IZM,,Izmir,38.4333,27.1667,25,2007,12,9.0,119.0,2007-12-01
17220,TR,IZM,,Izmir,38.4333,27.1667,25,2008,1,7.6,30.0,2008-01-01
17220,TR,IZM,,Izmir,38.4333,27.1667,25,2008,2,9.3,9.0,2008-02-01
17220,TR,IZM,,Izmir,38.4333,27.1667,25,2008,3,15.2,60.0,2008-03-01
17220,TR,IZM,,Izmir,38.4333,27.1667,25,2008,4,18.0,62.0,2008-04-01
17220,TR,IZM,,Izmir,38.4333,27.1667,25,2008,5,21.0,5.0,2008-05-01
17220,TR,IZM,,Izmir,38.4333,27.1667,25,2008,6,27.0,0.0,2008-06-01
17220,TR,IZM,,Izmir,38.4333,27.1667,25,2008,7,28.6,0.0,2008-07-01
17220,TR,IZM,,Izmir,38.4333,27.1667,25,2008,8,29.2,0.0,2008-08-01
17220,TR,IZM,,Izmir,38.4333,27.1667,25,2008,9,23.9,55.0,2008-09-01
17220,TR,IZM,,Izmir,38.4333,27.1667,25,2008,10,19.6,12.0,2008-10-01
17220,TR,IZM,,Izmir,38.4333,27.1667,25,2008,11,15.7,93.0,2008-11-01
17220,TR,IZM,,Izmir,38.4333,27.1667,25,2008,12,11.5,101.0,2008-12-01
17220,TR,IZM,,Izmir,38.4333,27.1667,25,2009,1,10.5,204.0,2009-01-01
17220,TR,IZM,,Izmir,38.4333,27.1667,25,2009,2,10.0,165.0,2009-02-01
17220,TR,IZM,,Izmir,38.4333,27.1667,25,2009,3,11.7,176.0,2009-03-01
17220,TR,IZM,,Izmir,38.4333,27.1667,25,2009,4,16.0,84.0,2009-04-01
17220,TR,IZM,,Izmir,38.4333,27.1667,25,2009,5,21.4,44.0,2009-05-01
17220,TR,IZM,,Izmir,38.4333,27.1667,25,2009,6,26.2,9.0,2009-06-01
17220,TR,IZM,,Izmir,38.4333,27.1667,25,2009,7,29.0,0.0,2009-07-01
17220,TR,IZM,,Izmir,38.4333,27.1667,25,2009,8,27.8,0.0,2009-08-01
17220,TR,IZM,,Izmir,38.4333,27.1667,25,2009,9,23.2,51.0,2009-09-01
17220,TR,IZM,,Izmir,38.4333,27.1667,25,2009,10,20.8,26.0,2009-10-01
17220,TR,IZM,,Izmir,38.4333,27.1667,25,2009,11,14.6,160.0,2009-11-01
17220,TR,IZM,,Izmir,38.4333,27.1667,25,2009,12,13.1,152.0,2009-12-01
17220,TR,IZM,,Izmir,38.4333,27.1667,25,2010,1,10.6,142.0,2010-01-01
17220,TR,IZM,,Izmir,38.4333,27.1667,25,2010,2,12.6,301.0,2010-02-01
17220,TR,IZM,,Izmir,38.4333,27.1667,25,2010,3,13.3,16.0,2010-03-01
17220,TR,IZM,,Izmir,38.4333,27.1667,25,2010,4,17.4,20.0,2010-04-01
17220,TR,IZM,,Izmir,38.4333,27.1667,25,2010,5,21.8,27.0,2010-05-01
17220,TR,IZM,,Izmir,38.4333,27.1667,25,2010,6,25.5,76.0,2010-06-01
17220,TR,IZM,,Izmir,38.4333,27.1667,25,2010,7,28.8,0.0,2010-07-01
17220,TR,IZM,,Izmir,38.4333,27.1667,25,2010,8,30.2,0.0,2010-08-01
17220,TR,IZM,,Izmir,38.4333,27.1667,25,2010,9,24.8,12.0,2010-09-01
17220,TR,IZM,,Izmir,38.4333,27.1667,25,2010,10,18.8,232.0,2010-10-01
17220,TR,IZM,,Izmir,38.4333,27.1667,25,2010,11,18.1,32.0,2010-11-01
17220,TR,IZM,,Izmir,38.4333,27.1667,25,2010,12,13.3,156.0,2010-12-01
17220,TR,IZM,,Izmir,38.4333,27.1667,25,2011,1,9.0,101.0,2011-01-01
17220,TR,IZM,,Izmir,38.4333,27.1667,25,2011,2,10.3,107.0,2011-02-01
17220,TR,IZM,,Izmir,38.4333,27.1667,25,2011,3,12.0,19.0,2011-03-01
17220,TR,IZM,,Izmir,38.4333,27.1667,25,2011,4,14.5,65.0,2011-04-01
17220,TR,IZM,,Izmir,38.4333,27.1667,25,2011,5,20.1,29.0,2011-05-01
17220,TR,IZM,,Izmir,38.4333,27.1667,25,2011,6,25.4,0.0,2011-06-01
17220,TR,IZM,,Izmir,38.4333,27.1667,25,2011,7,29.0,0.0,2011-07-01
17220,TR,IZM,,Izmir,38.4333,27.1667,25,2011,8,28.1,0.0,2011-08-01
17220,TR,IZM,,Izmir,38.4333,27.1667,25,2011,9,25.6,9.0,2011-09-01
17220,TR,IZM,,Izmir,38.4333,27.1667,25,2011,10,17.1,90.0,2011-10-01
17220,TR,IZM,,Izmir,38.4333,27.1667,25,2011,11,11.1,0.0,2011-11-01
17220,TR,IZM,,Izmir,38.4333,27.1667,25,2011,12,10.7,140.0,2011-12-01
17220,TR,IZM,,Izmir,38.4333,27.1667,25,2012,1,6.7,128.0,2012-01-01
17220,TR,IZM,,Izmir,38.4333,27.1667,25,2012,2,7.6,128.0,2012-02-01
17220,TR,IZM,,Izmir,38.4333,27.1667,25,2012,3,11.3,35.0,2012-03-01
17220,TR,IZM,,Izmir,38.4333,27.1667,25,2012,4,17.5,105.0,2012-04-01
17220,TR,IZM,,Izmir,38.4333,27.1667,25,2012,5,20.5,87.0,2012-05-01
17220,TR,IZM,,Izmir,38.4333,27.1667,25,2012,6,27.3,20.0,2012-06-01
17220,TR,IZM,,Izmir,38.4333,27.1667,25,2012,7,30.1,,2012-07-01
17220,TR,IZM,,Izmir,38.4333,27.1667,25,2012,8,28.4,0.0,2012-08-01
17220,TR,IZM,,Izmir,38.4333,27.1667,25,2012,9,24.3,0.5,2012-09-01
17220,TR,IZM,,Izmir,38.4333,27.1667,25,2012,10,21.8,22.0,2012-10-01
17220,TR,IZM,,Izmir,38.4333,27.1667,25,2012,11,16.4,57.0,2012-11-01
17220,TR,IZM,,Izmir,38.4333,27.1667,25,2012,12,10.7,218.0,2012-12-01
17220,TR,IZM,,Izmir,38.4333,27.1667,25,2013,1,9.4,252.0,2013-01-01
17220,TR,IZM,,Izmir,38.4333,27.1667,25,2013,2,11.2,187.0,2013-02-01
17220,TR,IZM,,Izmir,38.4333,27.1667,25,2013,3,14.0,57.0,2013-03-01
17220,TR,IZM,,Izmir,38.4333,27.1667,25,2013,4,17.2,30.0,2013-04-01
17220,TR,IZM,,Izmir,38.4333,27.1667,25,2013,5,22.7,44.0,2013-05-01
17220,TR,IZM,,Izmir,38.4333,27.1667,25,2013,6,25.7,27.0,2013-06-01
17220,TR,IZM,,Izmir,38.4333,27.1667,25,2013,7,28.4,0.0,2013-07-01
17220,TR,IZM,,Izmir,38.4333,27.1667,25,2013,8,28.7,20.0,2013-08-01
17220,TR,IZM,,Izmir,38.4333,27.1667,25,2013,9,24.0,5.0,2013-09-01
17220,TR,IZM,,Izmir,38.4333,27.1667,25,2013,10,17.2,94.0,2013-10-01
17220,TR,IZM,,Izmir,38.4333,27.1667,25,2013,11,15.0,129.0,2013-11-01
17220,TR,IZM,,Izmir,38.4333,27.1667,25,2013,12,8.5,9.0,2013-12-01
17220,TR,IZM,,Izmir,38.4333,27.1667,25,2014,1,11.7,150.0,2014-01-01
17220,TR,IZM,,Izmir,38.4333,27.1667,25,2014,2,11.7,15.0,2014-02-01
17220,TR,IZM,,Izmir,38.4333,27.1667,25,2014,3,13.2,106.0,2014-03-01
17220,TR,IZM,,Izmir,38.4333,27.1667,25,2014,4,17.0,132.0,2014-04-01
17220,TR,IZM,,Izmir,38.4333,27.1667,25,2014,5,20.8,15.0,2014-05-01
17220,TR,IZM,,Izmir,38.4333,27.1667,25,2014,6,25.0,48.0,2014-06-01
17220,TR,IZM,,Izmir,38.4333,27.1667,25,2014,7,27.8,1.0,2014-07-01
17220,TR,IZM,,Izmir,38.4333,27.1667,25,2014,8,28.4,4.0,2014-08-01
17220,TR,IZM,,Izmir,38.4333,27.1667,25,2014,9,23.9,11.0,2014-09-01
17220,TR,IZM,,Izmir,38.4333,27.1667,25,2014,10,18.9,91.0,2014-10-01
17220,TR,IZM,,Izmir,38.4333,27.1667,25,2014,11,14.1,32.0,2014-11-01
17220,TR,IZM,,Izmir,38.4333,27.1667,25,2014,12,12.1,249.0,2014-12-01
17220,TR,IZM,,Izmir,38.4333,27.1667,25,2015,1,8.6,175.0,2015-01-01
17220,TR,IZM,,Izmir,38.4333,27.1667,25,2015,2,9.2,101.0,2015-02-01
17220,TR,IZM,,Izmir,38.4333,27.1667,25,2015,3,11.3,114.0,2015-03-01
17220,TR,IZM,,Izmir,38.4333,27.1667,25,2015,4,14.4,31.0,2015-04-01
17220,TR,IZM,,Izmir,38.4333,27.1667,25,2015,5,21.3,29.0,2015-05-01
17220,TR,IZM,,Izmir,38.4333,27.1667,25,2015,6,23.8,52.0,2015-06-01
17220,TR,IZM,,Izmir,38.4333,27.1667,25,2015,7,28.2,0.0,2015-07-01
17220,TR,IZM,,Izmir,38.4333,27.1667,25,2015,8,28.5,35.0,2015-08-01
17220,TR,IZM,,Izmir,38.4333,27.1667,25,2015,9,25.2,7.0,2015-09-01
17220,TR,IZM,,Izmir,38.4333,27.1667,25,2015,10,19.3,84.0,2015-10-01
17220,TR,IZM,,Izmir,38.4333,27.1667,25,2015,11,15.0,101.0,2015-11-01
17220,TR,IZM,,Izmir,38.4333,27.1667,25,2015,12,9.2,0.0,2015-12-01
17220,TR,IZM,,Izmir,38.4333,27.1667,25,2016,1,8.9,233.0,2016-01-01
17220,TR,IZM,,Izmir,38.4333,27.1667,25,2016,2,14.0,85.0,2016-02-01
17220,TR,IZM,,Izmir,38.4333,27.1667,25,2016,3,13.7,122.0,2016-03-01
17220,TR,IZM,,Izmir,38.4333,27.1667,25,2016,4,19.0,28.0,2016-04-01
17220,TR,IZM,,Izmir,38.4333,27.1667,25,2016,5,20.7,37.0,2016-05-01
17220,TR,IZM,,Izmir,38.4333,27.1667,25,2016,6,27.5,3.0,2016-06-01
17220,TR,IZM,,Izmir,38.4333,27.1667,25,2016,7,29.3,0.0,2016-07-01
17220,TR,IZM,,Izmir,38.4333,27.1667,25,2016,8,28.9,0.0,2016-08-01
17220,TR,IZM,,Izmir,38.4333,27.1667,25,2016,9,24.6,9.0,2016-09-01
17220,TR,IZM,,Izmir,38.4333,27.1667,25,2016,10,19.3,0.0,2016-10-01
17220,TR,IZM,,Izmir,38.4333,27.1667,25,2016,11,14.1,124.0,2016-11-01
17220,TR,IZM,,Izmir,38.4333,27.1667,25,2016,12,7.0,20.0,2016-12-01
17220,TR,IZM,,Izmir,38.4333,27.1667,25,2017,1,6.8,286.0,2017-01-01
17220,TR,IZM,,Izmir,38.4333,27.1667,25,2017,2,10.9,45.0,2017-02-01
17220,TR,IZM,,Izmir,38.4333,27.1667,25,2017,3,13.4,123.0,2017-03-01
17220,TR,IZM,,Izmir,38.4333,27.1667,25,2017,4,16.5,20.0,2017-04-01
17220,TR,IZM,,Izmir,38.4333,27.1667,25,2017,5,21.6,46.0,2017-05-01
17220,TR,IZM,,Izmir,38.4333,27.1667,25,2017,6,26.3,3.0,2017-06-01
17220,TR,IZM,,Izmir,38.4333,27.1667,25,2017,7,29.4,0.0,2017-07-01
17220,TR,IZM,,Izmir,38.4333,27.1667,25,2017,8,29.0,0.0,2017-08-01
17220,TR,IZM,,Izmir,38.4333,27.1667,25,2017,9,25.0,0.0,2017-09-01
17220,TR,IZM,,Izmir,38.4333,27.1667,25,2017,10,18.8,61.0,2017-10-01
17220,TR,IZM,,Izmir,38.4333,27.1667,25,2017,11,14.0,62.0,2017-11-01
17220,TR,IZM,,Izmir,38.4333,27.1667,25,2017,12,12.3,118.0,2017-12-01
17220,TR,IZM,,Izmir,38.4333,27.1667,25,2018,1,9.6,98.0,2018-01-01
17220,TR,IZM,,Izmir,38.4333,27.1667,25,2018,2,12.4,132.0,2018-02-01
17220,TR,IZM,,Izmir,38.4333,27.1667,25,2018,3,16.0,52.0,2018-03-01
17220,TR,IZM,,Izmir,38.4333,27.1667,25,2018,4,19.1,4.0,2018-04-01
17220,TR,IZM,,Izmir,38.4333,27.1667,25,2018,5,23.8,22.0,2018-05-01
17220,TR,IZM,,Izmir,38.4333,27.1667,25,2018,6,26.3,13.0,2018-06-01
17220,TR,IZM,,Izmir,38.4333,27.1667,25,2018,7,28.9,0.5,2018-07-01
17220,TR,IZM,,Izmir,38.4333,27.1667,25,2018,8,29.0,0.5,2018-08-01
17220,TR,IZM,,Izmir,38.4333,27.1667,25,2018,9,25.3,4.0,2018-09-01
17220,TR,IZM,,Izmir,38.4333,27.1667,25,2018,10,19.6,17.0,2018-10-01
17220,TR,IZM,,Izmir,38.4333,27.1667,25,2018,11,15.3,31.0,2018-11-01
17220,TR,IZM,,Izmir,38.4333,27.1667,25,2018,12,9.4,73.0,2018-12-01
17220,TR,IZM,,Izmir,38.4333,27.1667,25,2019,1,9.2,256.0,2019-01-01
17220,TR,IZM,,Izmir,38.4333,27.1667,25,2019,2,10.4,82.0,2019-02-01
17220,TR,IZM,,Izmir,38.4333,27.1667,25,2019,3,13.7,41.0,2019-03-01
17220,TR,IZM,,Izmir,38.4333,27.1667,25,2019,4,16.2,51.0,2019-04-01
17220,TR,IZM,,Izmir,38.4333,27.1667,25,2019,5,21.7,13.0,2019-05-01
17220,TR,IZM,,Izmir,38.4333,27.1667,25,2019,6,27.4,23.0,2019-06-01
17220,TR,IZM,,Izmir,38.4333,27.1667,25,2019,7,28.2,0.9,2019-07-01
17220,TR,IZM,,Izmir,38.4333,27.1667,25,2019,8,29.5,0.0,2019-08-01
17220,TR,IZM,,Izmir,38.4333,27.1667,25,2019,9,24.3,33.0,2019-09-01
17220,TR,IZM,,Izmir,38.4333,27.1667,25,2019,10,20.6,23.0,2019-10-01
17220,TR,IZM,,Izmir,38.4333,27.1667,25,2019,11,18.0,59.0,2019-11-01
17220,TR,IZM,,Izmir,38.4333,27.1667,25,2019,12,11.7,96.0,2019-12-01
17220,TR,IZM,,Izmir,38.4333,27.1667,25,2020,1,8.7,40.0,2020-01-01
17220,TR,IZM,,Izmir,38.4333,27.1667,25,2020,2,11.2,70.0,2020-02-01
17220,TR,IZM,,Izmir,38.4333,27.1667,25,2020,3,13.7,59.0,2020-03-01
17220,TR,IZM,,Izmir,38.4333,27.1667,25,2020,4,16.3,54.0,2020-04-01
17220,TR,IZM,,Izmir,38.4333,27.1667,25,2020,5,21.4,76.0,2020-05-01
17220,TR,IZM,,Izmir,38.4333,27.1667,25,2020,6,25.1,38.0,2020-06-01
17220,TR,IZM,,Izmir,38.4333,27.1667,25,2020,7,29.2,0.0,2020-07-01
17220,TR,IZM,,Izmir,38.4333,27.1667,25,2020,8,28.7,0.0,2020-08-01
17220,TR,IZM,,Izmir,38.4333,27.1667,25,2020,9,26.8,0.0,2020-09-01
17220,TR,IZM,,Izmir,38.4333,27.1667,25,2020,10,21.5,59.0,2020-10-01
17220,TR,IZM,,Izmir,38.4333,27.1667,25,2020,11,14.6,5.0,2020-11-01
17220,TR,IZM,,Izmir,38.4333,27.1667,25,2020,12,12.7,272.0,2020-12-01
17220,TR,IZM,,Izmir,38.4333,27.1667,25,2021,1,11.2,195.0,2021-01-01
17220,TR,IZM,,Izmir,38.4333,27.1667,25,2021,2,11.6,189.0,2021-02-01
17220,TR,IZM,,Izmir,38.4333,27.1667,25,2021,3,11.4,106.0,2021-03-01
17220,TR,IZM,,Izmir,38.4333,27.1667,25,2021,4,16.6,37.0,2021-04-01
17220,TR,IZM,,Izmir,38.4333,27.1667,25,2021,5,23.8,3.0,2021-05-01
17220,TR,IZM,,Izmir,38.4333,27.1667,25,2021,6,26.1,28.0,2021-06-01
17220,TR,IZM,,Izmir,38.4333,27.1667,25,2021,7,30.6,0.0,2021-07-01
17220,TR,IZM,,Izmir,38.4333,27.1667,25,2021,8,30.1,0.0,2021-08-01
17220,TR,IZM,,Izmir,38.4333,27.1667,25,2021,9,25.8,0.1,2021-09-01
17220,TR,IZM,,Izmir,38.4333,27.1667,25,2021,10,20.6,36.0,2021-10-01
17220,TR,IZM,,Izmir,38.4333,27.1667,25,2021,11,18.3,33.0,2021-11-01
17220,TR,IZM,,Izmir,38.4333,27.1667,25,2021,12,13.1,230.0,2021-12-01
17220,TR,IZM,,Izmir,38.4333,27.1667,25,2022,1,8.1,53.0,2022-01-01
17220,TR,IZM,,Izmir,38.4333,27.1667,25,2022,2,10.4,149.0,2022-02-01
17220,TR,IZM,,Izmir,38.4333,27.1667,25,2022,3,9.0,17.0,2022-03-01
17220,TR,IZM,,Izmir,38.4333,27.1667,25,2022,4,17.4,15.0,2022-04-01
17220,TR,IZM,,Izmir,38.4333,27.1667,25,2022,5,21.9,14.0,2022-05-01
17220,TR,IZM,,Izmir,38.4333,27.1667,25,2022,6,26.8,16.0,2022-06-01
17220,TR,IZM,,Izmir,38.4333,27.1667,25,2022,7,29.2,0.0,2022-07-01
17220,TR,IZM,,Izmir,38.4333,27.1667,25,2022,8,28.8,22.0,2022-08-01
17220,TR,IZM,,Izmir,38.4333,27.1667,25,2022,9,24.9,0.0,2022-09-01
17220,TR,IZM,,Izmir,38.4333,27.1667,25,2022,10,20.4,0.0,2022-10-01
17220,TR,IZM,,Izmir,38.4333,27.1667,25,2022,11,16.0,84.0,2022-11-01
17220,TR,IZM,,Izmir,38.4333,27.1667,25,2022,12,13.5,98.0,2022-12-01
17220,TR,IZM,,Izmir,38.4333,27.1667,25,2023,1,11.3,138.0,2023-01-01
17220,TR,IZM,,Izmir,38.4333,27.1667,25,2023,2,9.7,15.0,2023-02-01
17220,TR,IZM,,Izmir,38.4333,27.1667,25,2023,3,13.4,88.0,2023-03-01
17220,TR,IZM,,Izmir,38.4333,27.1667,25,2023,4,16.1,75.0,2023-04-01
17220,TR,IZM,,Izmir,38.4333,27.1667,25,2023,5,20.3,15.0,2023-05-01
17220,TR,IZM,,Izmir,38.4333,27.1667,25,2023,6,25.3,70.0,2023-06-01
17220,TR,IZM,,Izmir,38.4333,27.1667,25,2023,7,30.4,28.0,2023-07-01
17220,TR,IZM,,Izmir,38.4333,27.1667,25,2023,8,29.1,8.0,2023-08-01
17220,TR,IZM,,Izmir,38.4333,27.1667,25,2023,9,25.4,27.0,2023-09-01
17220,TR,IZM,,Izmir,38.4333,27.1667,25,2023,10,20.7,4.0,2023-10-01
17220,TR,IZM,,Izmir,38.4333,27.1667,25,2023,11,17.2,222.0,2023-11-01
17220,TR,IZM,,Izmir,38.4333,27.1667,25,2023,12,13.5,116.0,2023-12-01
17220,TR,IZM,,Izmir,38.4333,27.1667,25,2024,1,10.6,132.0,2024-01-01
17220,TR,IZM,,Izmir,38.4333,27.1667,25,2024,2,12.3,53.0,2024-02-01
17220,TR,IZM,,Izmir,38.4333,27.1667,25,2024,3,14.1,52.0,2024-03-01
17220,TR,IZM,,Izmir,38.4333,27.1667,25,2024,4,20.0,25.0,2024-04-01
17220,TR,IZM,,Izmir,38.4333,27.1667,25,2024,5,20.7,24.0,2024-05-01
17220,TR,IZM,,Izmir,38.4333,27.1667,25,2024,6,29.2,0.3,2024-06-01
17220,TR,IZM,,Izmir,38.4333,27.1667,25,2024,7,30.9,6.0,2024-07-01
17220,TR,IZM,,Izmir,38.4333,27.1667,25,2024,8,29.6,0.0,2024-08-01
17220,TR,IZM,,Izmir,38.4333,27.1667,25,2024,9,25.0,36.0,2024-09-01
17220,TR,IZM,,Izmir,38.4333,27.1667,25,2024,10,20.3,0.2,2024-10-01
17220,TR,IZM,,Izmir,38.4333,27.1667,25,2024,11,13.9,43.0,2024-11-01
17220,TR,IZM,,Izmir,38.4333,27.1667,25,2024,12,11.8,198.0,2024-12-01
17220,TR,IZM,,Izmir,38.4333,27.1667,25,2025,1,11.9,109.0,2025-01-01
17220,TR,IZM,,Izmir,38.4333,27.1667,25,2025,2,8.2,19.0,2025-02-01
17220,TR,IZM,,Izmir,38.4333,27.1667,25,2025,3,15.3,6.0,2025-03-01
17220,TR,IZM,,Izmir,38.4333,27.1667,25,2025,4,15.5,56.0,2025-04-01
17220,TR,IZM,,Izmir,38.4333,27.1667,25,2025,5,21.6,22.0,2025-05-01
17220,TR,IZM,,Izmir,38.4333,27.1667,25,2025,6,28.2,0.0,2025-06-01
17220,TR,IZM,,Izmir,38.4333,27.1667,25,2025,7,30.5,0.0,2025-07-01
17220,TR,IZM,,Izmir,38.4333,27.1667,25,2025,8,29.4,1.0,2025-08-01
17220,TR,IZM,,Izmir,38.4333,27.1667,25,2025,9,25.3,8.0,2025-09-01
17220,TR,IZM,,Izmir,38.4333,27.1667,25,2025,10,18.6,81.0,2025-10-01
17220,TR,IZM,,Izmir,38.4333,27.1667,25,2025,11,17.1,63.0,2025-11-01
17220,TR,IZM,,Izmir,38.4333,27.1667,25,2025,12,10.9,67.0,2025-12-01
17220,TR,IZM,,Izmir,38.4333,27.1667,25,2026,1,10.7,232.0,2026-01-01
17220,TR,IZM,,Izmir,38.4333,27.1667,25,2026,2,12.1,291.0,2026-02-01
17220,TR,IZM,,Izmir,38.4333,27.1667,25,2026,3,11.9,74.0,2026-03-01
17220,TR,IZM,,Izmir,38.4333,27.1667,25,2026,4,,,2026-04-01
17220,TR,IZM,,Izmir,38.4333,27.1667,25,2026,5,,,2026-05-01
17220,TR,IZM,,Izmir,38.4333,27.1667,25,2026,6,,,2026-06-01
17220,TR,IZM,,Izmir,38.4333,27.1667,25,2026,7,,,2026-07-01
17220,TR,IZM,,Izmir,38.4333,27.1667,25,2026,8,,,2026-08-01
17220,TR,IZM,,Izmir,38.4333,27.1667,25,2026,9,,,2026-09-01
17220,TR,IZM,,Izmir,38.4333,27.1667,25,2026,10,,,2026-10-01
17220,TR,IZM,,Izmir,38.4333,27.1667,25,2026,11,,,2026-11-01
17220,TR,IZM,,Izmir,38.4333,27.1667,25,2026,12,,,2026-12-01
17234,TR,AYI,LTBD,Aydin,37.85,27.85,57,1961,1,8.6,112.0,1961-01-01
17234,TR,AYI,LTBD,Aydin,37.85,27.85,57,1961,2,8.9,67.0,1961-02-01
17234,TR,AYI,LTBD,Aydin,37.85,27.85,57,1961,3,12.3,31.0,1961-03-01
17234,TR,AYI,LTBD,Aydin,37.85,27.85,57,1961,4,18.3,57.0,1961-04-01
17234,TR,AYI,LTBD,Aydin,37.85,27.85,57,1961,5,20.8,17.0,1961-05-01
17234,TR,AYI,LTBD,Aydin,37.85,27.85,57,1961,6,25.6,46.0,1961-06-01
17234,TR,AYI,LTBD,Aydin,37.85,27.85,57,1961,7,28.4,0.1,1961-07-01
17234,TR,AYI,LTBD,Aydin,37.85,27.85,57,1961,8,28.5,,1961-08-01
17234,TR,AYI,LTBD,Aydin,37.85,27.85,57,1961,9,23.2,,1961-09-01
17234,TR,AYI,LTBD,Aydin,37.85,27.85,57,1961,10,19.5,21.0,1961-10-01
17234,TR,AYI,LTBD,Aydin,37.85,27.85,57,1961,11,16.0,36.0,1961-11-01
17234,TR,AYI,LTBD,Aydin,37.85,27.85,57,1961,12,10.8,147.0,1961-12-01
17234,TR,AYI,LTBD,Aydin,37.85,27.85,57,1962,1,10.3,81.0,1962-01-01
17234,TR,AYI,LTBD,Aydin,37.85,27.85,57,1962,2,8.9,142.0,1962-02-01
17234,TR,AYI,LTBD,Aydin,37.85,27.85,57,1962,3,14.3,55.0,1962-03-01
17234,TR,AYI,LTBD,Aydin,37.85,27.85,57,1962,4,16.0,66.0,1962-04-01
17234,TR,AYI,LTBD,Aydin,37.85,27.85,57,1962,5,22.3,3.0,1962-05-01
17234,TR,AYI,LTBD,Aydin,37.85,27.85,57,1962,6,26.2,2.0,1962-06-01
17234,TR,AYI,LTBD,Aydin,37.85,27.85,57,1962,7,28.6,0.2,1962-07-01
17234,TR,AYI,LTBD,Aydin,37.85,27.85,57,1962,8,29.3,,1962-08-01
17234,TR,AYI,LTBD,Aydin,37.85,27.85,57,1962,9,24.9,15.0,1962-09-01
17234,TR,AYI,LTBD,Aydin,37.85,27.85,57,1962,10,20.2,44.0,1962-10-01
17234,TR,AYI,LTBD,Aydin,37.85,27.85,57,1962,11,17.4,67.0,1962-11-01
17234,TR,AYI,LTBD,Aydin,37.85,27.85,57,1962,12,11.2,214.0,1962-12-01
17234,TR,AYI,LTBD,Aydin,37.85,27.85,57,1963,1,9.5,135.0,1963-01-01
17234,TR,AYI,LTBD,Aydin,37.85,27.85,57,1963,2,12.0,129.0,1963-02-01
17234,TR,AYI,LTBD,Aydin,37.85,27.85,57,1963,3,10.4,68.0,1963-03-01
17234,TR,AYI,LTBD,Aydin,37.85,27.85,57,1963,4,15.6,60.0,1963-04-01
17234,TR,AYI,LTBD,Aydin,37.85,27.85,57,1963,5,19.9,35.0,1963-05-01
17234,TR,AYI,LTBD,Aydin,37.85,27.85,57,1963,6,25.5,16.0,1963-06-01
17234,TR,AYI,LTBD,Aydin,37.85,27.85,57,1963,7,28.3,1.0,1963-07-01
17234,TR,AYI,LTBD,Aydin,37.85,27.85,57,1963,8,28.6,,1963-08-01
17234,TR,AYI,LTBD,Aydin,37.85,27.85,57,1963,9,24.6,,1963-09-01
17234,TR,AYI,LTBD,Aydin,37.85,27.85,57,1963,10,19.1,81.0,1963-10-01
17234,TR,AYI,LTBD,Aydin,37.85,27.85,57,1963,11,15.2,23.0,1963-11-01
17234,TR,AYI,LTBD,Aydin,37.85,27.85,57,1963,12,10.9,66.0,1963-12-01
17234,TR,AYI,LTBD,Aydin,37.85,27.85,57,1964,1,5.4,11.0,1964-01-01
17234,TR,AYI,LTBD,Aydin,37.85,27.85,57,1964,2,8.4,89.0,1964-02-01
17234,TR,AYI,LTBD,Aydin,37.85,27.85,57,1964,3,12.4,39.0,1964-03-01
17234,TR,AYI,LTBD,Aydin,37.85,27.85,57,1964,4,15.7,3.0,1964-04-01
17234,TR,AYI,LTBD,Aydin,37.85,27.85,57,1964,5,19.5,13.0,1964-05-01
17234,TR,AYI,LTBD,Aydin,37.85,27.85,57,1964,6,25.4,24.0,1964-06-01
17234,TR,AYI,LTBD,Aydin,37.85,27.85,57,1964,7,27.2,,1964-07-01
17234,TR,AYI,LTBD,Aydin,37.85,27.85,57,1964,8,26.5,,1964-08-01
17234,TR,AYI,LTBD,Aydin,37.85,27.85,57,1964,9,22.4,69.0,1964-09-01
17234,TR,AYI,LTBD,Aydin,37.85,27.85,57,1964,10,20.4,0.4,1964-10-01
17234,TR,AYI,LTBD,Aydin,37.85,27.85,57,1964,11,14.2,53.0,1964-11-01
17234,TR,AYI,LTBD,Aydin,37.85,27.85,57,1964,12,11.0,217.0,1964-12-01
17234,TR,AYI,LTBD,Aydin,37.85,27.85,57,1965,1,8.6,47.0,1965-01-01
17234,TR,AYI,LTBD,Aydin,37.85,27.85,57,1965,2,7.8,131.0,1965-02-01
17234,TR,AYI,LTBD,Aydin,37.85,27.85,57,1965,3,11.9,85.0,1965-03-01
17234,TR,AYI,LTBD,Aydin,37.85,27.85,57,1965,4,14.4,148.0,1965-04-01
17234,TR,AYI,LTBD,Aydin,37.85,27.85,57,1965,5,18.7,137.0,1965-05-01
17234,TR,AYI,LTBD,Aydin,37.85,27.85,57,1965,6,25.3,1.0,1965-06-01
17234,TR,AYI,LTBD,Aydin,37.85,27.85,57,1965,7,27.3,,1965-07-01
17234,TR,AYI,LTBD,Aydin,37.85,27.85,57,1965,8,25.6,,1965-08-01
17234,TR,AYI,LTBD,Aydin,37.85,27.85,57,1965,9,24.6,,1965-09-01
17234,TR,AYI,LTBD,Aydin,37.85,27.85,57,1965,10,16.7,29.0,1965-10-01
17234,TR,AYI,LTBD,Aydin,37.85,27.85,57,1965,11,13.8,80.0,1965-11-01
17234,TR,AYI,LTBD,Aydin,37.85,27.85,57,1965,12,10.9,158.0,1965-12-01
17234,TR,AYI,LTBD,Aydin,37.85,27.85,57,1966,1,9.4,204.0,1966-01-01
17234,TR,AYI,LTBD,Aydin,37.85,27.85,57,1966,2,12.1,65.0,1966-02-01
17234,TR,AYI,LTBD,Aydin,37.85,27.85,57,1966,3,11.7,109.0,1966-03-01
17234,TR,AYI,LTBD,Aydin,37.85,27.85,57,1966,4,16.4,58.0,1966-04-01
17234,TR,AYI,LTBD,Aydin,37.85,27.85,57,1966,5,19.2,17.0,1966-05-01
17234,TR,AYI,LTBD,Aydin,37.85,27.85,57,1966,6,24.1,2.0,1966-06-01
17234,TR,AYI,LTBD,Aydin,37.85,27.85,57,1966,7,27.4,,1966-07-01
17234,TR,AYI,LTBD,Aydin,37.85,27.85,57,1966,8,27.6,0.3,1966-08-01
17234,TR,AYI,LTBD,Aydin,37.85,27.85,57,1966,9,23.0,33.0,1966-09-01
17234,TR,AYI,LTBD,Aydin,37.85,27.85,57,1966,10,21.5,4.0,1966-10-01
17234,TR,AYI,LTBD,Aydin,37.85,27.85,57,1966,11,16.9,88.0,1966-11-01
17234,TR,AYI,LTBD,Aydin,37.85,27.85,57,1966,12,9.9,191.0,1966-12-01
17234,TR,AYI,LTBD,Aydin,37.85,27.85,57,1967,1,8.0,119.0,1967-01-01
17234,TR,AYI,LTBD,Aydin,37.85,27.85,57,1967,2,7.0,34.0,1967-02-01
17234,TR,AYI,LTBD,Aydin,37.85,27.85,57,1967,3,10.6,50.0,1967-03-01
17234,TR,AYI,LTBD,Aydin,37.85,27.85,57,1967,4,15.3,88.0,1967-04-01
17234,TR,AYI,LTBD,Aydin,37.85,27.85,57,1967,5,20.2,30.0,1967-05-01
17234,TR,AYI,LTBD,Aydin,37.85,27.85,57,1967,6,23.6,0.0,1967-06-01
17234,TR,AYI,LTBD,Aydin,37.85,27.85,57,1967,7,27.3,5.0,1967-07-01
17234,TR,AYI,LTBD,Aydin,37.85,27.85,57,1967,8,27.8,,1967-08-01
17234,TR,AYI,LTBD,Aydin,37.85,27.85,57,1967,9,23.4,20.0,1967-09-01
17234,TR,AYI,LTBD,Aydin,37.85,27.85,57,1967,10,19.0,30.0,1967-10-01
17234,TR,AYI,LTBD,Aydin,37.85,27.85,57,1967,11,12.9,40.0,1967-11-01
17234,TR,AYI,LTBD,Aydin,37.85,27.85,57,1967,12,10.4,176.0,1967-12-01
17234,TR,AYI,LTBD,Aydin,37.85,27.85,57,1968,1,7.3,172.0,1968-01-01
17234,TR,AYI,LTBD,Aydin,37.85,27.85,57,1968,2,10.5,51.0,1968-02-01
17234,TR,AYI,LTBD,Aydin,37.85,27.85,57,1968,3,10.9,68.0,1968-03-01
17234,TR,AYI,LTBD,Aydin,37.85,27.85,57,1968,4,17.6,10.0,1968-04-01
17234,TR,AYI,LTBD,Aydin,37.85,27.85,57,1968,5,23.6,7.0,1968-05-01
17234,TR,AYI,LTBD,Aydin,37.85,27.85,57,1968,6,24.8,7.0,1968-06-01
17234,TR,AYI,LTBD,Aydin,37.85,27.85,57,1968,7,27.5,,1968-07-01
17234,TR,AYI,LTBD,Aydin,37.85,27.85,57,1968,8,25.4,1.0,1968-08-01
17234,TR,AYI,LTBD,Aydin,37.85,27.85,57,1968,9,23.1,25.0,1968-09-01
17234,TR,AYI,LTBD,Aydin,37.85,27.85,57,1968,10,18.1,64.0,1968-10-01
17234,TR,AYI,LTBD,Aydin,37.85,27.85,57,1968,11,14.2,80.0,1968-11-01
17234,TR,AYI,LTBD,Aydin,37.85,27.85,57,1968,12,10.6,134.0,1968-12-01
17234,TR,AYI,LTBD,Aydin,37.85,27.85,57,1969,1,7.0,177.0,1969-01-01
17234,TR,AYI,LTBD,Aydin,37.85,27.85,57,1969,2,10.6,114.0,1969-02-01
17234,TR,AYI,LTBD,Aydin,37.85,27.85,57,1969,3,12.1,60.0,1969-03-01
17234,TR,AYI,LTBD,Aydin,37.85,27.85,57,1969,4,13.2,35.0,1969-04-01
17234,TR,AYI,LTBD,Aydin,37.85,27.85,57,1969,5,22.2,27.0,1969-05-01
17234,TR,AYI,LTBD,Aydin,37.85,27.85,57,1969,6,25.6,0.1,1969-06-01
17234,TR,AYI,LTBD,Aydin,37.85,27.85,57,1969,7,26.1,0.1,1969-07-01
17234,TR,AYI,LTBD,Aydin,37.85,27.85,57,1969,8,27.1,,1969-08-01
17234,TR,AYI,LTBD,Aydin,37.85,27.85,57,1969,9,24.9,0.0,1969-09-01
17234,TR,AYI,LTBD,Aydin,37.85,27.85,57,1969,10,18.6,0.0,1969-10-01
17234,TR,AYI,LTBD,Aydin,37.85,27.85,57,1969,11,14.8,34.0,1969-11-01
17234,TR,AYI,LTBD,Aydin,37.85,27.85,57,1969,12,11.4,217.0,1969-12-01
17234,TR,AYI,LTBD,Aydin,37.85,27.85,57,1970,1,10.6,97.0,1970-01-01
17234,TR,AYI,LTBD,Aydin,37.85,27.85,57,1970,2,11.3,203.0,1970-02-01
17234,TR,AYI,LTBD,Aydin,37.85,27.85,57,1970,3,13.1,77.0,1970-03-01
17234,TR,AYI,LTBD,Aydin,37.85,27.85,57,1970,4,17.2,20.0,1970-04-01
17234,TR,AYI,LTBD,Aydin,37.85,27.85,57,1970,5,19.3,14.0,1970-05-01
17234,TR,AYI,LTBD,Aydin,37.85,27.85,57,1970,6,25.4,0.8,1970-06-01
17234,TR,AYI,LTBD,Aydin,37.85,27.85,57,1970,7,27.3,2.0,1970-07-01
17234,TR,AYI,LTBD,Aydin,37.85,27.85,57,1970,8,27.1,,1970-08-01
17234,TR,AYI,LTBD,Aydin,37.85,27.85,57,1970,9,23.2,5.0,1970-09-01
17234,TR,AYI,LTBD,Aydin,37.85,27.85,57,1970,10,17.0,78.0,1970-10-01
17234,TR,AYI,LTBD,Aydin,37.85,27.85,57,1970,11,14.0,61.0,1970-11-01
17234,TR,AYI,LTBD,Aydin,37.85,27.85,57,1970,12,8.4,58.0,1970-12-01
17234,TR,AYI,LTBD,Aydin,37.85,27.85,57,1971,1,11.7,134.0,1971-01-01
17234,TR,AYI,LTBD,Aydin,37.85,27.85,57,1971,2,9.0,165.0,1971-02-01
17234,TR,AYI,LTBD,Aydin,37.85,27.85,57,1971,3,12.0,100.0,1971-03-01
17234,TR,AYI,LTBD,Aydin,37.85,27.85,57,1971,4,14.8,13.0,1971-04-01
17234,TR,AYI,LTBD,Aydin,37.85,27.85,57,1971,5,21.5,12.0,1971-05-01
17234,TR,AYI,LTBD,Aydin,37.85,27.85,57,1971,6,25.3,7.0,1971-06-01
17234,TR,AYI,LTBD,Aydin,37.85,27.85,57,1971,7,26.6,10.0,1971-07-01
17234,TR,AYI,LTBD,Aydin,37.85,27.85,57,1971,8,27.6,7.0,1971-08-01
17234,TR,AYI,LTBD,Aydin,37.85,27.85,57,1971,9,23.2,,1971-09-01
17234,TR,AYI,LTBD,Aydin,37.85,27.85,57,1971,10,17.0,22.0,1971-10-01
17234,TR,AYI,LTBD,Aydin,37.85,27.85,57,1971,11,13.8,108.0,1971-11-01
17234,TR,AYI,LTBD,Aydin,37.85,27.85,57,1971,12,8.2,85.0,1971-12-01
17234,TR,AYI,LTBD,Aydin,37.85,27.85,57,1972,1,7.6,29.0,1972-01-01
17234,TR,AYI,LTBD,Aydin,37.85,27.85,57,1972,2,9.0,61.0,1972-02-01
17234,TR,AYI,LTBD,Aydin,37.85,27.85,57,1972,3,12.7,32.0,1972-03-01
17234,TR,AYI,LTBD,Aydin,37.85,27.85,57,1972,4,17.7,41.0,1972-04-01
17234,TR,AYI,LTBD,Aydin,37.85,27.85,57,1972,5,21.6,36.0,1972-05-01
17234,TR,AYI,LTBD,Aydin,37.85,27.85,57,1972,6,25.9,16.0,1972-06-01
17234,TR,AYI,LTBD,Aydin,37.85,27.85,57,1972,7,27.0,17.0,1972-07-01
17234,TR,AYI,LTBD,Aydin,37.85,27.85,57,1972,8,27.2,,1972-08-01
17234,TR,AYI,LTBD,Aydin,37.85,27.85,57,1972,9,24.3,13.0,1972-09-01
17234,TR,AYI,LTBD,Aydin,37.85,27.85,57,1972,10,17.0,80.0,1972-10-01
17234,TR,AYI,LTBD,Aydin,37.85,27.85,57,1972,11,13.7,27.0,1972-11-01
17234,TR,AYI,LTBD,Aydin,37.85,27.85,57,1972,12,7.6,8.0,1972-12-01
17234,TR,AYI,LTBD,Aydin,37.85,27.85,57,1973,1,7.4,84.0,1973-01-01
17234,TR,AYI,LTBD,Aydin,37.85,27.85,57,1973,2,10.9,111.0,1973-02-01
17234,TR,AYI,LTBD,Aydin,37.85,27.85,57,1973,3,10.9,34.0,1973-03-01
17234,TR,AYI,LTBD,Aydin,37.85,27.85,57,1973,4,14.9,56.0,1973-04-01
17234,TR,AYI,LTBD,Aydin,37.85,27.85,57,1973,5,22.0,1.0,1973-05-01
17234,TR,AYI,LTBD,Aydin,37.85,27.85,57,1973,6,24.9,11.0,1973-06-01
17234,TR,AYI,LTBD,Aydin,37.85,27.85,57,1973,7,28.7,,1973-07-01
17234,TR,AYI,LTBD,Aydin,37.85,27.85,57,1973,8,27.5,,1973-08-01
17234,TR,AYI,LTBD,Aydin,37.85,27.85,57,1973,9,25.0,30.0,1973-09-01
17234,TR,AYI,LTBD,Aydin,37.85,27.85,57,1973,10,19.9,23.0,1973-10-01
17234,TR,AYI,LTBD,Aydin,37.85,27.85,57,1973,11,12.0,35.0,1973-11-01
17234,TR,AYI,LTBD,Aydin,37.85,27.85,57,1973,12,10.7,76.0,1973-12-01
17234,TR,AYI,LTBD,Aydin,37.85,27.85,57,1974,1,5.6,25.0,1974-01-01
17234,TR,AYI,LTBD,Aydin,37.85,27.85,57,1974,2,10.5,167.0,1974-02-01
17234,TR,AYI,LTBD,Aydin,37.85,27.85,57,1974,3,13.5,105.0,1974-03-01
17234,TR,AYI,LTBD,Aydin,37.85,27.85,57,1974,4,14.4,39.0,1974-04-01
17234,TR,AYI,LTBD,Aydin,37.85,27.85,57,1974,5,19.9,29.0,1974-05-01
17234,TR,AYI,LTBD,Aydin,37.85,27.85,57,1974,6,25.3,0.9,1974-06-01
17234,TR,AYI,LTBD,Aydin,37.85,27.85,57,1974,7,27.8,,1974-07-01
17234,TR,AYI,LTBD,Aydin,37.85,27.85,57,1974,8,26.8,13.0,1974-08-01
17234,TR,AYI,LTBD,Aydin,37.85,27.85,57,1974,9,23.6,11.0,1974-09-01
17234,TR,AYI,LTBD,Aydin,37.85,27.85,57,1974,10,21.0,30.0,1974-10-01
17234,TR,AYI,LTBD,Aydin,37.85,27.85,57,1974,11,13.7,68.0,1974-11-01
17234,TR,AYI,LTBD,Aydin,37.85,27.85,57,1974,12,8.1,133.0,1974-12-01
17234,TR,AYI,LTBD,Aydin,37.85,27.85,57,1975,1,8.0,122.0,1975-01-01
17234,TR,AYI,LTBD,Aydin,37.85,27.85,57,1975,2,8.4,68.0,1975-02-01
17234,TR,AYI,LTBD,Aydin,37.85,27.85,57,1975,3,13.2,63.0,1975-03-01
17234,TR,AYI,LTBD,Aydin,37.85,27.85,57,1975,4,16.5,61.0,1975-04-01
17234,TR,AYI,LTBD,Aydin,37.85,27.85,57,1975,5,20.3,60.0,1975-05-01
17234,TR,AYI,LTBD,Aydin,37.85,27.85,57,1975,6,24.4,98.0,1975-06-01
17234,TR,AYI,LTBD,Aydin,37.85,27.85,57,1975,7,27.9,,1975-07-01
17234,TR,AYI,LTBD,Aydin,37.85,27.85,57,1975,8,26.6,0.1,1975-08-01
17234,TR,AYI,LTBD,Aydin,37.85,27.85,57,1975,9,24.1,4.0,1975-09-01
17234,TR,AYI,LTBD,Aydin,37.85,27.85,57,1975,10,18.9,35.0,1975-10-01
17234,TR,AYI,LTBD,Aydin,37.85,27.85,57,1975,11,13.4,97.0,1975-11-01
17234,TR,AYI,LTBD,Aydin,37.85,27.85,57,1975,12,8.2,79.0,1975-12-01
17234,TR,AYI,LTBD,Aydin,37.85,27.85,57,1976,1,8.0,53.0,1976-01-01
17234,TR,AYI,LTBD,Aydin,37.85,27.85,57,1976,2,7.8,54.0,1976-02-01
17234,TR,AYI,LTBD,Aydin,37.85,27.85,57,1976,3,12.5,13.0,1976-03-01
17234,TR,AYI,LTBD,Aydin,37.85,27.85,57,1976,4,15.7,100.0,1976-04-01
17234,TR,AYI,LTBD,Aydin,37.85,27.85,57,1976,5,20.9,32.0,1976-05-01
17234,TR,AYI,LTBD,Aydin,37.85,27.85,57,1976,6,24.1,27.0,1976-06-01
17234,TR,AYI,LTBD,Aydin,37.85,27.85,57,1976,7,26.0,31.0,1976-07-01
17234,TR,AYI,LTBD,Aydin,37.85,27.85,57,1976,8,24.5,,1976-08-01
17234,TR,AYI,LTBD,Aydin,37.85,27.85,57,1976,9,22.2,,1976-09-01
17234,TR,AYI,LTBD,Aydin,37.85,27.85,57,1976,10,19.5,132.0,1976-10-01
17234,TR,AYI,LTBD,Aydin,37.85,27.85,57,1976,11,13.9,69.0,1976-11-01
17234,TR,AYI,LTBD,Aydin,37.85,27.85,57,1976,12,9.5,74.0,1976-12-01
17234,TR,AYI,LTBD,Aydin,37.85,27.85,57,1977,1,8.5,92.0,1977-01-01
17234,TR,AYI,LTBD,Aydin,37.85,27.85,57,1977,2,12.0,99.0,1977-02-01
17234,TR,AYI,LTBD,Aydin,37.85,27.85,57,1977,3,11.7,50.0,1977-03-01
17234,TR,AYI,LTBD,Aydin,37.85,27.85,57,1977,4,15.9,68.0,1977-04-01
17234,TR,AYI,LTBD,Aydin,37.85,27.85,57,1977,5,21.7,0.1,1977-05-01
17234,TR,AYI,LTBD,Aydin,37.85,27.85,57,1977,6,25.1,26.0,1977-06-01
17234,TR,AYI,LTBD,Aydin,37.85,27.85,57,1977,7,27.8,0.1,1977-07-01
17234,TR,AYI,LTBD,Aydin,37.85,27.85,57,1977,8,27.3,,1977-08-01
17234,TR,AYI,LTBD,Aydin,37.85,27.85,57,1977,9,22.7,34.0,1977-09-01
17234,TR,AYI,LTBD,Aydin,37.85,27.85,57,1977,10,16.8,25.0,1977-10-01
17234,TR,AYI,LTBD,Aydin,37.85,27.85,57,1977,11,16.3,38.0,1977-11-01
17234,TR,AYI,LTBD,Aydin,37.85,27.85,57,1977,12,8.6,77.0,1977-12-01
17234,TR,AYI,LTBD,Aydin,37.85,27.85,57,1978,1,8.6,186.0,1978-01-01
17234,TR,AYI,LTBD,Aydin,37.85,27.85,57,1978,2,11.2,207.0,1978-02-01
17234,TR,AYI,LTBD,Aydin,37.85,27.85,57,1978,3,12.8,75.0,1978-03-01
17234,TR,AYI,LTBD,Aydin,37.85,27.85,57,1978,4,15.5,119.0,1978-04-01
17234,TR,AYI,LTBD,Aydin,37.85,27.85,57,1978,5,20.8,6.0,1978-05-01
17234,TR,AYI,LTBD,Aydin,37.85,27.85,57,1978,6,25.4,0.0,1978-06-01
17234,TR,AYI,LTBD,Aydin,37.85,27.85,57,1978,7,28.1,,1978-07-01
17234,TR,AYI,LTBD,Aydin,37.85,27.85,57,1978,8,25.6,,1978-08-01
17234,TR,AYI,LTBD,Aydin,37.85,27.85,57,1978,9,21.5,51.0,1978-09-01
17234,TR,AYI,LTBD,Aydin,37.85,27.85,57,1978,10,18.7,99.0,1978-10-01
17234,TR,AYI,LTBD,Aydin,37.85,27.85,57,1978,11,12.2,27.0,1978-11-01
17234,TR,AYI,LTBD,Aydin,37.85,27.85,57,1978,12,10.6,117.0,1978-12-01
17234,TR,AYI,LTBD,Aydin,37.85,27.85,57,1979,1,8.8,156.0,1979-01-01
17234,TR,AYI,LTBD,Aydin,37.85,27.85,57,1979,2,11.0,56.0,1979-02-01
17234,TR,AYI,LTBD,Aydin,37.85,27.85,57,1979,3,13.9,41.0,1979-03-01
17234,TR,AYI,LTBD,Aydin,37.85,27.85,57,1979,4,15.5,37.0,1979-04-01
17234,TR,AYI,LTBD,Aydin,37.85,27.85,57,1979,5,20.4,50.0,1979-05-01
17234,TR,AYI,LTBD,Aydin,37.85,27.85,57,1979,6,25.5,23.0,1979-06-01
17234,TR,AYI,LTBD,Aydin,37.85,27.85,57,1979,7,26.6,6.0,1979-07-01
17234,TR,AYI,LTBD,Aydin,37.85,27.85,57,1979,8,26.5,,1979-08-01
17234,TR,AYI,LTBD,Aydin,37.85,27.85,57,1979,9,24.4,,1979-09-01
17234,TR,AYI,LTBD,Aydin,37.85,27.85,57,1979,10,19.5,64.0,1979-10-01
17234,TR,AYI,LTBD,Aydin,37.85,27.85,57,1979,11,13.9,125.0,1979-11-01
17234,TR,AYI,LTBD,Aydin,37.85,27.85,57,1979,12,10.0,115.0,1979-12-01
17234,TR,AYI,LTBD,Aydin,37.85,27.85,57,1980,1,7.5,115.0,1980-01-01
17234,TR,AYI,LTBD,Aydin,37.85,27.85,57,1980,2,8.5,18.0,1980-02-01
17234,TR,AYI,LTBD,Aydin,37.85,27.85,57,1980,3,11.3,95.0,1980-03-01
17234,TR,AYI,LTBD,Aydin,37.85,27.85,57,1980,4,14.7,28.0,1980-04-01
17234,TR,AYI,LTBD,Aydin,37.85,27.85,57,1980,5,19.8,36.0,1980-05-01
17234,TR,AYI,LTBD,Aydin,37.85,27.85,57,1980,6,24.8,58.0,1980-06-01
17234,TR,AYI,LTBD,Aydin,37.85,27.85,57,1980,7,27.7,,1980-07-01
17234,TR,AYI,LTBD,Aydin,37.85,27.85,57,1980,8,27.2,,1980-08-01
17234,TR,AYI,LTBD,Aydin,37.85,27.85,57,1980,9,22.5,2.0,1980-09-01
17234,TR,AYI,LTBD,Aydin,37.85,27.85,57,1980,10,20.4,38.0,1980-10-01
17234,TR,AYI,LTBD,Aydin,37.85,27.85,57,1980,11,15.4,90.0,1980-11-01
17234,TR,AYI,LTBD,Aydin,37.85,27.85,57,1980,12,10.3,217.0,1980-12-01
17234,TR,AYI,LTBD,Aydin,37.85,27.85,57,1981,1,7.7,264.0,1981-01-01
17234,TR,AYI,LTBD,Aydin,37.85,27.85,57,1981,2,9.0,72.0,1981-02-01
17234,TR,AYI,LTBD,Aydin,37.85,27.85,57,1981,3,13.7,56.0,1981-03-01
17234,TR,AYI,LTBD,Aydin,37.85,27.85,57,1981,4,16.0,18.0,1981-04-01
17234,TR,AYI,LTBD,Aydin,37.85,27.85,57,1981,5,18.8,36.0,1981-05-01
17234,TR,AYI,LTBD,Aydin,37.85,27.85,57,1981,6,26.5,22.0,1981-06-01
17234,TR,AYI,LTBD,Aydin,37.85,27.85,57,1981,7,27.3,,1981-07-01
17234,TR,AYI,LTBD,Aydin,37.85,27.85,57,1981,8,27.0,0.8,1981-08-01
17234,TR,AYI,LTBD,Aydin,37.85,27.85,57,1981,9,24.1,8.0,1981-09-01
17234,TR,AYI,LTBD,Aydin,37.85,27.85,57,1981,10,21.7,4.0,1981-10-01
17234,TR,AYI,LTBD,Aydin,37.85,27.85,57,1981,11,11.9,172.0,1981-11-01
17234,TR,AYI,LTBD,Aydin,37.85,27.85,57,1981,12,12.6,280.0,1981-12-01
17234,TR,AYI,LTBD,Aydin,37.85,27.85,57,1982,1,9.9,68.0,1982-01-01
17234,TR,AYI,LTBD,Aydin,37.85,27.85,57,1982,2,7.9,47.0,1982-02-01
17234,TR,AYI,LTBD,Aydin,37.85,27.85,57,1982,3,11.1,115.0,1982-03-01
17234,TR,AYI,LTBD,Aydin,37.85,27.85,57,1982,4,15.7,73.0,1982-04-01
17234,TR,AYI,LTBD,Aydin,37.85,27.85,57,1982,5,20.2,34.0,1982-05-01
17234,TR,AYI,LTBD,Aydin,37.85,27.85,57,1982,6,25.1,24.0,1982-06-01
17234,TR,AYI,LTBD,Aydin,37.85,27.85,57,1982,7,26.3,2.0,1982-07-01
17234,TR,AYI,LTBD,Aydin,37.85,27.85,57,1982,8,26.8,,1982-08-01
17234,TR,AYI,LTBD,Aydin,37.85,27.85,57,1982,9,25.3,12.0,1982-09-01
17234,TR,AYI,LTBD,Aydin,37.85,27.85,57,1982,10,19.3,125.0,1982-10-01
17234,TR,AYI,LTBD,Aydin,37.85,27.85,57,1982,11,11.7,47.0,1982-11-01
17234,TR,AYI,LTBD,Aydin,37.85,27.85,57,1982,12,8.5,114.0,1982-12-01
17234,TR,AYI,LTBD,Aydin,37.85,27.85,57,1983,1,5.6,59.0,1983-01-01
17234,TR,AYI,LTBD,Aydin,37.85,27.85,57,1983,2,6.9,119.0,1983-02-01
17234,TR,AYI,LTBD,Aydin,37.85,27.85,57,1983,3,11.1,63.0,1983-03-01
17234,TR,AYI,LTBD,Aydin,37.85,27.85,57,1983,4,16.9,47.0,1983-04-01
17234,TR,AYI,LTBD,Aydin,37.85,27.85,57,1983,5,21.0,35.0,1983-05-01
17234,TR,AYI,LTBD,Aydin,37.85,27.85,57,1983,6,23.5,20.0,1983-06-01
17234,TR,AYI,LTBD,Aydin,37.85,27.85,57,1983,7,26.8,3.0,1983-07-01
17234,TR,AYI,LTBD,Aydin,37.85,27.85,57,1983,8,25.6,0.0,1983-08-01
17234,TR,AYI,LTBD,Aydin,37.85,27.85,57,1983,9,22.9,0.8,1983-09-01
17234,TR,AYI,LTBD,Aydin,37.85,27.85,57,1983,10,16.9,10.0,1983-10-01
17234,TR,AYI,LTBD,Aydin,37.85,27.85,57,1983,11,13.1,91.0,1983-11-01
17234,TR,AYI,LTBD,Aydin,37.85,27.85,57,1983,12,10.0,159.0,1983-12-01
17234,TR,AYI,LTBD,Aydin,37.85,27.85,57,1984,1,9.0,165.0,1984-01-01
17234,TR,AYI,LTBD,Aydin,37.85,27.85,57,1984,2,9.8,124.0,1984-02-01
17234,TR,AYI,LTBD,Aydin,37.85,27.85,57,1984,3,11.2,141.0,1984-03-01
17234,TR,AYI,LTBD,Aydin,37.85,27.85,57,1984,4,13.6,99.0,1984-04-01
17234,TR,AYI,LTBD,Aydin,37.85,27.85,57,1984,5,21.2,3.0,1984-05-01
17234,TR,AYI,LTBD,Aydin,37.85,27.85,57,1984,6,24.5,0.0,1984-06-01
17234,TR,AYI,LTBD,Aydin,37.85,27.85,57,1984,7,26.7,0.0,1984-07-01
17234,TR,AYI,LTBD,Aydin,37.85,27.85,57,1984,8,24.7,0.0,1984-08-01
17234,TR,AYI,LTBD,Aydin,37.85,27.85,57,1984,9,24.0,0.0,1984-09-01
17234,TR,AYI,LTBD,Aydin,37.85,27.85,57,1984,10,19.5,0.0,1984-10-01
17234,TR,AYI,LTBD,Aydin,37.85,27.85,57,1984,11,13.5,133.0,1984-11-01
17234,TR,AYI,LTBD,Aydin,37.85,27.85,57,1984,12,8.0,46.0,1984-12-01
17234,TR,AYI,LTBD,Aydin,37.85,27.85,57,1985,1,10.5,173.0,1985-01-01
17234,TR,AYI,LTBD,Aydin,37.85,27.85,57,1985,2,5.8,87.0,1985-02-01
17234,TR,AYI,LTBD,Aydin,37.85,27.85,57,1985,3,11.6,40.0,1985-03-01
17234,TR,AYI,LTBD,Aydin,37.85,27.85,57,1985,4,16.4,20.0,1985-04-01
17234,TR,AYI,LTBD,Aydin,37.85,27.85,57,1985,5,22.2,24.0,1985-05-01
17234,TR,AYI,LTBD,Aydin,37.85,27.85,57,1985,6,24.9,0.0,1985-06-01
17234,TR,AYI,LTBD,Aydin,37.85,27.85,57,1985,7,27.1,0.0,1985-07-01
17234,TR,AYI,LTBD,Aydin,37.85,27.85,57,1985,8,27.4,0.0,1985-08-01
17234,TR,AYI,LTBD,Aydin,37.85,27.85,57,1985,9,23.8,0.0,1985-09-01
17234,TR,AYI,LTBD,Aydin,37.85,27.85,57,1985,10,16.2,24.0,1985-10-01
17234,TR,AYI,LTBD,Aydin,37.85,27.85,57,1985,11,15.4,76.0,1985-11-01
17234,TR,AYI,LTBD,Aydin,37.85,27.85,57,1985,12,9.2,65.0,1985-12-01
17234,TR,AYI,LTBD,Aydin,37.85,27.85,57,1986,1,10.1,209.0,1986-01-01
17234,TR,AYI,LTBD,Aydin,37.85,27.85,57,1986,2,10.5,182.0,1986-02-01
17234,TR,AYI,LTBD,Aydin,37.85,27.85,57,1986,3,12.1,16.0,1986-03-01
17234,TR,AYI,LTBD,Aydin,37.85,27.85,57,1986,4,17.7,22.0,1986-04-01
17234,TR,AYI,LTBD,Aydin,37.85,27.85,57,1986,5,20.1,21.0,1986-05-01
17234,TR,AYI,LTBD,Aydin,37.85,27.85,57,1986,6,24.7,58.0,1986-06-01
17234,TR,AYI,LTBD,Aydin,37.85,27.85,57,1986,7,27.5,0.0,1986-07-01
17234,TR,AYI,LTBD,Aydin,37.85,27.85,57,1986,8,27.6,,1986-08-01
17234,TR,AYI,LTBD,Aydin,37.85,27.85,57,1986,9,24.2,5.0,1986-09-01
17234,TR,AYI,LTBD,Aydin,37.85,27.85,57,1986,10,17.7,11.0,1986-10-01
17234,TR,AYI,LTBD,Aydin,37.85,27.85,57,1986,11,10.6,30.0,1986-11-01
17234,TR,AYI,LTBD,Aydin,37.85,27.85,57,1986,12,7.8,153.0,1986-12-01
17234,TR,AYI,LTBD,Aydin,37.85,27.85,57,1987,1,9.2,162.0,1987-01-01
17234,TR,AYI,LTBD,Aydin,37.85,27.85,57,1987,2,9.8,58.0,1987-02-01
17234,TR,AYI,LTBD,Aydin,37.85,27.85,57,1987,3,7.9,37.0,1987-03-01
17234,TR,AYI,LTBD,Aydin,37.85,27.85,57,1987,4,14.4,59.0,1987-04-01
17234,TR,AYI,LTBD,Aydin,37.85,27.85,57,1987,5,19.1,8.0,1987-05-01
17234,TR,AYI,LTBD,Aydin,37.85,27.85,57,1987,6,25.3,2.0,1987-06-01
17234,TR,AYI,LTBD,Aydin,37.85,27.85,57,1987,7,28.5,0.0,1987-07-01
17234,TR,AYI,LTBD,Aydin,37.85,27.85,57,1987,8,26.5,,1987-08-01
17234,TR,AYI,LTBD,Aydin,37.85,27.85,57,1987,9,25.1,0.0,1987-09-01
17234,TR,AYI,LTBD,Aydin,37.85,27.85,57,1987,10,17.5,2.0,1987-10-01
17234,TR,AYI,LTBD,Aydin,37.85,27.85,57,1987,11,12.3,51.0,1987-11-01
17234,TR,AYI,LTBD,Aydin,37.85,27.85,57,1987,12,8.5,77.0,1987-12-01
17234,TR,AYI,LTBD,Aydin,37.85,27.85,57,1988,1,8.6,36.0,1988-01-01
17234,TR,AYI,LTBD,Aydin,37.85,27.85,57,1988,2,8.7,104.0,1988-02-01
17234,TR,AYI,LTBD,Aydin,37.85,27.85,57,1988,3,10.1,167.0,1988-03-01
17234,TR,AYI,LTBD,Aydin,37.85,27.85,57,1988,4,15.2,18.0,1988-04-01
17234,TR,AYI,LTBD,Aydin,37.85,27.85,57,1988,5,21.4,0.0,1988-05-01
17234,TR,AYI,LTBD,Aydin,37.85,27.85,57,1988,6,25.7,,1988-06-01
17234,TR,AYI,LTBD,Aydin,37.85,27.85,57,1988,7,29.8,,1988-07-01
17234,TR,AYI,LTBD,Aydin,37.85,27.85,57,1988,8,27.5,0.0,1988-08-01
17234,TR,AYI,LTBD,Aydin,37.85,27.85,57,1988,9,24.1,,1988-09-01
17234,TR,AYI,LTBD,Aydin,37.85,27.85,57,1988,10,17.4,13.0,1988-10-01
17234,TR,AYI,LTBD,Aydin,37.85,27.85,57,1988,11,10.0,116.0,1988-11-01
17234,TR,AYI,LTBD,Aydin,37.85,27.85,57,1988,12,8.8,133.0,1988-12-01
17234,TR,AYI,LTBD,Aydin,37.85,27.85,57,1989,1,6.0,18.0,1989-01-01
17234,TR,AYI,LTBD,Aydin,37.85,27.85,57,1989,2,8.9,11.0,1989-02-01
17234,TR,AYI,LTBD,Aydin,37.85,27.85,57,1989,3,13.5,77.0,1989-03-01
17234,TR,AYI,LTBD,Aydin,37.85,27.85,57,1989,4,19.1,0.0,1989-04-01
17234,TR,AYI,LTBD,Aydin,37.85,27.85,57,1989,5,20.0,44.0,1989-05-01
17234,TR,AYI,LTBD,Aydin,37.85,27.85,57,1989,6,23.9,7.0,1989-06-01
17234,TR,AYI,LTBD,Aydin,37.85,27.85,57,1989,7,27.4,0.0,1989-07-01
17234,TR,AYI,LTBD,Aydin,37.85,27.85,57,1989,8,26.8,0.0,1989-08-01
17234,TR,AYI,LTBD,Aydin,37.85,27.85,57,1989,9,23.5,0.1,1989-09-01
17234,TR,AYI,LTBD,Aydin,37.85,27.85,57,1989,10,16.7,49.0,1989-10-01
17234,TR,AYI,LTBD,Aydin,37.85,27.85,57,1989,11,12.6,114.0,1989-11-01
17234,TR,AYI,LTBD,Aydin,37.85,27.85,57,1989,12,8.6,60.0,1989-12-01
17234,TR,AYI,LTBD,Aydin,37.85,27.85,57,1990,1,6.0,6.0,1990-01-01
17234,TR,AYI,LTBD,Aydin,37.85,27.85,57,1990,2,9.3,40.0,1990-02-01
17234,TR,AYI,LTBD,Aydin,37.85,27.85,57,1990,3,13.2,19.0,1990-03-01
17234,TR,AYI,LTBD,Aydin,37.85,27.85,57,1990,4,16.0,98.0,1990-04-01
17234,TR,AYI,LTBD,Aydin,37.85,27.85,57,1990,5,20.4,23.0,1990-05-01
17234,TR,AYI,LTBD,Aydin,37.85,27.85,57,1990,6,25.2,2.0,1990-06-01
17234,TR,AYI,LTBD,Aydin,37.85,27.85,57,1990,7,28.5,0.0,1990-07-01
17234,TR,AYI,LTBD,Aydin,37.85,27.85,57,1990,8,26.6,0.0,1990-08-01
17234,TR,AYI,LTBD,Aydin,37.85,27.85,57,1990,9,22.5,0.0,1990-09-01
17234,TR,AYI,LTBD,Aydin,37.85,27.85,57,1990,10,18.9,8.0,1990-10-01
17234,TR,AYI,LTBD,Aydin,37.85,27.85,57,1990,11,15.2,15.0,1990-11-01
17234,TR,AYI,LTBD,Aydin,37.85,27.85,57,1990,12,10.2,123.0,1990-12-01
17234,TR,AYI,LTBD,Aydin,37.85,27.85,57,1991,1,7.4,48.0,1991-01-01
17234,TR,AYI,LTBD,Aydin,37.85,27.85,57,1991,2,8.9,51.0,1991-02-01
17234,TR,AYI,LTBD,Aydin,37.85,27.85,57,1991,3,13.5,23.0,1991-03-01
17234,TR,AYI,LTBD,Aydin,37.85,27.85,57,1991,4,15.6,29.0,1991-04-01
17234,TR,AYI,LTBD,Aydin,37.85,27.85,57,1991,5,18.3,74.0,1991-05-01
17234,TR,AYI,LTBD,Aydin,37.85,27.85,57,1991,6,26.0,0.0,1991-06-01
17234,TR,AYI,LTBD,Aydin,37.85,27.85,57,1991,7,27.2,31.0,1991-07-01
17234,TR,AYI,LTBD,Aydin,37.85,27.85,57,1991,8,26.9,0.0,1991-08-01
17234,TR,AYI,LTBD,Aydin,37.85,27.85,57,1991,9,22.9,0.0,1991-09-01
17234,TR,AYI,LTBD,Aydin,37.85,27.85,57,1991,10,18.8,23.0,1991-10-01
17234,TR,AYI,LTBD,Aydin,37.85,27.85,57,1991,11,13.5,20.0,1991-11-01
17234,TR,AYI,LTBD,Aydin,37.85,27.85,57,1991,12,5.8,96.0,1991-12-01
17234,TR,AYI,LTBD,Aydin,37.85,27.85,57,1992,1,5.6,0.0,1992-01-01
17234,TR,AYI,LTBD,Aydin,37.85,27.85,57,1992,2,5.9,12.0,1992-02-01
17234,TR,AYI,LTBD,Aydin,37.85,27.85,57,1992,3,10.3,60.0,1992-03-01
17234,TR,AYI,LTBD,Aydin,37.85,27.85,57,1992,4,15.7,50.0,1992-04-01
17234,TR,AYI,LTBD,Aydin,37.85,27.85,57,1992,5,20.3,3.0,1992-05-01
17234,TR,AYI,LTBD,Aydin,37.85,27.85,57,1992,6,25.3,0.3,1992-06-01
17234,TR,AYI,LTBD,Aydin,37.85,27.85,57,1992,7,26.7,23.0,1992-07-01
17234,TR,AYI,LTBD,Aydin,37.85,27.85,57,1992,8,27.5,18.0,1992-08-01
17234,TR,AYI,LTBD,Aydin,37.85,27.85,57,1992,9,22.6,0.0,1992-09-01
17234,TR,AYI,LTBD,Aydin,37.85,27.85,57,1992,10,20.9,36.0,1992-10-01
17234,TR,AYI,LTBD,Aydin,37.85,27.85,57,1992,11,12.0,168.0,1992-11-01
17234,TR,AYI,LTBD,Aydin,37.85,27.85,57,1992,12,6.2,60.0,1992-12-01
17234,TR,AYI,LTBD,Aydin,37.85,27.85,57,1993,1,7.1,51.0,1993-01-01
17234,TR,AYI,LTBD,Aydin,37.85,27.85,57,1993,2,6.8,67.0,1993-02-01
17234,TR,AYI,LTBD,Aydin,37.85,27.85,57,1993,3,11.0,106.0,1993-03-01
17234,TR,AYI,LTBD,Aydin,37.85,27.85,57,1993,4,15.0,26.0,1993-04-01
17234,TR,AYI,LTBD,Aydin,37.85,27.85,57,1993,5,19.5,,1993-05-01
17234,TR,AYI,LTBD,Aydin,37.85,27.85,57,1993,6,25.5,2.0,1993-06-01
17234,TR,AYI,LTBD,Aydin,37.85,27.85,57,1993,7,27.3,,1993-07-01
17234,TR,AYI,LTBD,Aydin,37.85,27.85,57,1993,8,26.9,,1993-08-01
17234,TR,AYI,LTBD,Aydin,37.85,27.85,57,1993,9,23.7,,1993-09-01
17234,TR,AYI,LTBD,Aydin,37.85,27.85,57,1993,10,20.8,6.0,1993-10-01
17234,TR,AYI,LTBD,Aydin,37.85,27.85,57,1993,11,12.3,,1993-11-01
17234,TR,AYI,LTBD,Aydin,37.85,27.85,57,1993,12,10.7,57.0,1993-12-01
17234,TR,AYI,LTBD,Aydin,37.85,27.85,57,1994,1,9.9,,1994-01-01
17234,TR,AYI,LTBD,Aydin,37.85,27.85,57,1994,2,9.1,,1994-02-01
17234,TR,AYI,LTBD,Aydin,37.85,27.85,57,1994,3,11.7,,1994-03-01
17234,TR,AYI,LTBD,Aydin,37.85,27.85,57,1994,4,17.1,30.0,1994-04-01
17234,TR,AYI,LTBD,Aydin,37.85,27.85,57,1994,5,21.7,48.0,1994-05-01
17234,TR,AYI,LTBD,Aydin,37.85,27.85,57,1994,6,25.5,,1994-06-01
17234,TR,AYI,LTBD,Aydin,37.85,27.85,57,1994,7,28.4,,1994-07-01
17234,TR,AYI,LTBD,Aydin,37.85,27.85,57,1994,8,28.2,35.0,1994-08-01
17234,TR,AYI,LTBD,Aydin,37.85,27.85,57,1994,9,26.5,101.0,1994-09-01
17234,TR,AYI,LTBD,Aydin,37.85,27.85,57,1994,10,20.8,73.0,1994-10-01
17234,TR,AYI,LTBD,Aydin,37.85,27.85,57,1994,11,11.5,119.0,1994-11-01
17234,TR,AYI,LTBD,Aydin,37.85,27.85,57,1994,12,7.5,105.0,1994-12-01
17234,TR,AYI,LTBD,Aydin,37.85,27.85,57,1995,1,9.1,145.0,1995-01-01
17234,TR,AYI,LTBD,Aydin,37.85,27.85,57,1995,2,10.7,132.0,1995-02-01
17234,TR,AYI,LTBD,Aydin,37.85,27.85,57,1995,3,11.7,103.0,1995-03-01
17234,TR,AYI,LTBD,Aydin,37.85,27.85,57,1995,4,14.4,35.0,1995-04-01
17234,TR,AYI,LTBD,Aydin,37.85,27.85,57,1995,5,20.7,31.0,1995-05-01
17234,TR,AYI,LTBD,Aydin,37.85,27.85,57,1995,6,26.8,0.0,1995-06-01
17234,TR,AYI,LTBD,Aydin,37.85,27.85,57,1995,7,27.8,0.0,1995-07-01
17234,TR,AYI,LTBD,Aydin,37.85,27.85,57,1995,8,26.1,0.3,1995-08-01
17234,TR,AYI,LTBD,Aydin,37.85,27.85,57,1995,9,23.8,5.0,1995-09-01
17234,TR,AYI,LTBD,Aydin,37.85,27.85,57,1995,10,17.1,0.0,1995-10-01
17234,TR,AYI,LTBD,Aydin,37.85,27.85,57,1995,11,10.4,47.0,1995-11-01
17234,TR,AYI,LTBD,Aydin,37.85,27.85,57,1995,12,10.5,43.0,1995-12-01
17234,TR,AYI,LTBD,Aydin,37.85,27.85,57,1996,1,7.4,23.0,1996-01-01
17234,TR,AYI,LTBD,Aydin,37.85,27.85,57,1996,2,10.2,166.0,1996-02-01
17234,TR,AYI,LTBD,Aydin,37.85,27.85,57,1996,3,9.8,,1996-03-01
17234,TR,AYI,LTBD,Aydin,37.85,27.85,57,1996,4,13.9,58.0,1996-04-01
17234,TR,AYI,LTBD,Aydin,37.85,27.85,57,1996,5,22.6,,1996-05-01
17234,TR,AYI,LTBD,Aydin,37.85,27.85,57,1996,6,26.6,0.0,1996-06-01
17234,TR,AYI,LTBD,Aydin,37.85,27.85,57,1996,7,28.1,0.0,1996-07-01
17234,TR,AYI,LTBD,Aydin,37.85,27.85,57,1996,8,27.0,0.0,1996-08-01
17234,TR,AYI,LTBD,Aydin,37.85,27.85,57,1996,9,21.8,61.0,1996-09-01
17234,TR,AYI,LTBD,Aydin,37.85,27.85,57,1996,10,16.2,9.0,1996-10-01
17234,TR,AYI,LTBD,Aydin,37.85,27.85,57,1996,11,14.5,,1996-11-01
17234,TR,AYI,LTBD,Aydin,37.85,27.85,57,1996,12,11.8,168.0,1996-12-01
17234,TR,AYI,LTBD,Aydin,37.85,27.85,57,1997,1,9.5,85.0,1997-01-01
17234,TR,AYI,LTBD,Aydin,37.85,27.85,57,1997,2,8.2,,1997-02-01
17234,TR,AYI,LTBD,Aydin,37.85,27.85,57,1997,3,9.9,83.0,1997-03-01
17234,TR,AYI,LTBD,Aydin,37.85,27.85,57,1997,4,11.7,107.0,1997-04-01
17234,TR,AYI,LTBD,Aydin,37.85,27.85,57,1997,5,21.9,6.0,1997-05-01
17234,TR,AYI,LTBD,Aydin,37.85,27.85,57,1997,6,26.0,0.0,1997-06-01
17234,TR,AYI,LTBD,Aydin,37.85,27.85,57,1997,7,28.0,0.0,1997-07-01
17234,TR,AYI,LTBD,Aydin,37.85,27.85,57,1997,8,25.5,3.0,1997-08-01
17234,TR,AYI,LTBD,Aydin,37.85,27.85,57,1997,9,22.0,,1997-09-01
17234,TR,AYI,LTBD,Aydin,37.85,27.85,57,1997,10,17.9,36.0,1997-10-01
17234,TR,AYI,LTBD,Aydin,37.85,27.85,57,1997,11,14.2,,1997-11-01
17234,TR,AYI,LTBD,Aydin,37.85,27.85,57,1997,12,9.6,268.0,1997-12-01
17234,TR,AYI,LTBD,Aydin,37.85,27.85,57,1998,1,8.4,,1998-01-01
17234,TR,AYI,LTBD,Aydin,37.85,27.85,57,1998,2,10.3,,1998-02-01
17234,TR,AYI,LTBD,Aydin,37.85,27.85,57,1998,3,9.5,,1998-03-01
17234,TR,AYI,LTBD,Aydin,37.85,27.85,57,1998,4,16.7,57.0,1998-04-01
17234,TR,AYI,LTBD,Aydin,37.85,27.85,57,1998,5,19.7,151.0,1998-05-01
17234,TR,AYI,LTBD,Aydin,37.85,27.85,57,1998,6,25.8,0.0,1998-06-01
17234,TR,AYI,LTBD,Aydin,37.85,27.85,57,1998,7,28.7,0.0,1998-07-01
17234,TR,AYI,LTBD,Aydin,37.85,27.85,57,1998,8,28.7,0.0,1998-08-01
17234,TR,AYI,LTBD,Aydin,37.85,27.85,57,1998,9,23.1,43.0,1998-09-01
17234,TR,AYI,LTBD,Aydin,37.85,27.85,57,1998,10,19.2,25.0,1998-10-01
17234,TR,AYI,LTBD,Aydin,37.85,27.85,57,1998,11,14.5,,1998-11-01
17234,TR,AYI,LTBD,Aydin,37.85,27.85,57,1998,12,9.5,114.0,1998-12-01
17234,TR,AYI,LTBD,Aydin,37.85,27.85,57,1999,1,9.4,91.0,1999-01-01
17234,TR,AYI,LTBD,Aydin,37.85,27.85,57,1999,2,9.1,139.0,1999-02-01
17234,TR,AYI,LTBD,Aydin,37.85,27.85,57,1999,3,12.3,64.0,1999-03-01
17234,TR,AYI,LTBD,Aydin,37.85,27.85,57,1999,4,16.4,,1999-04-01
17234,TR,AYI,LTBD,Aydin,37.85,27.85,57,1999,5,22.5,5.0,1999-05-01
17234,TR,AYI,LTBD,Aydin,37.85,27.85,57,1999,6,26.5,0.0,1999-06-01
17234,TR,AYI,LTBD,Aydin,37.85,27.85,57,1999,7,28.5,0.3,1999-07-01
17234,TR,AYI,LTBD,Aydin,37.85,27.85,57,1999,8,28.3,0.0,1999-08-01
17234,TR,AYI,LTBD,Aydin,37.85,27.85,57,1999,9,23.9,6.0,1999-09-01
17234,TR,AYI,LTBD,Aydin,37.85,27.85,57,1999,10,19.9,0.0,1999-10-01
17234,TR,AYI,LTBD,Aydin,37.85,27.85,57,1999,11,13.6,9.0,1999-11-01
17234,TR,AYI,LTBD,Aydin,37.85,27.85,57,1999,12,11.2,,1999-12-01
17234,TR,AYI,LTBD,Aydin,37.85,27.85,57,2000,1,4.9,,2000-01-01
17234,TR,AYI,LTBD,Aydin,37.85,27.85,57,2000,2,8.1,,2000-02-01
17234,TR,AYI,LTBD,Aydin,37.85,27.85,57,2000,3,10.3,,2000-03-01
17234,TR,AYI,LTBD,Aydin,37.85,27.85,57,2000,4,17.1,,2000-04-01
17234,TR,AYI,LTBD,Aydin,37.85,27.85,57,2000,5,21.4,,2000-05-01
17234,TR,AYI,LTBD,Aydin,37.85,27.85,57,2000,6,26.7,,2000-06-01
17234,TR,AYI,LTBD,Aydin,37.85,27.85,57,2000,7,29.2,,2000-07-01
17234,TR,AYI,LTBD,Aydin,37.85,27.85,57,2000,8,27.9,,2000-08-01
17234,TR,AYI,LTBD,Aydin,37.85,27.85,57,2000,9,23.7,,2000-09-01
17234,TR,AYI,LTBD,Aydin,37.85,27.85,57,2000,10,18.1,,2000-10-01
17234,TR,AYI,LTBD,Aydin,37.85,27.85,57,2000,11,14.9,,2000-11-01
17234,TR,AYI,LTBD,Aydin,37.85,27.85,57,2000,12,9.3,,2000-12-01
17234,TR,AYI,LTBD,Aydin,37.85,27.85,57,2001,1,10.2,,2001-01-01
17234,TR,AYI,LTBD,Aydin,37.85,27.85,57,2001,2,9.7,,2001-02-01
17234,TR,AYI,LTBD,Aydin,37.85,27.85,57,2001,3,16.2,,2001-03-01
17234,TR,AYI,LTBD,Aydin,37.85,27.85,57,2001,4,16.3,,2001-04-01
17234,TR,AYI,LTBD,Aydin,37.85,27.85,57,2001,5,21.2,,2001-05-01
17234,TR,AYI,LTBD,Aydin,37.85,27.85,57,2001,6,26.2,,2001-06-01
17234,TR,AYI,LTBD,Aydin,37.85,27.85,57,2001,7,29.6,,2001-07-01
17234,TR,AYI,LTBD,Aydin,37.85,27.85,57,2001,8,28.8,,2001-08-01
17234,TR,AYI,LTBD,Aydin,37.85,27.85,57,2001,9,24.1,,2001-09-01
17234,TR,AYI,LTBD,Aydin,37.85,27.85,57,2001,10,19.6,,2001-10-01
17234,TR,AYI,LTBD,Aydin,37.85,27.85,57,2001,11,13.0,,2001-11-01
17234,TR,AYI,LTBD,Aydin,37.85,27.85,57,2001,12,8.0,,2001-12-01
17234,TR,AYI,LTBD,Aydin,37.85,27.85,57,2002,1,6.8,,2002-01-01
17234,TR,AYI,LTBD,Aydin,37.85,27.85,57,2002,2,11.6,,2002-02-01
17234,TR,AYI,LTBD,Aydin,37.85,27.85,57,2002,3,13.2,,2002-03-01
17234,TR,AYI,LTBD,Aydin,37.85,27.85,57,2002,4,14.9,,2002-04-01
17234,TR,AYI,LTBD,Aydin,37.85,27.85,57,2002,5,20.9,,2002-05-01
17234,TR,AYI,LTBD,Aydin,37.85,27.85,57,2002,6,26.2,,2002-06-01
17234,TR,AYI,LTBD,Aydin,37.85,27.85,57,2002,7,27.8,,2002-07-01
17234,TR,AYI,LTBD,Aydin,37.85,27.85,57,2002,8,27.1,,2002-08-01
17234,TR,AYI,LTBD,Aydin,37.85,27.85,57,2002,9,22.5,43.0,2002-09-01
17234,TR,AYI,LTBD,Aydin,37.85,27.85,57,2002,10,18.0,,2002-10-01
17234,TR,AYI,LTBD,Aydin,37.85,27.85,57,2002,11,13.5,103.0,2002-11-01
17234,TR,AYI,LTBD,Aydin,37.85,27.85,57,2002,12,7.5,,2002-12-01
17234,TR,AYI,LTBD,Aydin,37.85,27.85,57,2003,1,11.5,,2003-01-01
17234,TR,AYI,LTBD,Aydin,37.85,27.85,57,2003,2,5.7,,2003-02-01
17234,TR,AYI,LTBD,Aydin,37.85,27.85,57,2003,3,9.7,,2003-03-01
17234,TR,AYI,LTBD,Aydin,37.85,27.85,57,2003,4,14.1,,2003-04-01
17234,TR,AYI,LTBD,Aydin,37.85,27.85,57,2003,5,22.4,,2003-05-01
17234,TR,AYI,LTBD,Aydin,37.85,27.85,57,2003,6,26.8,,2003-06-01
17234,TR,AYI,LTBD,Aydin,37.85,27.85,57,2003,7,28.2,0.0,2003-07-01
17234,TR,AYI,LTBD,Aydin,37.85,27.85,57,2003,8,28.0,,2003-08-01
17234,TR,AYI,LTBD,Aydin,37.85,27.85,57,2003,9,23.3,,2003-09-01
17234,TR,AYI,LTBD,Aydin,37.85,27.85,57,2003,10,19.6,,2003-10-01
17234,TR,AYI,LTBD,Aydin,37.85,27.85,57,2003,11,13.3,,2003-11-01
17234,TR,AYI,LTBD,Aydin,37.85,27.85,57,2003,12,9.2,,2003-12-01
17234,TR,AYI,LTBD,Aydin,37.85,27.85,57,2004,1,7.3,,2004-01-01
17234,TR,AYI,LTBD,Aydin,37.85,27.85,57,2004,2,8.7,,2004-02-01
17234,TR,AYI,LTBD,Aydin,37.85,27.85,57,2004,3,12.5,,2004-03-01
17234,TR,AYI,LTBD,Aydin,37.85,27.85,57,2004,4,16.0,,2004-04-01
17234,TR,AYI,LTBD,Aydin,37.85,27.85,57,2004,5,19.8,,2004-05-01
17234,TR,AYI,LTBD,Aydin,37.85,27.85,57,2004,6,25.9,,2004-06-01
17234,TR,AYI,LTBD,Aydin,37.85,27.85,57,2004,7,28.5,,2004-07-01
17234,TR,AYI,LTBD,Aydin,37.85,27.85,57,2004,8,27.0,0.0,2004-08-01
17234,TR,AYI,LTBD,Aydin,37.85,27.85,57,2004,9,24.0,,2004-09-01
17234,TR,AYI,LTBD,Aydin,37.85,27.85,57,2004,10,20.6,0.0,2004-10-01
17234,TR,AYI,LTBD,Aydin,37.85,27.85,57,2004,11,13.5,81.0,2004-11-01
17234,TR,AYI,LTBD,Aydin,37.85,27.85,57,2004,12,9.5,61.0,2004-12-01
17234,TR,AYI,LTBD,Aydin,37.85,27.85,57,2005,1,9.3,60.0,2005-01-01
17234,TR,AYI,LTBD,Aydin,37.85,27.85,57,2005,2,8.1,168.0,2005-02-01
17234,TR,AYI,LTBD,Aydin,37.85,27.85,57,2005,3,12.0,86.0,2005-03-01
17234,TR,AYI,LTBD,Aydin,37.85,27.85,57,2005,4,15.6,,2005-04-01
17234,TR,AYI,LTBD,Aydin,37.85,27.85,57,2005,5,21.0,66.0,2005-05-01
17234,TR,AYI,LTBD,Aydin,37.85,27.85,57,2005,6,24.8,0.5,2005-06-01
17234,TR,AYI,LTBD,Aydin,37.85,27.85,57,2005,7,28.4,10.0,2005-07-01
17234,TR,AYI,LTBD,Aydin,37.85,27.85,57,2005,8,27.8,12.0,2005-08-01
17234,TR,AYI,LTBD,Aydin,37.85,27.85,57,2005,9,23.5,0.5,2005-09-01
17234,TR,AYI,LTBD,Aydin,37.85,27.85,57,2005,10,17.0,40.0,2005-10-01
17234,TR,AYI,LTBD,Aydin,37.85,27.85,57,2005,11,12.1,160.0,2005-11-01
17234,TR,AYI,LTBD,Aydin,37.85,27.85,57,2005,12,10.2,46.0,2005-12-01
17234,TR,AYI,LTBD,Aydin,37.85,27.85,57,2006,1,6.7,71.0,2006-01-01
17234,TR,AYI,LTBD,Aydin,37.85,27.85,57,2006,2,8.9,113.0,2006-02-01
17234,TR,AYI,LTBD,Aydin,37.85,27.85,57,2006,3,12.1,112.0,2006-03-01
17234,TR,AYI,LTBD,Aydin,37.85,27.85,57,2006,4,17.0,19.0,2006-04-01
17234,TR,AYI,LTBD,Aydin,37.85,27.85,57,2006,5,21.4,1.0,2006-05-01
17234,TR,AYI,LTBD,Aydin,37.85,27.85,57,2006,6,25.8,0.0,2006-06-01
17234,TR,AYI,LTBD,Aydin,37.85,27.85,57,2006,7,28.0,4.0,2006-07-01
17234,TR,AYI,LTBD,Aydin,37.85,27.85,57,2006,8,28.7,0.0,2006-08-01
17234,TR,AYI,LTBD,Aydin,37.85,27.85,57,2006,9,24.0,14.0,2006-09-01
17234,TR,AYI,LTBD,Aydin,37.85,27.85,57,2006,10,18.9,82.0,2006-10-01
17234,TR,AYI,LTBD,Aydin,37.85,27.85,57,2006,11,12.1,77.0,2006-11-01
17234,TR,AYI,LTBD,Aydin,37.85,27.85,57,2006,12,8.7,6.0,2006-12-01
17234,TR,AYI,LTBD,Aydin,37.85,27.85,57,2007,1,9.0,29.0,2007-01-01
17234,TR,AYI,LTBD,Aydin,37.85,27.85,57,2007,2,10.0,31.0,2007-02-01
17234,TR,AYI,LTBD,Aydin,37.85,27.85,57,2007,3,13.4,26.0,2007-03-01
17234,TR,AYI,LTBD,Aydin,37.85,27.85,57,2007,4,16.2,16.0,2007-04-01
17234,TR,AYI,LTBD,Aydin,37.85,27.85,57,2007,5,22.5,44.0,2007-05-01
17234,TR,AYI,LTBD,Aydin,37.85,27.85,57,2007,6,27.7,9.0,2007-06-01
17234,TR,AYI,LTBD,Aydin,37.85,27.85,57,2007,7,30.3,0.0,2007-07-01
17234,TR,AYI,LTBD,Aydin,37.85,27.85,57,2007,8,29.4,0.0,2007-08-01
17234,TR,AYI,LTBD,Aydin,37.85,27.85,57,2007,9,24.3,0.0,2007-09-01
17234,TR,AYI,LTBD,Aydin,37.85,27.85,57,2007,10,19.6,118.0,2007-10-01
17234,TR,AYI,LTBD,Aydin,37.85,27.85,57,2007,11,12.9,160.0,2007-11-01
17234,TR,AYI,LTBD,Aydin,37.85,27.85,57,2007,12,8.1,184.0,2007-12-01
17234,TR,AYI,LTBD,Aydin,37.85,27.85,57,2008,1,6.6,26.0,2008-01-01
17234,TR,AYI,LTBD,Aydin,37.85,27.85,57,2008,2,8.3,20.0,2008-02-01
17234,TR,AYI,LTBD,Aydin,37.85,27.85,57,2008,3,14.5,64.0,2008-03-01
17234,TR,AYI,LTBD,Aydin,37.85,27.85,57,2008,4,16.9,70.0,2008-04-01
17234,TR,AYI,LTBD,Aydin,37.85,27.85,57,2008,5,21.2,17.0,2008-05-01
17234,TR,AYI,LTBD,Aydin,37.85,27.85,57,2008,6,27.5,0.0,2008-06-01
17234,TR,AYI,LTBD,Aydin,37.85,27.85,57,2008,7,29.0,0.0,2008-07-01
17234,TR,AYI,LTBD,Aydin,37.85,27.85,57,2008,8,29.4,0.0,2008-08-01
17234,TR,AYI,LTBD,Aydin,37.85,27.85,57,2008,9,23.8,23.0,2008-09-01
17234,TR,AYI,LTBD,Aydin,37.85,27.85,57,2008,10,18.6,27.0,2008-10-01
17234,TR,AYI,LTBD,Aydin,37.85,27.85,57,2008,11,14.9,75.0,2008-11-01
17234,TR,AYI,LTBD,Aydin,37.85,27.85,57,2008,12,10.2,98.0,2008-12-01
17234,TR,AYI,LTBD,Aydin,37.85,27.85,57,2009,1,9.2,267.0,2009-01-01
17234,TR,AYI,LTBD,Aydin,37.85,27.85,57,2009,2,9.4,161.0,2009-02-01
17234,TR,AYI,LTBD,Aydin,37.85,27.85,57,2009,3,11.3,88.0,2009-03-01
17234,TR,AYI,LTBD,Aydin,37.85,27.85,57,2009,4,16.1,67.0,2009-04-01
17234,TR,AYI,LTBD,Aydin,37.85,27.85,57,2009,5,21.3,19.0,2009-05-01
17234,TR,AYI,LTBD,Aydin,37.85,27.85,57,2009,6,26.7,1.0,2009-06-01
17234,TR,AYI,LTBD,Aydin,37.85,27.85,57,2009,7,29.3,0.0,2009-07-01
17234,TR,AYI,LTBD,Aydin,37.85,27.85,57,2009,8,27.7,10.0,2009-08-01
17234,TR,AYI,LTBD,Aydin,37.85,27.85,57,2009,9,23.2,37.0,2009-09-01
17234,TR,AYI,LTBD,Aydin,37.85,27.85,57,2009,10,20.4,21.0,2009-10-01
17234,TR,AYI,LTBD,Aydin,37.85,27.85,57,2009,11,13.2,99.0,2009-11-01
17234,TR,AYI,LTBD,Aydin,37.85,27.85,57,2009,12,11.6,177.0,2009-12-01
17234,TR,AYI,LTBD,Aydin,37.85,27.85,57,2010,1,10.0,139.0,2010-01-01
17234,TR,AYI,LTBD,Aydin,37.85,27.85,57,2010,2,11.8,157.0,2010-02-01
17234,TR,AYI,LTBD,Aydin,37.85,27.85,57,2010,3,13.4,23.0,2010-03-01
17234,TR,AYI,LTBD,Aydin,37.85,27.85,57,2010,4,17.1,16.0,2010-04-01
17234,TR,AYI,LTBD,Aydin,37.85,27.85,57,2010,5,22.0,30.0,2010-05-01
17234,TR,AYI,LTBD,Aydin,37.85,27.85,57,2010,6,24.9,32.0,2010-06-01
17234,TR,AYI,LTBD,Aydin,37.85,27.85,57,2010,7,28.7,0.0,2010-07-01
17234,TR,AYI,LTBD,Aydin,37.85,27.85,57,2010,8,29.8,0.0,2010-08-01
17234,TR,AYI,LTBD,Aydin,37.85,27.85,57,2010,9,24.6,1.0,2010-09-01
17234,TR,AYI,LTBD,Aydin,37.85,27.85,57,2010,10,17.8,96.0,2010-10-01
17234,TR,AYI,LTBD,Aydin,37.85,27.85,57,2010,11,16.4,38.0,2010-11-01
17234,TR,AYI,LTBD,Aydin,37.85,27.85,57,2010,12,11.4,144.0,2010-12-01
17234,TR,AYI,LTBD,Aydin,37.85,27.85,57,2011,1,7.7,147.0,2011-01-01
17234,TR,AYI,LTBD,Aydin,37.85,27.85,57,2011,2,9.6,69.0,2011-02-01
17234,TR,AYI,LTBD,Aydin,37.85,27.85,57,2011,3,11.4,26.0,2011-03-01
17234,TR,AYI,LTBD,Aydin,37.85,27.85,57,2011,4,14.5,52.0,2011-04-01
17234,TR,AYI,LTBD,Aydin,37.85,27.85,57,2011,5,19.6,45.0,2011-05-01
17234,TR,AYI,LTBD,Aydin,37.85,27.85,57,2011,6,25.0,15.0,2011-06-01
17234,TR,AYI,LTBD,Aydin,37.85,27.85,57,2011,7,28.5,0.0,2011-07-01
17234,TR,AYI,LTBD,Aydin,37.85,27.85,57,2011,8,27.8,0.0,2011-08-01
17234,TR,AYI,LTBD,Aydin,37.85,27.85,57,2011,9,24.9,32.0,2011-09-01
17234,TR,AYI,LTBD,Aydin,37.85,27.85,57,2011,10,16.3,70.0,2011-10-01
17234,TR,AYI,LTBD,Aydin,37.85,27.85,57,2011,11,10.3,0.0,2011-11-01
17234,TR,AYI,LTBD,Aydin,37.85,27.85,57,2011,12,9.2,88.0,2011-12-01
17234,TR,AYI,LTBD,Aydin,37.85,27.85,57,2012,1,5.6,182.0,2012-01-01
17234,TR,AYI,LTBD,Aydin,37.85,27.85,57,2012,2,7.2,158.0,2012-02-01
17234,TR,AYI,LTBD,Aydin,37.85,27.85,57,2012,3,11.6,38.0,2012-03-01
17234,TR,AYI,LTBD,Aydin,37.85,27.85,57,2012,4,17.3,68.0,2012-04-01
17234,TR,AYI,LTBD,Aydin,37.85,27.85,57,2012,5,20.6,56.0,2012-05-01
17234,TR,AYI,LTBD,Aydin,37.85,27.85,57,2012,6,27.5,45.0,2012-06-01
17234,TR,AYI,LTBD,Aydin,37.85,27.85,57,2012,7,30.4,0.0,2012-07-01
17234,TR,AYI,LTBD,Aydin,37.85,27.85,57,2012,8,29.2,0.0,2012-08-01
17234,TR,AYI,LTBD,Aydin,37.85,27.85,57,2012,9,25.6,0.0,2012-09-01
17234,TR,AYI,LTBD,Aydin,37.85,27.85,57,2012,10,20.9,36.0,2012-10-01
17234,TR,AYI,LTBD,Aydin,37.85,27.85,57,2012,11,15.5,24.0,2012-11-01
17234,TR,AYI,LTBD,Aydin,37.85,27.85,57,2012,12,9.6,217.0,2012-12-01
17234,TR,AYI,LTBD,Aydin,37.85,27.85,57,2013,1,8.6,169.0,2013-01-01
17234,TR,AYI,LTBD,Aydin,37.85,27.85,57,2013,2,10.6,159.0,2013-02-01
17234,TR,AYI,LTBD,Aydin,37.85,27.85,57,2013,3,13.5,96.0,2013-03-01
17234,TR,AYI,LTBD,Aydin,37.85,27.85,57,2013,4,17.0,51.0,2013-04-01
17234,TR,AYI,LTBD,Aydin,37.85,27.85,57,2013,5,22.7,49.0,2013-05-01
17234,TR,AYI,LTBD,Aydin,37.85,27.85,57,2013,6,25.9,5.0,2013-06-01
17234,TR,AYI,LTBD,Aydin,37.85,27.85,57,2013,7,28.4,0.0,2013-07-01
17234,TR,AYI,LTBD,Aydin,37.85,27.85,57,2013,8,28.6,0.0,2013-08-01
17234,TR,AYI,LTBD,Aydin,37.85,27.85,57,2013,9,23.7,6.0,2013-09-01
17234,TR,AYI,LTBD,Aydin,37.85,27.85,57,2013,10,17.0,72.0,2013-10-01
17234,TR,AYI,LTBD,Aydin,37.85,27.85,57,2013,11,14.1,111.0,2013-11-01
17234,TR,AYI,LTBD,Aydin,37.85,27.85,57,2013,12,7.4,12.0,2013-12-01
17234,TR,AYI,LTBD,Aydin,37.85,27.85,57,2014,1,10.9,75.0,2014-01-01
17234,TR,AYI,LTBD,Aydin,37.85,27.85,57,2014,2,11.2,41.0,2014-02-01
17234,TR,AYI,LTBD,Aydin,37.85,27.85,57,2014,3,13.0,64.0,2014-03-01
17234,TR,AYI,LTBD,Aydin,37.85,27.85,57,2014,4,16.8,76.0,2014-04-01
17234,TR,AYI,LTBD,Aydin,37.85,27.85,57,2014,5,20.9,15.0,2014-05-01
17234,TR,AYI,LTBD,Aydin,37.85,27.85,57,2014,6,25.0,52.0,2014-06-01
17234,TR,AYI,LTBD,Aydin,37.85,27.85,57,2014,7,28.0,0.0,2014-07-01
17234,TR,AYI,LTBD,Aydin,37.85,27.85,57,2014,8,28.7,0.0,2014-08-01
17234,TR,AYI,LTBD,Aydin,37.85,27.85,57,2014,9,23.7,5.0,2014-09-01
17234,TR,AYI,LTBD,Aydin,37.85,27.85,57,2014,10,19.2,43.0,2014-10-01
17234,TR,AYI,LTBD,Aydin,37.85,27.85,57,2014,11,13.4,126.0,2014-11-01
17234,TR,AYI,LTBD,Aydin,37.85,27.85,57,2014,12,11.7,230.0,2014-12-01
17234,TR,AYI,LTBD,Aydin,37.85,27.85,57,2015,1,8.2,135.0,2015-01-01
17234,TR,AYI,LTBD,Aydin,37.85,27.85,57,2015,2,9.2,126.0,2015-02-01
17234,TR,AYI,LTBD,Aydin,37.85,27.85,57,2015,3,12.1,107.0,2015-03-01
17234,TR,AYI,LTBD,Aydin,37.85,27.85,57,2015,4,15.1,28.0,2015-04-01
17234,TR,AYI,LTBD,Aydin,37.85,27.85,57,2015,5,21.5,101.0,2015-05-01
17234,TR,AYI,LTBD,Aydin,37.85,27.85,57,2015,6,24.3,9.0,2015-06-01
17234,TR,AYI,LTBD,Aydin,37.85,27.85,57,2015,7,29.1,3.0,2015-07-01
17234,TR,AYI,LTBD,Aydin,37.85,27.85,57,2015,8,29.0,0.0,2015-08-01
17234,TR,AYI,LTBD,Aydin,37.85,27.85,57,2015,9,25.8,27.0,2015-09-01
17234,TR,AYI,LTBD,Aydin,37.85,27.85,57,2015,10,20.0,69.0,2015-10-01
17234,TR,AYI,LTBD,Aydin,37.85,27.85,57,2015,11,15.0,86.0,2015-11-01
17234,TR,AYI,LTBD,Aydin,37.85,27.85,57,2015,12,8.2,0.0,2015-12-01
17234,TR,AYI,LTBD,Aydin,37.85,27.85,57,2016,1,7.9,146.0,2016-01-01
17234,TR,AYI,LTBD,Aydin,37.85,27.85,57,2016,2,13.6,39.0,2016-02-01
17234,TR,AYI,LTBD,Aydin,37.85,27.85,57,2016,3,13.3,112.0,2016-03-01
17234,TR,AYI,LTBD,Aydin,37.85,27.85,57,2016,4,19.4,8.0,2016-04-01
17234,TR,AYI,LTBD,Aydin,37.85,27.85,57,2016,5,20.6,38.0,2016-05-01
17234,TR,AYI,LTBD,Aydin,37.85,27.85,57,2016,6,27.9,4.0,2016-06-01
17234,TR,AYI,LTBD,Aydin,37.85,27.85,57,2016,7,29.7,0.0,2016-07-01
17234,TR,AYI,LTBD,Aydin,37.85,27.85,57,2016,8,29.0,0.0,2016-08-01
17234,TR,AYI,LTBD,Aydin,37.85,27.85,57,2016,9,24.3,23.0,2016-09-01
17234,TR,AYI,LTBD,Aydin,37.85,27.85,57,2016,10,19.7,0.0,2016-10-01
17234,TR,AYI,LTBD,Aydin,37.85,27.85,57,2016,11,13.9,51.0,2016-11-01
17234,TR,AYI,LTBD,Aydin,37.85,27.85,57,2016,12,6.2,12.0,2016-12-01
17234,TR,AYI,LTBD,Aydin,37.85,27.85,57,2017,1,6.4,222.0,2017-01-01
17234,TR,AYI,LTBD,Aydin,37.85,27.85,57,2017,2,10.2,22.0,2017-02-01
17234,TR,AYI,LTBD,Aydin,37.85,27.85,57,2017,3,13.2,112.0,2017-03-01
17234,TR,AYI,LTBD,Aydin,37.85,27.85,57,2017,4,16.5,46.0,2017-04-01
17234,TR,AYI,LTBD,Aydin,37.85,27.85,57,2017,5,20.9,45.0,2017-05-01
17234,TR,AYI,LTBD,Aydin,37.85,27.85,57,2017,6,26.3,16.0,2017-06-01
17234,TR,AYI,LTBD,Aydin,37.85,27.85,57,2017,7,29.4,0.0,2017-07-01
17234,TR,AYI,LTBD,Aydin,37.85,27.85,57,2017,8,28.0,24.0,2017-08-01
17234,TR,AYI,LTBD,Aydin,37.85,27.85,57,2017,9,24.7,0.0,2017-09-01
17234,TR,AYI,LTBD,Aydin,37.85,27.85,57,2017,10,18.5,51.0,2017-10-01
17234,TR,AYI,LTBD,Aydin,37.85,27.85,57,2017,11,12.5,85.0,2017-11-01
17234,TR,AYI,LTBD,Aydin,37.85,27.85,57,2017,12,11.0,99.0,2017-12-01
17234,TR,AYI,LTBD,Aydin,37.85,27.85,57,2018,1,8.6,119.0,2018-01-01
17234,TR,AYI,LTBD,Aydin,37.85,27.85,57,2018,2,12.3,113.0,2018-02-01
17234,TR,AYI,LTBD,Aydin,37.85,27.85,57,2018,3,15.1,90.0,2018-03-01
17234,TR,AYI,LTBD,Aydin,37.85,27.85,57,2018,4,19.8,8.0,2018-04-01
17234,TR,AYI,LTBD,Aydin,37.85,27.85,57,2018,5,23.2,71.0,2018-05-01
17234,TR,AYI,LTBD,Aydin,37.85,27.85,57,2018,6,25.8,28.0,2018-06-01
17234,TR,AYI,LTBD,Aydin,37.85,27.85,57,2018,7,29.2,6.0,2018-07-01
17234,TR,AYI,LTBD,Aydin,37.85,27.85,57,2018,8,28.5,16.0,2018-08-01
17234,TR,AYI,LTBD,Aydin,37.85,27.85,57,2018,9,25.3,33.0,2018-09-01
17234,TR,AYI,LTBD,Aydin,37.85,27.85,57,2018,10,19.2,4.0,2018-10-01
17234,TR,AYI,LTBD,Aydin,37.85,27.85,57,2018,11,14.5,85.0,2018-11-01
17234,TR,AYI,LTBD,Aydin,37.85,27.85,57,2018,12,8.4,57.0,2018-12-01
17234,TR,AYI,LTBD,Aydin,37.85,27.85,57,2019,1,8.5,154.0,2019-01-01
17234,TR,AYI,LTBD,Aydin,37.85,27.85,57,2019,2,10.6,40.0,2019-02-01
17234,TR,AYI,LTBD,Aydin,37.85,27.85,57,2019,3,13.4,31.0,2019-03-01
17234,TR,AYI,LTBD,Aydin,37.85,27.85,57,2019,4,16.0,61.0,2019-04-01
17234,TR,AYI,LTBD,Aydin,37.85,27.85,57,2019,5,21.6,13.0,2019-05-01
17234,TR,AYI,LTBD,Aydin,37.85,27.85,57,2019,6,26.9,31.0,2019-06-01
17234,TR,AYI,LTBD,Aydin,37.85,27.85,57,2019,7,28.4,1.0,2019-07-01
17234,TR,AYI,LTBD,Aydin,37.85,27.85,57,2019,8,29.3,0.0,2019-08-01
17234,TR,AYI,LTBD,Aydin,37.85,27.85,57,2019,9,24.3,17.0,2019-09-01
17234,TR,AYI,LTBD,Aydin,37.85,27.85,57,2019,10,21.3,38.0,2019-10-01
17234,TR,AYI,LTBD,Aydin,37.85,27.85,57,2019,11,16.5,62.0,2019-11-01
17234,TR,AYI,LTBD,Aydin,37.85,27.85,57,2019,12,10.4,122.0,2019-12-01
17234,TR,AYI,LTBD,Aydin,37.85,27.85,57,2020,1,7.7,94.0,2020-01-01
17234,TR,AYI,LTBD,Aydin,37.85,27.85,57,2020,2,10.4,97.0,2020-02-01
17234,TR,AYI,LTBD,Aydin,37.85,27.85,57,2020,3,13.4,71.0,2020-03-01
17234,TR,AYI,LTBD,Aydin,37.85,27.85,57,2020,4,16.9,42.0,2020-04-01
17234,TR,AYI,LTBD,Aydin,37.85,27.85,57,2020,5,22.1,37.0,2020-05-01
17234,TR,AYI,LTBD,Aydin,37.85,27.85,57,2020,6,25.3,21.0,2020-06-01
17234,TR,AYI,LTBD,Aydin,37.85,27.85,57,2020,7,29.8,0.0,2020-07-01
17234,TR,AYI,LTBD,Aydin,37.85,27.85,57,2020,8,29.1,0.0,2020-08-01
17234,TR,AYI,LTBD,Aydin,37.85,27.85,57,2020,9,26.9,0.0,2020-09-01
17234,TR,AYI,LTBD,Aydin,37.85,27.85,57,2020,10,21.2,45.0,2020-10-01
17234,TR,AYI,LTBD,Aydin,37.85,27.85,57,2020,11,14.0,1.0,2020-11-01
17234,TR,AYI,LTBD,Aydin,37.85,27.85,57,2020,12,12.1,107.0,2020-12-01
17234,TR,AYI,LTBD,Aydin,37.85,27.85,57,2021,1,10.2,103.0,2021-01-01
17234,TR,AYI,LTBD,Aydin,37.85,27.85,57,2021,2,11.7,22.0,2021-02-01
17234,TR,AYI,LTBD,Aydin,37.85,27.85,57,2021,3,11.3,85.0,2021-03-01
17234,TR,AYI,LTBD,Aydin,37.85,27.85,57,2021,4,17.0,6.0,2021-04-01
17234,TR,AYI,LTBD,Aydin,37.85,27.85,57,2021,5,23.7,108.0,2021-05-01
17234,TR,AYI,LTBD,Aydin,37.85,27.85,57,2021,6,26.3,1.0,2021-06-01
17234,TR,AYI,LTBD,Aydin,37.85,27.85,57,2021,7,30.8,0.1,2021-07-01
17234,TR,AYI,LTBD,Aydin,37.85,27.85,57,2021,8,30.4,0.0,2021-08-01
17234,TR,AYI,LTBD,Aydin,37.85,27.85,57,2021,9,25.4,0.5,2021-09-01
17234,TR,AYI,LTBD,Aydin,37.85,27.85,57,2021,10,19.2,46.0,2021-10-01
17234,TR,AYI,LTBD,Aydin,37.85,27.85,57,2021,11,16.3,34.0,2021-11-01
17234,TR,AYI,LTBD,Aydin,37.85,27.85,57,2021,12,10.4,139.0,2021-12-01
17234,TR,AYI,LTBD,Aydin,37.85,27.85,57,2022,1,7.4,113.0,2022-01-01
17234,TR,AYI,LTBD,Aydin,37.85,27.85,57,2022,2,9.9,75.0,2022-02-01
17234,TR,AYI,LTBD,Aydin,37.85,27.85,57,2022,3,8.6,56.0,2022-03-01
17234,TR,AYI,LTBD,Aydin,37.85,27.85,57,2022,4,18.0,17.0,2022-04-01
17234,TR,AYI,LTBD,Aydin,37.85,27.85,57,2022,5,22.6,16.0,2022-05-01
17234,TR,AYI,LTBD,Aydin,37.85,27.85,57,2022,6,27.1,76.0,2022-06-01
17234,TR,AYI,LTBD,Aydin,37.85,27.85,57,2022,7,30.0,0.0,2022-07-01
17234,TR,AYI,LTBD,Aydin,37.85,27.85,57,2022,8,28.9,2.0,2022-08-01
17234,TR,AYI,LTBD,Aydin,37.85,27.85,57,2022,9,25.1,0.0,2022-09-01
17234,TR,AYI,LTBD,Aydin,37.85,27.85,57,2022,10,20.5,0.7,2022-10-01
17234,TR,AYI,LTBD,Aydin,37.85,27.85,57,2022,11,15.5,82.0,2022-11-01
17234,TR,AYI,LTBD,Aydin,37.85,27.85,57,2022,12,12.2,59.0,2022-12-01
17234,TR,AYI,LTBD,Aydin,37.85,27.85,57,2023,1,10.9,134.0,2023-01-01
17234,TR,AYI,LTBD,Aydin,37.85,27.85,57,2023,2,9.0,7.0,2023-02-01
17234,TR,AYI,LTBD,Aydin,37.85,27.85,57,2023,3,13.6,86.0,2023-03-01
17234,TR,AYI,LTBD,Aydin,37.85,27.85,57,2023,4,16.0,60.0,2023-04-01
17234,TR,AYI,LTBD,Aydin,37.85,27.85,57,2023,5,20.4,89.0,2023-05-01
17234,TR,AYI,LTBD,Aydin,37.85,27.85,57,2023,6,26.1,50.0,2023-06-01
17234,TR,AYI,LTBD,Aydin,37.85,27.85,57,2023,7,31.2,9.0,2023-07-01
17234,TR,AYI,LTBD,Aydin,37.85,27.85,57,2023,8,29.1,3.0,2023-08-01
17234,TR,AYI,LTBD,Aydin,37.85,27.85,57,2023,9,27.2,34.0,2023-09-01
17234,TR,AYI,LTBD,Aydin,37.85,27.85,57,2023,10,21.5,6.0,2023-10-01
17234,TR,AYI,LTBD,Aydin,37.85,27.85,57,2023,11,16.7,137.0,2023-11-01
17234,TR,AYI,LTBD,Aydin,37.85,27.85,57,2023,12,12.3,116.0,2023-12-01
17234,TR,AYI,LTBD,Aydin,37.85,27.85,57,2024,1,10.6,130.0,2024-01-01
17234,TR,AYI,LTBD,Aydin,37.85,27.85,57,2024,2,12.4,31.0,2024-02-01
17234,TR,AYI,LTBD,Aydin,37.85,27.85,57,2024,3,14.5,60.0,2024-03-01
17234,TR,AYI,LTBD,Aydin,37.85,27.85,57,2024,4,20.7,24.0,2024-04-01
17234,TR,AYI,LTBD,Aydin,37.85,27.85,57,2024,5,22.4,2.0,2024-05-01
17234,TR,AYI,LTBD,Aydin,37.85,27.85,57,2024,6,31.2,0.8,2024-06-01
17234,TR,AYI,LTBD,Aydin,37.85,27.85,57,2024,7,31.5,0.0,2024-07-01
17234,TR,AYI,LTBD,Aydin,37.85,27.85,57,2024,8,30.5,0.0,2024-08-01
17234,TR,AYI,LTBD,Aydin,37.85,27.85,57,2024,9,26.8,0.8,2024-09-01
17234,TR,AYI,LTBD,Aydin,37.85,27.85,57,2024,10,20.7,0.0,2024-10-01
17234,TR,AYI,LTBD,Aydin,37.85,27.85,57,2024,11,14.1,73.0,2024-11-01
17234,TR,AYI,LTBD,Aydin,37.85,27.85,57,2024,12,11.4,178.0,2024-12-01
17234,TR,AYI,LTBD,Aydin,37.85,27.85,57,2025,1,11.5,76.0,2025-01-01
17234,TR,AYI,LTBD,Aydin,37.85,27.85,57,2025,2,8.1,19.0,2025-02-01
17234,TR,AYI,LTBD,Aydin,37.85,27.85,57,2025,3,15.4,22.0,2025-03-01
17234,TR,AYI,LTBD,Aydin,37.85,27.85,57,2025,4,16.0,127.0,2025-04-01
17234,TR,AYI,LTBD,Aydin,37.85,27.85,57,2025,5,22.1,18.0,2025-05-01
17234,TR,AYI,LTBD,Aydin,37.85,27.85,57,2025,6,29.2,0.0,2025-06-01
17234,TR,AYI,LTBD,Aydin,37.85,27.85,57,2025,7,31.1,0.0,2025-07-01
17234,TR,AYI,LTBD,Aydin,37.85,27.85,57,2025,8,29.6,0.0,2025-08-01
17234,TR,AYI,LTBD,Aydin,37.85,27.85,57,2025,9,26.0,6.0,2025-09-01
17234,TR,AYI,LTBD,Aydin,37.85,27.85,57,2025,10,19.0,126.0,2025-10-01
17234,TR,AYI,LTBD,Aydin,37.85,27.85,57,2025,11,16.5,52.0,2025-11-01
17234,TR,AYI,LTBD,Aydin,37.85,27.85,57,2025,12,10.4,76.0,2025-12-01
17234,TR,AYI,LTBD,Aydin,37.85,27.85,57,2026,1,10.1,102.0,2026-01-01
17234,TR,AYI,LTBD,Aydin,37.85,27.85,57,2026,2,11.9,207.0,2026-02-01
17234,TR,AYI,LTBD,Aydin,37.85,27.85,57,2026,3,12.5,112.0,2026-03-01
17234,TR,AYI,LTBD,Aydin,37.85,27.85,57,2026,4,,,2026-04-01
17234,TR,AYI,LTBD,Aydin,37.85,27.85,57,2026,5,,,2026-05-01
17234,TR,AYI,LTBD,Aydin,37.85,27.85,57,2026,6,,,2026-06-01
17234,TR,AYI,LTBD,Aydin,37.85,27.85,57,2026,7,,,2026-07-01
17234,TR,AYI,LTBD,Aydin,37.85,27.85,57,2026,8,,,2026-08-01
17234,TR,AYI,LTBD,Aydin,37.85,27.85,57,2026,9,,,2026-09-01
17234,TR,AYI,LTBD,Aydin,37.85,27.85,57,2026,10,,,2026-10-01
17234,TR,AYI,LTBD,Aydin,37.85,27.85,57,2026,11,,,2026-11-01
17234,TR,AYI,LTBD,Aydin,37.85,27.85,57,2026,12,,,2026-12-01
17237,TR,DEN,,Denizli,37.7667,29.0833,428,1961,1,5.9,84.0,1961-01-01
17237,TR,DEN,,Denizli,37.7667,29.0833,428,1961,2,5.8,104.0,1961-02-01
17237,TR,DEN,,Denizli,37.7667,29.0833,428,1961,3,9.5,79.0,1961-03-01
17237,TR,DEN,,Denizli,37.7667,29.0833,428,1961,4,16.2,29.0,1961-04-01
17237,TR,DEN,,Denizli,37.7667,29.0833,428,1961,5,19.3,22.0,1961-05-01
17237,TR,DEN,,Denizli,37.7667,29.0833,428,1961,6,23.3,7.0,1961-06-01
17237,TR,DEN,,Denizli,37.7667,29.0833,428,1961,7,26.6,10.0,1961-07-01
17237,TR,DEN,,Denizli,37.7667,29.0833,428,1961,8,26.7,28.0,1961-08-01
17237,TR,DEN,,Denizli,37.7667,29.0833,428,1961,9,20.2,11.0,1961-09-01
17237,TR,DEN,,Denizli,37.7667,29.0833,428,1961,10,16.5,48.0,1961-10-01
17237,TR,DEN,,Denizli,37.7667,29.0833,428,1961,11,13.3,8.0,1961-11-01
17237,TR,DEN,,Denizli,37.7667,29.0833,428,1961,12,8.5,126.0,1961-12-01
17237,TR,DEN,,Denizli,37.7667,29.0833,428,1962,1,7.4,83.0,1962-01-01
17237,TR,DEN,,Denizli,37.7667,29.0833,428,1962,2,6.2,117.0,1962-02-01
17237,TR,DEN,,Denizli,37.7667,29.0833,428,1962,3,12.0,68.0,1962-03-01
17237,TR,DEN,,Denizli,37.7667,29.0833,428,1962,4,13.9,42.0,1962-04-01
17237,TR,DEN,,Denizli,37.7667,29.0833,428,1962,5,19.9,41.0,1962-05-01
17237,TR,DEN,,Denizli,37.7667,29.0833,428,1962,6,23.7,29.0,1962-06-01
17237,TR,DEN,,Denizli,37.7667,29.0833,428,1962,7,26.6,8.0,1962-07-01
17237,TR,DEN,,Denizli,37.7667,29.0833,428,1962,8,28.1,7.0,1962-08-01
17237,TR,DEN,,Denizli,37.7667,29.0833,428,1962,9,22.4,50.0,1962-09-01
17237,TR,DEN,,Denizli,37.7667,29.0833,428,1962,10,16.9,55.0,1962-10-01
17237,TR,DEN,,Denizli,37.7667,29.0833,428,1962,11,15.4,69.0,1962-11-01
17237,TR,DEN,,Denizli,37.7667,29.0833,428,1962,12,9.5,188.0,1962-12-01
17237,TR,DEN,,Denizli,37.7667,29.0833,428,1963,1,7.5,137.0,1963-01-01
17237,TR,DEN,,Denizli,37.7667,29.0833,428,1963,2,9.9,63.0,1963-02-01
17237,TR,DEN,,Denizli,37.7667,29.0833,428,1963,3,8.3,61.0,1963-03-01
17237,TR,DEN,,Denizli,37.7667,29.0833,428,1963,4,14.0,72.0,1963-04-01
17237,TR,DEN,,Denizli,37.7667,29.0833,428,1963,5,17.7,123.0,1963-05-01
17237,TR,DEN,,Denizli,37.7667,29.0833,428,1963,6,23.3,31.0,1963-06-01
17237,TR,DEN,,Denizli,37.7667,29.0833,428,1963,7,26.6,9.0,1963-07-01
17237,TR,DEN,,Denizli,37.7667,29.0833,428,1963,8,27.1,3.0,1963-08-01
17237,TR,DEN,,Denizli,37.7667,29.0833,428,1963,9,22.7,2.0,1963-09-01
17237,TR,DEN,,Denizli,37.7667,29.0833,428,1963,10,17.0,53.0,1963-10-01
17237,TR,DEN,,Denizli,37.7667,29.0833,428,1963,11,12.9,26.0,1963-11-01
17237,TR,DEN,,Denizli,37.7667,29.0833,428,1963,12,8.9,16.0,1963-12-01
17237,TR,DEN,,Denizli,37.7667,29.0833,428,1964,1,2.5,5.0,1964-01-01
17237,TR,DEN,,Denizli,37.7667,29.0833,428,1964,2,5.9,56.0,1964-02-01
17237,TR,DEN,,Denizli,37.7667,29.0833,428,1964,3,10.3,61.0,1964-03-01
17237,TR,DEN,,Denizli,37.7667,29.0833,428,1964,4,14.2,6.0,1964-04-01
17237,TR,DEN,,Denizli,37.7667,29.0833,428,1964,5,17.8,57.0,1964-05-01
17237,TR,DEN,,Denizli,37.7667,29.0833,428,1964,6,23.3,41.0,1964-06-01
17237,TR,DEN,,Denizli,37.7667,29.0833,428,1964,7,26.0,0.3,1964-07-01
17237,TR,DEN,,Denizli,37.7667,29.0833,428,1964,8,24.6,,1964-08-01
17237,TR,DEN,,Denizli,37.7667,29.0833,428,1964,9,20.7,12.0,1964-09-01
17237,TR,DEN,,Denizli,37.7667,29.0833,428,1964,10,18.2,,1964-10-01
17237,TR,DEN,,Denizli,37.7667,29.0833,428,1964,11,11.6,67.0,1964-11-01
17237,TR,DEN,,Denizli,37.7667,29.0833,428,1964,12,9.1,144.0,1964-12-01
17237,TR,DEN,,Denizli,37.7667,29.0833,428,1965,1,6.5,63.0,1965-01-01
17237,TR,DEN,,Denizli,37.7667,29.0833,428,1965,2,5.2,203.0,1965-02-01
17237,TR,DEN,,Denizli,37.7667,29.0833,428,1965,3,10.5,58.0,1965-03-01
17237,TR,DEN,,Denizli,37.7667,29.0833,428,1965,4,13.5,112.0,1965-04-01
17237,TR,DEN,,Denizli,37.7667,29.0833,428,1965,5,17.5,77.0,1965-05-01
17237,TR,DEN,,Denizli,37.7667,29.0833,428,1965,6,23.7,3.0,1965-06-01
17237,TR,DEN,,Denizli,37.7667,29.0833,428,1965,7,25.7,,1965-07-01
17237,TR,DEN,,Denizli,37.7667,29.0833,428,1965,8,24.5,0.0,1965-08-01
17237,TR,DEN,,Denizli,37.7667,29.0833,428,1965,9,22.9,,1965-09-01
17237,TR,DEN,,Denizli,37.7667,29.0833,428,1965,10,14.4,18.0,1965-10-01
17237,TR,DEN,,Denizli,37.7667,29.0833,428,1965,11,12.1,76.0,1965-11-01
17237,TR,DEN,,Denizli,37.7667,29.0833,428,1965,12,8.5,141.0,1965-12-01
17237,TR,DEN,,Denizli,37.7667,29.0833,428,1966,1,6.9,258.0,1966-01-01
17237,TR,DEN,,Denizli,37.7667,29.0833,428,1966,2,10.0,25.0,1966-02-01
17237,TR,DEN,,Denizli,37.7667,29.0833,428,1966,3,9.9,101.0,1966-03-01
17237,TR,DEN,,Denizli,37.7667,29.0833,428,1966,4,15.7,24.0,1966-04-01
17237,TR,DEN,,Denizli,37.7667,29.0833,428,1966,5,17.5,48.0,1966-05-01
17237,TR,DEN,,Denizli,37.7667,29.0833,428,1966,6,22.7,4.0,1966-06-01
17237,TR,DEN,,Denizli,37.7667,29.0833,428,1966,7,25.9,16.0,1966-07-01
17237,TR,DEN,,Denizli,37.7667,29.0833,428,1966,8,26.3,10.0,1966-08-01
17237,TR,DEN,,Denizli,37.7667,29.0833,428,1966,9,21.1,49.0,1966-09-01
17237,TR,DEN,,Denizli,37.7667,29.0833,428,1966,10,18.9,5.0,1966-10-01
17237,TR,DEN,,Denizli,37.7667,29.0833,428,1966,11,15.0,32.0,1966-11-01
17237,TR,DEN,,Denizli,37.7667,29.0833,428,1966,12,7.9,170.0,1966-12-01
17237,TR,DEN,,Denizli,37.7667,29.0833,428,1967,1,5.6,60.0,1967-01-01
17237,TR,DEN,,Denizli,37.7667,29.0833,428,1967,2,4.5,38.0,1967-02-01
17237,TR,DEN,,Denizli,37.7667,29.0833,428,1967,3,8.6,28.0,1967-03-01
17237,TR,DEN,,Denizli,37.7667,29.0833,428,1967,4,13.8,67.0,1967-04-01
17237,TR,DEN,,Denizli,37.7667,29.0833,428,1967,5,18.4,41.0,1967-05-01
17237,TR,DEN,,Denizli,37.7667,29.0833,428,1967,6,21.8,7.0,1967-06-01
17237,TR,DEN,,Denizli,37.7667,29.0833,428,1967,7,25.5,13.0,1967-07-01
17237,TR,DEN,,Denizli,37.7667,29.0833,428,1967,8,26.4,0.1,1967-08-01
17237,TR,DEN,,Denizli,37.7667,29.0833,428,1967,9,21.1,23.0,1967-09-01
17237,TR,DEN,,Denizli,37.7667,29.0833,428,1967,10,16.5,28.0,1967-10-01
17237,TR,DEN,,Denizli,37.7667,29.0833,428,1967,11,10.5,30.0,1967-11-01
17237,TR,DEN,,Denizli,37.7667,29.0833,428,1967,12,8.6,107.0,1967-12-01
17237,TR,DEN,,Denizli,37.7667,29.0833,428,1968,1,5.0,214.0,1968-01-01
17237,TR,DEN,,Denizli,37.7667,29.0833,428,1968,2,8.1,59.0,1968-02-01
17237,TR,DEN,,Denizli,37.7667,29.0833,428,1968,3,8.8,108.0,1968-03-01
17237,TR,DEN,,Denizli,37.7667,29.0833,428,1968,4,16.7,51.0,1968-04-01
17237,TR,DEN,,Denizli,37.7667,29.0833,428,1968,5,22.1,3.0,1968-05-01
17237,TR,DEN,,Denizli,37.7667,29.0833,428,1968,6,22.8,10.0,1968-06-01
17237,TR,DEN,,Denizli,37.7667,29.0833,428,1968,7,25.9,,1968-07-01
17237,TR,DEN,,Denizli,37.7667,29.0833,428,1968,8,24.2,8.0,1968-08-01
17237,TR,DEN,,Denizli,37.7667,29.0833,428,1968,9,21.0,46.0,1968-09-01
17237,TR,DEN,,Denizli,37.7667,29.0833,428,1968,10,15.9,45.0,1968-10-01
17237,TR,DEN,,Denizli,37.7667,29.0833,428,1968,11,12.0,47.0,1968-11-01
17237,TR,DEN,,Denizli,37.7667,29.0833,428,1968,12,8.3,125.0,1968-12-01
17237,TR,DEN,,Denizli,37.7667,29.0833,428,1969,1,4.9,89.0,1969-01-01
17237,TR,DEN,,Denizli,37.7667,29.0833,428,1969,2,8.3,75.0,1969-02-01
17237,TR,DEN,,Denizli,37.7667,29.0833,428,1969,3,10.2,80.0,1969-03-01
17237,TR,DEN,,Denizli,37.7667,29.0833,428,1969,4,11.1,77.0,1969-04-01
17237,TR,DEN,,Denizli,37.7667,29.0833,428,1969,5,20.3,53.0,1969-05-01
17237,TR,DEN,,Denizli,37.7667,29.0833,428,1969,6,24.1,14.0,1969-06-01
17237,TR,DEN,,Denizli,37.7667,29.0833,428,1969,7,24.1,10.0,1969-07-01
17237,TR,DEN,,Denizli,37.7667,29.0833,428,1969,8,26.2,,1969-08-01
17237,TR,DEN,,Denizli,37.7667,29.0833,428,1969,9,23.0,0.5,1969-09-01
17237,TR,DEN,,Denizli,37.7667,29.0833,428,1969,10,15.9,13.0,1969-10-01
17237,TR,DEN,,Denizli,37.7667,29.0833,428,1969,11,12.4,50.0,1969-11-01
17237,TR,DEN,,Denizli,37.7667,29.0833,428,1969,12,9.5,149.0,1969-12-01
17237,TR,DEN,,Denizli,37.7667,29.0833,428,1970,1,8.1,57.0,1970-01-01
17237,TR,DEN,,Denizli,37.7667,29.0833,428,1970,2,9.3,99.0,1970-02-01
17237,TR,DEN,,Denizli,37.7667,29.0833,428,1970,3,11.5,60.0,1970-03-01
17237,TR,DEN,,Denizli,37.7667,29.0833,428,1970,4,16.3,13.0,1970-04-01
17237,TR,DEN,,Denizli,37.7667,29.0833,428,1970,5,18.2,10.0,1970-05-01
17237,TR,DEN,,Denizli,37.7667,29.0833,428,1970,6,23.8,14.0,1970-06-01
17237,TR,DEN,,Denizli,37.7667,29.0833,428,1970,7,26.2,2.0,1970-07-01
17237,TR,DEN,,Denizli,37.7667,29.0833,428,1970,8,26.1,19.0,1970-08-01
17237,TR,DEN,,Denizli,37.7667,29.0833,428,1970,9,21.8,3.0,1970-09-01
17237,TR,DEN,,Denizli,37.7667,29.0833,428,1970,10,14.9,49.0,1970-10-01
17237,TR,DEN,,Denizli,37.7667,29.0833,428,1970,11,11.9,46.0,1970-11-01
17237,TR,DEN,,Denizli,37.7667,29.0833,428,1970,12,6.4,86.0,1970-12-01
17237,TR,DEN,,Denizli,37.7667,29.0833,428,1971,1,10.0,58.0,1971-01-01
17237,TR,DEN,,Denizli,37.7667,29.0833,428,1971,2,7.0,100.0,1971-02-01
17237,TR,DEN,,Denizli,37.7667,29.0833,428,1971,3,10.4,87.0,1971-03-01
17237,TR,DEN,,Denizli,37.7667,29.0833,428,1971,4,13.2,45.0,1971-04-01
17237,TR,DEN,,Denizli,37.7667,29.0833,428,1971,5,19.5,21.0,1971-05-01
17237,TR,DEN,,Denizli,37.7667,29.0833,428,1971,6,23.3,62.0,1971-06-01
17237,TR,DEN,,Denizli,37.7667,29.0833,428,1971,7,25.4,9.0,1971-07-01
17237,TR,DEN,,Denizli,37.7667,29.0833,428,1971,8,25.4,33.0,1971-08-01
17237,TR,DEN,,Denizli,37.7667,29.0833,428,1971,9,21.6,3.0,1971-09-01
17237,TR,DEN,,Denizli,37.7667,29.0833,428,1971,10,14.7,6.0,1971-10-01
17237,TR,DEN,,Denizli,37.7667,29.0833,428,1971,11,11.7,82.0,1971-11-01
17237,TR,DEN,,Denizli,37.7667,29.0833,428,1971,12,6.0,86.0,1971-12-01
17237,TR,DEN,,Denizli,37.7667,29.0833,428,1972,1,4.5,22.0,1972-01-01
17237,TR,DEN,,Denizli,37.7667,29.0833,428,1972,2,6.3,91.0,1972-02-01
17237,TR,DEN,,Denizli,37.7667,29.0833,428,1972,3,10.5,34.0,1972-03-01
17237,TR,DEN,,Denizli,37.7667,29.0833,428,1972,4,16.5,56.0,1972-04-01
17237,TR,DEN,,Denizli,37.7667,29.0833,428,1972,5,19.5,47.0,1972-05-01
17237,TR,DEN,,Denizli,37.7667,29.0833,428,1972,6,23.3,50.0,1972-06-01
17237,TR,DEN,,Denizli,37.7667,29.0833,428,1972,7,25.5,36.0,1972-07-01
17237,TR,DEN,,Denizli,37.7667,29.0833,428,1972,8,25.2,35.0,1972-08-01
17237,TR,DEN,,Denizli,37.7667,29.0833,428,1972,9,22.4,3.0,1972-09-01
17237,TR,DEN,,Denizli,37.7667,29.0833,428,1972,10,15.5,108.0,1972-10-01
17237,TR,DEN,,Denizli,37.7667,29.0833,428,1972,11,11.0,23.0,1972-11-01
17237,TR,DEN,,Denizli,37.7667,29.0833,428,1972,12,5.8,,1972-12-01
17237,TR,DEN,,Denizli,37.7667,29.0833,428,1973,1,4.6,29.0,1973-01-01
17237,TR,DEN,,Denizli,37.7667,29.0833,428,1973,2,8.1,159.0,1973-02-01
17237,TR,DEN,,Denizli,37.7667,29.0833,428,1973,3,8.6,25.0,1973-03-01
17237,TR,DEN,,Denizli,37.7667,29.0833,428,1973,4,13.0,37.0,1973-04-01
17237,TR,DEN,,Denizli,37.7667,29.0833,428,1973,5,19.9,16.0,1973-05-01
17237,TR,DEN,,Denizli,37.7667,29.0833,428,1973,6,23.0,8.0,1973-06-01
17237,TR,DEN,,Denizli,37.7667,29.0833,428,1973,7,26.4,58.0,1973-07-01
17237,TR,DEN,,Denizli,37.7667,29.0833,428,1973,8,25.3,,1973-08-01
17237,TR,DEN,,Denizli,37.7667,29.0833,428,1973,9,23.0,2.0,1973-09-01
17237,TR,DEN,,Denizli,37.7667,29.0833,428,1973,10,16.9,60.0,1973-10-01
17237,TR,DEN,,Denizli,37.7667,29.0833,428,1973,11,8.5,23.0,1973-11-01
17237,TR,DEN,,Denizli,37.7667,29.0833,428,1973,12,8.0,55.0,1973-12-01
17237,TR,DEN,,Denizli,37.7667,29.0833,428,1974,1,1.3,62.0,1974-01-01
17237,TR,DEN,,Denizli,37.7667,29.0833,428,1974,2,7.4,68.0,1974-02-01
17237,TR,DEN,,Denizli,37.7667,29.0833,428,1974,3,10.8,54.0,1974-03-01
17237,TR,DEN,,Denizli,37.7667,29.0833,428,1974,4,11.9,49.0,1974-04-01
17237,TR,DEN,,Denizli,37.7667,29.0833,428,1974,5,19.0,23.0,1974-05-01
17237,TR,DEN,,Denizli,37.7667,29.0833,428,1974,6,24.3,5.0,1974-06-01
17237,TR,DEN,,Denizli,37.7667,29.0833,428,1974,7,26.8,,1974-07-01
17237,TR,DEN,,Denizli,37.7667,29.0833,428,1974,8,25.6,11.0,1974-08-01
17237,TR,DEN,,Denizli,37.7667,29.0833,428,1974,9,21.7,5.0,1974-09-01
17237,TR,DEN,,Denizli,37.7667,29.0833,428,1974,10,19.3,19.0,1974-10-01
17237,TR,DEN,,Denizli,37.7667,29.0833,428,1974,11,10.7,22.0,1974-11-01
17237,TR,DEN,,Denizli,37.7667,29.0833,428,1974,12,6.0,54.0,1974-12-01
17237,TR,DEN,,Denizli,37.7667,29.0833,428,1975,1,4.3,57.0,1975-01-01
17237,TR,DEN,,Denizli,37.7667,29.0833,428,1975,2,5.4,47.0,1975-02-01
17237,TR,DEN,,Denizli,37.7667,29.0833,428,1975,3,11.5,72.0,1975-03-01
17237,TR,DEN,,Denizli,37.7667,29.0833,428,1975,4,15.5,99.0,1975-04-01
17237,TR,DEN,,Denizli,37.7667,29.0833,428,1975,5,18.4,54.0,1975-05-01
17237,TR,DEN,,Denizli,37.7667,29.0833,428,1975,6,23.0,18.0,1975-06-01
17237,TR,DEN,,Denizli,37.7667,29.0833,428,1975,7,27.1,0.4,1975-07-01
17237,TR,DEN,,Denizli,37.7667,29.0833,428,1975,8,26.0,0.4,1975-08-01
17237,TR,DEN,,Denizli,37.7667,29.0833,428,1975,9,22.3,10.0,1975-09-01
17237,TR,DEN,,Denizli,37.7667,29.0833,428,1975,10,16.5,22.0,1975-10-01
17237,TR,DEN,,Denizli,37.7667,29.0833,428,1975,11,10.9,108.0,1975-11-01
17237,TR,DEN,,Denizli,37.7667,29.0833,428,1975,12,5.5,90.0,1975-12-01
17237,TR,DEN,,Denizli,37.7667,29.0833,428,1976,1,5.0,84.0,1976-01-01
17237,TR,DEN,,Denizli,37.7667,29.0833,428,1976,2,4.4,52.0,1976-02-01
17237,TR,DEN,,Denizli,37.7667,29.0833,428,1976,3,9.9,47.0,1976-03-01
17237,TR,DEN,,Denizli,37.7667,29.0833,428,1976,4,13.3,84.0,1976-04-01
17237,TR,DEN,,Denizli,37.7667,29.0833,428,1976,5,18.9,39.0,1976-05-01
17237,TR,DEN,,Denizli,37.7667,29.0833,428,1976,6,22.9,8.0,1976-06-01
17237,TR,DEN,,Denizli,37.7667,29.0833,428,1976,7,25.0,38.0,1976-07-01
17237,TR,DEN,,Denizli,37.7667,29.0833,428,1976,8,23.4,6.0,1976-08-01
17237,TR,DEN,,Denizli,37.7667,29.0833,428,1976,9,20.7,,1976-09-01
17237,TR,DEN,,Denizli,37.7667,29.0833,428,1976,10,17.7,46.0,1976-10-01
17237,TR,DEN,,Denizli,37.7667,29.0833,428,1976,11,11.9,50.0,1976-11-01
17237,TR,DEN,,Denizli,37.7667,29.0833,428,1976,12,7.5,156.0,1976-12-01
17237,TR,DEN,,Denizli,37.7667,29.0833,428,1977,1,5.9,29.0,1977-01-01
17237,TR,DEN,,Denizli,37.7667,29.0833,428,1977,2,10.3,32.0,1977-02-01
17237,TR,DEN,,Denizli,37.7667,29.0833,428,1977,3,9.8,35.0,1977-03-01
17237,TR,DEN,,Denizli,37.7667,29.0833,428,1977,4,14.3,79.0,1977-04-01
17237,TR,DEN,,Denizli,37.7667,29.0833,428,1977,5,20.2,2.0,1977-05-01
17237,TR,DEN,,Denizli,37.7667,29.0833,428,1977,6,24.1,26.0,1977-06-01
17237,TR,DEN,,Denizli,37.7667,29.0833,428,1977,7,27.2,19.0,1977-07-01
17237,TR,DEN,,Denizli,37.7667,29.0833,428,1977,8,26.8,0.3,1977-08-01
17237,TR,DEN,,Denizli,37.7667,29.0833,428,1977,9,21.7,32.0,1977-09-01
17237,TR,DEN,,Denizli,37.7667,29.0833,428,1977,10,14.7,30.0,1977-10-01
17237,TR,DEN,,Denizli,37.7667,29.0833,428,1977,11,14.5,5.0,1977-11-01
17237,TR,DEN,,Denizli,37.7667,29.0833,428,1977,12,6.3,50.0,1977-12-01
17237,TR,DEN,,Denizli,37.7667,29.0833,428,1978,1,6.6,151.0,1978-01-01
17237,TR,DEN,,Denizli,37.7667,29.0833,428,1978,2,10.0,211.0,1978-02-01
17237,TR,DEN,,Denizli,37.7667,29.0833,428,1978,3,10.7,104.0,1978-03-01
17237,TR,DEN,,Denizli,37.7667,29.0833,428,1978,4,13.8,41.0,1978-04-01
17237,TR,DEN,,Denizli,37.7667,29.0833,428,1978,5,19.8,13.0,1978-05-01
17237,TR,DEN,,Denizli,37.7667,29.0833,428,1978,6,23.9,7.0,1978-06-01
17237,TR,DEN,,Denizli,37.7667,29.0833,428,1978,7,27.2,0.1,1978-07-01
17237,TR,DEN,,Denizli,37.7667,29.0833,428,1978,8,24.8,,1978-08-01
17237,TR,DEN,,Denizli,37.7667,29.0833,428,1978,9,20.5,30.0,1978-09-01
17237,TR,DEN,,Denizli,37.7667,29.0833,428,1978,10,17.1,98.0,1978-10-01
17237,TR,DEN,,Denizli,37.7667,29.0833,428,1978,11,10.1,43.0,1978-11-01
17237,TR,DEN,,Denizli,37.7667,29.0833,428,1978,12,8.0,75.0,1978-12-01
17237,TR,DEN,,Denizli,37.7667,29.0833,428,1979,1,7.0,204.0,1979-01-01
17237,TR,DEN,,Denizli,37.7667,29.0833,428,1979,2,9.0,30.0,1979-02-01
17237,TR,DEN,,Denizli,37.7667,29.0833,428,1979,3,12.2,40.0,1979-03-01
17237,TR,DEN,,Denizli,37.7667,29.0833,428,1979,4,14.1,20.0,1979-04-01
17237,TR,DEN,,Denizli,37.7667,29.0833,428,1979,5,18.8,126.0,1979-05-01
17237,TR,DEN,,Denizli,37.7667,29.0833,428,1979,6,23.7,19.0,1979-06-01
17237,TR,DEN,,Denizli,37.7667,29.0833,428,1979,7,25.6,,1979-07-01
17237,TR,DEN,,Denizli,37.7667,29.0833,428,1979,8,26.0,,1979-08-01
17237,TR,DEN,,Denizli,37.7667,29.0833,428,1979,9,23.1,,1979-09-01
17237,TR,DEN,,Denizli,37.7667,29.0833,428,1979,10,17.6,53.0,1979-10-01
17237,TR,DEN,,Denizli,37.7667,29.0833,428,1979,11,12.0,114.0,1979-11-01
17237,TR,DEN,,Denizli,37.7667,29.0833,428,1979,12,7.4,65.0,1979-12-01
17237,TR,DEN,,Denizli,37.7667,29.0833,428,1980,1,5.1,147.0,1980-01-01
17237,TR,DEN,,Denizli,37.7667,29.0833,428,1980,2,5.8,35.0,1980-02-01
17237,TR,DEN,,Denizli,37.7667,29.0833,428,1980,3,8.9,96.0,1980-03-01
17237,TR,DEN,,Denizli,37.7667,29.0833,428,1980,4,13.0,59.0,1980-04-01
17237,TR,DEN,,Denizli,37.7667,29.0833,428,1980,5,18.5,50.0,1980-05-01
17237,TR,DEN,,Denizli,37.7667,29.0833,428,1980,6,23.8,7.0,1980-06-01
17237,TR,DEN,,Denizli,37.7667,29.0833,428,1980,7,27.3,,1980-07-01
17237,TR,DEN,,Denizli,37.7667,29.0833,428,1980,8,26.5,,1980-08-01
17237,TR,DEN,,Denizli,37.7667,29.0833,428,1980,9,21.0,35.0,1980-09-01
17237,TR,DEN,,Denizli,37.7667,29.0833,428,1980,10,18.3,30.0,1980-10-01
17237,TR,DEN,,Denizli,37.7667,29.0833,428,1980,11,13.3,75.0,1980-11-01
17237,TR,DEN,,Denizli,37.7667,29.0833,428,1980,12,8.4,103.0,1980-12-01
17237,TR,DEN,,Denizli,37.7667,29.0833,428,1981,1,6.4,206.0,1981-01-01
17237,TR,DEN,,Denizli,37.7667,29.0833,428,1981,2,6.6,77.0,1981-02-01
17237,TR,DEN,,Denizli,37.7667,29.0833,428,1981,3,12.0,50.0,1981-03-01
17237,TR,DEN,,Denizli,37.7667,29.0833,428,1981,4,14.7,21.0,1981-04-01
17237,TR,DEN,,Denizli,37.7667,29.0833,428,1981,5,17.5,41.0,1981-05-01
17237,TR,DEN,,Denizli,37.7667,29.0833,428,1981,6,25.1,35.0,1981-06-01
17237,TR,DEN,,Denizli,37.7667,29.0833,428,1981,7,26.2,,1981-07-01
17237,TR,DEN,,Denizli,37.7667,29.0833,428,1981,8,25.9,1.0,1981-08-01
17237,TR,DEN,,Denizli,37.7667,29.0833,428,1981,9,23.1,0.2,1981-09-01
17237,TR,DEN,,Denizli,37.7667,29.0833,428,1981,10,19.9,2.0,1981-10-01
17237,TR,DEN,,Denizli,37.7667,29.0833,428,1981,11,10.1,76.0,1981-11-01
17237,TR,DEN,,Denizli,37.7667,29.0833,428,1981,12,11.1,156.0,1981-12-01
17237,TR,DEN,,Denizli,37.7667,29.0833,428,1982,1,7.6,68.0,1982-01-01
17237,TR,DEN,,Denizli,37.7667,29.0833,428,1982,2,5.3,44.0,1982-02-01
17237,TR,DEN,,Denizli,37.7667,29.0833,428,1982,3,9.2,31.0,1982-03-01
17237,TR,DEN,,Denizli,37.7667,29.0833,428,1982,4,14.5,79.0,1982-04-01
17237,TR,DEN,,Denizli,37.7667,29.0833,428,1982,5,18.9,25.0,1982-05-01
17237,TR,DEN,,Denizli,37.7667,29.0833,428,1982,6,23.6,30.0,1982-06-01
17237,TR,DEN,,Denizli,37.7667,29.0833,428,1982,7,24.6,19.0,1982-07-01
17237,TR,DEN,,Denizli,37.7667,29.0833,428,1982,8,25.8,2.0,1982-08-01
17237,TR,DEN,,Denizli,37.7667,29.0833,428,1982,9,23.7,2.0,1982-09-01
17237,TR,DEN,,Denizli,37.7667,29.0833,428,1982,10,17.2,53.0,1982-10-01
17237,TR,DEN,,Denizli,37.7667,29.0833,428,1982,11,9.8,16.0,1982-11-01
17237,TR,DEN,,Denizli,37.7667,29.0833,428,1982,12,8.5,66.0,1982-12-01
17237,TR,DEN,,Denizli,37.7667,29.0833,428,1983,1,3.5,90.0,1983-01-01
17237,TR,DEN,,Denizli,37.7667,29.0833,428,1983,2,5.4,88.0,1983-02-01
17237,TR,DEN,,Denizli,37.7667,29.0833,428,1983,3,10.0,56.0,1983-03-01
17237,TR,DEN,,Denizli,37.7667,29.0833,428,1983,4,15.7,63.0,1983-04-01
17237,TR,DEN,,Denizli,37.7667,29.0833,428,1983,5,19.3,16.0,1983-05-01
17237,TR,DEN,,Denizli,37.7667,29.0833,428,1983,6,22.1,46.0,1983-06-01
17237,TR,DEN,,Denizli,37.7667,29.0833,428,1983,7,25.1,54.0,1983-07-01
17237,TR,DEN,,Denizli,37.7667,29.0833,428,1983,8,24.4,11.0,1983-08-01
17237,TR,DEN,,Denizli,37.7667,29.0833,428,1983,9,21.8,8.0,1983-09-01
17237,TR,DEN,,Denizli,37.7667,29.0833,428,1983,10,15.5,8.0,1983-10-01
17237,TR,DEN,,Denizli,37.7667,29.0833,428,1983,11,11.3,112.0,1983-11-01
17237,TR,DEN,,Denizli,37.7667,29.0833,428,1983,12,8.4,126.0,1983-12-01
17237,TR,DEN,,Denizli,37.7667,29.0833,428,1984,1,7.4,122.0,1984-01-01
17237,TR,DEN,,Denizli,37.7667,29.0833,428,1984,2,8.5,76.0,1984-02-01
17237,TR,DEN,,Denizli,37.7667,29.0833,428,1984,3,9.7,102.0,1984-03-01
17237,TR,DEN,,Denizli,37.7667,29.0833,428,1984,4,12.3,104.0,1984-04-01
17237,TR,DEN,,Denizli,37.7667,29.0833,428,1984,5,20.6,4.0,1984-05-01
17237,TR,DEN,,Denizli,37.7667,29.0833,428,1984,6,23.4,0.3,1984-06-01
17237,TR,DEN,,Denizli,37.7667,29.0833,428,1984,7,25.1,28.0,1984-07-01
17237,TR,DEN,,Denizli,37.7667,29.0833,428,1984,8,23.3,2.0,1984-08-01
17237,TR,DEN,,Denizli,37.7667,29.0833,428,1984,9,23.1,0.3,1984-09-01
17237,TR,DEN,,Denizli,37.7667,29.0833,428,1984,10,18.4,,1984-10-01
17237,TR,DEN,,Denizli,37.7667,29.0833,428,1984,11,11.8,64.0,1984-11-01
17237,TR,DEN,,Denizli,37.7667,29.0833,428,1984,12,6.1,18.0,1984-12-01
17237,TR,DEN,,Denizli,37.7667,29.0833,428,1985,1,8.6,175.0,1985-01-01
17237,TR,DEN,,Denizli,37.7667,29.0833,428,1985,2,4.3,100.0,1985-02-01
17237,TR,DEN,,Denizli,37.7667,29.0833,428,1985,3,10.5,65.0,1985-03-01
17237,TR,DEN,,Denizli,37.7667,29.0833,428,1985,4,15.8,23.0,1985-04-01
17237,TR,DEN,,Denizli,37.7667,29.0833,428,1985,5,21.4,32.0,1985-05-01
17237,TR,DEN,,Denizli,37.7667,29.0833,428,1985,6,23.8,43.0,1985-06-01
17237,TR,DEN,,Denizli,37.7667,29.0833,428,1985,7,25.8,1.0,1985-07-01
17237,TR,DEN,,Denizli,37.7667,29.0833,428,1985,8,27.0,8.0,1985-08-01
17237,TR,DEN,,Denizli,37.7667,29.0833,428,1985,9,22.5,1.0,1985-09-01
17237,TR,DEN,,Denizli,37.7667,29.0833,428,1985,10,15.0,39.0,1985-10-01
17237,TR,DEN,,Denizli,37.7667,29.0833,428,1985,11,14.2,35.0,1985-11-01
17237,TR,DEN,,Denizli,37.7667,29.0833,428,1985,12,7.8,39.0,1985-12-01
17237,TR,DEN,,Denizli,37.7667,29.0833,428,1986,1,8.3,82.0,1986-01-01
17237,TR,DEN,,Denizli,37.7667,29.0833,428,1986,2,9.1,98.0,1986-02-01
17237,TR,DEN,,Denizli,37.7667,29.0833,428,1986,3,11.2,6.0,1986-03-01
17237,TR,DEN,,Denizli,37.7667,29.0833,428,1986,4,17.4,13.0,1986-04-01
17237,TR,DEN,,Denizli,37.7667,29.0833,428,1986,5,18.2,19.0,1986-05-01
17237,TR,DEN,,Denizli,37.7667,29.0833,428,1986,6,23.8,32.0,1986-06-01
17237,TR,DEN,,Denizli,37.7667,29.0833,428,1986,7,27.2,3.0,1986-07-01
17237,TR,DEN,,Denizli,37.7667,29.0833,428,1986,8,27.9,20.0,1986-08-01
17237,TR,DEN,,Denizli,37.7667,29.0833,428,1986,9,23.0,83.0,1986-09-01
17237,TR,DEN,,Denizli,37.7667,29.0833,428,1986,10,16.2,19.0,1986-10-01
17237,TR,DEN,,Denizli,37.7667,29.0833,428,1986,11,9.2,5.0,1986-11-01
17237,TR,DEN,,Denizli,37.7667,29.0833,428,1986,12,6.6,104.0,1986-12-01
17237,TR,DEN,,Denizli,37.7667,29.0833,428,1987,1,7.9,94.0,1987-01-01
17237,TR,DEN,,Denizli,37.7667,29.0833,428,1987,2,8.8,43.0,1987-02-01
17237,TR,DEN,,Denizli,37.7667,29.0833,428,1987,3,6.2,95.0,1987-03-01
17237,TR,DEN,,Denizli,37.7667,29.0833,428,1987,4,13.2,51.0,1987-04-01
17237,TR,DEN,,Denizli,37.7667,29.0833,428,1987,5,18.4,47.0,1987-05-01
17237,TR,DEN,,Denizli,37.7667,29.0833,428,1987,6,23.9,49.0,1987-06-01
17237,TR,DEN,,Denizli,37.7667,29.0833,428,1987,7,27.9,11.0,1987-07-01
17237,TR,DEN,,Denizli,37.7667,29.0833,428,1987,8,25.8,,1987-08-01
17237,TR,DEN,,Denizli,37.7667,29.0833,428,1987,9,23.9,0.1,1987-09-01
17237,TR,DEN,,Denizli,37.7667,29.0833,428,1987,10,16.3,7.0,1987-10-01
17237,TR,DEN,,Denizli,37.7667,29.0833,428,1987,11,11.0,63.0,1987-11-01
17237,TR,DEN,,Denizli,37.7667,29.0833,428,1987,12,7.5,68.0,1987-12-01
17237,TR,DEN,,Denizli,37.7667,29.0833,428,1988,1,7.4,14.0,1988-01-01
17237,TR,DEN,,Denizli,37.7667,29.0833,428,1988,2,7.3,96.0,1988-02-01
17237,TR,DEN,,Denizli,37.7667,29.0833,428,1988,3,8.6,115.0,1988-03-01
17237,TR,DEN,,Denizli,37.7667,29.0833,428,1988,4,14.8,48.0,1988-04-01
17237,TR,DEN,,Denizli,37.7667,29.0833,428,1988,5,20.3,45.0,1988-05-01
17237,TR,DEN,,Denizli,37.7667,29.0833,428,1988,6,24.4,8.0,1988-06-01
17237,TR,DEN,,Denizli,37.7667,29.0833,428,1988,7,28.6,18.0,1988-07-01
17237,TR,DEN,,Denizli,37.7667,29.0833,428,1988,8,27.0,19.0,1988-08-01
17237,TR,DEN,,Denizli,37.7667,29.0833,428,1988,9,22.7,3.0,1988-09-01
17237,TR,DEN,,Denizli,37.7667,29.0833,428,1988,10,15.8,52.0,1988-10-01
17237,TR,DEN,,Denizli,37.7667,29.0833,428,1988,11,8.8,107.0,1988-11-01
17237,TR,DEN,,Denizli,37.7667,29.0833,428,1988,12,7.9,81.0,1988-12-01
17237,TR,DEN,,Denizli,37.7667,29.0833,428,1989,1,4.2,8.0,1989-01-01
17237,TR,DEN,,Denizli,37.7667,29.0833,428,1989,2,7.3,11.0,1989-02-01
17237,TR,DEN,,Denizli,37.7667,29.0833,428,1989,3,12.7,41.0,1989-03-01
17237,TR,DEN,,Denizli,37.7667,29.0833,428,1989,4,19.5,3.0,1989-04-01
17237,TR,DEN,,Denizli,37.7667,29.0833,428,1989,5,19.3,36.0,1989-05-01
17237,TR,DEN,,Denizli,37.7667,29.0833,428,1989,6,23.5,5.0,1989-06-01
17237,TR,DEN,,Denizli,37.7667,29.0833,428,1989,7,27.1,8.0,1989-07-01
17237,TR,DEN,,Denizli,37.7667,29.0833,428,1989,8,27.4,0.7,1989-08-01
17237,TR,DEN,,Denizli,37.7667,29.0833,428,1989,9,22.6,2.0,1989-09-01
17237,TR,DEN,,Denizli,37.7667,29.0833,428,1989,10,15.4,83.0,1989-10-01
17237,TR,DEN,,Denizli,37.7667,29.0833,428,1989,11,10.9,114.0,1989-11-01
17237,TR,DEN,,Denizli,37.7667,29.0833,428,1989,12,7.2,36.0,1989-12-01
17237,TR,DEN,,Denizli,37.7667,29.0833,428,1990,1,4.3,23.0,1990-01-01
17237,TR,DEN,,Denizli,37.7667,29.0833,428,1990,2,7.4,48.0,1990-02-01
17237,TR,DEN,,Denizli,37.7667,29.0833,428,1990,3,12.2,39.0,1990-03-01
17237,TR,DEN,,Denizli,37.7667,29.0833,428,1990,4,15.4,35.0,1990-04-01
17237,TR,DEN,,Denizli,37.7667,29.0833,428,1990,5,19.4,18.0,1990-05-01
17237,TR,DEN,,Denizli,37.7667,29.0833,428,1990,6,23.8,8.0,1990-06-01
17237,TR,DEN,,Denizli,37.7667,29.0833,428,1990,7,28.4,,1990-07-01
17237,TR,DEN,,Denizli,37.7667,29.0833,428,1990,8,26.8,3.0,1990-08-01
17237,TR,DEN,,Denizli,37.7667,29.0833,428,1990,9,21.9,,1990-09-01
17237,TR,DEN,,Denizli,37.7667,29.0833,428,1990,10,18.2,24.0,1990-10-01
17237,TR,DEN,,Denizli,37.7667,29.0833,428,1990,11,13.8,42.0,1990-11-01
17237,TR,DEN,,Denizli,37.7667,29.0833,428,1990,12,9.0,127.0,1990-12-01
17237,TR,DEN,,Denizli,37.7667,29.0833,428,1991,1,5.7,,1991-01-01
17237,TR,DEN,,Denizli,37.7667,29.0833,428,1991,2,6.9,,1991-02-01
17237,TR,DEN,,Denizli,37.7667,29.0833,428,1991,3,12.2,,1991-03-01
17237,TR,DEN,,Denizli,37.7667,29.0833,428,1991,4,14.5,,1991-04-01
17237,TR,DEN,,Denizli,37.7667,29.0833,428,1991,5,17.0,,1991-05-01
17237,TR,DEN,,Denizli,37.7667,29.0833,428,1991,6,24.6,,1991-06-01
17237,TR,DEN,,Denizli,37.7667,29.0833,428,1991,7,26.3,,1991-07-01
17237,TR,DEN,,Denizli,37.7667,29.0833,428,1991,8,26.4,,1991-08-01
17237,TR,DEN,,Denizli,37.7667,29.0833,428,1991,9,22.6,,1991-09-01
17237,TR,DEN,,Denizli,37.7667,29.0833,428,1991,10,17.6,,1991-10-01
17237,TR,DEN,,Denizli,37.7667,29.0833,428,1991,11,11.6,,1991-11-01
17237,TR,DEN,,Denizli,37.7667,29.0833,428,1991,12,4.3,,1991-12-01
17237,TR,DEN,,Denizli,37.7667,29.0833,428,1992,1,4.1,,1992-01-01
17237,TR,DEN,,Denizli,37.7667,29.0833,428,1992,2,4.0,,1992-02-01
17237,TR,DEN,,Denizli,37.7667,29.0833,428,1992,3,8.3,,1992-03-01
17237,TR,DEN,,Denizli,37.7667,29.0833,428,1992,4,14.4,,1992-04-01
17237,TR,DEN,,Denizli,37.7667,29.0833,428,1992,5,19.3,,1992-05-01
17237,TR,DEN,,Denizli,37.7667,29.0833,428,1992,6,23.8,,1992-06-01
17237,TR,DEN,,Denizli,37.7667,29.0833,428,1992,7,25.7,,1992-07-01
17237,TR,DEN,,Denizli,37.7667,29.0833,428,1992,8,27.1,,1992-08-01
17237,TR,DEN,,Denizli,37.7667,29.0833,428,1992,9,22.1,,1992-09-01
17237,TR,DEN,,Denizli,37.7667,29.0833,428,1992,10,19.0,,1992-10-01
17237,TR,DEN,,Denizli,37.7667,29.0833,428,1992,11,10.9,,1992-11-01
17237,TR,DEN,,Denizli,37.7667,29.0833,428,1992,12,4.5,,1992-12-01
17237,TR,DEN,,Denizli,37.7667,29.0833,428,1993,1,5.1,,1993-01-01
17237,TR,DEN,,Denizli,37.7667,29.0833,428,1993,2,5.1,,1993-02-01
17237,TR,DEN,,Denizli,37.7667,29.0833,428,1993,3,9.5,,1993-03-01
17237,TR,DEN,,Denizli,37.7667,29.0833,428,1993,4,14.2,,1993-04-01
17237,TR,DEN,,Denizli,37.7667,29.0833,428,1993,5,18.4,,1993-05-01
17237,TR,DEN,,Denizli,37.7667,29.0833,428,1993,6,24.4,,1993-06-01
17237,TR,DEN,,Denizli,37.7667,29.0833,428,1993,7,27.1,,1993-07-01
17237,TR,DEN,,Denizli,37.7667,29.0833,428,1993,8,27.8,,1993-08-01
17237,TR,DEN,,Denizli,37.7667,29.0833,428,1993,9,22.9,,1993-09-01
17237,TR,DEN,,Denizli,37.7667,29.0833,428,1993,10,19.6,,1993-10-01
17237,TR,DEN,,Denizli,37.7667,29.0833,428,1993,11,10.9,,1993-11-01
17237,TR,DEN,,Denizli,37.7667,29.0833,428,1993,12,8.7,,1993-12-01
17237,TR,DEN,,Denizli,37.7667,29.0833,428,1994,1,7.8,,1994-01-01
17237,TR,DEN,,Denizli,37.7667,29.0833,428,1994,2,7.4,,1994-02-01
17237,TR,DEN,,Denizli,37.7667,29.0833,428,1994,3,10.5,,1994-03-01
17237,TR,DEN,,Denizli,37.7667,29.0833,428,1994,4,16.1,,1994-04-01
17237,TR,DEN,,Denizli,37.7667,29.0833,428,1994,5,20.7,,1994-05-01
17237,TR,DEN,,Denizli,37.7667,29.0833,428,1994,6,24.6,,1994-06-01
17237,TR,DEN,,Denizli,37.7667,29.0833,428,1994,7,27.5,,1994-07-01
17237,TR,DEN,,Denizli,37.7667,29.0833,428,1994,8,28.1,,1994-08-01
17237,TR,DEN,,Denizli,37.7667,29.0833,428,1994,9,25.8,,1994-09-01
17237,TR,DEN,,Denizli,37.7667,29.0833,428,1994,10,19.3,,1994-10-01
17237,TR,DEN,,Denizli,37.7667,29.0833,428,1994,11,10.5,,1994-11-01
17237,TR,DEN,,Denizli,37.7667,29.0833,428,1994,12,6.1,,1994-12-01
17237,TR,DEN,,Denizli,37.7667,29.0833,428,1995,1,7.1,,1995-01-01
17237,TR,DEN,,Denizli,37.7667,29.0833,428,1995,2,9.1,,1995-02-01
17237,TR,DEN,,Denizli,37.7667,29.0833,428,1995,3,10.2,,1995-03-01
17237,TR,DEN,,Denizli,37.7667,29.0833,428,1995,4,13.5,,1995-04-01
17237,TR,DEN,,Denizli,37.7667,29.0833,428,1995,5,20.0,,1995-05-01
17237,TR,DEN,,Denizli,37.7667,29.0833,428,1995,6,25.9,,1995-06-01
17237,TR,DEN,,Denizli,37.7667,29.0833,428,1995,7,27.1,,1995-07-01
17237,TR,DEN,,Denizli,37.7667,29.0833,428,1995,8,26.7,,1995-08-01
17237,TR,DEN,,Denizli,37.7667,29.0833,428,1995,9,22.9,,1995-09-01
17237,TR,DEN,,Denizli,37.7667,29.0833,428,1995,10,16.0,,1995-10-01
17237,TR,DEN,,Denizli,37.7667,29.0833,428,1995,11,8.6,,1995-11-01
17237,TR,DEN,,Denizli,37.7667,29.0833,428,1995,12,8.7,,1995-12-01
17237,TR,DEN,,Denizli,37.7667,29.0833,428,1996,1,5.6,,1996-01-01
17237,TR,DEN,,Denizli,37.7667,29.0833,428,1996,2,8.4,,1996-02-01
17237,TR,DEN,,Denizli,37.7667,29.0833,428,1996,3,8.7,,1996-03-01
17237,TR,DEN,,Denizli,37.7667,29.0833,428,1996,4,13.1,,1996-04-01
17237,TR,DEN,,Denizli,37.7667,29.0833,428,1996,5,21.6,,1996-05-01
17237,TR,DEN,,Denizli,37.7667,29.0833,428,1996,6,25.4,,1996-06-01
17237,TR,DEN,,Denizli,37.7667,29.0833,428,1996,7,28.0,,1996-07-01
17237,TR,DEN,,Denizli,37.7667,29.0833,428,1996,8,27.3,,1996-08-01
17237,TR,DEN,,Denizli,37.7667,29.0833,428,1996,9,21.0,,1996-09-01
17237,TR,DEN,,Denizli,37.7667,29.0833,428,1996,10,15.3,,1996-10-01
17237,TR,DEN,,Denizli,37.7667,29.0833,428,1996,11,12.9,,1996-11-01
17237,TR,DEN,,Denizli,37.7667,29.0833,428,1996,12,10.0,,1996-12-01
17237,TR,DEN,,Denizli,37.7667,29.0833,428,1997,1,7.7,,1997-01-01
17237,TR,DEN,,Denizli,37.7667,29.0833,428,1997,2,6.6,,1997-02-01
17237,TR,DEN,,Denizli,37.7667,29.0833,428,1997,3,9.0,,1997-03-01
17237,TR,DEN,,Denizli,37.7667,29.0833,428,1997,4,10.9,,1997-04-01
17237,TR,DEN,,Denizli,37.7667,29.0833,428,1997,5,21.0,,1997-05-01
17237,TR,DEN,,Denizli,37.7667,29.0833,428,1997,6,25.0,,1997-06-01
17237,TR,DEN,,Denizli,37.7667,29.0833,428,1997,7,27.8,,1997-07-01
17237,TR,DEN,,Denizli,37.7667,29.0833,428,1997,8,25.3,,1997-08-01
17237,TR,DEN,,Denizli,37.7667,29.0833,428,1997,9,21.7,,1997-09-01
17237,TR,DEN,,Denizli,37.7667,29.0833,428,1997,10,16.6,,1997-10-01
17237,TR,DEN,,Denizli,37.7667,29.0833,428,1997,11,12.4,,1997-11-01
17237,TR,DEN,,Denizli,37.7667,29.0833,428,1997,12,8.3,,1997-12-01
17237,TR,DEN,,Denizli,37.7667,29.0833,428,1998,1,6.7,,1998-01-01
17237,TR,DEN,,Denizli,37.7667,29.0833,428,1998,2,9.0,,1998-02-01
17237,TR,DEN,,Denizli,37.7667,29.0833,428,1998,3,6.9,,1998-03-01
17237,TR,DEN,,Denizli,37.7667,29.0833,428,1998,4,17.1,,1998-04-01
17237,TR,DEN,,Denizli,37.7667,29.0833,428,1998,5,19.4,,1998-05-01
17237,TR,DEN,,Denizli,37.7667,29.0833,428,1998,6,24.3,,1998-06-01
17237,TR,DEN,,Denizli,37.7667,29.0833,428,1998,7,28.5,,1998-07-01
17237,TR,DEN,,Denizli,37.7667,29.0833,428,1998,8,29.5,,1998-08-01
17237,TR,DEN,,Denizli,37.7667,29.0833,428,1998,9,22.9,,1998-09-01
17237,TR,DEN,,Denizli,37.7667,29.0833,428,1998,10,18.4,,1998-10-01
17237,TR,DEN,,Denizli,37.7667,29.0833,428,1998,11,13.1,,1998-11-01
17237,TR,DEN,,Denizli,37.7667,29.0833,428,1998,12,7.8,,1998-12-01
17237,TR,DEN,,Denizli,37.7667,29.0833,428,1999,1,7.3,145.0,1999-01-01
17237,TR,DEN,,Denizli,37.7667,29.0833,428,1999,2,7.6,108.0,1999-02-01
17237,TR,DEN,,Denizli,37.7667,29.0833,428,1999,3,10.8,,1999-03-01
17237,TR,DEN,,Denizli,37.7667,29.0833,428,1999,4,15.6,,1999-04-01
17237,TR,DEN,,Denizli,37.7667,29.0833,428,1999,5,21.8,,1999-05-01
17237,TR,DEN,,Denizli,37.7667,29.0833,428,1999,6,24.7,42.0,1999-06-01
17237,TR,DEN,,Denizli,37.7667,29.0833,428,1999,7,27.9,18.0,1999-07-01
17237,TR,DEN,,Denizli,37.7667,29.0833,428,1999,8,27.6,81.0,1999-08-01
17237,TR,DEN,,Denizli,37.7667,29.0833,428,1999,9,22.7,,1999-09-01
17237,TR,DEN,,Denizli,37.7667,29.0833,428,1999,10,18.4,,1999-10-01
17237,TR,DEN,,Denizli,37.7667,29.0833,428,1999,11,12.0,4.0,1999-11-01
17237,TR,DEN,,Denizli,37.7667,29.0833,428,1999,12,8.8,,1999-12-01
17237,TR,DEN,,Denizli,37.7667,29.0833,428,2000,1,2.5,,2000-01-01
17237,TR,DEN,,Denizli,37.7667,29.0833,428,2000,2,6.0,,2000-02-01
17237,TR,DEN,,Denizli,37.7667,29.0833,428,2000,3,8.2,,2000-03-01
17237,TR,DEN,,Denizli,37.7667,29.0833,428,2000,4,15.8,,2000-04-01
17237,TR,DEN,,Denizli,37.7667,29.0833,428,2000,5,19.6,,2000-05-01
17237,TR,DEN,,Denizli,37.7667,29.0833,428,2000,6,24.8,,2000-06-01
17237,TR,DEN,,Denizli,37.7667,29.0833,428,2000,7,29.1,,2000-07-01
17237,TR,DEN,,Denizli,37.7667,29.0833,428,2000,8,27.4,,2000-08-01
17237,TR,DEN,,Denizli,37.7667,29.0833,428,2000,9,23.1,,2000-09-01
17237,TR,DEN,,Denizli,37.7667,29.0833,428,2000,10,16.7,,2000-10-01
17237,TR,DEN,,Denizli,37.7667,29.0833,428,2000,11,13.3,,2000-11-01
17237,TR,DEN,,Denizli,37.7667,29.0833,428,2000,12,7.6,,2000-12-01
17237,TR,DEN,,Denizli,37.7667,29.0833,428,2001,1,8.3,,2001-01-01
17237,TR,DEN,,Denizli,37.7667,29.0833,428,2001,2,7.6,,2001-02-01
17237,TR,DEN,,Denizli,37.7667,29.0833,428,2001,3,14.7,,2001-03-01
17237,TR,DEN,,Denizli,37.7667,29.0833,428,2001,4,15.1,,2001-04-01
17237,TR,DEN,,Denizli,37.7667,29.0833,428,2001,5,19.9,,2001-05-01
17237,TR,DEN,,Denizli,37.7667,29.0833,428,2001,6,25.9,,2001-06-01
17237,TR,DEN,,Denizli,37.7667,29.0833,428,2001,7,29.4,,2001-07-01
17237,TR,DEN,,Denizli,37.7667,29.0833,428,2001,8,28.6,,2001-08-01
17237,TR,DEN,,Denizli,37.7667,29.0833,428,2001,9,23.7,,2001-09-01
17237,TR,DEN,,Denizli,37.7667,29.0833,428,2001,10,18.0,,2001-10-01
17237,TR,DEN,,Denizli,37.7667,29.0833,428,2001,11,11.1,,2001-11-01
17237,TR,DEN,,Denizli,37.7667,29.0833,428,2001,12,6.3,,2001-12-01
17237,TR,DEN,,Denizli,37.7667,29.0833,428,2002,1,3.6,,2002-01-01
17237,TR,DEN,,Denizli,37.7667,29.0833,428,2002,2,9.7,,2002-02-01
17237,TR,DEN,,Denizli,37.7667,29.0833,428,2002,3,11.6,,2002-03-01
17237,TR,DEN,,Denizli,37.7667,29.0833,428,2002,4,14.0,,2002-04-01
17237,TR,DEN,,Denizli,37.7667,29.0833,428,2002,5,20.2,,2002-05-01
17237,TR,DEN,,Denizli,37.7667,29.0833,428,2002,6,25.4,,2002-06-01
17237,TR,DEN,,Denizli,37.7667,29.0833,428,2002,7,28.2,,2002-07-01
17237,TR,DEN,,Denizli,37.7667,29.0833,428,2002,8,26.8,,2002-08-01
17237,TR,DEN,,Denizli,37.7667,29.0833,428,2002,9,21.5,,2002-09-01
17237,TR,DEN,,Denizli,37.7667,29.0833,428,2002,10,17.0,30.0,2002-10-01
17237,TR,DEN,,Denizli,37.7667,29.0833,428,2002,11,12.1,57.0,2002-11-01
17237,TR,DEN,,Denizli,37.7667,29.0833,428,2002,12,5.3,89.0,2002-12-01
17237,TR,DEN,,Denizli,37.7667,29.0833,428,2003,1,9.4,,2003-01-01
17237,TR,DEN,,Denizli,37.7667,29.0833,428,2003,2,3.1,,2003-02-01
17237,TR,DEN,,Denizli,37.7667,29.0833,428,2003,3,7.5,,2003-03-01
17237,TR,DEN,,Denizli,37.7667,29.0833,428,2003,4,12.3,,2003-04-01
17237,TR,DEN,,Denizli,37.7667,29.0833,428,2003,5,21.8,,2003-05-01
17237,TR,DEN,,Denizli,37.7667,29.0833,428,2003,6,25.5,,2003-06-01
17237,TR,DEN,,Denizli,37.7667,29.0833,428,2003,7,27.8,,2003-07-01
17237,TR,DEN,,Denizli,37.7667,29.0833,428,2003,8,28.3,1.0,2003-08-01
17237,TR,DEN,,Denizli,37.7667,29.0833,428,2003,9,22.5,,2003-09-01
17237,TR,DEN,,Denizli,37.7667,29.0833,428,2003,10,19.1,,2003-10-01
17237,TR,DEN,,Denizli,37.7667,29.0833,428,2003,11,12.2,,2003-11-01
17237,TR,DEN,,Denizli,37.7667,29.0833,428,2003,12,7.6,,2003-12-01
17237,TR,DEN,,Denizli,37.7667,29.0833,428,2004,1,5.4,,2004-01-01
17237,TR,DEN,,Denizli,37.7667,29.0833,428,2004,2,7.0,,2004-02-01
17237,TR,DEN,,Denizli,37.7667,29.0833,428,2004,3,11.6,,2004-03-01
17237,TR,DEN,,Denizli,37.7667,29.0833,428,2004,4,15.1,77.0,2004-04-01
17237,TR,DEN,,Denizli,37.7667,29.0833,428,2004,5,19.5,,2004-05-01
17237,TR,DEN,,Denizli,37.7667,29.0833,428,2004,6,25.5,2.0,2004-06-01
17237,TR,DEN,,Denizli,37.7667,29.0833,428,2004,7,28.3,7.0,2004-07-01
17237,TR,DEN,,Denizli,37.7667,29.0833,428,2004,8,27.1,0.0,2004-08-01
17237,TR,DEN,,Denizli,37.7667,29.0833,428,2004,9,23.9,0.0,2004-09-01
17237,TR,DEN,,Denizli,37.7667,29.0833,428,2004,10,19.1,18.0,2004-10-01
17237,TR,DEN,,Denizli,37.7667,29.0833,428,2004,11,11.9,70.0,2004-11-01
17237,TR,DEN,,Denizli,37.7667,29.0833,428,2004,12,8.3,18.0,2004-12-01
17237,TR,DEN,,Denizli,37.7667,29.0833,428,2005,1,8.3,34.0,2005-01-01
17237,TR,DEN,,Denizli,37.7667,29.0833,428,2005,2,7.2,86.0,2005-02-01
17237,TR,DEN,,Denizli,37.7667,29.0833,428,2005,3,9.8,,2005-03-01
17237,TR,DEN,,Denizli,37.7667,29.0833,428,2005,4,14.9,,2005-04-01
17237,TR,DEN,,Denizli,37.7667,29.0833,428,2005,5,20.8,67.0,2005-05-01
17237,TR,DEN,,Denizli,37.7667,29.0833,428,2005,6,24.5,16.0,2005-06-01
17237,TR,DEN,,Denizli,37.7667,29.0833,428,2005,7,29.0,21.0,2005-07-01
17237,TR,DEN,,Denizli,37.7667,29.0833,428,2005,8,28.4,0.0,2005-08-01
17237,TR,DEN,,Denizli,37.7667,29.0833,428,2005,9,22.6,,2005-09-01
17237,TR,DEN,,Denizli,37.7667,29.0833,428,2005,10,15.9,34.0,2005-10-01
17237,TR,DEN,,Denizli,37.7667,29.0833,428,2005,11,10.8,103.0,2005-11-01
17237,TR,DEN,,Denizli,37.7667,29.0833,428,2005,12,8.6,67.0,2005-12-01
17237,TR,DEN,,Denizli,37.7667,29.0833,428,2006,1,4.7,,2006-01-01
17237,TR,DEN,,Denizli,37.7667,29.0833,428,2006,2,7.3,68.0,2006-02-01
17237,TR,DEN,,Denizli,37.7667,29.0833,428,2006,3,11.0,104.0,2006-03-01
17237,TR,DEN,,Denizli,37.7667,29.0833,428,2006,4,16.2,44.0,2006-04-01
17237,TR,DEN,,Denizli,37.7667,29.0833,428,2006,5,20.1,,2006-05-01
17237,TR,DEN,,Denizli,37.7667,29.0833,428,2006,6,24.7,47.0,2006-06-01
17237,TR,DEN,,Denizli,37.7667,29.0833,428,2006,7,27.6,,2006-07-01
17237,TR,DEN,,Denizli,37.7667,29.0833,428,2006,8,29.8,0.0,2006-08-01
17237,TR,DEN,,Denizli,37.7667,29.0833,428,2006,9,22.8,16.0,2006-09-01
17237,TR,DEN,,Denizli,37.7667,29.0833,428,2006,10,17.6,50.0,2006-10-01
17237,TR,DEN,,Denizli,37.7667,29.0833,428,2006,11,10.1,32.0,2006-11-01
17237,TR,DEN,,Denizli,37.7667,29.0833,428,2006,12,6.7,5.0,2006-12-01
17237,TR,DEN,,Denizli,37.7667,29.0833,428,2007,1,7.2,93.0,2007-01-01
17237,TR,DEN,,Denizli,37.7667,29.0833,428,2007,2,8.2,77.0,2007-02-01
17237,TR,DEN,,Denizli,37.7667,29.0833,428,2007,3,11.8,25.0,2007-03-01
17237,TR,DEN,,Denizli,37.7667,29.0833,428,2007,4,14.4,39.0,2007-04-01
17237,TR,DEN,,Denizli,37.7667,29.0833,428,2007,5,22.5,17.0,2007-05-01
17237,TR,DEN,,Denizli,37.7667,29.0833,428,2007,6,27.2,14.0,2007-06-01
17237,TR,DEN,,Denizli,37.7667,29.0833,428,2007,7,30.7,2.0,2007-07-01
17237,TR,DEN,,Denizli,37.7667,29.0833,428,2007,8,29.7,3.0,2007-08-01
17237,TR,DEN,,Denizli,37.7667,29.0833,428,2007,9,24.0,15.0,2007-09-01
17237,TR,DEN,,Denizli,37.7667,29.0833,428,2007,10,18.7,53.0,2007-10-01
17237,TR,DEN,,Denizli,37.7667,29.0833,428,2007,11,11.8,98.0,2007-11-01
17237,TR,DEN,,Denizli,37.7667,29.0833,428,2007,12,7.3,99.0,2007-12-01
17237,TR,DEN,,Denizli,37.7667,29.0833,428,2008,1,4.8,16.0,2008-01-01
17237,TR,DEN,,Denizli,37.7667,29.0833,428,2008,2,6.0,34.0,2008-02-01
17237,TR,DEN,,Denizli,37.7667,29.0833,428,2008,3,13.5,52.0,2008-03-01
17237,TR,DEN,,Denizli,37.7667,29.0833,428,2008,4,16.5,48.0,2008-04-01
17237,TR,DEN,,Denizli,37.7667,29.0833,428,2008,5,20.7,0.0,2008-05-01
17237,TR,DEN,,Denizli,37.7667,29.0833,428,2008,6,27.2,3.0,2008-06-01
17237,TR,DEN,,Denizli,37.7667,29.0833,428,2008,7,29.4,6.0,2008-07-01
17237,TR,DEN,,Denizli,37.7667,29.0833,428,2008,8,30.1,17.0,2008-08-01
17237,TR,DEN,,Denizli,37.7667,29.0833,428,2008,9,23.5,19.0,2008-09-01
17237,TR,DEN,,Denizli,37.7667,29.0833,428,2008,10,17.2,25.0,2008-10-01
17237,TR,DEN,,Denizli,37.7667,29.0833,428,2008,11,13.8,78.0,2008-11-01
17237,TR,DEN,,Denizli,37.7667,29.0833,428,2008,12,8.5,25.0,2008-12-01
17237,TR,DEN,,Denizli,37.7667,29.0833,428,2009,1,7.5,171.0,2009-01-01
17237,TR,DEN,,Denizli,37.7667,29.0833,428,2009,2,7.7,166.0,2009-02-01
17237,TR,DEN,,Denizli,37.7667,29.0833,428,2009,3,9.9,94.0,2009-03-01
17237,TR,DEN,,Denizli,37.7667,29.0833,428,2009,4,15.2,58.0,2009-04-01
17237,TR,DEN,,Denizli,37.7667,29.0833,428,2009,5,20.3,66.0,2009-05-01
17237,TR,DEN,,Denizli,37.7667,29.0833,428,2009,6,26.4,3.0,2009-06-01
17237,TR,DEN,,Denizli,37.7667,29.0833,428,2009,7,28.9,0.0,2009-07-01
17237,TR,DEN,,Denizli,37.7667,29.0833,428,2009,8,28.2,0.0,2009-08-01
17237,TR,DEN,,Denizli,37.7667,29.0833,428,2009,9,22.6,15.0,2009-09-01
17237,TR,DEN,,Denizli,37.7667,29.0833,428,2009,10,19.7,15.0,2009-10-01
17237,TR,DEN,,Denizli,37.7667,29.0833,428,2009,11,11.9,119.0,2009-11-01
17237,TR,DEN,,Denizli,37.7667,29.0833,428,2009,12,10.4,94.0,2009-12-01
17237,TR,DEN,,Denizli,37.7667,29.0833,428,2010,1,8.7,86.0,2010-01-01
17237,TR,DEN,,Denizli,37.7667,29.0833,428,2010,2,10.8,112.0,2010-02-01
17237,TR,DEN,,Denizli,37.7667,29.0833,428,2010,3,12.4,35.0,2010-03-01
17237,TR,DEN,,Denizli,37.7667,29.0833,428,2010,4,15.9,71.0,2010-04-01
17237,TR,DEN,,Denizli,37.7667,29.0833,428,2010,5,21.4,34.0,2010-05-01
17237,TR,DEN,,Denizli,37.7667,29.0833,428,2010,6,23.6,128.0,2010-06-01
17237,TR,DEN,,Denizli,37.7667,29.0833,428,2010,7,28.3,13.0,2010-07-01
17237,TR,DEN,,Denizli,37.7667,29.0833,428,2010,8,30.4,7.0,2010-08-01
17237,TR,DEN,,Denizli,37.7667,29.0833,428,2010,9,24.7,0.0,2010-09-01
17237,TR,DEN,,Denizli,37.7667,29.0833,428,2010,10,16.4,92.0,2010-10-01
17237,TR,DEN,,Denizli,37.7667,29.0833,428,2010,11,15.9,14.0,2010-11-01
17237,TR,DEN,,Denizli,37.7667,29.0833,428,2010,12,10.3,161.0,2010-12-01
17237,TR,DEN,,Denizli,37.7667,29.0833,428,2011,1,6.2,77.0,2011-01-01
17237,TR,DEN,,Denizli,37.7667,29.0833,428,2011,2,7.6,63.0,2011-02-01
17237,TR,DEN,,Denizli,37.7667,29.0833,428,2011,3,9.9,44.0,2011-03-01
17237,TR,DEN,,Denizli,37.7667,29.0833,428,2011,4,13.2,84.0,2011-04-01
17237,TR,DEN,,Denizli,37.7667,29.0833,428,2011,5,17.8,121.0,2011-05-01
17237,TR,DEN,,Denizli,37.7667,29.0833,428,2011,6,24.2,14.0,2011-06-01
17237,TR,DEN,,Denizli,37.7667,29.0833,428,2011,7,29.1,0.0,2011-07-01
17237,TR,DEN,,Denizli,37.7667,29.0833,428,2011,8,28.0,0.3,2011-08-01
17237,TR,DEN,,Denizli,37.7667,29.0833,428,2011,9,24.9,7.0,2011-09-01
17237,TR,DEN,,Denizli,37.7667,29.0833,428,2011,10,15.0,97.0,2011-10-01
17237,TR,DEN,,Denizli,37.7667,29.0833,428,2011,11,8.7,0.0,2011-11-01
17237,TR,DEN,,Denizli,37.7667,29.0833,428,2011,12,7.7,68.0,2011-12-01
17237,TR,DEN,,Denizli,37.7667,29.0833,428,2012,1,3.2,289.0,2012-01-01
17237,TR,DEN,,Denizli,37.7667,29.0833,428,2012,2,5.1,101.0,2012-02-01
17237,TR,DEN,,Denizli,37.7667,29.0833,428,2012,3,9.7,30.0,2012-03-01
17237,TR,DEN,,Denizli,37.7667,29.0833,428,2012,4,17.0,51.0,2012-04-01
17237,TR,DEN,,Denizli,37.7667,29.0833,428,2012,5,19.2,56.0,2012-05-01
17237,TR,DEN,,Denizli,37.7667,29.0833,428,2012,6,27.6,3.0,2012-06-01
17237,TR,DEN,,Denizli,37.7667,29.0833,428,2012,7,30.3,6.0,2012-07-01
17237,TR,DEN,,Denizli,37.7667,29.0833,428,2012,8,28.2,15.0,2012-08-01
17237,TR,DEN,,Denizli,37.7667,29.0833,428,2012,9,25.2,0.0,2012-09-01
17237,TR,DEN,,Denizli,37.7667,29.0833,428,2012,10,19.7,27.0,2012-10-01
17237,TR,DEN,,Denizli,37.7667,29.0833,428,2012,11,13.7,51.0,2012-11-01
17237,TR,DEN,,Denizli,37.7667,29.0833,428,2012,12,8.7,154.0,2012-12-01
17237,TR,DEN,,Denizli,37.7667,29.0833,428,2013,1,7.4,125.0,2013-01-01
17237,TR,DEN,,Denizli,37.7667,29.0833,428,2013,2,9.3,113.0,2013-02-01
17237,TR,DEN,,Denizli,37.7667,29.0833,428,2013,3,12.3,34.0,2013-03-01
17237,TR,DEN,,Denizli,37.7667,29.0833,428,2013,4,16.1,59.0,2013-04-01
17237,TR,DEN,,Denizli,37.7667,29.0833,428,2013,5,22.8,22.0,2013-05-01
17237,TR,DEN,,Denizli,37.7667,29.0833,428,2013,6,25.8,9.0,2013-06-01
17237,TR,DEN,,Denizli,37.7667,29.0833,428,2013,7,28.1,8.0,2013-07-01
17237,TR,DEN,,Denizli,37.7667,29.0833,428,2013,8,28.7,3.0,2013-08-01
17237,TR,DEN,,Denizli,37.7667,29.0833,428,2013,9,23.1,0.0,2013-09-01
17237,TR,DEN,,Denizli,37.7667,29.0833,428,2013,10,15.7,57.0,2013-10-01
17237,TR,DEN,,Denizli,37.7667,29.0833,428,2013,11,13.1,79.0,2013-11-01
17237,TR,DEN,,Denizli,37.7667,29.0833,428,2013,12,5.7,21.0,2013-12-01
17237,TR,DEN,,Denizli,37.7667,29.0833,428,2014,1,9.6,60.0,2014-01-01
17237,TR,DEN,,Denizli,37.7667,29.0833,428,2014,2,9.8,12.0,2014-02-01
17237,TR,DEN,,Denizli,37.7667,29.0833,428,2014,3,11.6,42.0,2014-03-01
17237,TR,DEN,,Denizli,37.7667,29.0833,428,2014,4,16.3,34.0,2014-04-01
17237,TR,DEN,,Denizli,37.7667,29.0833,428,2014,5,19.7,67.0,2014-05-01
17237,TR,DEN,,Denizli,37.7667,29.0833,428,2014,6,23.6,101.0,2014-06-01
17237,TR,DEN,,Denizli,37.7667,29.0833,428,2014,7,28.3,3.0,2014-07-01
17237,TR,DEN,,Denizli,37.7667,29.0833,428,2014,8,28.9,9.0,2014-08-01
17237,TR,DEN,,Denizli,37.7667,29.0833,428,2014,9,22.6,48.0,2014-09-01
17237,TR,DEN,,Denizli,37.7667,29.0833,428,2014,10,17.4,74.0,2014-10-01
17237,TR,DEN,,Denizli,37.7667,29.0833,428,2014,11,12.1,30.0,2014-11-01
17237,TR,DEN,,Denizli,37.7667,29.0833,428,2014,12,10.4,137.0,2014-12-01
17237,TR,DEN,,Denizli,37.7667,29.0833,428,2015,1,6.0,209.0,2015-01-01
17237,TR,DEN,,Denizli,37.7667,29.0833,428,2015,2,7.2,112.0,2015-02-01
17237,TR,DEN,,Denizli,37.7667,29.0833,428,2015,3,10.2,156.0,2015-03-01
17237,TR,DEN,,Denizli,37.7667,29.0833,428,2015,4,13.3,46.0,2015-04-01
17237,TR,DEN,,Denizli,37.7667,29.0833,428,2015,5,20.6,66.0,2015-05-01
17237,TR,DEN,,Denizli,37.7667,29.0833,428,2015,6,22.2,72.0,2015-06-01
17237,TR,DEN,,Denizli,37.7667,29.0833,428,2015,7,28.2,6.0,2015-07-01
17237,TR,DEN,,Denizli,37.7667,29.0833,428,2015,8,28.2,18.0,2015-08-01
17237,TR,DEN,,Denizli,37.7667,29.0833,428,2015,9,25.7,21.0,2015-09-01
17237,TR,DEN,,Denizli,37.7667,29.0833,428,2015,10,18.7,32.0,2015-10-01
17237,TR,DEN,,Denizli,37.7667,29.0833,428,2015,11,13.7,26.0,2015-11-01
17237,TR,DEN,,Denizli,37.7667,29.0833,428,2015,12,6.7,0.0,2015-12-01
17237,TR,DEN,,Denizli,37.7667,29.0833,428,2016,1,6.1,94.0,2016-01-01
17237,TR,DEN,,Denizli,37.7667,29.0833,428,2016,2,12.3,15.0,2016-02-01
17237,TR,DEN,,Denizli,37.7667,29.0833,428,2016,3,11.9,78.0,2016-03-01
17237,TR,DEN,,Denizli,37.7667,29.0833,428,2016,4,19.0,5.0,2016-04-01
17237,TR,DEN,,Denizli,37.7667,29.0833,428,2016,5,19.2,68.0,2016-05-01
17237,TR,DEN,,Denizli,37.7667,29.0833,428,2016,6,27.6,12.0,2016-06-01
17237,TR,DEN,,Denizli,37.7667,29.0833,428,2016,7,29.4,4.0,2016-07-01
17237,TR,DEN,,Denizli,37.7667,29.0833,428,2016,8,28.8,23.0,2016-08-01
17237,TR,DEN,,Denizli,37.7667,29.0833,428,2016,9,23.0,72.0,2016-09-01
17237,TR,DEN,,Denizli,37.7667,29.0833,428,2016,10,18.5,0.0,2016-10-01
17237,TR,DEN,,Denizli,37.7667,29.0833,428,2016,11,11.9,64.0,2016-11-01
17237,TR,DEN,,Denizli,37.7667,29.0833,428,2016,12,4.0,48.0,2016-12-01
17237,TR,DEN,,Denizli,37.7667,29.0833,428,2017,1,4.2,169.0,2017-01-01
17237,TR,DEN,,Denizli,37.7667,29.0833,428,2017,2,8.3,0.0,2017-02-01
17237,TR,DEN,,Denizli,37.7667,29.0833,428,2017,3,11.9,42.0,2017-03-01
17237,TR,DEN,,Denizli,37.7667,29.0833,428,2017,4,15.1,58.0,2017-04-01
17237,TR,DEN,,Denizli,37.7667,29.0833,428,2017,5,19.7,56.0,2017-05-01
17237,TR,DEN,,Denizli,37.7667,29.0833,428,2017,6,25.1,15.0,2017-06-01
17237,TR,DEN,,Denizli,37.7667,29.0833,428,2017,7,29.7,0.0,2017-07-01
17237,TR,DEN,,Denizli,37.7667,29.0833,428,2017,8,27.7,25.0,2017-08-01
17237,TR,DEN,,Denizli,37.7667,29.0833,428,2017,9,25.2,0.3,2017-09-01
17237,TR,DEN,,Denizli,37.7667,29.0833,428,2017,10,16.8,73.0,2017-10-01
17237,TR,DEN,,Denizli,37.7667,29.0833,428,2017,11,10.9,46.0,2017-11-01
17237,TR,DEN,,Denizli,37.7667,29.0833,428,2017,12,9.3,43.0,2017-12-01
17237,TR,DEN,,Denizli,37.7667,29.0833,428,2018,1,7.2,62.0,2018-01-01
17237,TR,DEN,,Denizli,37.7667,29.0833,428,2018,2,10.5,44.0,2018-02-01
17237,TR,DEN,,Denizli,37.7667,29.0833,428,2018,3,14.0,72.0,2018-03-01
17237,TR,DEN,,Denizli,37.7667,29.0833,428,2018,4,19.3,2.0,2018-04-01
17237,TR,DEN,,Denizli,37.7667,29.0833,428,2018,5,21.9,61.0,2018-05-01
17237,TR,DEN,,Denizli,37.7667,29.0833,428,2018,6,24.3,154.0,2018-06-01
17237,TR,DEN,,Denizli,37.7667,29.0833,428,2018,7,28.2,13.0,2018-07-01
17237,TR,DEN,,Denizli,37.7667,29.0833,428,2018,8,28.1,15.0,2018-08-01
17237,TR,DEN,,Denizli,37.7667,29.0833,428,2018,9,24.7,0.5,2018-09-01
17237,TR,DEN,,Denizli,37.7667,29.0833,428,2018,10,17.8,40.0,2018-10-01
17237,TR,DEN,,Denizli,37.7667,29.0833,428,2018,11,12.9,51.0,2018-11-01
17237,TR,DEN,,Denizli,37.7667,29.0833,428,2018,12,6.8,48.0,2018-12-01
17237,TR,DEN,,Denizli,37.7667,29.0833,428,2019,1,7.0,84.0,2019-01-01
17237,TR,DEN,,Denizli,37.7667,29.0833,428,2019,2,8.6,16.0,2019-02-01
17237,TR,DEN,,Denizli,37.7667,29.0833,428,2019,3,11.8,19.0,2019-03-01
17237,TR,DEN,,Denizli,37.7667,29.0833,428,2019,4,14.8,29.0,2019-04-01
17237,TR,DEN,,Denizli,37.7667,29.0833,428,2019,5,21.3,10.0,2019-05-01
17237,TR,DEN,,Denizli,37.7667,29.0833,428,2019,6,25.1,35.0,2019-06-01
17237,TR,DEN,,Denizli,37.7667,29.0833,428,2019,7,27.6,9.0,2019-07-01
17237,TR,DEN,,Denizli,37.7667,29.0833,428,2019,8,29.0,0.4,2019-08-01
17237,TR,DEN,,Denizli,37.7667,29.0833,428,2019,9,23.8,25.0,2019-09-01
17237,TR,DEN,,Denizli,37.7667,29.0833,428,2019,10,20.0,16.0,2019-10-01
17237,TR,DEN,,Denizli,37.7667,29.0833,428,2019,11,14.9,22.0,2019-11-01
17237,TR,DEN,,Denizli,37.7667,29.0833,428,2019,12,8.9,100.0,2019-12-01
17237,TR,DEN,,Denizli,37.7667,29.0833,428,2020,1,5.8,41.0,2020-01-01
17237,TR,DEN,,Denizli,37.7667,29.0833,428,2020,2,8.5,60.0,2020-02-01
17237,TR,DEN,,Denizli,37.7667,29.0833,428,2020,3,11.9,47.0,2020-03-01
17237,TR,DEN,,Denizli,37.7667,29.0833,428,2020,4,15.8,59.0,2020-04-01
17237,TR,DEN,,Denizli,37.7667,29.0833,428,2020,5,21.0,64.0,2020-05-01
17237,TR,DEN,,Denizli,37.7667,29.0833,428,2020,6,24.6,17.0,2020-06-01
17237,TR,DEN,,Denizli,37.7667,29.0833,428,2020,7,30.0,0.2,2020-07-01
17237,TR,DEN,,Denizli,37.7667,29.0833,428,2020,8,29.1,7.0,2020-08-01
17237,TR,DEN,,Denizli,37.7667,29.0833,428,2020,9,26.6,36.0,2020-09-01
17237,TR,DEN,,Denizli,37.7667,29.0833,428,2020,10,20.0,44.0,2020-10-01
17237,TR,DEN,,Denizli,37.7667,29.0833,428,2020,11,11.7,24.0,2020-11-01
17237,TR,DEN,,Denizli,37.7667,29.0833,428,2020,12,10.1,31.0,2020-12-01
17237,TR,DEN,,Denizli,37.7667,29.0833,428,2021,1,8.3,88.0,2021-01-01
17237,TR,DEN,,Denizli,37.7667,29.0833,428,2021,2,9.9,12.0,2021-02-01
17237,TR,DEN,,Denizli,37.7667,29.0833,428,2021,3,9.4,77.0,2021-03-01
17237,TR,DEN,,Denizli,37.7667,29.0833,428,2021,4,16.4,11.0,2021-04-01
17237,TR,DEN,,Denizli,37.7667,29.0833,428,2021,5,23.8,0.0,2021-05-01
17237,TR,DEN,,Denizli,37.7667,29.0833,428,2021,6,24.3,20.0,2021-06-01
17237,TR,DEN,,Denizli,37.7667,29.0833,428,2021,7,30.4,2.0,2021-07-01
17237,TR,DEN,,Denizli,37.7667,29.0833,428,2021,8,30.5,0.0,2021-08-01
17237,TR,DEN,,Denizli,37.7667,29.0833,428,2021,9,23.3,4.0,2021-09-01
17237,TR,DEN,,Denizli,37.7667,29.0833,428,2021,10,17.5,32.0,2021-10-01
17237,TR,DEN,,Denizli,37.7667,29.0833,428,2021,11,14.6,36.0,2021-11-01
17237,TR,DEN,,Denizli,37.7667,29.0833,428,2021,12,9.0,143.0,2021-12-01
17237,TR,DEN,,Denizli,37.7667,29.0833,428,2022,1,4.4,66.0,2022-01-01
17237,TR,DEN,,Denizli,37.7667,29.0833,428,2022,2,8.0,101.0,2022-02-01
17237,TR,DEN,,Denizli,37.7667,29.0833,428,2022,3,6.3,78.0,2022-03-01
17237,TR,DEN,,Denizli,37.7667,29.0833,428,2022,4,17.5,28.0,2022-04-01
17237,TR,DEN,,Denizli,37.7667,29.0833,428,2022,5,21.3,17.0,2022-05-01
17237,TR,DEN,,Denizli,37.7667,29.0833,428,2022,6,25.1,70.0,2022-06-01
17237,TR,DEN,,Denizli,37.7667,29.0833,428,2022,7,29.1,0.6,2022-07-01
17237,TR,DEN,,Denizli,37.7667,29.0833,428,2022,8,29.5,14.0,2022-08-01
17237,TR,DEN,,Denizli,37.7667,29.0833,428,2022,9,24.5,6.0,2022-09-01
17237,TR,DEN,,Denizli,37.7667,29.0833,428,2022,10,18.5,11.0,2022-10-01
17237,TR,DEN,,Denizli,37.7667,29.0833,428,2022,11,14.1,61.0,2022-11-01
17237,TR,DEN,,Denizli,37.7667,29.0833,428,2022,12,10.8,61.0,2022-12-01
17237,TR,DEN,,Denizli,37.7667,29.0833,428,2023,1,9.2,105.0,2023-01-01
17237,TR,DEN,,Denizli,37.7667,29.0833,428,2023,2,6.6,29.0,2023-02-01
17237,TR,DEN,,Denizli,37.7667,29.0833,428,2023,3,12.1,63.0,2023-03-01
17237,TR,DEN,,Denizli,37.7667,29.0833,428,2023,4,14.4,69.0,2023-04-01
17237,TR,DEN,,Denizli,37.7667,29.0833,428,2023,5,18.4,158.0,2023-05-01
17237,TR,DEN,,Denizli,37.7667,29.0833,428,2023,6,23.3,104.0,2023-06-01
17237,TR,DEN,,Denizli,37.7667,29.0833,428,2023,7,29.8,0.7,2023-07-01
17237,TR,DEN,,Denizli,37.7667,29.0833,428,2023,8,30.2,8.0,2023-08-01
17237,TR,DEN,,Denizli,37.7667,29.0833,428,2023,9,25.2,26.0,2023-09-01
17237,TR,DEN,,Denizli,37.7667,29.0833,428,2023,10,20.2,5.0,2023-10-01
17237,TR,DEN,,Denizli,37.7667,29.0833,428,2023,11,15.3,74.0,2023-11-01
17237,TR,DEN,,Denizli,37.7667,29.0833,428,2023,12,11.1,37.0,2023-12-01
17237,TR,DEN,,Denizli,37.7667,29.0833,428,2024,1,8.6,60.0,2024-01-01
17237,TR,DEN,,Denizli,37.7667,29.0833,428,2024,2,10.6,54.0,2024-02-01
17237,TR,DEN,,Denizli,37.7667,29.0833,428,2024,3,12.8,61.0,2024-03-01
17237,TR,DEN,,Denizli,37.7667,29.0833,428,2024,4,20.1,15.0,2024-04-01
17237,TR,DEN,,Denizli,37.7667,29.0833,428,2024,5,20.8,45.0,2024-05-01
17237,TR,DEN,,Denizli,37.7667,29.0833,428,2024,6,31.1,0.6,2024-06-01
17237,TR,DEN,,Denizli,37.7667,29.0833,428,2024,7,30.9,45.0,2024-07-01
17237,TR,DEN,,Denizli,37.7667,29.0833,428,2024,8,30.7,10.0,2024-08-01
17237,TR,DEN,,Denizli,37.7667,29.0833,428,2024,9,24.9,6.0,2024-09-01
17237,TR,DEN,,Denizli,37.7667,29.0833,428,2024,10,19.0,1.0,2024-10-01
17237,TR,DEN,,Denizli,37.7667,29.0833,428,2024,11,12.3,52.0,2024-11-01
17237,TR,DEN,,Denizli,37.7667,29.0833,428,2024,12,10.1,98.0,2024-12-01
17237,TR,DEN,,Denizli,37.7667,29.0833,428,2025,1,9.8,40.0,2025-01-01
17237,TR,DEN,,Denizli,37.7667,29.0833,428,2025,2,6.1,12.0,2025-02-01
17237,TR,DEN,,Denizli,37.7667,29.0833,428,2025,3,14.6,20.0,2025-03-01
17237,TR,DEN,,Denizli,37.7667,29.0833,428,2025,4,14.7,115.0,2025-04-01
17237,TR,DEN,,Denizli,37.7667,29.0833,428,2025,5,21.5,59.0,2025-05-01
17237,TR,DEN,,Denizli,37.7667,29.0833,428,2025,6,27.8,15.0,2025-06-01
17237,TR,DEN,,Denizli,37.7667,29.0833,428,2025,7,31.5,9.0,2025-07-01
17237,TR,DEN,,Denizli,37.7667,29.0833,428,2025,8,29.9,39.0,2025-08-01
17237,TR,DEN,,Denizli,37.7667,29.0833,428,2025,9,25.6,11.0,2025-09-01
17237,TR,DEN,,Denizli,37.7667,29.0833,428,2025,10,17.9,49.0,2025-10-01
17237,TR,DEN,,Denizli,37.7667,29.0833,428,2025,11,15.2,39.0,2025-11-01
17237,TR,DEN,,Denizli,37.7667,29.0833,428,2025,12,8.9,66.0,2025-12-01
17237,TR,DEN,,Denizli,37.7667,29.0833,428,2026,1,8.3,128.0,2026-01-01
17237,TR,DEN,,Denizli,37.7667,29.0833,428,2026,2,10.3,168.0,2026-02-01
17237,TR,DEN,,Denizli,37.7667,29.0833,428,2026,3,11.0,54.0,2026-03-01
17237,TR,DEN,,Denizli,37.7667,29.0833,428,2026,4,,,2026-04-01
17237,TR,DEN,,Denizli,37.7667,29.0833,428,2026,5,,,2026-05-01
17237,TR,DEN,,Denizli,37.7667,29.0833,428,2026,6,,,2026-06-01
17237,TR,DEN,,Denizli,37.7667,29.0833,428,2026,7,,,2026-07-01
17237,TR,DEN,,Denizli,37.7667,29.0833,428,2026,8,,,2026-08-01
17237,TR,DEN,,Denizli,37.7667,29.0833,428,2026,9,,,2026-09-01
17237,TR,DEN,,Denizli,37.7667,29.0833,428,2026,10,,,2026-10-01
17237,TR,DEN,,Denizli,37.7667,29.0833,428,2026,11,,,2026-11-01
17237,TR,DEN,,Denizli,37.7667,29.0833,428,2026,12,,,2026-12-01
