station_id,date,SPI3,SPEI3,SPI6,SPEI6,SPI9,SPEI9,SPI12,SPEI12,SSFI3,SGI3
17150,1950-01-01,,,,,,,,,,
17150,1950-02-01,,,,,,,,,,
17150,1950-03-01,-0.17118507687219875,-0.11364766169679219,,,,,,,0.2774609302326001,-2.4794668853016644
17150,1950-04-01,-1.1147696386625259,-1.2769301964088218,,,,,,,-0.4571507591674039,-2.4794668853016644
17150,1950-05-01,-0.209854538184563,-0.2853305210570469,,,,,,,-0.5977549303630881,-2.4794668853016644
17150,1950-06-01,0.1000472923278286,0.046618017077257615,-0.20807974635122675,-0.19381023313794085,,,,,-0.5584297774078435,-2.4794668853016644
17150,1950-07-01,0.2817315479206255,0.26205068621405736,-0.8057195303989242,-0.9609103229789793,,,,,0.021484911430271415,-2.4794668853016644
17150,1950-08-01,-0.3426138072776161,-0.33508410994026583,-0.48457308775238356,-0.5982257227325343,,,,,-0.014133183492573196,-2.4794668853016644
17150,1950-09-01,0.16780294108304666,-0.015966360047438247,-0.02484892421153334,-0.1588682595050283,-0.28264198056276146,-0.29467691689977005,,,-0.0199749600191521,-2.4794668853016644
17150,1950-10-01,-0.14497635029051326,0.02974685128006757,-0.045027680076555755,0.008043103521969193,-0.8713936837145233,-0.9757850783665866,,,-0.3418827578995481,-2.4794668853016644
17150,1950-11-01,-0.47217913706744263,-0.40963594713316537,-0.7386008012571825,-0.6805682128632664,-0.7368295022059024,-0.7821240402835199,,,-0.3675192730734373,-2.4794668853016644
17150,1950-12-01,0.041241897082999024,0.1279673091880358,-0.12570311519486965,-0.08661159831644268,-0.10992976085654427,-0.13440445403462822,-0.23694801206960922,-0.20080872278853093,-0.2742021097001631,-2.4794668853016644
17150,1951-01-01,-0.015147686972098092,-0.08309256221010372,-0.19354509723984012,-0.21470194676798351,-0.10540899358550437,-0.11987839975761085,-0.613470589831798,-0.7746334746183966,-0.14096742876619175,-2.474739649219484
17150,1951-02-01,0.2812528954682091,0.21185978138882403,-0.05660685956697856,-0.1058275257771191,-0.256517747269561,-0.31138755756414194,-0.2903678024987558,-0.3860160581050534,0.09348079377224781,-2.474739649219484
17150,1951-03-01,0.19176672262639313,0.029238690972475626,0.028181814174888603,-0.047533380912758966,-0.045202264783627384,-0.13771836573136828,-0.04116341924313417,-0.19281281094824304,0.1434603758245155,-2.05921460987167
17150,1951-04-01,-0.0088900351676206,-0.19955416801516213,-0.07966765156700097,-0.2517694141771847,-0.21387795505787793,-0.35504845599127555,-0.1658743994737726,-0.299441931146672,0.17636144680943736,-2.05921460987167
17150,1951-05-01,0.23689550404380683,0.16100141966911272,0.294341453025102,0.16415082379871,0.020218012494273074,-0.08575038790739763,-0.14175110343128566,-0.2568542284281424,0.16316051118935404,-2.05921460987167
17150,1951-06-01,-0.3130177025892309,-0.37235560468415574,-0.06779303115617277,-0.26972710566251146,-0.15369496904741803,-0.26642081214181135,-0.19651009657557458,-0.31650600053964034,0.012473678940895508,-2.05921460987167
17150,1951-07-01,0.7108478277420974,0.702266530040634,0.30175737656477786,0.16091176024837084,0.12347636874761064,0.027996436696808413,0.004745882974938172,-0.05707282570225412,0.24984991854446867,-2.05921460987167
17150,1951-08-01,0.08483683005998852,0.10693543690534782,0.11321302547469395,0.02680767021032074,0.21596383692835652,0.09152676204355029,-0.022194768793974497,-0.13389481327216246,0.11645014238915123,-2.05921460987167
17150,1951-09-01,0.3224882098130862,0.15304735738519715,-0.24702000695920553,-0.39515547981664406,-0.09296476706697698,-0.3139768209511934,-0.16532125830600425,-0.2960133466048433,0.4466826259787041,-2.05921460987167
17150,1951-10-01,0.15763398139143003,0.28299052519362006,0.4541614983392601,0.5118868556260611,0.2284829008434919,0.15080696059885107,0.11009872014291491,0.020403248009879985,0.1219519315314371,-2.05921460987167
17150,1951-11-01,-0.5102318966365035,-0.5544187034570393,-0.5508020368960824,-0.5843560760450288,-0.30202494904065297,-0.4051196361362445,0.003637232429968063,-0.1717814698863079,-0.16614527107462485,-2.05921460987167
17150,1951-12-01,-0.4215956172177565,-0.370239323560786,-0.4680329822294798,-0.4715539418564799,-0.6384255084046302,-0.6918731330994673,-0.33203763794023944,-0.5237263457444407,-0.42343868455527117,-2.05921460987167
17150,1952-01-01,-0.10944993243857525,-0.18172301828866336,-0.13004728613074487,-0.16109537468363647,0.14931216173027445,0.14441191751030905,0.1779382420957444,0.09717027445464478,-0.38396960320625345,-2.053748910631823
17150,1952-02-01,1.5162389219970893,1.5527559575207326,1.0042177042780596,1.0709081078173532,0.9143113135924156,0.9950054659671689,0.8386876248323507,0.8247971442757145,0.46814073229642694,-2.053748910631823
17150,1952-03-01,1.3020595115867193,1.3427087163261215,0.7813694711392114,0.8659456009256723,0.7188965725246205,0.7984102147814667,0.5424464779621688,0.5309913308520998,1.0733359461417615,-1.8398553707779415
17150,1952-04-01,0.6821721842964487,0.7231575030662721,0.29275539109608595,0.29249248832217434,0.2426307265057309,0.2504517567822503,0.4158240385560499,0.415871947812493,1.3441394923568235,-1.8398553707779415
17150,1952-05-01,-1.340189272333519,-1.4574945051285493,0.6961005394230219,0.7925791110724488,0.37350845375910185,0.4537564219697996,0.29647411994399564,0.36951443142108426,0.6782903658528485,-1.8398553707779415
17150,1952-06-01,-0.8341794928971893,-0.7240328498298029,0.8750332740522702,0.9848764549969146,0.4326076235982304,0.556783893903194,0.40118733603423257,0.5014203897326839,-0.31389171179961634,-1.8398553707779415
17150,1952-07-01,0.3013682449346746,0.4911022480982921,0.6644438954098213,0.7793727397104883,0.32178982490045976,0.4331281653385641,0.2924284419270035,0.4085550659507565,-0.8839893711481929,-1.8398553707779415
17150,1952-08-01,0.07685372578611245,0.17052067947804445,-1.2248285854785321,-1.2482994412435966,0.6122838155499908,0.7529135471448254,0.3249088785733637,0.42403804780150256,-0.29700903774773285,-1.8398553707779415
17150,1952-09-01,0.16086218648485484,-0.29209061747324383,-0.7658444941252189,-0.8821185531396076,0.7596038976374455,0.8433181847372392,0.3481644071167105,0.41302076257167575,0.14525002112044486,-1.8398553707779415
17150,1952-10-01,1.159737803408478,1.001270592788782,1.0301119319961907,1.0372918990111348,1.0605105944470534,1.0882832023350095,0.7153438156974933,0.7543404469954096,0.7475234865254076,-1.8398553707779415
17150,1952-11-01,1.8157058641954529,1.5847119974869286,1.5585245742798695,1.4172345258666357,0.5352859603708525,0.5612312149372233,1.2907310738149125,1.30903109367878,1.3548078032991946,-1.8398553707779415
17150,1952-12-01,1.1198091169232645,1.0005748649649415,0.9662173860908313,0.7697639017572969,0.4631623522762828,0.29113534289947474,1.1756532749311768,1.1103944325722905,1.5379285647824197,-1.8398553707779415
17150,1953-01-01,0.47317235328614016,0.28618022144748134,1.0018755004267292,0.7670779487707097,1.0062163498297556,0.8590450767661776,1.0732275000490477,0.9576757658758563,1.2396129726347633,-1.8339146358159146
17150,1953-02-01,0.32488732793101927,0.19861820671864264,1.2603842859739607,1.091342864602301,1.1762880853604907,1.0306950043164809,0.5772212198668983,0.45280222497115447,0.6891631394059019,-1.8339146358159146
17150,1953-03-01,0.6254339519152071,0.696819699861161,1.0852215789390323,1.0518867278337118,0.9685002496071019,0.904511674492649,0.650197552767845,0.5474777434729723,0.5129741614225191,-1.6843954831101975
17150,1953-04-01,0.1746943969781619,0.2822659295873667,0.38036195708856163,0.3196748596816973,0.7921208768647598,0.6981627694009735,0.8100206893868048,0.7453850258436264,0.4490248183038826,-1.6843954831101975
17150,1953-05-01,-0.4429057033425313,-0.262212129253538,0.004099470203904243,-0.052455161790947384,0.8398575285509895,0.8039284556424553,0.7631701442855993,0.728487998121887,0.2690235730552788,-1.6843954831101975
17150,1953-06-01,0.8939134724462817,0.9491170005796152,0.8828506815049232,1.0270061147710439,1.288453479963957,1.2854024637423045,1.162400434938387,1.1184017619895186,0.279468454201155,-1.6843954831101975
17150,1953-07-01,1.4492269444901775,1.4306862934649407,0.8628419862532698,1.0038004572118455,0.8367939318271074,0.8914590805365595,1.1730591845139888,1.1246854612375996,0.7394170491314668,-1.6843954831101975
17150,1953-08-01,1.46592092803978,1.3597881800642053,0.4497438576435008,0.673605603552139,0.44436421428428496,0.482203143900314,1.160887778724279,1.1452950741583687,1.4372163662929784,-1.6843954831101975
17150,1953-09-01,0.3163030223608079,0.27903043709725395,0.7058460886093985,0.7698951818296417,0.8127173030626063,1.0120222574436577,1.208285799348766,1.2453989018608447,1.298453196331734,-1.6843954831101975
17150,1953-10-01,0.5118731275180416,0.6369493531347304,1.1695634667336663,1.2556562361822936,0.8567591820651508,1.0201889061984901,0.8595253145731484,0.9154901850170998,0.9232908489991193,-1.6843954831101975
17150,1953-11-01,-0.6855714752250011,-0.5669117811094697,0.3148155206628564,0.48516258378812915,-0.1244481787026163,0.15060185058337125,0.15161555540152802,0.1992429568341933,-0.05544059015481941,-1.6843954831101975
17150,1953-12-01,-1.1913972803604138,-0.9945736140842042,-1.09352812174042,-0.9169630256774634,-0.34298533481006493,-0.13506875508705954,0.2117082872660608,0.4032543561758634,-0.6668551073194653,-1.6843954831101975
17150,1954-01-01,-1.1103166593627847,-0.9581629945266208,-0.7878117190649939,-0.580474083980496,-0.027964982409347028,0.24317459715379736,0.13944131244083002,0.3992264279154645,-1.2570904446279836,-1.678070518220909
17150,1954-02-01,-0.11662407190445483,0.18266401542857744,-0.5001977918037583,-0.21484558421883018,0.0033545316034879476,0.34022435179403565,-0.15451817722702527,0.18612577158775426,-0.8783894650338259,-1.678070518220909
17150,1954-03-01,0.23286318901795314,0.3712250689183195,-0.563802720233546,-0.3785807207467166,-0.556990615372234,-0.37479605829826484,-0.1638674165542185,0.04041223919557414,-0.37985838740929667,-1.5614354093618503
17150,1954-04-01,0.22909887458247707,0.3944848512552653,-0.7117760301331727,-0.5260905915723737,-0.5145153502748442,-0.28728575871550394,0.02361919972341985,0.30105138119896424,0.11145017390711721,-1.5614354093618503
17150,1954-05-01,-0.06484327945977714,0.023082776099558732,-0.16743060061618956,0.07202287416237098,-0.4831046974920704,-0.24119411982416802,-0.062262799528115406,0.2256839045440995,0.17932914345496145,-1.5614354093618503
17150,1954-06-01,-0.13136250324116447,-0.10279262308648972,0.0484855166858708,0.18274305050099351,-0.6492592057822242,-0.4822945355415075,-0.6238524357704519,-0.44431350048425083,0.06274414127148378,-1.5614354093618503
17150,1954-07-01,-0.3004066577150443,-0.578891834641731,-0.005179572874015108,-0.029248060299966138,-0.8282903245924639,-0.7400340601291576,-0.6281295038728645,-0.4667782491047293,-0.2190548834838555,-1.5614354093618503
17150,1954-08-01,-0.6958431941079484,-1.2797277170987977,-0.4793546627835225,-0.6913454547142905,-0.41643894154596406,-0.3252744406068173,-0.6907123189298037,-0.5842160154402991,-0.47304924367479095,-1.5614354093618503
17150,1954-09-01,-0.06260071128866834,-0.6528079020777703,-0.3507418031567969,-0.5569442290539067,-0.10874909050397219,-0.08018294767305113,-0.7474383654522501,-0.6829294923257018,-0.6470912571989557,-1.5614354093618503
17150,1954-10-01,-1.0522093040708278,-1.6115269564919592,-1.0751754503502124,-1.5331911377569747,-0.48979566769226424,-0.6677127586988932,-1.156725142421282,-1.1724568654714345,-1.2309542326394731,-1.5614354093618503
17150,1954-11-01,-0.7254932132995291,-0.9242473010573535,-1.166399575638933,-1.5849028712003506,-0.9013871970740305,-1.2259444064192389,-0.726115424094291,-0.7751909353331436,-1.0176849050640493,-1.5614354093618503
17150,1954-12-01,-0.07059613475651033,-0.14850383568239617,-0.3371988612789819,-0.5733758663883581,-0.4206261160860064,-0.6315133214201244,-0.15106894344765737,-0.18991601061101343,-0.6719801594050588,-1.5614354093618503
17150,1955-01-01,0.11267677941897829,-0.0076654332569897,-0.37393804690333127,-0.6386982482701811,-0.52591739473417,-0.9030874457670722,-0.2118876758386161,-0.4298131913699503,-0.1988116641038683,-1.5547735945968535
17150,1955-02-01,0.34657352481292975,0.19596403423036618,-0.12206358986624438,-0.39678414198524464,-0.39230796808928775,-0.7982274524160915,-0.34641298810444215,-0.6998526208118883,0.1338114052157624,-1.5547735945968535
17150,1955-03-01,0.054155433805718425,-0.2560615921178744,-0.1499775885199692,-0.4393467996554752,-0.2787185781150874,-0.6607965419301779,-0.3476013001415034,-0.7157882549618145,0.1601699850977533,-1.4583763270590426
17150,1955-04-01,0.4757945763449149,0.4210505844605852,0.3087785553760904,0.197929936441249,-0.06015497123818203,-0.3146568510783212,-0.19484090479714147,-0.542932605307116,0.30679461578057876,-1.4583763270590426
17150,1955-05-01,-0.3629437384521957,-0.3509412123865023,0.05680433490798953,-0.09556078694792984,-0.2960641415895008,-0.5606531770158166,-0.5157040122087809,-0.8861846924521289,0.10296938945587768,-1.4583763270590426
17150,1955-06-01,-0.5083971373208486,-0.3830813040940751,-0.28023897278155857,-0.5407352786951494,-0.3915477883414145,-0.6515830258423039,-0.48668471365692917,-0.8299828568251815,-0.03149598540139845,-1.4583763270590426
17150,1955-07-01,-1.8615877573901165,-1.6441819444219776,-0.28964141894629275,-0.5065056407641104,-0.17178278696608695,-0.3768526801341072,-0.5056607027257999,-0.8383606759116919,-1.0324312563510734,-1.4583763270590426
17150,1955-08-01,-0.4265063781155087,-0.36895426677459614,-0.6642372452180999,-0.6726085500471873,-0.13870209511334905,-0.3044448028205708,-0.44941489576924326,-0.734766412210091,-1.1396083995292787,-1.4583763270590426
17150,1955-09-01,-0.3548739782171076,-0.6633419045032874,-0.8386847266296317,-0.7893222013741908,-0.5073569094819075,-0.814548732693752,-0.5629165928227977,-0.8477564363935629,-1.6654173598363562,-1.4583763270590426
17150,1955-10-01,0.06642312427401771,0.05177075206334205,-1.1788216953141468,-1.3704829348101837,-0.31186596330915123,-0.5547742570178399,-0.19127243207229322,-0.44087966038132415,-0.4794104948687466,-1.4583763270590426
17150,1955-11-01,2.7937639957659246,2.333649534665283,2.282979448558721,2.012687550064764,1.5310087907841203,1.5835111475393413,1.257858089680216,1.2448257989908877,1.3541582077965315,-1.4583763270590426
17150,1955-12-01,2.028187019871928,1.7906295471284421,1.8265829020760884,1.6989323833325538,1.349283766703644,1.3037405350005853,0.974818781684421,0.9353038830632463,1.9981158065532743,-1.4583763270590426
17150,1956-01-01,1.7095888001064472,1.7019954410724432,1.4255193645201691,1.3631704430812182,0.8834063404265038,0.8537884979535006,0.9090006987298728,0.8494341420163697,2.3536112347251685,-1.451406622807292
17150,1956-02-01,-0.1999773987555219,-0.26039085184480454,1.5625749731118055,1.5027389377623135,1.3853561128790424,1.3663111778431025,0.9882100355107339,0.9816231252424903,1.3530832454336623,-1.451406622807292
17150,1956-03-01,0.4304626083145207,0.524385341060348,1.6498223365012272,1.6460079376441368,1.4217898005870673,1.4770793545852783,1.1492595600600142,1.1899488137331615,0.7168393931469351,-1.368829326221626
17150,1956-04-01,0.5131287172007378,0.6869686880631292,1.4471786210920965,1.5717767150130482,1.2797483794260858,1.361826538761528,0.8791932530641394,0.9300970605458868,0.27133945929761605,-1.368829326221626
17150,1956-05-01,-0.209854538184563,-0.05736941284921227,-0.3082283931115018,-0.31290239655683777,1.1651324036357957,1.2443493451326642,1.0089222728938583,1.0874462981820057,0.35558100418905014,-1.368829326221626
17150,1956-06-01,-0.8341794928971893,-0.8151702042445563,-0.028642885777200172,0.04157023793255083,1.3010354659342096,1.3825272075375192,1.0839432218504856,1.1713813653172065,-0.038905184266881644,-1.368829326221626
17150,1956-07-01,-0.32864563459979695,-0.30759285244867796,0.2448667739151342,0.380338303993534,1.2570475034229474,1.4292156171973904,1.1185615280088572,1.2221270503486699,-0.6027128026120836,-1.368829326221626
17150,1956-08-01,0.1466575044575904,0.14641303192866467,-0.2504545689062316,-0.14354679541801074,-0.35433910586509415,-0.36820386895894003,1.1129029250483917,1.213956037767042,-0.5604184834924156,-1.368829326221626
17150,1956-09-01,-0.15165178101933327,-0.42303999980961393,-0.9994133156664318,-1.0087678072492905,-0.20856433313961872,-0.17169676518782262,1.1228294768082085,1.2428660539820413,-0.3271005181107843,-1.368829326221626
17150,1956-10-01,-1.307121896689432,-1.2831414962008636,-1.230090504848914,-1.182933441492007,-0.29830306511712906,-0.20181883322954777,0.8355253596216111,0.9973598507923783,-0.8866430546474982,-1.368829326221626
17150,1956-11-01,-1.1976241916390806,-1.163135936297642,-1.1797317897122286,-1.1535227478566943,-1.0166476342514639,-0.9743850721226829,-0.8875639834864012,-0.9489852564405316,-1.5168274875562144,-1.368829326221626
17150,1956-12-01,-1.4108361135890746,-1.3753723129362039,-1.5473092589175175,-1.5042182166279283,-2.030582325551149,-1.8615764766087153,-0.9465972724622024,-0.929740164669998,-1.6640182689892202,-1.368829326221626
17150,1957-01-01,-1.1648434473839662,-1.2203924919038243,-1.6856515271170156,-1.6678206493163223,-1.9654877471337304,-1.8311790868640627,-1.2401710257470786,-1.131111392568761,-1.5503017696586208,-1.2815515655446004
17150,1957-02-01,-1.5165758254995674,-1.6598241670540759,-1.9439529645608147,-1.9910484277606058,-1.8533638666095213,-1.9192163482492464,-2.082791877886885,-2.0671735947943817,-1.5841617259949605,-1.2815515655446004
17150,1957-03-01,-1.4574205982814692,-1.5538724211402175,-2.0105819344467086,-1.9889988037517057,-2.0786428252546947,-2.0968508688053404,-2.602091769428816,-2.2673783739797924,-1.6110533656531802,-1.216789777201825
17150,1957-04-01,-2.0785374589784387,-2.0097637926819996,-2.0103989858165088,-2.052788080211004,-2.478272339837945,-2.400380072645894,-2.6896598524039237,-2.410683076923659,-2.030142174493491,-1.2890853356658603
17150,1957-05-01,-1.340189272333519,-1.3386337300900075,-2.0605073433939123,-2.0481033428798985,-2.375680047147481,-2.345904676881998,-2.2261847014771083,-2.225857528065266,-2.169840619400659,-1.2890853356658603
17150,1957-06-01,-0.36047302233906,-0.2673304052818906,-1.5189403976544837,-1.605577740978248,-2.09178492424019,-2.0845803897683517,-2.227458168304653,-2.254324742263979,-1.7558012181129619,-1.2890853356658603
17150,1957-07-01,0.09946724126615047,0.1382774983297791,-1.6279682126098909,-1.5846083871611607,-1.8817283304862225,-1.944945325997091,-2.496278214848083,-2.4708851150239304,-0.7707681370010976,-1.2890853356658603
17150,1957-08-01,0.21198000541463632,0.1654679977411393,-1.124742478873017,-1.162868311631237,-1.9359394334311155,-1.9664820149645545,-2.4284913862980395,-2.3696217989489283,-0.1451037265471155,-1.2890853356658603
17150,1957-09-01,0.05914356655117709,-0.27245535733478143,-0.46689296842900735,-0.5308213165304092,-1.5500638558290014,-1.7375764049713605,-2.07904805910372,-2.1252186659592125,0.04435206549484123,-1.2890853356658603
17150,1957-10-01,-0.5923764388065308,-0.965644527738605,-0.4679493182097198,-0.670505575303682,-1.9261578730053934,-2.0139297333249253,-2.2232340241067776,-2.2565234856130534,-0.4047757654413214,-1.2890853356658603
17150,1957-11-01,-0.4532716493201299,-0.6588510604388448,-0.4220303344895004,-0.6485762472230412,-1.1621027180217203,-1.3700020279042149,-2.5012707917116423,-2.463419466622031,-0.600835848309657,-1.2890853356658603
17150,1957-12-01,-0.6443870281183629,-0.8223688897883623,-0.8093129594621948,-1.0274873139283143,-0.9792197932791342,-1.122815673249433,-2.2740431439667916,-2.326050082175249,-0.7638676486436229,-1.2890853356658603
17150,1958-01-01,-0.13320663564678814,-0.19021507204927193,-0.47808685682532476,-0.6693428011806887,-0.4608061359086506,-0.6133316029439762,-1.7713936274204896,-2.1989180262973766,-0.4581276287551623,-1.3615709340755844
17150,1958-02-01,-0.8124393118685272,-1.053632557908258,-0.9471845131034959,-1.2477691270283384,-0.9501686792183295,-1.2395311876266009,-1.534292963621215,-1.8673923758846147,-0.610183888086345,-1.3615709340755844
17150,1958-03-01,0.3134256391027942,0.20871672063866448,-0.24584758874489696,-0.43724550818123487,-0.33822403335030427,-0.5783088319775629,-0.48719715283735504,-0.702183789647935,-0.2408974727257901,-1.2890853356658603
17150,1958-04-01,0.3998609258271708,0.3313868786680455,0.08876032437051704,0.005040948651087111,-0.18253074670484756,-0.39770614923341285,-0.19570964461112408,-0.38404614837956685,-0.051817083606594996,-1.216789777201825
17150,1958-05-01,0.8963360144341014,0.9631081201381552,-0.08527488536514824,-0.21633757833962947,-0.3120370324603315,-0.5447580598942554,-0.34471921898444086,-0.5696374512371234,0.5981960633176245,-1.216789777201825
17150,1958-06-01,-0.2206303464582509,-0.26218511921371146,0.08648380033784861,-0.047413780300095486,-0.3831693394363316,-0.6030210066304245,-0.4469533901823359,-0.7035420994634183,0.5295505112989815,-1.216789777201825
17150,1958-07-01,-0.8835048749769271,-1.0041285596862353,-0.07520476163276257,-0.2933523670267227,-0.2095099481739952,-0.3665649084197989,-0.4475257002697,-0.7189742568769426,0.15421245710003487,-1.216789777201825
17150,1958-08-01,-0.4093508393578112,-0.4033681027863514,0.547421295603883,0.6083249640489127,-0.2776870717945368,-0.43467309574366236,-0.46250399330098646,-0.7267419374281741,-0.673841096079074,-1.216789777201825
17150,1958-09-01,0.3077874018290978,0.3315590192209906,-0.18708376697302792,-0.21095609902046447,0.04735271578201712,-0.03269774348541621,-0.38692746928848804,-0.5661943126424172,-0.6356648693570623,-1.216789777201825
17150,1958-10-01,0.8134868749954465,0.9206694230107562,0.1485170549648957,0.2008831250308738,0.3065298900207227,0.28636526892433506,0.09887746824570327,0.06016978875986921,0.4204190445535177,-1.216789777201825
17150,1958-11-01,0.1645076791638203,0.25898949015417244,-0.13194915913757657,-0.05286464259013626,0.44434662355100374,0.5878848746502198,-0.1509260044155299,-0.2495746724803989,0.5285679726539834,-1.216789777201825
17150,1958-12-01,0.33973334573048997,0.3575421200963629,0.23115566511135405,0.27973054315812707,0.03618696793865271,0.024057255688473434,0.2163783694078711,0.1526353717354575,0.4856367181824109,-1.216789777201825
17150,1959-01-01,0.5499136343260685,0.5461557048353168,0.8243116320311373,0.8795059104866552,0.4834083251822472,0.49295112860211426,0.6125029597662475,0.5876369650434099,0.4372844135170505,-1.2089900535709217
17150,1959-02-01,0.2921945485094998,0.3744216130368206,0.27844773887490804,0.38340377171123136,0.06247505638705664,0.1640151455611149,0.4971927343263851,0.5605620893190403,0.41420953905101465,-1.2089900535709217
17150,1959-03-01,-0.033858085755356294,-0.009916236109185367,0.04483244552692357,0.07822722387636709,0.013374381306779383,0.0788016103659054,-0.09808923062171326,-0.10746870280885985,0.26729355827945367,-1.1503493803760079
17150,1959-04-01,-1.7942896446813252,-1.6333386984463731,-0.4320777800620303,-0.5217390003581229,-0.10191877998147802,-0.06260136404244701,-0.38622576925512586,-0.4283471774108555,-0.37208517310708594,-1.1503493803760079
17150,1959-05-01,-0.9593352424155094,-0.997183339279435,-0.2325142944499089,-0.2207887770128844,-0.16240843025811713,-0.1023695863059285,-0.33540489874331775,-0.2873796638252398,-0.9824302085890452,-1.1503493803760079
17150,1959-06-01,-0.2206303464582509,-0.0931655563308421,-0.23883389349296225,-0.17195297510430646,-0.1057511452282685,-0.03791695500226881,-0.10992449091851167,-0.008705314343889431,-1.3765095523955921,-1.1503493803760079
17150,1959-07-01,1.0183157511937262,1.0948607605176928,-0.6639902332206569,-0.5931913424784443,-0.066414881898347,-0.011285697740265005,0.22292895103456636,0.3811712156769719,-0.10532593591243086,-1.1503493803760079
17150,1959-08-01,1.2806426767298382,1.2608708552296046,-0.018271714768889495,0.1138587802505495,0.1504344469340441,0.26660131502248063,0.18038651467833555,0.32004402621844846,0.7541622266842914,-1.1503493803760079
17150,1959-09-01,0.5889436904159951,0.7223824820069685,0.023909220780744356,0.16392967355941995,-0.13956326474380495,0.013192745005559501,-0.030239830414779168,0.1005669552206115,1.1421446653743064,-1.1503493803760079
17150,1959-10-01,-0.37694982126201987,-0.03611936388536546,0.35893297781520045,0.6113470868838773,-0.8713936837145233,-0.6802334361719957,-0.23294209301438068,-0.13882526873780085,0.5729699867619921,-1.1503493803760079
17150,1959-11-01,-0.6855714752250011,-0.5087142465016907,0.15731524620078255,0.413339326273876,-0.5140131556587029,-0.3025424467799323,-0.1299439474902451,0.017944766801906032,-0.39107520647233723,-1.1503493803760079
17150,1959-12-01,0.3025259876431409,0.379395292914345,0.34529247800567303,0.4868206485899029,0.1373507816413827,0.28306454536734965,0.04392146699604738,0.20076767202570311,-0.27420210970016357,-1.1503493803760079
17150,1960-01-01,0.6259362782630328,0.6201498493756467,0.2967910718360387,0.36993586444346865,0.670955912136884,0.786809696761703,-0.06907391118774185,0.052795865158344814,0.21983040707695667,-1.1422903927149717
17150,1960-02-01,1.0950287895415804,1.1134028894415609,0.554724031946861,0.6528453340182989,0.8899620036101288,1.010111935882532,0.4350524534511848,0.5422329441082546,0.7475639095069221,-1.1422903927149717
17150,1960-03-01,0.5891916334663416,0.5974859365508471,0.5138384048416353,0.557778407435504,0.5499155475595925,0.6544133074123728,0.41033422042496137,0.47401712573366184,0.8336836046141386,-1.0886329293768875
17150,1960-04-01,0.020068097864402702,0.033312774979456845,0.4040367261655232,0.4227574693557482,0.17547404198240718,0.2469232156927345,0.46434137071351533,0.5724886537138366,0.696288198419625,-1.0886329293768875
17150,1960-05-01,0.2999872557242404,0.45921866837858283,0.9382302397537959,0.9947124157629009,0.5380586479937324,0.673745690184713,0.8034373521128497,0.9418404376854349,0.40510592444796445,-1.0886329293768875
17150,1960-06-01,1.4148504824859554,1.3885487632975893,1.1260784688070706,1.2536728289217443,1.0117489499765555,1.1352482597633695,1.01491788243544,1.1503871316722127,0.6744066468504148,-1.0886329293768875
17150,1960-07-01,1.7811680044961977,1.7420038618301104,0.9596136266444195,1.097542672530981,1.0031561344444326,1.1492938538339708,0.7724788487322818,0.9503805268622905,1.3209687760705031,-1.0886329293768875
17150,1960-08-01,1.1144098570060925,1.1720057425609218,0.7265888034244782,0.9529594143505212,1.1551549118333206,1.2775705900592738,0.7652349514352436,0.9524753023179682,1.669096234619152,-1.0886329293768875
17150,1960-09-01,0.1401729567511842,0.14603859826429183,1.06009474100567,1.167317003318002,0.9995223504404218,1.2110919428247424,0.900345255174612,1.0729824538192159,1.2640240839713726,-1.0886329293768875
17150,1960-10-01,-0.14497635029051326,-0.17880778687052948,1.0328880915950949,1.1109346863790037,0.667172213609705,0.7745243036031167,0.801510068754656,0.8893815676475302,0.3798117297874218,-1.0886329293768875
17150,1960-11-01,-0.35988960208686344,-0.5877586706789791,0.275170642095698,0.25513411814294557,0.29076645417251723,0.408616166524821,0.9002636510659917,0.9489042118149654,-0.30969936200625275,-1.0886329293768875
17150,1960-12-01,0.5190486050163462,0.3409885734725886,0.33354251407284385,0.18696226919090064,1.0168813464130606,0.9681242471534321,1.0435722157608807,1.0497698391805201,0.04553263390278315,-1.0886329293768875
17150,1961-01-01,0.30622124557959857,0.16818629602743837,0.09722900457463796,-0.08870940912357614,0.8874819004090334,0.844817642863684,0.726230163416489,0.712973912454616,0.25095263292877495,-1.0803193408149558
17150,1961-02-01,0.43246593185813464,0.44406107846252635,0.12670886251489177,-0.0011257359811667276,0.4068714283007015,0.39407918855895663,0.48142910668223604,0.4914966041368238,0.43918508890986774,-1.0803193408149558
17150,1961-03-01,-0.7593272019233827,-0.8995077150314965,-0.3167390553407764,-0.5703357478737491,-0.38208905167887663,-0.5985605647021378,0.2464676785767515,0.18092826222242503,-0.009801628093807921,-1.0308064799022894
17150,1961-04-01,-0.6756662532504207,-0.8300607005575764,-0.19182690790857418,-0.4132026610396979,-0.32006536469223,-0.5825028018944592,0.34572979310315355,0.2641117170571487,-0.3450918357094002,-1.0308064799022894
17150,1961-05-01,-1.0617013515210496,-1.3268931012006082,-0.1490283318563415,-0.2880306806207801,-0.328063887451091,-0.5745834105639741,-0.06775312709388147,-0.1803042327523499,-1.0826658889243463,-1.0308064799022894
17150,1961-06-01,0.3512732422957754,0.3484369218866356,-0.5502346111694116,-0.6972126018940856,-0.2182774686185831,-0.45628969335278485,-0.26600819588489255,-0.45725108833146805,-0.5953664336911033,-1.0308064799022894
17150,1961-07-01,0.21201875941656786,0.2421871391359102,-0.5143469157029532,-0.6274252654475045,-0.16361231410304006,-0.32549584640965307,-0.2718403727383925,-0.46766463407387093,-0.24825357393223585,-1.0308064799022894
17150,1961-08-01,0.5790824947099026,0.6564953384383116,-0.6457454190914815,-0.7647268282942185,-0.060401325103780164,-0.1421869189564675,-0.22666064868777858,-0.42818583872439037,0.37134882936851954,-1.0308064799022894
17150,1961-09-01,-0.33353296937137183,-0.32565547741274464,-0.057846738885990574,-0.032023487594335834,-0.7678737074705004,-0.8810786384444431,-0.39009112107445304,-0.5931453658835728,0.14075287400553424,-1.0308064799022894
17150,1961-10-01,-0.5246785383163867,-0.35801043919743464,-0.33872293883960175,-0.2665652788917593,-0.802035284842052,-0.8664889735391093,-0.36457413819517204,-0.5311293725973399,-0.32538862600274626,-1.0308064799022894
17150,1961-11-01,-0.9098001375352329,-1.021499844422949,-0.5875179950010323,-0.6323096096465256,-1.1506951896402589,-1.3512256726542513,-0.43534315645638344,-0.638123695293836,-1.0580612198979085,-1.0308064799022894
17150,1961-12-01,-0.8708376170941499,-1.187741318279688,-1.1924112110290643,-1.3305000522488073,-0.8261275675962413,-0.9802074688658706,-1.3362365659274325,-1.5610423974284102,-1.072090043548114,-1.0308064799022894
17150,1962-01-01,-0.8176397944896964,-1.1163917329087363,-1.1017803192510454,-1.3099222546002574,-1.027533592885385,-1.1980042857976354,-1.5289938142763952,-1.9348066953326626,-1.0639263817413727,-1.022241387477896
17150,1962-02-01,-0.16408831087439912,-0.23118772304006321,-0.6522498826505475,-0.8086601772001346,-0.54529748354236,-0.6334775375716626,-0.9355515026161365,-1.142022427788195,-0.6959826331831802,-1.022241387477896
17150,1962-03-01,0.5891916334663416,0.5847524725195776,-0.0984395352026055,-0.26855700314497527,-0.2895466611975207,-0.4264199608856474,-0.1695935742738685,-0.3214835193145155,-0.12830072267751846,-0.9762363202907715
17150,1962-04-01,0.8434440640031586,0.9157806760543312,-0.06260419667085067,-0.22188452565252997,-0.3118182640065353,-0.4622574920217009,-0.28438532632793134,-0.4061229897871242,0.47839573250153133,-0.9762363202907715
17150,1962-05-01,0.31555872086525544,0.3391138001728771,0.004099470203904243,-0.06964364550947084,-0.4171979066070599,-0.5825525697458496,-0.33848080310712736,-0.43831095671566406,0.7087231739562083,-0.9762363202907715
17150,1962-06-01,-0.7766687933511293,-0.7420683573560203,0.1521089415299807,0.13324018399578547,-0.42519340650352083,-0.6131269406834318,-0.5798662600135981,-0.7252548959084897,0.37429109810675976,-0.9762363202907715
17150,1962-07-01,-0.8624115965174558,-0.8356551908449793,0.3688072171059529,0.3930868356805579,-0.35440137660723686,-0.5340304337972355,-0.5757580918003407,-0.7301372636841198,-0.43030051373421613,-0.9762363202907715
17150,1962-08-01,-0.22896154274363403,-0.20134045089662997,0.05382865125462781,0.0424753469586297,-0.1484578461728529,-0.23375108150146465,-0.5328239364099773,-0.7158228654770623,-0.8925697032893501,-0.9762363202907715
17150,1962-09-01,-0.18091640953640814,-0.5106942217038702,-0.9704373410361004,-0.9958996803577627,-0.03874402754148878,-0.09895639087299528,-0.559736797145015,-0.7818551118159859,-0.8641546560907793,-0.9762363202907715
17150,1962-10-01,0.3601204342266883,0.3619639356756038,-0.3223909510269542,-0.44878508023558455,0.3834772779193431,0.38713024268642016,-0.24140953266660028,-0.44665159195496956,-0.08495462545498222,-0.9762363202907715
17150,1962-11-01,0.7133347395864532,0.5750694303346897,0.4578111395853093,0.339981481217474,0.42949167987541975,0.3910244603183619,0.2249138738743356,0.10122106414701078,0.4464992703351373,-0.9762363202907715
17150,1962-12-01,2.5272105669456413,2.0590562946788675,2.4341647016896126,2.0668373042186103,1.8209977851054733,1.5993656779763132,1.5766373359756418,1.4964571241725309,1.6926732072134387,-0.9762363202907715
17150,1963-01-01,3.345279506478143,2.7703432032413495,2.9423408919932266,2.3700661820952327,2.4686164051560455,2.081294992671962,2.0120352607341774,1.6887629073992207,2.6379327390393783,-0.967421566101701
17150,1963-02-01,2.920029040098707,2.4558844522839736,2.7528441944598914,2.251053104796135,2.7020373402599356,2.2025210963578417,2.095624175567837,1.7213456715305728,3.2251668218857867,-0.967421566101701
17150,1963-03-01,1.0323864763957247,1.0918426770332201,2.467322722152235,2.163350806317642,2.251946789508134,2.0332987553497097,1.861791292312342,1.694256850534381,2.6379747557601605,-0.9244286998588876
17150,1963-04-01,-0.0088900351676206,-0.0005146565963616728,2.3798319544361783,2.2220231125912053,2.223837061847105,2.0389620283763383,1.9684990500802004,1.809407746539739,1.6174380730722007,-0.9244286998588876
17150,1963-05-01,-0.42268633929457367,-0.262212129253538,2.0940639226005957,1.9733051102966201,2.0856185529944127,1.9194130817402302,1.9973209436114907,1.8162426842270214,0.44883358440182386,-0.9244286998588876
17150,1963-06-01,-0.0027502896274183815,0.18220507120273022,0.8672020489633142,1.0076711620430503,2.3081970561327787,2.087424029818495,2.055170641390965,1.8705296696328935,-0.1607227609496005,-0.9244286998588876
17150,1963-07-01,0.06757092921232712,0.0679508215670949,-0.04250383202084443,-0.05793821465125248,2.2595851622225513,2.1436592488095525,2.089535178518623,1.904548491627382,-0.20939153353016648,-0.9244286998588876
17150,1963-08-01,0.5021636597885452,0.450115569541923,-0.22022403584692435,-0.12336628470713976,2.1105082620742777,2.0419477193212088,2.0664461383559494,1.9301209834829285,0.11536149033506818,-0.9244286998588876
17150,1963-09-01,0.01980323105419304,-0.45221079770991895,-0.19599778054051212,-0.2318260417461674,0.7146910343272959,0.83760445330988,2.1331244367554816,1.9772648726228579,0.15071595689395026,-0.9244286998588876
17150,1963-10-01,0.4791960170196056,0.4651410493114587,0.30138782738420833,0.24580939408764207,0.12210853159654601,0.08503849793017212,2.034223028743926,1.9238363728065198,0.3762147081705586,-0.9244286998588876
17150,1963-11-01,-0.1964085071852065,-0.33599971598848366,-0.012731014190379935,-0.16018273932812463,-0.3611912809858459,-0.3723114286871515,1.746042040869423,1.7037962845900478,0.07373632105147762,-0.9244286998588876
17150,1963-12-01,1.1581454947845065,1.1530103267294627,0.957429545556923,0.917699083920908,0.7672719819477366,0.7702009550443254,1.1659164713970187,1.1925632562051987,0.6736421453275129,-0.9244286998588876
17150,1964-01-01,-0.0034402330778784368,0.06707124550352885,0.14661205976994948,0.16496313180608865,0.1291698772507572,0.1517968468926905,0.1625586325824386,0.1996064809079385,0.46663432650708886,-0.9153650878428143
17150,1964-02-01,0.38968843475628334,0.6063575311586883,0.17171498365408502,0.2684198771681445,0.20741003909538025,0.2952481745306864,0.03172290646474005,0.14893879918640612,0.5619351279587829,-0.9153650878428143
17150,1964-03-01,0.04329878155192497,0.16664087874323635,0.6936075950049555,0.8389314534707569,0.5562669646456663,0.6597838201369768,0.4827434307618936,0.5652236023786114,0.13088716706432904,-0.8749907341475217
17150,1964-04-01,0.3221530395541612,0.42398473800895725,0.1301229003255469,0.2533445265004309,0.2269560927733614,0.3020126934763784,0.1945883785954719,0.24683397645535218,0.2668798428512004,-0.8749907341475217
17150,1964-05-01,0.34646735814089147,0.5265890862594885,0.4323700298048354,0.645861283255448,0.25370648282752745,0.3949197815307073,0.2818119982883697,0.4008578548714497,0.2534285037909724,-0.8749907341475217
17150,1964-06-01,-1.5120374863878834,-1.4085231279513726,-0.6411299706938175,-0.5509340446313034,0.19623342783442474,0.3555644744978967,0.09985441736735053,0.19377170287058904,-0.05379400750604029,-0.8749907341475217
17150,1964-07-01,-0.5972794297586776,-0.49508248925044906,-0.04250383202084443,0.038871538051324206,-0.09864184589352602,0.04753599427705989,0.03362738339782176,0.1497408312192067,-0.5586201793773908,-0.8749907341475217
17150,1964-08-01,-0.8794290464219651,-0.6122898740453804,-0.12445577202292527,0.06541986291895724,0.16690127133832325,0.42220428285184974,0.043916833089305385,0.199999255630125,-1.285301632700695,-0.8749907341475217
17150,1964-09-01,1.0487503759416779,1.278746259945888,-0.2829361598851766,-0.07856737586024402,-0.243990286769632,0.010908745374112514,0.4326698166550214,0.6955066958126429,-0.01997496001915349,-0.8749907341475217
17150,1964-10-01,0.3620634619547121,0.5578749607719978,-0.17863214408563471,-0.002898132642220859,0.05421625221624879,0.22719835237886796,-0.010697852549339169,0.17038047108241658,0.42252735127168767,-0.8749907341475217
17150,1964-11-01,0.09780153117940302,0.17865068253400604,-0.35569685377829624,-0.21740341371676145,-0.09959364013635917,0.12840435662797725,0.21139106054392376,0.4553534602359144,0.5704527986245866,-0.8749907341475217
17150,1964-12-01,0.4722727389757483,0.5079516382656897,0.7915456558467747,0.9371413868386954,0.09553876611239469,0.23718598555865203,0.06665300985284199,0.28096913621038216,0.3525118639272289,-0.8749907341475217
17150,1965-01-01,0.31746035112646037,0.3389187298698295,0.35543687093140586,0.4486029707505931,0.10144854219671032,0.21445875038477763,0.3114618074838429,0.4460205866584433,0.3678815194394639,-0.865678184456376
17150,1965-02-01,1.6389017309537863,1.688069525529784,1.3738029511521892,1.4466450105578526,1.1149311979301904,1.269438905488174,1.0254255080057357,1.118408794516979,0.9220986681156343,-0.865678184456376
17150,1965-03-01,0.7318319509310202,0.8601522199304019,0.7376593022111514,0.846467105167157,0.9368434166111838,1.1227071390362462,0.4900636931170286,0.6291785167651888,1.003988578111927,-0.8276041153933821
17150,1965-04-01,2.1768214116418494,2.093698621594318,1.6711416069748521,1.784341946293877,1.5789871813363696,1.6901661603373983,1.3718464338117,1.4919498825540702,1.6439299082247876,-0.8276041153933821
17150,1965-05-01,1.1592186074279944,1.3045228752876716,1.746972444408287,1.7675728670517519,1.5578037556200441,1.6362189687765525,1.363953758664206,1.4762876829356903,1.5028250776353762,-0.8276041153933821
17150,1965-06-01,1.4683486401783725,1.4088931095901913,1.2717830092374207,1.4463485034823051,1.231527291926492,1.3595482487581925,1.3660044830125282,1.4861718591794042,1.7837584113403389,-0.8276041153933821
17150,1965-07-01,-0.47448037023236334,-0.49508248925044906,1.7683894252495211,1.8421274027058807,1.4447506715420175,1.6107719683743214,1.3758416522515882,1.5038729514551639,1.0801485595180407,-0.8276041153933821
17150,1965-08-01,-0.6598847962079964,-0.5099673146507433,0.7385400628906252,0.9622362816147974,1.5531449827536685,1.6962592777446175,1.3779200526496598,1.5338598797846967,0.4518402455216108,-0.8276041153933821
17150,1965-09-01,-0.46902729623065936,-0.5752890900605072,0.9073300839494286,1.0137925761943536,1.0212377664492402,1.2935520372567084,1.0072651150855008,1.2010088044148144,-0.9671608575699222,-0.8276041153933821
17150,1965-10-01,-0.7648689451138821,-0.4675797369698224,-1.0567096405279333,-0.9147231613352348,1.2272384191205554,1.414970585897804,1.0692607927628652,1.2756718673069152,-1.3068389023963671,-0.8276041153933821
17150,1965-11-01,-0.10798524259587232,-0.07233408801484481,-0.4964711100690514,-0.42692582727163014,0.4404175129838867,0.6955237818666279,1.312952004631235,1.4542722869297775,-0.6018580604284804,-0.8276041153933821
17150,1965-12-01,0.33973334573048997,0.379395292914345,-0.060610049539511726,-0.015579365844638218,0.7770757389798872,0.8732010448176476,0.9775966114063933,1.123739764143186,-0.11006083241283328,-0.8276041153933821
17150,1966-01-01,1.0371096741834178,1.049823894785433,0.5565285460978713,0.6140106552758013,0.3358679737950541,0.38004157581689085,1.4257072277443215,1.3802047722005995,0.5817640853035138,-0.8180417759124541
17150,1966-02-01,0.09174363032482227,-0.0646509171966568,-0.028764271638092524,-0.14341830759856206,-0.29326743891120355,-0.3918058686313566,0.3745244026964002,0.4069483215172449,0.5295409851475232,-0.8180417759124541
17150,1966-03-01,0.8434125478982495,0.8281430601410275,0.7522669602237902,0.7450100309906934,0.5212618705542812,0.5429510009607377,1.0127097138229686,1.0231758400239965,0.7279132501300203,-0.7820068867537173
17150,1966-04-01,1.1873735996497543,1.1701512584829752,1.3933944497274244,1.393566869162243,1.0364522834506846,1.0811907293106315,0.8567730690370393,0.8632561749908252,0.8074231819198804,-0.7820068867537173
17150,1966-05-01,2.0686605911942157,1.9229659463429636,1.2896581238741467,1.2770793181472784,1.0649266682445897,1.094884163175193,0.8736887922340282,0.9110642557878051,1.468810651138612,-0.7820068867537173
17150,1966-06-01,1.4683486401783725,1.4033796914838663,1.3641177978371182,1.4206470593421494,1.2442213491376046,1.2819610083671096,1.01491788243544,1.0819336251997551,1.7073298429329895,-0.7820068867537173
17150,1966-07-01,0.25866997595532926,0.3497562599691463,1.0893416474612858,1.1162428930687256,1.354761251129859,1.4030234735405314,1.0259152198553323,1.1013774177218139,1.6555642949347453,-0.7820068867537173
17150,1966-08-01,0.34788828321270393,0.39867748582555257,1.8965945099896686,1.8566365623913037,1.2689814411137421,1.3090382278153747,1.0570706856809908,1.112447864126599,0.9100310332087364,-0.7820068867537173
17150,1966-09-01,0.7254356081307758,0.7640731251550898,1.388863395441161,1.3822550595670968,1.4099439443305175,1.5206713413998647,1.2819189203961978,1.3407322847232184,0.5206757088156407,-0.7820068867537173
17150,1966-10-01,0.23476665531402682,0.22559329905639505,0.21667597426443208,0.22103611079423938,0.9202912456504799,0.927482155285003,1.2087419071906051,1.216766070999102,0.48448163108144654,-0.7820068867537173
17150,1966-11-01,-0.5873132647308756,-0.8650992934611237,-0.4607299919420263,-0.6886398352404733,1.2311044608077555,1.2845477918379977,0.929277840579738,0.8990469154392937,0.027693592364057544,-0.7820068867537173
17150,1966-12-01,-0.14294600352330783,-0.41889914646449333,0.028822550748988304,-0.17405922886821198,0.8383337704029418,0.7797365563519556,1.0868395234238053,1.0487153452495657,-0.2818785738507345,-0.7820068867537173
17150,1967-01-01,0.9544058397150181,1.0009103204953007,0.8423825653012251,0.8125618546618126,0.8465751307529326,0.8497156647590137,1.1997449980972092,1.1193678631559676,0.2354243097913252,-0.7721932141886848
17150,1967-02-01,0.7128900836949874,0.8981660941692887,0.26078232956859565,0.2825100541807757,0.2431958883176747,0.290491024900623,1.2471201455742598,1.2056040078979298,0.5860733973249989,-0.7721932141886848
17150,1967-03-01,0.2834628419352458,0.40122841120334374,-0.005280803849276613,-0.0634779084116447,0.11939294078978371,0.09549136601618695,0.6834857694683433,0.7052994172035788,0.6871840786386398,-0.737980472204168
17150,1967-04-01,-0.603210065567094,-0.5947531007136627,0.34069789076137874,0.4095560902658584,0.31628874803775103,0.3323949040374639,0.33866857733187355,0.36552256187544113,0.23548767386498115,-0.737980472204168
17150,1967-05-01,-0.26625396077421837,-0.262212129253538,0.3922267696106532,0.5318291733284619,0.0648346723383379,0.06813577082696974,0.05603424530778175,0.07656059660330297,-0.165346289506011,-0.737980472204168
17150,1967-06-01,0.49595364070577336,0.6142127230743808,0.38684395204748256,0.5832221528122277,0.12796557150987153,0.15379909566851277,0.2496867049197881,0.30227435279457726,-0.18427280330327822,-0.737980472204168
17150,1967-07-01,-0.05845414893804888,0.014907873465931762,-0.6182785631063865,-0.5776621116998913,0.25455848476718845,0.3697394038073082,0.25831046452209144,0.32973035723547894,0.05661832937692284,-0.737980472204168
17150,1967-08-01,0.46170307194411764,0.5782060843473997,-0.11983001410690952,-0.03201413267026686,0.41753475602756085,0.6129089666104292,0.11840581387267732,0.16499389466306286,0.30077051413284306,-0.737980472204168
17150,1967-09-01,0.7860505733737029,0.8583412277453678,0.6872854903648702,0.7642794827322649,0.521218459598325,0.7759639565351565,0.26106799741273334,0.32950984329715405,0.46387833899712044,-0.737980472204168
17150,1967-10-01,1.091993638996322,1.0744312423691051,0.797191482208882,0.9096208151409297,0.13582233498070154,0.25475533418282703,0.6263245271490594,0.7594148156369169,1.0284156800922006,-0.737980472204168
17150,1967-11-01,0.13126774361244947,0.13409911864476468,0.25042849756332286,0.33698898428281754,-0.07436028269789655,0.026203026156370587,0.44161437616385996,0.597811772841363,0.8232193813066413,-0.737980472204168
17150,1967-12-01,-0.15765744204142734,-0.2252287409259863,0.05779169449066199,0.04697752279039959,0.26304299327742164,0.3099803867492229,0.34824608518152156,0.48621646990545003,0.3790267544985309,-0.737980472204168
17150,1968-01-01,1.4389746752347035,1.5155264942412405,1.731890262538972,1.6698195380333523,1.5535848567082096,1.5395041262280647,0.9856750431413226,1.0458750678931967,0.6612118864658996,-0.7279132908816444
17150,1968-02-01,1.877305267736272,1.8445048352135265,1.5953810892888032,1.576101136305529,1.6284124765944799,1.6156568848248145,1.1944645439668333,1.1924589335381666,1.2356187714245617,-0.7279132908816444
17150,1968-03-01,1.5605387340349621,1.6378619528950975,1.1536657401391741,1.2339332349254892,1.2196381366980358,1.317688016132295,1.2389957163498009,1.2792708851968433,1.7944102560137574,-0.6953402346145302
17150,1968-04-01,-0.603210065567094,-0.719372876140864,0.7112967481773611,0.8251322708458836,1.0383867419927948,1.141346252355987,0.9541252804408856,1.037363981612486,1.3055702088268748,-0.6953402346145302
17150,1968-05-01,-0.26625396077421837,-0.4082019530957417,1.316178715023118,1.3552096567134597,1.174154766799897,1.2307670452429773,1.1859771596644277,1.2329901009917354,0.6430252291467615,-0.6953402346145302
17150,1968-06-01,-0.1756235718812027,-0.3245933032875823,1.3358984535268323,1.4219413226294728,0.9787705432938376,1.04660915628068,1.0468370604164157,1.107079784620998,-0.4683490876351065,-0.6953402346145302
17150,1968-07-01,0.6058181861894065,0.5091872528678127,-0.21135719594870847,-0.367946258655137,0.8158307112666909,0.9245957274737255,1.1224548648995365,1.1915580873828944,0.011361680919912418,-0.6953402346145302
17150,1968-08-01,1.2238486336063132,1.250610451379318,0.3858660086162913,0.46758450918331795,1.5522469651048847,1.6314247044343002,1.3882363678163756,1.4640818785879106,0.5705700118494834,-0.6953402346145302
17150,1968-09-01,1.7304839020676044,1.8106455035725018,1.0927709614056278,1.0909431374881797,1.8383551865595478,1.9381433688632324,1.4579430314181803,1.5380473125727245,1.4793420941176463,-0.6953402346145302
17150,1968-10-01,1.149088558359908,1.1909573274433796,1.1707243130690985,1.260348108067052,0.44527076579688385,0.5398014814258495,1.1079197559937932,1.2425525481251811,1.6257170400107956,-0.6953402346145302
17150,1968-11-01,-0.16084094994077858,-0.08015439923152357,0.5123762774725455,0.7081500574536922,0.12439267524663675,0.2688444798322955,1.296546039826655,1.3968859877651856,1.1483958249656372,-0.6953402346145302
17150,1968-12-01,-1.3349520179107524,-1.4625133614136923,0.11460794735798877,0.24265251744588295,-0.045323576363904765,-0.03770956234529003,1.1021592578767843,1.1943163088431397,-0.1246183049637985,-0.6953402346145302
17150,1969-01-01,-0.24103174121613186,-0.28964025122420234,0.42317543931737106,0.5740464405535041,0.6011166725885647,0.6981308220544891,0.2692214005581441,0.3341612451681061,-0.6238523646491546,-0.6850167784751026
17150,1969-02-01,0.20403223895204478,0.2197812124655121,0.035721844963332756,0.07802965369059596,0.3714243045038745,0.5134657177969297,0.22808642235263213,0.2813890321621773,-0.397753852650757,-0.6850167784751026
17150,1969-03-01,0.45905231825676024,0.4958255140110736,-0.4067996162792263,-0.47512875056345993,0.3079967952621052,0.42572572183163643,0.1964969202451389,0.1924275165537888,0.14764361955016855,-0.653928463849197
17150,1969-04-01,-0.02347211639758047,-0.020971433257130224,-0.2531417418803727,-0.2989060892006111,0.25004148299795115,0.3887867203350488,0.38690022484475656,0.4704689847819902,0.2624140134618066,-0.653928463849197
17150,1969-05-01,-0.6988383715518495,-0.749983407549514,-0.2044910018728423,-0.25205889656304975,-0.2880977851159763,-0.29850959610291816,0.011591984025303575,0.10875095136265377,0.0299376964928854,-0.653928463849197
17150,1969-06-01,0.2186911103416468,0.22823098157932706,0.41307734035874716,0.45912535176885116,-0.35811223000623815,-0.4263617350377519,0.3181328096338174,0.43101654472246703,-0.18427280330327822,-0.653928463849197
17150,1969-07-01,1.2152027455111276,1.1835584384587499,0.5834915899333649,0.6249020406872249,0.17778366248892982,0.23885727673546905,0.6114294487727573,0.7876040134366343,0.26598180000239857,-0.653928463849197
17150,1969-08-01,1.8283197029314158,1.654352250637448,0.5924430633908798,0.7745022725374785,0.4463294873028913,0.5649125059916088,0.3060310838024923,0.43390425186410136,1.2411779193871015,-0.653928463849197
17150,1969-09-01,0.7606012795523813,0.89162903491693,0.468811023060826,0.5058789950951343,0.5340604015414625,0.6774558462957355,-0.19655023767530105,-0.19069919400190927,1.4811881624593841,-0.653928463849197
17150,1969-10-01,-2.866708717900657,-2.6302915885613674,0.017500020407110056,-0.0341361327049142,-0.07934517378702619,-0.12164101761921386,-0.2566216179771452,-0.31719372639789495,0.6547630385302392,-0.653928463849197
17150,1969-11-01,-2.991056142607053,-2.7268718100514637,-0.7599322851638791,-0.8783984070130832,-1.0686318806658874,-1.2166890787295295,-0.5743345517080718,-0.7369720522409368,-2.3090927959025995,-0.653928463849197
17150,1969-12-01,-0.5048554914771983,-0.7554634444009434,-0.24692301815338552,-0.3459652801065127,-0.14460542969422693,-0.24208133068740378,0.2056426064638527,0.17940371179835915,-2.0343509621766813,-0.653928463849197
17150,1970-01-01,-0.1809415386464575,-0.43244014645631534,-0.8350467595163695,-1.1335080728026563,-0.20849847439483427,-0.4377656462695065,-0.11153281438164404,-0.3004135319748431,-1.1084558648934335,-0.6433454053929171
17150,1970-02-01,1.4807439877147004,1.4086899462620404,0.15285135146632015,-0.04775263872820316,0.7911376181139185,0.7248228673490629,0.4277096768295043,0.3588351852698683,0.4058518939131494,-0.6433454053929171
17150,1970-03-01,0.8264828104025101,0.7566566053683651,0.2884479966893421,0.09757453396672126,0.40444407301898444,0.2967720014506835,0.41636321876903876,0.2598507903864108,0.8264616081461463,-0.6136090765610288
17150,1970-04-01,1.1770874111219432,1.0964498700266965,0.5978504844251786,0.43215713572962644,0.1067097536606275,-0.16476881589434988,0.47743408920931024,0.26819270642732657,1.282865640676655,-0.6136090765610288
17150,1970-05-01,0.18869894354322003,0.12924403243288662,1.182125564163265,1.1117742687813812,0.1666886824207787,-0.05177875003082878,0.6796714804300416,0.5882564801834483,0.9153713558005565,-0.6136090765610288
17150,1970-06-01,0.018113155065551646,-0.012898849888716162,0.6749299735062166,0.5988171793656237,0.21129381701959532,0.012635550077848242,0.3390723711012595,0.22523003680724307,0.6958449196001646,-0.6136090765610288
17150,1970-07-01,-0.21739951421778297,-0.2275634799848464,0.9026623094496958,0.8242625662318638,0.4573231543679873,0.31129091578906476,0.011445478011503649,-0.22764362671011734,0.01262712215105328,-0.6136090765610288
17150,1970-08-01,-0.4702797321931883,-0.4828362911062597,-0.15547256187247144,-0.2835533838573256,0.9972340771016391,0.9625108641183862,0.013920208888353774,-0.24131834757769757,-0.30378324903231896,-0.6136090765610288
17150,1970-09-01,0.11193543607957981,0.03724538092679249,-0.125082110034535,-0.181098625683079,0.5508602964547542,0.517198421056739,0.12339452260026249,-0.05617144333228576,-0.40555282874545207,-0.6136090765610288
17150,1970-10-01,0.034860911317028745,0.23813347995211387,-0.24840325003433025,-0.16452350083921893,0.6835526389074233,0.6840438354321722,0.3682580454350696,0.25288945589803896,-0.29284070829607906,-0.6136090765610288
17150,1970-11-01,-0.12553858278094387,-0.05283481224502187,-0.44299938442038517,-0.3959223059697946,-0.26765350765324536,-0.291257337741093,0.8415118953112922,0.8284969585286136,-0.09263941646999217,-0.6136090765610288
17150,1970-12-01,-0.26303965660896544,-0.23231028734257209,-0.43952285338081454,-0.4012989335874545,-0.4242831618390171,-0.4327548093606236,0.32565925240674426,0.26780309597810714,-0.2285452152846997,-0.6136090765610288
17150,1971-01-01,-0.35040418655437106,-0.5211518499129515,-0.41024813391655257,-0.48309022097969156,-0.5292619269578072,-0.5983398962320541,0.39819312152176156,0.3277256041091105,-0.317230524492484,-0.6027625453630571
17150,1971-02-01,-0.2361209718093078,-0.35469818249981966,-0.3033320102677974,-0.35776033843845684,-0.5263852127709782,-0.5937471452233768,-0.34050980088832744,-0.45195258195066446,-0.3524926398595426,-0.6027625453630571
17150,1971-03-01,0.391935468343443,0.32203480677536317,0.019836414344465435,-0.02965330893380493,-0.06913383516196367,-0.10679432775242954,-0.09356673414867363,-0.18765407477100687,-0.08404460954382884,-0.5742635458221239
17150,1971-04-01,0.13327253905444178,0.1555144648424795,-0.23555582157300914,-0.35917245241986384,-0.2953640335881224,-0.3629508782636587,-0.4058716339644134,-0.47665745493600703,0.10676339290412284,-0.5742635458221239
17150,1971-05-01,-0.08256499709511889,-0.07029487549569943,-0.27018958689041245,-0.39277083037154903,-0.328063887451091,-0.40497822391608423,-0.5101586567554378,-0.5956041074764742,0.22194119181128322,-0.5742635458221239
17150,1971-06-01,-1.2142726407525224,-1.2459145074149136,-0.18771663409042286,-0.331618195661144,-0.42519340650352083,-0.5324656130408831,-0.47283100306894976,-0.5599030073703639,-0.3055859258751424,-0.5742635458221239
17150,1971-07-01,-0.386025588852148,-0.38887634815910904,-0.1313180430744362,-0.15969876895701962,-0.3966972300750829,-0.5132784088437656,-0.43341816157087565,-0.4795779467498596,-0.6815343924609913,-0.5742635458221239
17150,1971-08-01,-0.1873639752937289,-0.045995545695927585,-0.2990875889454936,-0.2605106396968283,-0.409909970787298,-0.5083184474771278,-0.4331106675535521,-0.49652026424533496,-0.8645130640984178,-0.5742635458221239
17150,1971-09-01,0.1401729567511842,0.16002646681599633,-1.0666763677932833,-0.9847689152501304,-0.27294415675624534,-0.37216183426112565,-0.47782168909176165,-0.5488917138144669,-0.37179754951539745,-0.5742635458221239
17150,1971-10-01,-0.4341102438564681,-0.2259652152592435,-0.7428978004893937,-0.6658571389070138,-0.40991425589802993,-0.3842292063065275,-0.5666047297664003,-0.6656869072995184,-0.4794104948687433,-0.5742635458221239
17150,1971-11-01,-0.055709134538231106,0.03205586033196891,-0.25375452340676996,-0.11060733790157323,-0.3250861231250123,-0.21293085724391028,-0.38205087997036147,-0.4438139612037282,-0.24226299043145758,-0.5742635458221239
17150,1971-12-01,0.3025259876431409,0.4539525376587177,0.11637319786854705,0.3064794596618057,-0.48583227221043684,-0.36339890924257545,-0.06480787991481514,-0.04062065194291627,-0.038321304757455474,-0.5742635458221239
17150,1972-01-01,-0.16897993773973172,-0.10837027956261608,-0.45456553993706805,-0.35290650585768313,-0.6423497060362005,-0.5391402302412267,-0.3728187588988464,-0.27532057386003705,0.027386791572497942,-0.5631491384553193
17150,1972-02-01,-0.8809356508357336,-0.874289012153602,-0.766322388860058,-0.7046987944129643,-0.9026268805333958,-0.8037585823320976,-0.844048123245995,-0.7532672798379255,-0.32258236176855476,-0.5631491384553193
17150,1972-03-01,-1.8068171233568977,-1.7156954820236086,-1.0372744748561444,-1.0410846595777636,-1.063217993839406,-1.0456532709889277,-1.5375339979853457,-1.4242516592781027,-1.0093014140932335,-0.5357877300556414
17150,1972-04-01,-0.8074108869180378,-1.0229081979915136,-0.6263574939356964,-0.7353739562857049,-0.8325186779539526,-0.8982580639361746,-1.0000710804688935,-1.0313566098029352,-1.4238547643966764,-0.5357877300556414
17150,1972-05-01,0.2686047512909511,0.24235582471262296,-0.5548178348122473,-0.6121799883796898,-0.533156014561212,-0.5467434594527989,-0.6544554726608183,-0.629196705444049,-1.0572971417399137,-0.5357877300556414
17150,1972-06-01,1.0762692282614945,0.9881975677229178,-0.6991660135982779,-0.8526801687027398,-0.4760633238327234,-0.4923122160990897,-0.513698667269796,-0.4880888050412147,0.22057938116269557,-0.5357877300556414
17150,1972-07-01,0.8293794268042344,0.8071024857038944,-0.20947593520861973,-0.3840040493140933,-0.32078044565658564,-0.36862183453997255,-0.5165626341067756,-0.5254404052459194,0.850612036698723,-0.5357877300556414
17150,1972-08-01,1.3684803883556023,1.290693017753958,0.8674961258041248,0.9105873933135245,-0.0863539726684162,-0.055332048390751586,-0.11945567111378311,-0.060535529772763524,1.2480006191139537,-0.5357877300556414
17150,1972-09-01,1.5922015685725612,1.6448989160061103,1.7000807915625917,1.5494800646128144,0.07948751643238852,0.09241019786486626,0.12339452260026249,0.22312112103209272,1.5206213866486482,-0.5357877300556414
17150,1972-10-01,1.8008909080013558,1.541497042291376,1.8621033771452726,1.785225660508507,0.9506754456727297,1.0145383093087457,0.5932243293753359,0.7220963574089069,1.8610643790311088,-0.5357877300556414
17150,1972-11-01,0.6834963257007142,0.7694257680248728,1.262138957611649,1.301750222459006,0.998216929515278,1.104885326101261,0.2612003034779163,0.3515424115128614,1.6248414740604817,-0.5357877300556414
17150,1972-12-01,-1.141212492233417,-1.1239109786317056,0.06907295940075225,0.18973060934718308,0.6170286127351581,0.6631576888015421,-0.5036806836007104,-0.5434038605772363,0.6531678883734788,-0.5357877300556414
17150,1973-01-01,-2.436926766780347,-2.2957217642555734,-0.5645974946282307,-0.5209053329393617,-0.1848048253918931,-0.11987839975761126,-0.5342759603143724,-0.6099027949870195,-1.307554797495953,-0.5244005127080409
17150,1973-02-01,-1.0039801408222038,-1.1217679625961767,-0.38915750233809104,-0.3898847371217796,0.051839507257782996,0.1358411371030696,0.18782655821348204,0.21172471249933716,-1.8494747694589444,-0.5244005127080409
17150,1973-03-01,-0.0005380888990098908,-0.04683678938837672,-0.7533579941945234,-0.7965687558281858,-0.06753504539120528,-0.009353818510034305,0.3441527350750363,0.35798950077267966,-1.3130579124012138,-0.49808936995031894
17150,1973-04-01,1.1873735996497543,1.2616576964103248,-0.7772207371423475,-0.8682577705582125,0.2884156559499078,0.42081868314268245,0.5000977486417129,0.6048530053580583,0.06997201036550428,-0.49808936995031894
17150,1973-05-01,0.2843362921618468,0.4385404266648319,-0.6351433628988413,-0.6739550937423389,-0.22327070665027474,-0.1806987106516597,0.12913792514909792,0.23415461891631253,0.5800259628883412,-0.49808936995031894
17150,1973-06-01,0.7503537100368469,0.8505470748031687,0.28019684202912415,0.37180757604840037,-0.41507745972817006,-0.36677689716896117,0.18777967059392198,0.3357016886635127,0.9326244483366392,-0.49808936995031894
17150,1973-07-01,-0.3004066577150443,-0.3018338524149761,0.8834892843822517,0.9694477697907832,-0.8908417407792318,-0.9686899203524012,0.1671903405677925,0.3216047402077032,0.36839712149568704,-0.49808936995031894
17150,1973-08-01,0.9152411313891633,1.0353514434953672,0.5924430633908798,0.8351419762754131,-0.37093734856220867,-0.2935050322822346,-0.013323268450670214,0.12442537889015451,0.5302714167497729,-0.49808936995031894
17150,1973-09-01,0.6091684521695286,0.6986150565373591,0.7597932236633321,0.8658389780417369,0.34665637337457916,0.5132409836690563,-0.3099846383542945,-0.21572383804240572,0.4787851017850564,-0.49808936995031894
17150,1973-10-01,0.8821030546233989,0.9459633122901229,0.48076619821211697,0.5946655567591173,1.0623676243866556,1.177546316100766,-0.4505550796189191,-0.44371486538004457,0.9866365042881768,-0.49808936995031894
17150,1973-11-01,1.223986242391465,1.298488490409876,1.4196493761223976,1.508686572044449,1.1288366217461925,1.3655552345828812,0.30466399841093483,0.4909362806780276,1.1056410292384067,-0.49808936995031894
17150,1973-12-01,1.3165442658976532,1.3495626125795068,1.3618302263313877,1.4389879222563975,1.4371467750945408,1.4497711408452583,1.0107489565528776,1.1475681400637217,1.340316991131148,-0.49808936995031894
17150,1974-01-01,0.41790712014690196,0.6250275837723661,0.7606710029489283,0.9566608742886151,0.5850423502724142,0.7800778692199863,1.0496961018168574,1.1232829931308865,1.1182273778354745,-0.4864238746285882
17150,1974-02-01,-0.2119967476271619,-0.13008287314808664,0.5123198376509649,0.6897123603732637,0.6929653052280152,0.928885962419034,0.6924224546323435,0.8597908492508181,0.565967471212023,-0.4864238746285882
17150,1974-03-01,-0.5616439438269624,-0.5942659239909188,0.4448854869611002,0.6012823698754373,0.4924631703297035,0.6869619441530018,0.6897955831265339,0.8405773672156217,-0.15506643091971195,-0.46108608852533467
17150,1974-04-01,-0.03812401985196485,0.0028831597726185964,0.22011802259119734,0.4095560902658584,0.5033102664175431,0.7277155432940684,0.36685647517639947,0.5531837750532144,-0.36666929691650924,-0.46108608852533467
17150,1974-05-01,0.6678760500160162,0.8630211622980438,0.17724469283666333,0.33885606561579024,0.6713644795992774,0.8839625028194783,0.8098543458472005,1.0361876152520118,-0.04524318240075342,-0.46108608852533467
17150,1974-06-01,0.634162993069684,0.7658616077598648,-0.22855431389830377,-0.13571661060997534,0.5967928645569941,0.818791314012171,0.6397906229686919,0.8675017798592025,0.5005396276215963,-0.46108608852533467
17150,1974-07-01,0.6906820563141275,0.7674091108994691,0.26773672714960045,0.3572541666324157,0.3904478561964418,0.6495215592581766,0.6570543987111577,0.9118839538012617,0.7993572693609065,-0.46108608852533467
17150,1974-08-01,-0.5619503792411472,-0.4033681027863514,0.28063162468009345,0.49933096275938554,-0.04318009755263223,0.13604603664164727,0.5082258177168033,0.7524757720406954,0.39841449936288337,-0.46108608852533467
17150,1974-09-01,0.16780294108304666,0.1944825198468393,0.4144808225289409,0.5639541145007061,-0.30210831251177184,-0.1681498839047948,0.5075247619193913,0.7687091392296378,0.16623196745346813,-0.46108608852533467
17150,1974-10-01,-0.8432530615134357,-1.0516027099100027,-0.1108890833760458,-0.13760302736082264,-0.1737320002519386,-0.1728101211404587,0.09606746131599142,0.2447295244309588,-0.8735340330283452,-0.46108608852533467
17150,1974-11-01,-0.41569021363185876,-0.571078687107988,-0.7774907480451472,-0.8722190120484536,-0.11060780068312062,-0.012041020630010037,-0.20323812534757177,-0.13645053530801207,-0.614879244432953,-0.46108608852533467
17150,1974-12-01,-0.24771849461320763,-0.3223303900873329,-0.3971468238294715,-0.41083482638654556,-0.011137813027959216,0.08060718603162689,-0.43096947068768765,-0.3657524970646192,-0.597142546184236,-0.46108608852533467
17150,1975-01-01,0.5171135546952026,0.6686129720285794,0.05653167463844098,0.10435754376842446,0.3083647428699524,0.4077301658429077,0.2840514326608517,0.3924373995043603,0.027386791572497942,-0.44913630343942496
17150,1975-02-01,0.06899740249467995,0.24343901145516045,-0.2072574598558762,-0.16564778597592666,-0.45113152441204024,-0.38744470489985783,-0.020347973555679723,0.12228939532799947,0.12934921084468018,-0.44913630343942496
17150,1975-03-01,0.21238490912804392,0.23807085016459342,-0.12414335040852528,-0.14996889591568707,-0.1904407040870015,-0.18049705681101508,0.03988587565573628,0.09457783682996061,0.26729355827945483,-0.42470377494533385
17150,1975-04-01,-0.17328458001487673,-0.26814033371117346,0.22011802259119734,0.2963869393479629,-0.10983631466131877,-0.1311562369729462,0.07782548232348707,0.10399752630749987,0.0452107182894152,-0.42470377494533385
17150,1975-05-01,0.8439477186950384,0.8846340757819099,0.4800615655766073,0.5998817412118118,0.2107439191168875,0.2567318439056021,0.012627228541978478,0.06649402864617839,0.33548688922566117,-0.42470377494533385
17150,1975-06-01,0.9710817822308535,0.9622690204288425,0.5754857689604463,0.6772523217373373,0.24129639846309903,0.28667676970466405,0.17927764306160074,0.25872381135008493,0.6418382907470467,-0.42470377494533385
17150,1975-07-01,0.7903259412744915,0.8071024857038955,0.22184205377846444,0.17997311507205052,0.42768674785542715,0.5669568960451027,0.12965424235968442,0.19178466545316283,1.039487916508903,-0.42470377494533385
17150,1975-08-01,-0.26307398540253046,-0.21275914490415218,0.5423831947884047,0.5886654306992847,0.32058050548926165,0.4571787785904848,0.09467356154884632,0.13482762761595912,0.6813414065416374,-0.42470377494533385
17150,1975-09-01,-0.5712895209917628,-0.8328785664847762,0.42850546707488973,0.4313450837473899,0.30466273447194653,0.4104532101679045,0.021432136528195464,0.04770692137794782,0.062124576640689946,-0.42470377494533385
17150,1975-10-01,-0.8845365731055065,-0.8462136530525496,-0.045027680076555755,-0.021230860030661988,-0.22816831929855422,-0.2901216020652482,0.12408328531709911,0.19865910454217253,-1.2028304779090049,-0.42470377494533385
17150,1975-11-01,-0.34143862261925717,-0.3278577048457164,-0.5691095463666237,-0.5406806814753825,0.14681030055367764,0.21894482241576177,0.16805056312434533,0.2751240452027149,-0.8479263588471505,-0.42470377494533385
17150,1975-12-01,-0.9724287294499303,-0.8861153490041104,-1.3715893436570388,-1.2688595203673156,-0.47343088684208995,-0.38994841390716567,-0.203249740863812,-0.1263537893288932,-0.9374272858335407,-0.42470377494533385
17150,1976-01-01,-1.0427419512258012,-1.0083998887573016,-1.4498419849348527,-1.3705787054181824,-1.027533592885385,-0.9348148263063856,-0.9961714851692675,-0.9978192765433755,-1.0134076688237867,-0.41246312944140495
17150,1976-02-01,-1.7116430739284436,-1.6073782266683447,-1.5639686049038148,-1.4820590009812655,-1.6539935643714954,-1.5674922217692557,-0.9667408191938338,-0.9168081352626551,-1.4803412979293622,-0.41246312944140495
17150,1976-03-01,-1.6908633960728598,-1.5223188103357883,-1.9075386330640465,-1.7419816456224517,-2.099540355036571,-1.9398788595931884,-1.471548891897713,-1.3297387258828122,-1.697018881604641,-0.3888752642829679
17150,1976-04-01,0.8434440640031586,1.0433127846732222,-0.2092783056721799,-0.019811450583813287,-0.5393666400740383,-0.39660904874808023,-0.28438532632793134,-0.11540220284850945,-0.9804776000226766,-0.3888752642829679
17150,1976-05-01,1.3588841257847515,1.4788004346247914,-0.2891629793805781,-0.0739520181363055,-0.4418038935607129,-0.2621441877866862,-0.5818599761257136,-0.39984686907278544,0.2742001764456647,-0.3888752642829679
17150,1976-06-01,2.115513853107946,1.8301017641795705,0.18912613471582151,0.42617000328702126,-0.43363803818754226,-0.2099512502818194,-0.6301407586187001,-0.4265517672460225,1.54860092418531,-0.3888752642829679
17150,1976-07-01,-0.05845414893804888,0.11500076226493622,0.655696923271126,0.9043061195766471,-0.27070206414978726,-0.003408061404868478,-0.5757580918003407,-0.33422260100827517,1.5253755509504,-0.3888752642829679
17150,1976-08-01,1.2806426767298382,1.3972471311783385,1.6669867711358242,1.8158666981394267,0.10068882669784916,0.49174112799972747,-0.07430053345321064,0.2672538364852869,1.4843845784942549,-0.3888752642829679
17150,1976-09-01,1.0331006123578668,1.3212387155335141,2.0680442365582876,1.9780536645714621,0.4621578571471876,0.8765194923460226,-0.1425809323732662,0.23161104961856266,0.9551791380378135,-0.3888752642829679
17150,1976-10-01,1.53677025061911,1.4396756294173056,1.2345316486019495,1.440058815892355,1.2967035695500257,1.531159412877574,0.4596190239391768,0.836774640655799,1.5585949657197242,-0.3888752642829679
17150,1976-11-01,-0.1964085071852065,-0.17089983269829093,0.5279510122738478,0.7971562668418367,1.197228148514936,1.4779585920448561,0.026593895491164574,0.37107282666211616,1.0382682813550281,-0.3888752642829679
17150,1976-12-01,-0.028111897860518185,0.0017775824988557458,0.34529247800567303,0.5820589267602323,1.4748234306082577,1.5337800636280663,0.3598125894197382,0.66219566619042,0.5556955059279368,-0.3888752642829679
17150,1977-01-01,-1.444017794473928,-1.5609700966223723,-0.15113851475897708,-0.024326208473886977,-0.20746558872789023,-0.006684703733521859,0.39164370733083254,0.6304192874903594,-0.7697626271535886,-0.3763366085086758
17150,1977-02-01,-1.2694308331501867,-1.5024089327394043,-1.1452002754291901,-1.309402159012608,-0.6596184148779448,-0.6069852126261027,0.22201515158571677,0.3998441063496567,-1.139671619789489,-0.3763366085086758
17150,1977-03-01,-1.3028522731407142,-1.5317791660063278,-1.0476714766796935,-1.2486867657098963,-0.6612885321530967,-0.7027272881071803,0.4170326069860165,0.5380290176608034,-1.586752470046887,-0.35353924775488016
17150,1977-04-01,-1.1366783039932242,-1.3516170298046855,-1.82814082151583,-2.0007890466382294,-0.7238596274548452,-0.7866433529039316,-0.7814297733415119,-0.754716177312918,-1.5635664565983305,-0.35353924775488016
17150,1977-05-01,-1.2245146834074612,-1.3327601854699,-1.7562725795145624,-1.914594158497124,-1.547053720991375,-1.7332127596287887,-1.0580297555454854,-1.0730974218519813,-1.65804766174076,-0.35353924775488016
17150,1977-06-01,-1.8161992283944046,-1.7658512808515536,-2.1402353596878267,-2.198321469097069,-1.6606394118856225,-1.8483720907404997,-1.2253521920140988,-1.30048167356484,-1.8402693367668437,-0.35353924775488016
17150,1977-07-01,-2.164756604651658,-1.761919352833109,-2.3090924448920864,-2.0945347268749197,-2.426632564915014,-2.496880386571359,-1.2814189775603002,-1.3730650420663408,-2.2769213706169316,-0.35353924775488016
17150,1977-08-01,-1.2979001711598699,-1.2366184077752225,-1.8760119596688343,-1.880071900616035,-2.121506091480797,-2.2037188216059485,-1.9431243798067963,-2.085721760106054,-2.0898010839601886,-0.35353924775488016
17150,1977-09-01,2.070493424734036,2.0175831354635605,0.8466626212975383,0.9127599987057486,-0.4411098727215059,-0.5786518008668315,-0.48586818226039513,-0.5777395824817061,0.4893541873224963,-0.35353924775488016
17150,1977-10-01,1.597714293172081,1.4521875424739596,0.6849097142126133,0.8516424144318298,-0.2391834360009891,-0.25149695822675894,-1.1792667880691243,-1.3060198815723432,1.6045939938581393,-0.35353924775488016
17150,1977-11-01,2.079176593897856,1.965791173381388,1.4855345972174925,1.5188399523800875,0.5087326300329221,0.7282508775043035,-0.36451567089088727,-0.4101012870859715,2.08040007549228,-0.35353924775488016
17150,1977-12-01,0.27745340519003614,0.4117125666350359,1.464672446277662,1.5303552356761783,0.6879424897722018,0.8187116590633802,-0.22004244985830687,-0.2347253133254301,1.4766292170706954,-0.35353924775488016
17150,1978-01-01,1.623510291598154,1.6797741635593535,2.228022316963317,2.055842032849272,1.6226759834776412,1.6198157679272618,0.8958170711866814,0.9460092979930428,1.4609750112940323,-0.3406948270877956
17150,1978-02-01,1.8437871948394875,1.8129565811182107,2.530911582066546,2.2194826514924455,2.3204402714065373,2.080967926080245,1.4728137939341586,1.4080949015962516,1.397337147758948,-0.3406948270877956
17150,1978-03-01,3.180281919195297,2.6959266875621926,2.9996602643523564,2.5405254404300006,3.4474686467699396,2.794400619792665,2.8252846616495555,2.3985353637149425,2.691817313287494,-0.31863936396437503
17150,1978-04-01,3.2945523256214684,2.671950070702508,3.2970202721585364,2.8075062354261244,3.502320334488611,2.8415789958572115,3.1092932971352796,2.5864571009826327,3.0526565237535044,-0.31863936396437503
17150,1978-05-01,3.290443402113591,2.5634733114350428,3.114844060193813,2.566214238687218,3.4778586908128224,2.744476849046763,3.3853693039074355,2.6396964303024606,3.1566224761716315,-0.31863936396437503
17150,1978-06-01,0.4117897770319029,0.48831313340125704,3.175626629202714,2.708196441268286,2.937193265843912,2.501672021847126,3.2530771633311386,2.590625341868211,2.5884826976002273,-0.31863936396437503
17150,1978-07-01,-0.23654502281477113,-0.2474485706596024,2.889260331399841,2.5449930898820172,3.095588457004386,2.6860731466152865,3.2243278126341424,2.5986956382571655,1.903147714383735,-0.31863936396437503
17150,1978-08-01,0.5124858824729186,0.6950955454938299,3.094393994703345,2.5792265432615924,3.1456948423348705,2.695584737743778,3.39054180327119,2.7621842207190856,0.21236392759242562,-0.31863936396437503
17150,1978-09-01,2.1774331806915437,2.14247978758045,1.8355489155783886,1.7853825211857204,3.6967323595157806,3.0750652732255017,3.4146128599323315,2.8099684058202397,1.3252442587221782,-0.31863936396437503
17150,1978-10-01,2.102118138017112,1.728921911714808,1.7514070338749028,1.7785037328967972,3.2057940542116463,2.6496733799105368,3.288366396928622,2.749587424491054,2.023595659580777,-0.31863936396437503
17150,1978-11-01,1.6795454788311386,1.73097351259532,1.6071511711335935,1.7032742317311236,3.343437219439563,2.7276741076041007,3.047128833240318,2.5539190335949318,2.17906912164136,-0.31863936396437503
17150,1978-12-01,-0.7360158971303873,-0.7596121070689142,0.9173611621879721,1.1403447909439266,0.9183433616599718,1.0761092429140684,2.7385458604227195,2.323699054627472,1.283033786572714,-0.31863936396437503
17150,1979-01-01,-0.5362933057047031,-0.6383611633299331,1.0816675809635405,1.2265785680906776,0.9061866653514037,1.0578041568443097,2.2629824235133467,1.8774208534987837,0.1355327588552988,-0.3054807880993975
17150,1979-02-01,-0.5996519331989548,-0.8064758302765911,0.5462650293224215,0.6616724384792168,0.5787039770008646,0.7618106412789845,2.1461040863034655,1.8388063558963132,-0.7285941656433387,-0.3054807880993975
17150,1979-03-01,-0.09026879316790624,-0.29515486696143667,-0.6394864326550188,-0.8115687615775374,0.4417105787090816,0.567220458783832,0.5182944354141281,0.5929704881962086,-0.4990261740891377,-0.28412343330913115
17150,1979-04-01,-0.5676960955373711,-0.786404802080863,-0.7888529169861925,-1.0113977692031415,0.524490670483522,0.6576401175678243,0.40397372868034764,0.4982658535135419,-0.5103504006508003,-0.28412343330913115
17150,1979-05-01,-0.46328275790737067,-0.5554149339569174,-0.764370294968308,-0.9954887195292219,0.23227060759333049,0.30847014407475437,0.26377782872725525,0.39636068375616357,-0.4436119826492829,-0.28412343330913115
17150,1979-06-01,0.15998069351785763,0.2364848948527844,-0.1073478723751442,-0.247588950723317,-0.5966973349691953,-0.7409164758727953,0.4214993637005076,0.561619892719113,-0.39851999631588847,-0.28412343330913115
17150,1979-07-01,-0.05845414893804888,-0.060673106664581186,-0.5882026227331684,-0.7746216747841974,-0.8191498293280193,-1.0162941424141618,0.45844145512983137,0.6137004258390168,-0.199762629623009,-0.28412343330913115
17150,1979-08-01,0.02076648461257913,0.06652451768920471,-0.5372861820926644,-0.6105588705845119,-0.8304536428675627,-1.0466624435120355,0.17330487983523915,0.2522435489455581,-0.024405765466757663,-0.28412343330913115
17150,1979-09-01,-0.10625902826076807,-0.1687733883942228,-0.125082110034535,-0.06776624277381961,-0.27294415675624534,-0.39408547975216174,-0.7078309960922174,-0.8312494185851335,-0.21102197597134312,-0.28412343330913115
17150,1979-10-01,-0.2435213448406305,-0.12765415660184984,-0.35723005301448096,-0.3472302672371785,-0.7345738109857636,-0.8922460158164435,-0.9234010206447647,-1.1062722284871946,-0.3922716307919591,-0.28412343330913115
17150,1979-11-01,0.23032451665853418,0.27700088434822434,0.11215843592022354,0.17587980039050993,-0.2905386214334754,-0.2743736454190367,-0.6210565686003452,-0.819331583434741,-0.07209758865944833,-0.28412343330913115
17150,1979-12-01,0.29001687078251454,0.33821592515566506,0.0034670328933601026,0.06855389138192922,0.031910239376215004,0.09921883647573346,-0.0727490484001937,-0.13992777680664978,0.12034941872195938,-0.28412343330913115
17150,1980-01-01,0.9855152418699769,1.1204614522805674,0.6686721052420023,0.7830191090057002,0.576365792744668,0.6871034802540231,0.2632572902261739,0.2988539107638553,0.6333640387843718,-0.2706416397758346
17150,1980-02-01,0.20403223895204478,0.3313491225322943,0.24306804767593923,0.35994572171819583,0.1295541615081108,0.2611996450074688,-0.05096384325654604,0.018918264382365543,0.5336035003368247,-0.2706416397758346
17150,1980-03-01,2.201902518510969,2.1445843597530554,1.9975520764810553,1.9461525334307945,1.8024452860687634,1.8389933756588779,1.658676547171223,1.6563017451449276,1.4143595821649648,-0.24994280625282178
17150,1980-04-01,2.3284305379106165,2.1782789648969465,2.177464891051292,2.172635850126833,1.8787673639945381,1.9084788825145247,1.7745694769728397,1.7809473347162976,1.8686359258535061,-0.24994280625282178
17150,1980-05-01,3.078755275813411,2.497143006278581,2.0769411855070405,2.0103556160791594,1.9075819506334595,1.892215744266612,1.850044606330355,1.815164899750791,2.54887382464603,-0.24994280625282178
17150,1980-06-01,1.441695311745085,1.4125542852161859,2.560593953780549,2.413587961860168,2.3406212326971954,2.196648288154014,2.09601856748765,1.99904405759031,2.374270358426462,-0.24994280625282178
17150,1980-07-01,1.7509168756102955,1.7195057654801456,2.667648567081762,2.4751934870977492,2.5678137091076967,2.439164232391226,2.2180355076576657,2.0922717652267453,2.416155195720853,-0.24994280625282178
17150,1980-08-01,1.519546385685513,1.4692680460387675,3.2509869680440584,2.6776127334623885,2.3800397069769255,2.2962564509930843,2.1499799786957055,2.09924730737456,1.8041924878410525,-0.24994280625282178
17150,1980-09-01,0.2728650474550559,0.43413878470615347,1.139600919237572,1.2777841275334818,2.4449984010534687,2.433936693129713,2.2123469753507683,2.170913209985926,1.4243857028411697,-0.24994280625282178
17150,1980-10-01,-1.4213584840021547,-1.2770436376440026,0.6100798500063479,0.7877815932482197,1.9603489531947011,1.954536152445759,1.9828837023109755,2.0094815808474475,0.31348543887324487,-0.24994280625282178
17150,1980-11-01,0.14791574482553158,0.16014906452307023,0.9662910849499867,1.0775248724197943,2.81803047754813,2.4616011216998057,2.0528295766846494,2.0004954821122705,-0.30969936200624865,-0.24994280625282178
17150,1980-12-01,0.688364308714677,0.7040421286203344,0.562784453035745,0.6689962404612882,1.1962348655072723,1.2537887884556524,2.1778036811739985,2.0254734493223427,0.11362657358000242,-0.24994280625282178
17150,1981-01-01,1.4976706466173604,1.5582207090288116,0.8604043341378153,0.9497552895998045,1.4865069900378456,1.5110467564803578,2.05531266357905,1.781287417646858,0.9888180431866959,-0.23612801801200567
17150,1981-02-01,0.5899913235998062,0.7393470699268955,0.5123198376509649,0.6226023471029201,0.9628307891654783,1.1087576604327385,2.2276903110223256,1.8997026069466487,0.9996446249326686,-0.23612801801200567
17150,1981-03-01,0.25320403282557796,0.25263980289184657,0.49859040386066217,0.522139320695622,0.4344228379123188,0.5331845159031635,0.9295082396093731,1.018632897949359,0.830073918461039,-0.21605180249725836
17150,1981-04-01,-1.7650090663463187,-1.7960343591019257,0.3565946478930064,0.4076662070280782,-0.0625100853764598,-0.058817090016009606,0.5532869214631557,0.6584184308694049,-0.08149499987791442,-0.21605180249725836
17150,1981-05-01,-0.3045138459930282,-0.2853305210570454,0.27780890639351646,0.3860982359753321,0.26083176743548925,0.36422131618103937,0.6343856559685731,0.7925557871917762,-0.5407126959221596,-0.21605180249725836
17150,1981-06-01,-0.6929797592137377,-0.6120136483711053,-0.157377521642328,-0.15742919992233959,0.18868833915428984,0.22702743995386424,0.157958373281615,0.26521624369570745,-1.2323748325828316,-0.21605180249725836
17150,1981-07-01,0.4166138145576109,0.5436784305097007,-1.1497153460717549,-1.160767579935479,0.42025624664081246,0.5584030983503998,0.041840958343560254,0.14897050099948525,-0.2876794299031548,-0.21605180249725836
17150,1981-08-01,0.2064215583648706,0.33645029477980054,-0.2990875889454936,-0.21860231693660753,0.23220706434707628,0.3868198328040829,0.24363526738230906,0.3783420112328041,-0.13965152770126585,-0.21605180249725836
17150,1981-09-01,0.7066245855634886,0.8771795148952468,-0.19406394599497925,-0.05342085945737901,-0.010388984112416214,0.10584582118368589,0.28709387722105884,0.4037799842985242,0.5309898344272767,-0.21605180249725836
17150,1981-10-01,0.3795333371186124,0.4464932298281872,0.4272944937543199,0.5321986663003896,-0.788395510205189,-0.8664889735391108,0.4531557349347988,0.5534081082344224,0.5045929112323367,-0.21605180249725836
17150,1981-11-01,0.21395198229064516,0.25175899457483636,0.18712257266935703,0.2939571606442434,-0.14380921237223418,-0.022658126871175622,0.31717093513739303,0.45691292021196406,0.479539633837854,-0.21605180249725836
17150,1981-12-01,2.2849586648434395,1.9476844361421204,2.435021259453251,2.1387952535179897,1.8426323481631297,1.6934521617312153,1.4243708336002965,1.4584853355424938,1.4262651387015537,-0.21605180249725836
17150,1982-01-01,2.100683805646841,2.0212026546627917,1.8942870308841306,1.760600449231874,1.8378481358149834,1.733208443493974,0.9273428355222296,0.9524376355739778,1.9431042684826054,-0.20189347914185088
17150,1982-02-01,1.4896368103460236,1.5281173186827133,1.2983926451077208,1.3288137351238747,1.2490890144152702,1.311629897119794,0.903895575620676,0.9529965797799229,2.132246552648673,-0.20189347914185088
17150,1982-03-01,-1.3595001898161303,-1.3465914781627604,0.9669982358229303,1.0559931950806196,1.0165516008488262,1.1604231267357452,0.7274763029211916,0.8281579869339774,0.9654561741093205,-0.182407222834474
17150,1982-04-01,-0.657368521703882,-0.5831816237108708,1.1947309557542,1.3626712114282986,1.1514248187493812,1.2781503838242334,1.187089502218699,1.2902694021658552,0.030839148810655394,-0.182407222834474
17150,1982-05-01,0.34646735814089147,0.5691221073692048,1.2563061716725152,1.3609802472831922,1.1500632454083513,1.270670722456254,1.1047778373933932,1.2240181738753697,-0.7837614503300642,-0.182407222834474
17150,1982-06-01,0.6677909430028487,0.7897188927413049,-0.7581954259793893,-0.7359594681311276,1.090194811687943,1.2224777257362178,1.1225794230307737,1.2625720585025137,0.13271210679221007,-0.182407222834474
17150,1982-07-01,0.5670471429531533,0.7633969521703958,-0.27613533873858587,-0.08680287671159159,1.2570475034229474,1.485170005019335,1.215416356795031,1.3679703333653557,0.6248550983970572,-0.182407222834474
17150,1982-08-01,-0.1873639752937289,0.13989717838791327,0.09886685789693474,0.4184459283913373,1.1212172616218712,1.3436531305773305,1.039313307154248,1.239402352972829,0.44300034329277144,-0.182407222834474
17150,1982-09-01,-0.007863014483503777,0.07428680419683907,0.3577136750948266,0.5386577314571479,-0.8683053869499591,-0.7957401861931158,0.9445911989651055,1.1481513979420763,0.12787902435303986,-0.182407222834474
17150,1982-10-01,-0.4341102438564681,-0.33188069848744856,-0.01276131271841429,0.17715288319409783,-0.5423616524597106,-0.3631483668508375,0.9604949942859773,1.176760207954547,-0.5707583955502592,-0.182407222834474
17150,1982-11-01,-1.9256251112880411,-1.8366296992761826,-2.241659328645615,-1.8494936694768453,-1.108758654832097,-0.9576318787557222,0.4262361888734727,0.6288667455829291,-1.5940446015091412,-0.182407222834474
17150,1982-12-01,-0.6989260548439259,-0.7596121070689131,-0.8915431695123894,-0.8323435332557367,-0.36384654126552074,-0.2151880531560036,-1.3362365659274325,-1.2162565199283557,-1.3901743345846405,-0.182407222834474
17150,1983-01-01,-1.0967502546469214,-1.1712855685988819,-1.3312688681452804,-1.3503763019195651,-1.0529302212913287,-0.9424375493019771,-1.551434907327445,-1.2796323269481884,-1.4833420219622475,-0.1678940047881056
17150,1983-02-01,-0.34612702862328326,-0.31918604540240014,-1.2812400066268221,-1.3401933579813543,-1.3787095750584333,-1.3329091036749303,-1.0625185518152958,-0.9122397061346935,-0.8446638555259439,-0.1678940047881056
17150,1983-03-01,-1.247658143212762,-1.2748835152019766,-1.4733054905006047,-1.5122698950994857,-1.5241391582253214,-1.5213753571963697,-1.149594168639671,-1.05923980629323,-1.036335851095663,-0.14896791903016518
17150,1983-04-01,-1.1587870507019125,-1.260389116930254,-1.5502448854696849,-1.6599025541853758,-1.7407635076668837,-1.8041549929449423,-1.504632245363213,-1.4446073193043465,-1.0717053881678393,-0.14896791903016518
17150,1983-05-01,-1.310681712954037,-1.6038361581936558,-0.9298086053199583,-1.0616525018055154,-1.7095009407116764,-1.8540730364120548,-1.7548791784703104,-1.7852178189283168,-1.6682001223623062,-0.14896791903016518
17150,1983-06-01,-0.5339251720988081,-0.5946724181485867,-1.459109835200322,-1.5297502709639779,-1.671475666751194,-1.7500964605831508,-1.7414665827479694,-1.7713739549296164,-1.3888410685561945,-0.14896791903016518
17150,1983-07-01,0.5670471429531533,0.5789261047825068,-0.6334350013116826,-0.7337753341764081,-1.2559647555752498,-1.3784108674341815,-1.490816123984326,-1.5860645950139223,-0.6027128026120808,-0.14896791903016518
17150,1983-08-01,0.8088239630934311,0.9291988152384091,-0.6273755727237867,-0.6809292302505677,-0.6790110073744697,-0.7181675365944051,-1.4669906637637262,-1.555761415322996,0.2323344531646074,-0.14896791903016518
17150,1983-09-01,0.64886039857706,0.7955657952371445,-0.14215925267792204,-0.11118623639329657,-1.1751255206982256,-1.2431027603277356,-1.4375327461203822,-1.4886249881066351,0.7966910193083083,-0.14896791903016518
17150,1983-10-01,-0.46361991687083637,-0.16727049997620733,-0.028840747880749605,0.11853831013972413,-0.8855052250693158,-0.8750655573073914,-1.455732855180997,-1.4705045983786977,0.32473419689588434,-0.14896791903016518
17150,1983-11-01,0.21395198229064516,0.355135861355276,0.5279510122738478,0.7527608957425836,-0.3599021767046376,-0.26034474362871035,-0.4897071499240159,-0.4544022082136573,0.13216680902603867,-0.14896791903016518
17150,1983-12-01,0.18793323913837226,0.29047516339184,0.2743110386592232,0.4466668278242486,-0.06568369303585854,0.031184443120749118,-0.9316322250917927,-0.9142190125522028,0.003903833236484067,-0.14896791903016518
17150,1984-01-01,-0.0034402330778784368,-0.03831751471490282,-0.3117455094397642,-0.26625096854570496,-0.08528323067493114,-0.013391334206501876,-0.613470589831798,-0.6382325915531152,0.14085805011913752,-0.13408756399198823
17150,1984-02-01,-0.3214727058315962,-0.4411829861077463,-0.17872783857280974,-0.17456325931785738,-0.012229804836050148,0.09529215313637567,-0.46956973458975165,-0.4884887326211037,-0.09058283511823999,-0.13408756399198823
17150,1984-03-01,0.08648556638959758,0.0057961499393087475,0.036513805780709,0.043190561830289576,0.12710710315015428,0.20690045910478935,-0.08604014325840947,-0.09225488023593009,-0.1194143420461439,-0.11569440979028699
17150,1984-04-01,0.798104642036052,0.927336660194317,0.4432915866875381,0.5466093266301238,0.19046997929842777,0.32203964603437235,0.3174274897971442,0.43454797487202906,0.18094838371300104,-0.11569440979028699
17150,1984-05-01,0.45229171003744895,0.613848159042486,-0.031415969863336016,-0.04816935167685932,0.02768205397990986,0.08939403846532373,0.15615546447498446,0.2867623235255468,0.501228740359911,-0.11569440979028699
17150,1984-06-01,0.17968347310831514,0.3131757009409628,0.058019776746083995,0.06237894382704863,0.03564432701730181,0.10117512481836036,0.1365465501534061,0.2668371551369294,0.6418382907470481,-0.11569440979028699
17150,1984-07-01,-0.7596220933539278,-0.7369890433736347,0.3577219664627407,0.4460351559077118,0.1700542996880149,0.26686915691757507,-0.04017434918876991,0.1003362463276946,0.07400868816699208,-0.11569440979028699
17150,1984-08-01,0.1466575044575904,0.4530720437948322,0.33461316798964097,0.6139077403621709,-0.0863539726684162,0.0010685930224472134,-4.8965079730716214e-05,0.14347301890985137,-0.22615126835018867,-0.11569440979028699
17150,1984-09-01,0.19485821936199285,0.31901399390897817,0.05593981442923204,0.22627587881821493,-0.019483497958014396,0.06992220410209013,-0.022829286245858012,0.10231826726845034,-0.371797549515396,-0.11569440979028699
17150,1984-10-01,-0.8432530615134357,-0.8011231718785615,-1.3715297160331905,-1.308133996514797,-0.08874990753724002,-0.022643690520680805,-0.11290005643163963,-0.08157281271448018,-0.47941049486874193,-0.11569440979028699
17150,1984-11-01,-0.7455907749002788,-0.8904414284542244,-0.7386008012571825,-0.6725046157941049,-0.25625433664100317,-0.1086120293137622,-0.39086080160116804,-0.42481860911771213,-0.8335758314898573,-0.11569440979028699
17150,1984-12-01,-1.600580630685147,-1.688683437608301,-1.4648958500812808,-1.3922877043139303,-1.1771751663661851,-1.0600301378489958,-0.7982317020022337,-0.8314855748286403,-1.4009205705426457,-0.11569440979028699
17150,1985-01-01,-0.39952626042184336,-0.5068435156905663,-0.8101325771889364,-0.9077369440353322,-1.1693823693697207,-1.2391109232493585,-0.27801308368150507,-0.2688287262921487,-0.9919442696959396,-0.10043372051146988
17150,1985-02-01,-0.6783453133295959,-0.6745107862175195,-1.0014921222221358,-1.0863382166534954,-1.0217056646377942,-0.9827417215549027,-0.6414417417869063,-0.5336899821341953,-0.9123704400174794,-0.10043372051146988
17150,1985-03-01,0.15010038820420593,0.1914608372479455,-0.7945598868759263,-0.8480137730243541,-0.8162320522339591,-0.8114022991009959,-0.7375101074765702,-0.6765431716361362,-0.3704594660252512,-0.08254853290411258
17150,1985-04-01,-1.3920052035932202,-1.3266756574099148,-1.0780092237430483,-1.198430924714458,-1.396424421826242,-1.4899639967349887,-1.709333976829944,-1.6911383287210677,-0.6484984178613599,-0.08254853290411258
17150,1985-05-01,-0.7903286744752713,-1.0414559387909692,-0.998190149527104,-1.1157375599811374,-1.2404735817108243,-1.4324882336325142,-1.2351941976228247,-1.299348492341116,-0.6781156266871814,-0.08254853290411258
17150,1985-06-01,-1.2847210621351368,-1.5711670879279551,-0.46161761422694453,-0.581587027099949,-1.2663895333492368,-1.4214324416653334,-1.2642785407147605,-1.358093556418102,-1.580056952251435,-0.08254853290411258
17150,1985-07-01,-0.4151834908300685,-0.46539893815426836,-1.5253651767524103,-1.4211869415315632,-1.2165708751884803,-1.3399586136071222,-1.5780449612121992,-1.6793090241360005,-1.150045289369587,-0.08254853290411258
17150,1985-08-01,-1.3829158077234949,-1.0145967066547925,-1.434716685227627,-1.5510684008608369,-1.3682934194473955,-1.4390981382839194,-1.6075767206348077,-1.7438141831037028,-1.211745297675316,-0.08254853290411258
17150,1985-09-01,-1.7568266072519054,-1.146567031248026,-2.113023109379492,-1.8209183972468388,-0.8570101960113156,-0.9590064131495915,-1.565359906630711,-1.6565225462478395,-1.5093413187070426,-0.08254853290411258
17150,1985-10-01,-2.194187376173178,-1.3648267863592543,-1.6071447839233068,-1.347961676322406,-2.4625447014887407,-1.962035487544732,-1.7342649055297916,-1.7147201380807928,-2.884286620208954,-0.08254853290411258
17150,1985-11-01,-0.30475587665152387,-0.20679528257696989,-0.9174540230754651,-0.7616335511951623,-1.2359155071413377,-1.2954697547772747,-1.5468948094954282,-1.5334886542601582,-1.2530528714591274,-0.08254853290411258
17150,1985-12-01,-0.5218562960471813,-0.5418680337525023,-1.140439696872213,-1.071326097846496,-1.8595176466433707,-1.8109819465376993,-1.1877359371432217,-1.2441379784860214,-0.853603852348822,-0.08254853290411258
17150,1986-01-01,0.27240838768542847,0.20331691337288293,-0.3662647888484192,-0.40029323554458457,-0.5628587817737861,-0.6181583068176926,-1.4228385638445036,-1.4819218071891689,-0.15822739836001223,-0.06689327519370958
17150,1986-02-01,0.368173595142477,0.3415372362181188,0.09955060044611698,0.10971181103634262,-0.265691318317366,-0.24664250449667868,-0.540725105745708,-0.6280124787508445,0.07543159474076733,-0.06689327519370958
17150,1986-03-01,0.4112580402243808,0.3572618627986072,-0.0984395352026055,-0.1662003535990854,-0.42471141691073044,-0.4788325224404563,-0.8545261277941958,-0.99450345385056,0.3679545044233358,-0.04949312519186322
17150,1986-04-01,-0.48087020111326634,-0.6606931876977938,-0.12254774260195238,-0.2924665111519513,-0.6000961717840538,-0.7521842056679094,-0.7725462182619379,-0.9195008807691175,0.1763614468094379,-0.04949312519186322
17150,1986-05-01,-3.0777377961254215,-2.7770470807551284,-0.679122523592015,-0.8760954105729526,-0.7566034578054721,-0.8914135804712177,-1.0580297555454854,-1.1548420655372875,-0.590561082761582,-0.04949312519186322
17150,1986-06-01,-1.6797433402529822,-1.7180640174536534,-0.2906629828278913,-0.4544610406934229,-0.6492592057822242,-0.7999591160485328,-0.9444879606926291,-1.0632555187545174,-1.9123567497686464,-0.04949312519186322
17150,1986-07-01,-1.200743495796349,-1.0733803109868476,-1.0951902115806413,-1.211584224909343,-0.4908296036748922,-0.6817162333260627,-0.9594321700456555,-1.1093861542385766,-2.6619600060963666,-0.04949312519186322
17150,1986-08-01,-0.5153928045775579,-0.660321832426477,-3.0525639651558323,-2.6800117543514466,-0.8926001839835834,-1.1380993336650205,-0.943592765007793,-1.1325072422804003,-1.499144501898154,-0.04949312519186322
17150,1986-09-01,-1.7568266072519054,-1.8792795900654302,-2.636589054316669,-2.1614338082793347,-0.6808223489331656,-0.9564915344539225,-0.9483709197937722,-1.16510370115464,-1.7697427780008945,-0.04949312519186322
17150,1986-10-01,-1.1179712474865104,-1.277043637644001,-2.0697320299357633,-1.8273711656854361,-1.6318357370916803,-1.7305391217470063,-0.8153373833885464,-1.0687750847041049,-1.8424706660667969,-0.04949312519186322
17150,1986-11-01,-1.8192313352699512,-1.657148788692852,-2.3772483527996022,-2.104690028457764,-3.4563862451967657,-3.212181981356505,-1.9750173684106263,-2.0959916526939906,-2.4495763784673423,-0.04949312519186322
17150,1986-12-01,-0.9724287294499303,-0.8265878259593689,-1.5804754272179955,-1.4783454086217434,-2.6537395863953814,-2.2772749692886993,-1.2945949075021714,-1.4224692807756516,-1.7034795147179118,-0.04949312519186322
17150,1987-01-01,0.3845646924928849,0.5386717247664383,-0.13004728613074487,-0.06716490190769088,-0.5741195875583013,-0.5268575448444728,-0.7427121472408846,-0.8248600687348971,-0.676290508559125,-0.03342793483025538
17150,1987-02-01,0.6925919267734005,0.8106139075029628,-0.26471980895967423,-0.20811370167658844,-0.4980912812724662,-0.4902948191383666,-1.4220286260529817,-1.5031583087680536,0.15161316938501143,-0.03342793483025538
17150,1987-03-01,0.4016116246040058,0.4780814909287724,-0.3167390553407764,-0.20082979444571275,-0.6433758974331393,-0.6128265678221476,-1.1894978038960313,-1.1518269437786754,0.5245350824672548,-0.01649172302185786
17150,1987-04-01,-1.3676055106517018,-1.2232465800990258,-0.42299421148788524,-0.31609557027342683,-0.796025351510106,-0.7602897519659461,-1.1909154159556308,-1.1147063265352615,0.11145017390711777,-0.01649172302185786
17150,1987-05-01,-1.1416199278631805,-0.8827702031731952,0.048066757482384266,0.2202025145180991,-0.7040522137493558,-0.6045007570870402,-0.8863582426385015,-0.8209340180873116,-0.5905610827615811,-0.01649172302185786
17150,1987-06-01,-0.6929797592137377,-0.5149843860786928,-0.009216225481187753,0.110521357523574,-0.6141591912759393,-0.46828440797604665,-0.90841327441823,-0.8309846918939097,-1.5021383899470955,-0.01649172302185786
17150,1987-07-01,-0.24479104178020805,-0.23323645518307054,-1.3802608193439707,-1.2147605040124119,-0.5341218691971167,-0.4160143392485344,-0.8944281129715157,-0.8269722883291214,-1.0068854954322657,-0.01649172302185786
17150,1987-08-01,-0.4702797321931883,-0.36043611957414035,-1.4097692847357215,-1.1184734017155482,-0.15628508613067374,0.02178884704498278,-0.8795278413445753,-0.7769727595741818,-0.6713349168793196,-0.01649172302185786
17150,1987-09-01,-1.1866709883990723,-1.292217452552284,-1.3365538621903705,-1.1210459725805941,-0.36108371169602305,-0.2826398105748614,-0.8871794108685538,-0.7730218372197794,-0.9234827408603122,-0.01649172302185786
17150,1987-10-01,-0.691351927011061,-0.4890794911071112,-0.8109468597967074,-0.7235620731914106,-1.7333968336283379,-1.4715987034030262,-0.7712425892438654,-0.6521579515328767,-1.4158488592134002,-0.01649172302185786
17150,1987-11-01,0.19752531457805286,0.3091861610374721,-0.12225243204909614,0.014570412620624553,-0.826728947609716,-0.5915127203997907,-0.027250755825023742,0.17698636746776533,-0.47552259425806825,-0.01649172302185786
17150,1987-12-01,1.0516738574599327,1.1645620613896486,0.5961761882725106,0.7769387263464353,0.16840132176861766,0.3744302109356265,0.36659472841679647,0.5795095092083117,0.4499449925244374,-0.01649172302185786
17150,1988-01-01,0.29496625602387977,0.3858724099765984,-0.10902985292407863,-0.007759559553666814,-0.23856118434967075,-0.13595928616391836,-0.9112348807567249,-0.7581399957446062,0.6473138717191416,-1.3914582123358836e-16
17150,1988-02-01,-0.3709033265220717,-0.3665727143139699,-0.22635144895479842,-0.14785736578104489,-0.45113152441204024,-0.35913511414581073,-0.8641229121740399,-0.6771868177633561,0.3511251201433402,-1.3914582123358836e-16
17150,1988-03-01,-0.35299904187302356,-0.45442978944693324,0.35156827877309543,0.47739575297438147,0.04946710764515675,0.15796258824283815,-0.20813933259843234,-0.11424527472592033,-0.19100526100470355,0.01649172302185786
17150,1988-04-01,0.28259863546759373,0.3586196245162578,0.31677420804897344,0.43965886279603145,0.01543089981416816,0.13045981218491945,-0.1038212072837681,-0.009712992636501588,-0.22882144394387433,0.01649172302185786
17150,1988-05-01,0.18869894354322003,0.3061109682313926,-0.22315121735798846,-0.18971564986418488,-0.13920266466245462,-0.05086419293657816,-0.32311709683844536,-0.2282570557961684,-0.004487894083484699,0.01649172302185786
17150,1988-06-01,-0.8341794928971893,-0.8151702042445539,-0.8061643520170286,-0.9151645070890185,0.00453114255682089,0.11939711875829354,-0.258235081721418,-0.16824111829021768,-0.0020911740229387584,0.01649172302185786
17150,1988-07-01,-1.0442217042622137,-1.1112880121130457,-0.24929933476384952,-0.31741334877742283,-0.018390631147269736,0.04168138252029415,-0.2797770588144432,-0.205842955440306,-0.5916259916923132,0.01649172302185786
17150,1988-08-01,-0.3426138072776161,-0.49184378814054064,-0.10906337534149615,-0.11394579332296674,-0.4005995870016989,-0.43022682258968803,-0.2734274864839157,-0.2422621046142982,-1.0270477809464758,0.01649172302185786
17150,1988-09-01,-0.9804255732538497,-1.3196535578872006,-1.4250987442698402,-1.3596368664992522,-1.150559831503755,-1.315851694220035,-0.25722225373540797,-0.193475173980053,-1.401468482615495,0.01649172302185786
17150,1988-10-01,-0.9273873063920821,-0.774694091568548,-1.7198126651108203,-1.5980359122619412,-0.6949539575568743,-0.7361660191040362,-0.30984023628928226,-0.29031906974769894,-1.4439256523789386,0.01649172302185786
17150,1988-11-01,0.9176502987800709,1.132762259967894,0.6087643147270155,0.7945718342616078,0.4600320238152553,0.7180764314226147,0.12408923658151283,0.28186731549928457,-0.0017448886165411306,0.01649172302185786
17150,1988-12-01,1.2242334360199476,1.335250784898519,0.8127511131771968,1.0028242014933797,0.31989265560336544,0.49225162041730103,-0.025459743496049896,0.09639536364396366,0.7826905781988462,0.01649172302185786
17150,1989-01-01,0.5389950089607799,0.8028579290941331,0.05653167463844098,0.29816779702508334,-0.33323627858314075,-0.16134078714495498,-0.028353313576194392,0.15223257044933144,1.0310274336679044,0.03342793483025524
17150,1989-02-01,-1.3758520877014797,-1.3973187373643272,-0.48021679673496503,-0.29389344299638637,-0.6692116431940244,-0.5342571856902891,-0.46956973458975165,-0.30791236823817975,0.20895620463501116,0.03342793483025524
17150,1989-03-01,-2.497353400981324,-2.1008621191252312,-0.4341416650285251,-0.33065920384457964,-0.7154186274870262,-0.6679502923146745,-1.0325025310286815,-0.9612446825068,-0.9877838178948387,0.04949312519186336
17150,1989-04-01,-2.67268578037833,-2.4948112551841355,-0.664155606559757,-0.7092001772595499,-1.0002982804313463,-1.0281734606268,-1.3702180746535242,-1.375130487344772,-2.431876070995041,0.04949312519186336
17150,1989-05-01,-1.340189272333519,-1.672383337886539,-1.9198011519714808,-1.9709127167634657,-0.964006432952763,-0.9567737932582552,-1.101788292357866,-1.1168162649617526,-2.8721014548388184,0.04949312519186336
17150,1989-06-01,-0.7766687933511293,-0.7967501504879237,-2.524633311258235,-2.299135738303289,-0.7560075740454208,-0.6921458423362927,-1.008363054645924,-0.9820821803358436,-2.2171289825619187,0.04949312519186336
17150,1989-07-01,0.0178141628973672,0.20710119461234652,-2.0782506571761585,-1.878071682153259,-0.674867003277016,-0.6213400806539798,-1.006528691487784,-0.9308998493955323,-1.0068854954322664,0.04949312519186336
17150,1989-08-01,0.1466575044575904,0.37071079492915476,-1.1735643411463486,-1.256047074235112,-1.8437999575878163,-1.8218877033895926,-0.990004159010475,-0.9164559813075944,-0.3833047824576688,0.04949312519186336
17150,1989-09-01,-0.5187551108615964,-0.5651478927858711,-1.1704243809632189,-1.0591986245182987,-2.729880521903781,-2.471334563166707,-0.9483709197937722,-0.8681512223892232,-0.2579076508075779,0.04949312519186336
17150,1989-10-01,0.27207993739917125,0.49047440935240955,0.09693359789715054,0.35732498206887636,-1.554089035462259,-1.4959644061972959,-0.5749119618195714,-0.4569590721229239,-0.10905171731631144,0.04949312519186336
17150,1989-11-01,0.03017379288105626,0.21538616293195761,-0.0109988362118668,0.2810759451430728,-0.826728947609716,-0.7611036758575555,-1.8382924135717698,-1.6828964454630047,-0.051754325495924444,0.04949312519186336
17150,1989-12-01,0.688364308714677,0.8728206371092581,0.29810088498907156,0.5507265756514613,-0.14348151087447053,0.05010877603703738,-1.7428612777850159,-1.5502462922848055,0.4137979327829212,0.04949312519186336
17150,1990-01-01,-0.6246524528453565,-0.5869394073576726,-0.521682725085564,-0.37033848497374316,-0.5404301716585534,-0.29256787589400307,-2.755843298192335,-2.0588508757218613,0.0328696420306215,0.06689327519370958
17150,1990-02-01,-0.8534174028799321,-0.8928095555386982,-0.6934720907630035,-0.6036071289490007,-0.7366560408768773,-0.5650859471735465,-1.265109842375068,-1.2050680365106132,-0.3325292046971714,0.06689327519370958
17150,1990-03-01,-2.09027576251437,-1.9309952358075466,-0.8143077482437725,-0.7944262716621325,-1.024379037036783,-0.9860685033059785,-1.3433279572738712,-1.242627364386472,-1.263938156230736,0.08254853290411288
17150,1990-04-01,-0.6211425311452865,-0.7587376978628718,-0.8867851665236863,-0.9572821584306966,-0.796025351510106,-0.7785329383253796,-0.826110470435153,-0.7131434551407283,-1.416634874997341,0.08254853290411288
17150,1990-05-01,-0.5464337444246511,-0.5604204922342947,-1.0212820715421684,-1.0665631047576638,-0.8635977706709169,-0.8262681510862406,-0.8863582426385015,-0.7681023358615122,-1.470714077338479,0.08254853290411288
17150,1990-06-01,-0.08781581603205135,0.0646107494329762,-1.7547222136569183,-1.7336833208646905,-0.8650217324727265,-0.8060726813636604,-1.0545855755756492,-0.9658929547828314,-0.5676145254797449,0.08254853290411288
17150,1990-07-01,-0.8870385703744146,-0.6971899215883469,-1.089799932866082,-1.0988537733644628,-1.174539245814704,-1.1902082243238414,-1.089855417708621,-1.0093858610357094,-0.6553989360199488,0.08254853290411288
17150,1990-08-01,-0.5954626016918126,-0.32252109093518977,-0.9106707465711041,-0.8303814253864265,-1.2490500800497664,-1.230609280588502,-1.0721086699718034,-0.9906506078548235,-0.6513511098266275,0.08254853290411288
17150,1990-09-01,-0.4546029419202923,-0.37610650080780544,-0.503940638186274,-0.3039102676459098,-1.9747462527784623,-1.8875337813726165,-1.0433465374598883,-0.939062763403734,-1.2256369464404366,0.08254853290411288
17150,1990-10-01,-0.29539903119282035,-0.0361193638853631,-0.99730066091629,-0.7437004814649687,-1.2145048974180663,-1.1407980740351564,-1.3064841955675268,-1.2397042407963137,-0.9042519403110414,0.08254853290411288
17150,1990-11-01,1.1695327616629827,1.2440353462757852,0.7695968797469622,0.9545745173348851,0.18113314592093493,0.42597006371620205,-0.3970447056917071,-0.2911362041380402,0.40275212159086876,0.08254853290411288
17150,1990-12-01,1.379771916668381,1.3623044399087205,1.0730788189574245,1.1930484792584377,0.832248746390287,0.9627293014613052,-0.3827972900170661,-0.3067554293476758,1.056073767598288,0.08254853290411288
17150,1991-01-01,0.6798079008534417,0.7587511964714279,0.37486483271333687,0.4923900478530382,0.03649724001533055,0.1880989944031419,-0.22080304037528714,-0.14253043643192487,1.2276351193037633,0.10043372051146988
17150,1991-02-01,0.13694436032420645,0.2460577488189563,0.7299131122759227,0.8805120033871431,0.48597421618667863,0.7027207096198177,0.2241406449788289,0.39342738502297886,0.8052142429400716,0.10043372051146988
17150,1991-03-01,-0.7740705447062425,-0.8268446785095713,0.3828530071375458,0.4843238415472793,0.1601540335694827,0.3108054498379785,0.0856161428320235,0.21318323108114998,0.016109777236128907,0.11569440979028714
17150,1991-04-01,0.24255707926504722,0.39448485125526644,0.5672463968410942,0.731341405554406,0.35274927159626646,0.5376502264475769,0.08005503061047045,0.25839057010647154,-0.18239551253894556,0.11569440979028714
17150,1991-05-01,0.8963360144341014,1.1156435549472468,0.5584210152280399,0.7560269014656326,0.9472793264911714,1.1470337852164785,0.7602837771963957,0.9919458071534718,0.08072093338313459,0.11569440979028714
17150,1991-06-01,1.3782994907380521,1.38761556312771,0.10816713158344864,0.28731764746451266,0.8807869243400637,1.0806222689065965,0.6695040819097088,0.9098854782255951,0.9530020960128404,0.11569440979028714
17150,1991-07-01,1.2550660978468586,1.349477156455021,0.7989435350272117,1.0199189555074093,0.9230461020974186,1.1728864999439585,0.7170250538897598,0.9717714605020844,1.3550795118690893,0.11569440979028714
17150,1991-08-01,-1.27342271193324,-0.9320244889163791,0.35197267710706037,0.6319472748814626,0.2508192312186308,0.4872170581242497,0.7104723944652203,0.9631041109326287,0.9545380388780681,0.11569440979028714
17150,1991-09-01,-0.421761421877663,-0.4373224786412694,0.8380792028583776,1.0192281498978073,-0.13675239577653772,0.07780646140113645,0.6696630247715496,0.9266752531873137,0.1863618713600525,0.11569440979028714
17150,1991-10-01,-0.691351927011061,-0.49631682042571684,0.40424611154434403,0.6292499936208653,0.3602055002007466,0.6129036935260048,0.6138623332907523,0.8490808792855451,-1.492443991961868,0.11569440979028714
17150,1991-11-01,-1.541098280581658,-1.4686132977677548,-2.43727741726544,-2.0210963691742747,-0.6700119031036316,-0.47590447529620405,-0.35317758471771576,-0.1945447723134684,-1.6714506684881796,0.11569440979028714
17150,1991-12-01,-2.8028860087898826,-2.2487879906236756,-2.539716327890104,-2.080215211966222,-0.7945133049045484,-0.4990626699624669,-1.3180806442006565,-1.0630306105997491,-2.1344746653828217,0.11569440979028714
17150,1992-01-01,-2.59106287986599,-2.2815178206778226,-2.966311068586144,-2.4947689739782333,-2.089948188765118,-1.68771858009481,-1.8849352579297696,-1.2986921610591207,-2.9105220692002534,0.13408756399198807
17150,1992-02-01,-2.64256804280216,-2.2658351341190164,-3.060285371159475,-2.627803074563769,-3.13595836879622,-2.739845848588605,-2.7735747517213563,-2.1571323195536722,-3.0311143727751597,0.13408756399198807
17150,1992-03-01,-1.6028089859458305,-1.3872415544858658,-2.6316110824644285,-2.218696535438956,-2.753724887633839,-2.319941593613846,-1.704985886778453,-1.3251052284475429,-2.707436093217375,0.14896791903016532
17150,1992-04-01,-0.603210065567094,-0.4686077598498709,-2.42502908194084,-2.1404072533705065,-2.7380610647229613,-2.3204104452230943,-1.9802744488623303,-1.6138491235522678,-2.089016465612599,0.14896791903016532
17150,1992-05-01,-0.3629437384521957,-0.18036505189762,-2.417954420315868,-1.9786106245112285,-2.881718740860292,-2.444466434189703,-3.012645403075521,-2.5613799099469357,-1.1950640156202126,0.14896791903016532
17150,1992-06-01,-0.15340183201727112,0.06012658560547356,-1.4888764540226913,-1.2890353229355798,-2.530334755497704,-2.168677365941181,-2.7965823620858674,-2.3496951620582087,-0.5040007270947904,0.14896791903016532
17150,1992-07-01,0.3273437437680577,0.552540541503508,-0.38589269009382304,-0.1450379904736856,-2.1366240527624547,-1.862382310358285,-2.629790787671297,-2.177484269332246,-0.1427017658448654,0.14896791903016532
17150,1992-08-01,0.8305147465594637,0.9142882052785969,0.04083456488909397,0.29644081916192067,-1.884094144794613,-1.5617166485560003,-2.586249703182056,-2.1426019762305284,0.28869362346631217,0.14896791903016532
17150,1992-09-01,0.023200828406825517,0.05956534650355778,-0.31936304480225297,-0.11118623639329643,-1.5389208354189747,-1.3333957236238254,-2.5017980138806237,-2.127001274780853,0.4466826259787063,0.14896791903016532
17150,1992-10-01,-0.40523122221390917,-0.43939785762711003,-0.17863214408563471,-0.058261051593373685,-0.6302683757775431,-0.4587415954287484,-2.4540237214537597,-2.042208764082911,0.043963367143626794,0.14896791903016532
17150,1992-11-01,-0.35988960208686344,-0.3115989238671901,0.06645141116146619,0.22237126287350545,-0.26765350765324536,-0.02000115578486904,-2.3036149057330237,-1.7368710461248524,-0.47552259425806825,0.14896791903016532
17150,1992-12-01,-0.17245212382072275,-0.04732848369568827,-0.3971468238294715,-0.22302766546785138,-0.48583227221043684,-0.24079643475626794,-1.6739614754178889,-1.274722284436571,-0.42343868455526923,0.14896791903016532
17150,1993-01-01,-0.9758011568202196,-0.8598428055510775,-1.2025639366943275,-1.1067715576201327,-1.065692686819007,-0.8259223436267314,-1.5069802952766356,-1.0315765370537031,-0.6696974737026093,0.16789400478810546
17150,1993-02-01,-0.8397184350189832,-0.6714532057424151,-0.9148483029730103,-0.7542628502028432,-0.6788152340844162,-0.4464414036209189,-0.7651554148540839,-0.4640865819836227,-0.8278959196686139,0.16789400478810546
17150,1993-03-01,-0.7889037935803049,-0.7157812345446024,-0.8341393710445653,-0.7130994486078968,-0.9097285552017476,-0.7601006283308637,-0.9753565444847014,-0.7404800237899961,-1.041761164803573,0.18240722283447428
17150,1993-04-01,-0.11246233063193277,0.05010019740989134,-0.847396092661591,-0.6873861201552386,-1.0384093829228815,-0.9205918794199444,-0.9443994449597893,-0.7074790415049785,-0.7679136397543328,0.18240722283447428
17150,1993-05-01,0.08990615636392792,0.3245094404761436,-0.6372258474950053,-0.40656983579887407,-0.7478020913355637,-0.5447580598942564,-0.5578616016846905,-0.2909801808142538,-0.4164847188631049,0.18240722283447428
17150,1993-06-01,0.1000472923278286,0.321069915086132,-0.7226561216208993,-0.5585894173522763,-0.8011476375436198,-0.6050416997958031,-0.8637424788481037,-0.6245035974265541,0.034151609403659,0.18240722283447428
17150,1993-07-01,0.0178141628973672,0.19193836186390645,-0.15715564922328065,0.052928519048170426,-0.8466158144240675,-0.6067749688240908,-1.0446182423981025,-0.8269722883291214,0.07400868816699208,0.18240722283447428
17150,1993-08-01,-0.3023348948074764,-0.15043367178904143,-0.18680553784373763,0.05143516049503308,-0.7997251731066723,-0.553188797368207,-0.888616327990624,-0.6647259248732333,-0.11838564354690048,0.18240722283447428
17150,1993-09-01,0.34665109361843355,0.40470254821391505,0.0876038262195547,0.27762367881412287,-0.6915940004007382,-0.4995312716837441,-0.7669304004187708,-0.5450492748912964,-0.062405623148682685,0.18240722283447428
17150,1993-10-01,-0.34923565270640167,-0.3189948147854608,-0.37589230803789786,-0.2825484859461096,-0.39819346776754166,-0.23104242052564236,-0.9879730208141546,-0.7822099194095276,-0.3418827578995453,0.18240722283447428
17150,1993-11-01,-0.7657809126401809,-0.7428404082351484,-1.021383569396618,-0.9134819905811729,-0.6988794012285625,-0.5152193366535129,-1.1794882709183514,-0.9108567725844303,-0.563225763058992,0.18240722283447428
17150,1993-12-01,-0.9109082217389943,-1.0077761958516953,-0.8596305581247145,-0.8590797012145767,-0.7308850655452992,-0.6022623270948454,-1.2673260367837895,-1.064258435000242,-0.9658388522614804,0.18240722283447428
17150,1994-01-01,-1.0427419512258012,-1.174021215611252,-1.240850263131643,-1.347849835235944,-1.276046520684295,-1.262254697358793,-1.234925105804248,-1.1134152022528008,-1.1519807387184793,0.20189347914185074
17150,1994-02-01,-0.6651403258385216,-0.8033974491575582,-1.0014921222221358,-1.1029662402785378,-1.15257937294369,-1.204499576921061,-0.9982911134218946,-0.9397249809090685,-1.0275217117385231,0.20189347914185074
17150,1994-03-01,-0.701225793028013,-0.8479904774623267,-1.2173690587282189,-1.34035713325056,-1.1517940850244512,-1.2547375083945773,-1.1003386116446954,-1.0703446992201042,-0.9663632615412004,0.2160518024972585
17150,1994-04-01,-0.7313248845873365,-0.8340399936690615,-1.276549505228238,-1.4439585999850357,-1.438015491702435,-1.5937725378300305,-1.462809708953596,-1.482093797122784,-0.8789003926833981,0.2160518024972585
17150,1994-05-01,-1.7317049386283012,-1.944069047605444,-1.387672495239689,-1.590661674527617,-1.5790185680482431,-1.7561021217419475,-1.6662435820971464,-1.7738405048562143,-1.2662889293043844,0.2160518024972585
17150,1994-06-01,-0.9232503933571319,-0.9853653453891252,-1.176311303330111,-1.3335320259709444,-1.5748503801236737,-1.7159539099672985,-1.5060459757985316,-1.6314171084432598,-1.4639035594653016,0.2160518024972585
17150,1994-07-01,2.1695197162980118,1.9816696846906454,0.7762723386478624,0.864654493322217,-0.17178278696608695,-0.1607952544267734,-0.3437997947725974,-0.3536568671160918,0.07400868816699208,0.2160518024972585
17150,1994-08-01,2.352281694958995,1.9474911377234319,0.6172100159271942,0.732956151532941,-0.12993586131167736,-0.1571538178797809,-0.4575907956343298,-0.5141862611687877,1.5841683823567685,0.2160518024972585
17150,1994-09-01,1.8427748853755983,1.8001546170902398,0.8710637015575711,0.8224988944453989,-0.0652564645213742,-0.1351480443146836,-0.5998040394117711,-0.7342430856989601,2.2478498660822863,0.2160518024972585
17150,1994-10-01,-0.14497635029051326,-0.3448853106556481,1.3158028883339066,1.2834769814838163,0.5074039693945872,0.5078735962106377,-0.2635227925276182,-0.3740847173481578,1.653337519683149,0.2160518024972585
17150,1994-11-01,0.013118898057687248,-0.04505594372821341,1.5505011617992115,1.5120786749188686,0.41084936931295585,0.5110369153982243,-0.09001716573233078,-0.15799820783772933,0.7932930741970898,0.2160518024972585
17150,1994-12-01,0.08202390914137676,0.23282322305335856,1.1099909999351085,1.1956861945715058,0.5690442426108988,0.6393405204710607,-0.025459743496049896,-0.005216661123163789,-0.05253133742957722,0.2160518024972585
17150,1995-01-01,0.20434733520699142,0.3598479763444443,0.005276502462136544,0.01816556649994237,1.03203726643606,1.093393158930597,0.562014334207053,0.6292166993117305,0.13019979154534414,0.23612801801200567
17150,1995-02-01,-0.4839494223239771,-0.5194337186063023,-0.42067313533007344,-0.47997531724323195,0.609695795730457,0.7171928064280956,0.009984686529402584,0.032517264734411286,-0.1047165948995749,0.23612801801200567
17150,1995-03-01,0.4304626083145207,0.4331568606914673,0.24861658530882064,0.3354756488320004,0.9234547150947002,1.0318921106940517,0.587793088029202,0.6183027718405285,0.05042613891077947,0.24994280625282192
17150,1995-04-01,0.28259863546759373,0.36463246897183427,0.25250988898884247,0.4246393993632207,0.09986071310762537,0.15402446669735453,0.8823887859958536,0.9825281871191285,0.08322724494932404,0.24994280625282192
17150,1995-05-01,0.5402599823931895,0.7474453054487008,-0.09432116468061393,-0.009803060589726261,-0.11610741253735202,-0.07286595620164571,0.6868623332272673,0.826335081878661,0.49178647076564697,0.24994280625282192
17150,1995-06-01,-0.7766687933511293,-0.8028794168696513,-0.009216225481187753,-0.04977935355205616,-0.08193432999465348,-0.024760861068954674,0.6138151749953522,0.7199426122502991,0.1736890456042196,0.24994280625282192
17150,1995-07-01,-1.8615877573901165,-1.7356763276601537,-0.4997966355141993,-0.6087406255077288,-0.22928782556853688,-0.16684118358941816,-0.33574483312705455,-0.3673010327310086,-0.5151974276030282,0.24994280625282192
17150,1995-08-01,-0.4265063781155087,-0.5839331266494026,0.1979865543676283,0.312427358234818,-0.290371605842864,-0.26949548513013055,-0.2655977503381619,-0.28394383648523547,-1.2853016327006896,0.24994280625282192
17150,1995-09-01,0.1401729567511842,0.08888290953415716,-0.738340682734445,-0.736635596727405,-0.10224233878400953,-0.11871794535665575,-0.15015077322716894,-0.07974165183635948,-1.272818419406585,0.24994280625282192
17150,1995-10-01,-0.2435213448406305,0.009841230851018155,-1.6071447839233068,-1.4844058589802578,-0.6559457630528637,-0.6691027606597316,-0.34885784476076137,-0.26448107474550625,-0.46165600946777263,0.24994280625282192
17150,1995-11-01,0.08098229728018343,0.3761258562222611,-0.2204207706741014,-0.006589671693682192,0.12588781430079332,0.4409182082531903,-0.20323812534757177,-0.038353430279129984,-0.08234348776868781,0.24994280625282192
17150,1995-12-01,-0.11376805281362702,0.11874055276841232,-0.2863367829968489,-0.053900844180755,-0.704193283402443,-0.5250149104570679,-0.16999519444993572,-0.06322407664151945,-0.1539472951978467,0.24994280625282192
17150,1996-01-01,0.29496625602387977,0.5111007750754317,0.04631497909438034,0.2937704464718914,-0.5404301716585534,-0.3954313793806429,-0.1880332874101825,-0.020791359096032788,0.11951074486917741,0.2706416397758346
17150,1996-02-01,0.12568030294794,0.2355708858429165,0.09955060044611698,0.34223779819224565,-0.12000417208269824,0.08101852061391565,0.17922564736198285,0.39699491617973554,0.10247652046862801,0.2706416397758346
17150,1996-03-01,0.8009298350402061,0.9796214069248346,0.4602836901345559,0.7339951967280862,0.36102093156220305,0.6544133074123721,0.07621984124731207,0.2806412838880186,0.4586383029660495,0.28412343330913115
17150,1996-04-01,0.33523225525709144,0.5579521116944609,0.3486514816457556,0.6535865879674411,0.1604362762840646,0.47898013937466327,-0.2923897128928029,-0.08170971944025299,0.5074979581346531,0.28412343330913115
17150,1996-05-01,-0.209854538184563,-0.014722877754547045,-0.04928994415004328,0.09477253398532391,-0.047471205067342016,0.21779303771947675,-0.22420130079260486,-0.006360453438858071,0.4870514441538928,0.28412343330913115
17150,1996-06-01,-2.825003861171763,-2.392931425698885,-0.04816804829282299,0.10139630994439301,-0.22640413075250765,0.025655626904962002,-0.2737942708131219,-0.012223258387465795,-0.5040007270947898,0.28412343330913115
17150,1996-07-01,-2.0999375990390616,-1.7882106012634915,-0.4997966355141993,-0.4266823906331171,-0.16361231410304006,0.06700578181984025,-0.303674617824111,-0.02795147116860634,-1.7629681363231455,0.28412343330913115
17150,1996-08-01,-1.071773719275531,-0.8207779755413308,-0.7394673186348768,-0.5613840016836831,-0.35433910586509415,-0.21307690773999036,-0.2891298110440018,-0.024302860268717037,-2.312842586354206,0.28412343330913115
17150,1996-09-01,0.9363305857067065,1.129885916938296,-0.8964243009494867,-0.7240584095398234,0.20219701915824,0.48338305113025865,-0.0006555192762642397,0.33363372298018373,-0.7769209052972185,0.28412343330913115
17150,1996-10-01,0.561615485719165,0.7875381776331933,-0.613308957340473,-0.4843533993806011,-0.1737320002519386,0.055910968535371273,0.018042201974744102,0.32221717198603106,0.44345494953509473,0.28412343330913115
17150,1996-11-01,-0.8064433842721682,-0.675621532915629,-1.404059835710456,-1.1598423562380653,-1.1506951896402589,-0.9485010844577735,-0.6991961083334578,-0.5313684685162436,0.21381852666090673,0.28412343330913115
17150,1996-12-01,-0.8314815617187571,-0.9205196884857966,-0.3552262045588883,-0.2662762853575093,-1.4540272902530411,-1.3347572593068366,-0.2454437325378091,-0.07269771588263393,-0.546531271546024,0.28412343330913115
17150,1997-01-01,-0.5614315613768406,-0.7352303996135277,-0.2792745112429905,-0.24165956209339362,-0.9523442294846619,-0.985689186080502,-0.48354959065816194,-0.37314771953896475,-0.8723963362418761,0.3054807880993974
17150,1997-02-01,-0.15218102929632313,-0.17896910386003256,-0.5909566621728027,-0.5731714109845508,-0.9124882614091501,-0.8767458070515786,-0.9252334772809198,-0.7974189033691063,-0.5731700941378598,0.3054807880993974
17150,1997-03-01,-0.17118507687219875,-0.135260229495591,-0.7553118256515086,-0.7687245767780815,-0.45906757299828627,-0.37626460897266656,-1.1694895876449984,-1.0758978175887632,-0.37045946602525087,0.31863936396437514
17150,1997-04-01,0.5131287172007378,0.7936426406746517,-0.13116211952558424,-0.042679641092902454,0.03088192911613094,0.24162412751214904,-0.46363978262196714,-0.34710552413549034,0.02603449811886853,0.31863936396437514
17150,1997-05-01,0.525765604093916,0.8244756720174078,0.13462709697627737,0.27915366914616807,-0.25636492952209794,-0.0968232079107687,-0.5260164713459898,-0.3615628588064458,0.2947988488258791,0.31863936396437514
17150,1997-06-01,0.07978593485478547,0.2610378293491009,-0.2183029987629926,-0.09256161708309468,-0.7380621534749746,-0.6880860811019639,-0.44848578445927,-0.29025208801874647,0.5063729659080833,0.31863936396437514
17150,1997-07-01,-1.9769131797444262,-1.7553541443032803,-0.27613533873858587,-0.14211064064338316,-0.639357920650844,-0.6567276204724661,-0.4251928288632433,-0.278255825364806,-0.18060738303502488,0.31863936396437514
17150,1997-08-01,-0.7652204606620063,-0.6700455945570488,0.08445668954365323,0.36913738479534336,-0.1211863565445599,0.013511916193567078,-0.46578265994533546,-0.32592227225686543,-0.9044588765197403,0.31863936396437514
17150,1997-09-01,-0.8960048412925645,-0.7329834023045954,-0.49014909789142963,-0.2637959562773415,-0.5435023959744749,-0.38189893603235536,-0.9836687000722328,-0.895348690141101,-2.267137837630661,0.31863936396437514
17150,1997-10-01,0.9486115651971634,1.0806970138402543,-0.07773166693956958,0.07986518396383162,0.2565828265130691,0.5586215055638928,-0.19504272652117458,-0.04085034964516108,0.09635781017636913,0.31863936396437514
17150,1997-11-01,0.46971952810466944,0.6647017759626905,0.051090390952162286,0.25838991366760256,0.29076645417251723,0.6706544283577616,0.13146023433603546,0.3499073497436258,0.5179504308845274,0.31863936396437514
17150,1997-12-01,1.6055040897452877,1.56669086305995,1.2568419933579857,1.3959340519589025,1.058304035903615,1.204119649352946,0.6443335088255544,0.8966964471722005,1.2785793112693549,0.31863936396437514
17150,1998-01-01,0.42899056688194576,0.5386717247664402,0.8152576173123258,1.016175297371723,0.25285987894958717,0.4195121032352037,0.5128713479196902,0.7396726168946827,1.0436024616478288,0.3406948270877954
17150,1998-02-01,0.7331158869531602,0.8899772566274248,0.7954614682220249,0.98399286520825,0.525704337143016,0.7492598203307514,0.6674821457174175,0.873777676044759,1.025214854753981,0.3406948270877954
17150,1998-03-01,-0.17118507687219875,-0.1433935127801579,0.9176092150343218,1.0899010753925633,0.6350253803845015,0.8808577420678968,0.5813424178250786,0.7879403128207358,0.34399873682525745,0.35353924775488044
17150,1998-04-01,-0.2197324253958795,-0.20672308832815334,0.1301229003255469,0.22572436947321606,0.4607073838178517,0.689868797598272,0.010477148369071591,0.14294840072168905,0.15794815091997083,0.35353924775488044
17150,1998-05-01,0.7230425193997134,0.9138731449627829,0.8806806336856855,1.0452077830200561,0.9159013988796108,1.1286597483114464,0.7064341207430909,0.925892962180451,0.08630139246548851,0.35353924775488044
17150,1998-06-01,0.36974017162609285,0.431844244343062,-0.06779303115617277,0.004321902613438117,0.932305027385121,1.1215745395746786,0.6720799356877513,0.9061821547982163,0.36187991282072796,0.35353924775488044
17150,1998-07-01,0.8293794268042344,0.8460270141090996,0.21027078813216493,0.25255229604310453,0.3604999691316924,0.5222182574757853,0.6635378631032148,0.9056015843555991,0.7733154039042786,0.35353924775488044
17150,1998-08-01,-1.9379315108528288,-1.8450564584149807,0.08445668954365323,0.16487664122571616,0.5385840553799391,0.7021339174092277,0.6384223229869791,0.8522338516085268,0.1555593615636305,0.35353924775488044
17150,1998-09-01,-0.33353296937137183,-0.7005867600607023,-0.04129755257730066,-0.08940448575686198,-0.2923633161093223,-0.2754270884694479,0.7331986611798603,0.9352497560072189,-0.1956382545970056,0.35353924775488044
17150,1998-10-01,0.9354701841468077,0.9665126709590137,1.1086745761155083,1.1747043763196734,0.5924525859492803,0.7093018583053532,0.6368905113173865,0.798767063281406,0.03060584746373166,0.35353924775488044
17150,1998-11-01,1.4367089551680663,1.4548944139819981,0.8040818613843586,0.8531716842854591,0.9361491398143463,1.1182301278023148,1.0764864814920823,1.2173209664325118,1.0267851277612314,0.35353924775488044
17150,1998-12-01,1.1581454947845065,1.2113726891264291,0.8548752035643487,0.9411871258070036,0.8470111765431158,0.8942144041896004,0.4860391980519824,0.6240877430038307,1.353374566996751,0.35353924775488044
17150,1999-01-01,-0.06215505643772871,-0.06347687062323304,0.40389534993357346,0.47994362717965033,0.6794636645624845,0.7580528087099354,0.4816050755927954,0.5688556057952757,0.9375576777177311,0.3763366085086755
17150,1999-02-01,0.5170359788664054,0.6545208444857947,1.168317918873011,1.2609179012604224,0.8001628335208725,0.9085208662452892,0.9506389036281611,1.007734448133751,0.5900834866847372,0.3763366085086755
17150,1999-03-01,0.7055499084406763,0.7781731064726908,1.174045136520864,1.2649645523464623,0.9568702568455775,1.0700008435351622,0.965341184244628,1.0083733586274688,0.43515409344750655,0.3888752642829679
17150,1999-04-01,1.1770874111219432,1.257867728199129,0.6737092911481141,0.8053106282084529,0.9257876014193495,1.0540256366421912,1.0955336830988804,1.1698432807179018,0.8892251789110837,0.3888752642829679
17150,1999-05-01,-0.654339376186508,-0.776241135638391,0.07422443154432018,0.11737457221942538,0.6976308582581451,0.8282583555822844,0.38604708267606913,0.46802042088926193,0.6695230456335513,0.3888752642829679
17150,1999-06-01,-1.8640640824766601,-2.0255051792429075,-0.009216225481187753,-0.06162509126335762,0.6318932822315777,0.7295112301820811,0.4484568503597392,0.5221433349518056,0.02694806073131215,0.3888752642829679
17150,1999-07-01,-1.3691510456411564,-1.4949545931732224,0.5625950186279765,0.5393881343369185,0.2774097227557747,0.3204828728762297,0.5851662454355865,0.6751147607010326,-1.6528182276831813,0.3888752642829679
17150,1999-08-01,-0.23235638991917812,-0.5008874080816902,-0.8404759707395847,-1.1008685581936526,-0.07941899473997295,-0.11874694881665854,0.5854646099074802,0.6781408008320556,-1.5180344583819374,0.3888752642829679
17150,1999-09-01,-0.014173221931143851,-0.36222625034683886,-1.6903643130451407,-1.7435640108689046,-0.15082607350197982,-0.26102348028685574,0.49940407082573063,0.5763322944725834,-1.04336536686878,0.3888752642829679
17150,1999-10-01,-1.4357818206947954,-1.7328192496417234,-2.6296057472238914,-2.400187754696485,-0.008237770664552519,-0.12040177083622082,-0.0922542466385401,-0.1695121056173493,-1.0937933003625038,0.3888752642829679
17150,1999-11-01,-0.9307727628407351,-1.0341875352704357,-1.1553344789814703,-1.3805539759500545,-1.3112909639787351,-1.603591857611293,-0.4642003725741998,-0.620541651202548,-1.2598086240917108,0.3888752642829679
17150,1999-12-01,-0.9109082217389943,-1.1511538941806094,-1.0757064338682243,-1.3167893118301286,-2.0714466750154004,-2.2420761904710846,-0.6441649695387834,-0.9046918455702362,-1.3074274305849092,0.3888752642829679
17150,2000-01-01,-0.8962875952324195,-0.991680614621892,-1.4391929638655538,-1.5391023643029933,-2.1680448106846852,-2.2026358085251347,-0.593301919791514,-0.7856975718168399,-1.1297930777752407,0.41246312944140495
17150,2000-02-01,-0.3214727058315962,-0.28972533487058183,-0.7978272235123882,-0.8631505712621547,-0.9441196705566011,-1.0752121824761023,-1.1980996408285272,-1.3921477981746042,-0.8111907557471866,0.41246312944140495
17150,2000-03-01,0.33324010942631577,0.47808149092877306,-0.35256680865914997,-0.353546382631746,-0.46079148834885675,-0.5172787107182496,-1.0248307191100086,-1.1333023021670592,-0.3377169287548889,0.42470377494533396
17150,2000-04-01,1.0300889021273434,1.1275539972315374,0.030360595919713428,0.07489070053651023,-0.3882022084659403,-0.45029276696056325,-0.7921130275020544,-0.9479410950758083,0.3808562581440863,0.42470377494533396
17150,2000-05-01,0.5975956686621194,0.7239163210995071,0.05680433490798953,0.13371896155311314,-0.3764730517759885,-0.39717814573832605,-0.5117425089349145,-0.591877043063169,0.7472845804604774,0.42470377494533396
17150,2000-06-01,0.23800060102647763,0.27319765803232116,0.3071215826984946,0.4652620569635174,-0.30009532132511074,-0.28991895796202105,-0.38578898861572675,-0.4169874135075588,0.8200957781420231,0.42470377494533396
17150,2000-07-01,-0.44466526534104706,-0.483192830977947,0.6862110736823402,0.761159610629385,-0.15545285639592873,-0.12461900703809435,-0.5435194747695373,-0.5998351820764205,0.2659818000024003,0.42470377494533396
17150,2000-08-01,-0.3839790807491079,-0.38609264285611444,0.2669993472291079,0.35664874944764624,-0.12993586131167736,-0.07427592048831813,-0.5235796248103107,-0.5733315469264795,-0.24814322506928013,0.42470377494533396
17150,2000-09-01,-0.8960048412925645,-1.2382525917536593,-0.3377739813432508,-0.4148246718144842,-0.010388984112416214,0.10808088608495568,-0.5506772003080993,-0.5912189086864662,-0.9671608575699165,0.42470377494533396
17150,2000-10-01,0.034860911317028745,0.21715802425457362,-0.39471310132377896,-0.35949053389141183,0.49877633767231006,0.6213475613128505,-0.18750567390802814,-0.14422716392930568,-0.6666455799594162,0.42470377494533396
17150,2000-11-01,-0.8064433842721682,-0.8060225828819959,-1.1071250520619205,-1.0967712274676964,-0.3482666500340472,-0.29407643014790935,-0.46238770802546814,-0.4586445230368466,-0.8051253705639406,0.42470377494533396
17150,2000-12-01,-1.4368061259753244,-1.5216150789279537,-1.867596507819219,-1.8608094756724083,-1.4540272902530411,-1.5019362582917584,-0.7240328517630941,-0.7157759569131589,-1.052525131062558,0.42470377494533396
17150,2001-01-01,-2.1647561650956053,-2.2173299740354953,-2.087726233364084,-2.1096583124582566,-2.5368339859832236,-2.386532598931598,-1.025668298893971,-1.1916705138333963,-1.9821630121283074,0.4491363034394248
17150,2001-02-01,-1.3147276830499888,-1.5672562167370139,-1.5518858528316266,-1.722282697272793,-1.6755498951928962,-1.828027549255931,-1.184449221018402,-1.3490381866490053,-1.9655380215208587,0.4491363034394248
17150,2001-03-01,-0.9744680579289634,-1.3341010770568311,-1.6847843616242817,-1.9054015563151596,-1.9423310600691095,-2.161817032983555,-1.8155638102056522,-1.9264598964739845,-1.7844265425711325,0.46108608852533495
17150,2001-04-01,0.10535321241448402,-0.06570173518950999,-1.5502448854696849,-1.8638971764614765,-1.5330516541416772,-1.7942642968106266,-1.7426231225361208,-1.8970488616819672,-0.9548189756342559,0.46108608852533495
17150,2001-05-01,0.7907448207525376,0.8020274357675753,-0.4941734854311566,-0.7409292916648943,-0.827645945204246,-1.0736267275936688,-0.9801241924916045,-1.2023798179188832,-0.09860541190598837,0.46108608852533495
17150,2001-06-01,1.5471956592389102,1.4198422570127285,0.10534564510641102,-0.04741378030009493,-0.6845977503051813,-0.9142000483894704,-0.9264125808153569,-1.1917880860341872,0.9278565632552371,0.46108608852533495
17150,2001-07-01,1.249890703059159,1.1642395073364393,0.6963265358302798,0.5801238683476991,-0.9112289144731184,-1.266805234324786,-0.9407503140642388,-1.2429090280507444,1.37755164811383,0.46108608852533495
17150,2001-08-01,-0.11505180028191138,-0.4383350310984621,0.5423831947884047,0.4214935152030022,-0.6101482408451965,-0.9552271981065101,-0.9251815745183523,-1.2656900114722003,1.2068411849831002,0.46108608852533495
17150,2001-09-01,0.16780294108304666,-0.2719860928525221,1.184228472823858,1.0944942720191733,0.016776444019578715,-0.22276043066908569,-0.7162330942113194,-1.0196697443028675,0.6210959578465606,0.46108608852533495
17150,2001-10-01,-0.691351927011061,-0.9116593360836681,0.40015822338402895,0.29993270976973174,0.26589301952390487,0.07933435256734021,-1.1596570106490272,-1.5617622950046641,-0.5707583955502575,0.46108608852533495
17150,2001-11-01,0.09780153117940302,0.10411993284909737,-0.07415523686557379,-0.2211335366651271,0.4009538751809658,0.34757664583507386,-0.4897071499240159,-0.8352542303166,-0.22023997662309502,0.46108608852533495
17150,2001-12-01,0.688364308714677,0.8150916042534898,0.5178729591107649,0.5579937091279662,1.2280642291619552,1.1974622579160228,0.4002682598722308,0.3344403080338095,0.19329166729481853,0.46108608852533495
17150,2002-01-01,0.6798079008534417,0.9047532542701295,0.2474974408815789,0.3634734643911166,0.7386040867837127,0.8168421360243363,0.6572551279716,0.6601165823782331,0.6193619422866177,0.48642387462858805
17150,2002-02-01,0.0803827861934827,0.2039207011894579,0.07227478598240954,0.166123580658893,-0.0749456516371208,-0.06599047279501488,0.3404441582986643,0.32139045201836,0.5091710485087776,0.48642387462858805
17150,2002-03-01,-0.26664158867462734,-0.3713887011705227,0.12729662686307583,0.18923006956305205,0.04946710764515675,0.03586748184778021,0.6645048129063867,0.6748719457483351,0.15599841620305668,0.49808936995031894
17150,2002-04-01,0.33523225525709144,0.32224565481156603,0.6207051024950294,0.7986699931109961,0.3089674761842497,0.3972472708813425,0.6740604645999898,0.7276914878117986,0.016403897208238764,0.49808936995031894
17150,2002-05-01,0.7230425193997134,0.8630211622980455,0.4163569594885499,0.559983657895927,0.35955810660091037,0.492802675657957,0.24071977039927814,0.2978154826851724,0.2534285037909736,0.49808936995031894
17150,2002-06-01,0.2186911103416468,0.2852803259907288,-0.22855431389830377,-0.284528685058907,0.13559144736890894,0.22525809614759623,0.07898772294202212,0.10044918947857907,0.546772072523417,0.49808936995031894
17150,2002-07-01,-0.3571825192077073,-0.6151065910886905,0.06820847311642293,-0.11583765652461278,0.44252201874259367,0.5618274690810146,0.17293809877817065,0.21043897840761513,0.3529100610315505,0.49808936995031894
17150,2002-08-01,-0.6598847962079964,-1.2488600538517205,0.30773074804904876,0.24459883041717015,0.1833114392568968,0.2137486911714855,0.18038651467833555,0.20509165534375426,-0.29257896920167,0.49808936995031894
17150,2002-09-01,0.9528172538432801,0.8977683589019346,0.6183460990733057,0.5499390105847942,0.05272553674930426,-0.0005280256513797094,0.33601874489190997,0.41022920154818626,0.062124576640691064,0.49808936995031894
17150,2002-10-01,0.9875750366762329,0.9945106542658684,0.5590719399154138,0.5118868556260621,0.5245910274898833,0.48604627668990324,0.7290729752759165,0.8471425011081347,0.7944752210622235,0.49808936995031894
17150,2002-11-01,0.9319516276643536,1.0522664491481104,0.5279510122738478,0.509685669663564,0.7454183190249059,0.860054411832506,0.5896350666695807,0.700591909810527,1.138382887300144,0.49808936995031894
17150,2002-12-01,0.041241897082999024,0.20041779100852755,0.34529247800567303,0.4289007469466425,0.3494750461547842,0.4157551203991195,0.05152007660902343,0.08033962670961069,0.712685977591026,0.49808936995031894
17150,2003-01-01,-0.4613834355862744,-0.5268747702751968,0.11747702477785879,0.15483323886733313,-0.055267689244749,-0.12446725008572623,0.20677144814456533,0.15898202193522024,0.13019979154534356,0.5244005127080407
17150,2003-02-01,-0.3214727058315962,-0.26331847311074874,0.25193131993476703,0.424033224146767,-0.012229804836050148,0.04001081593633215,0.35411592521091284,0.4266982487531468,-0.32755288681477274,0.5244005127080407
17150,2003-03-01,-0.23045606740386163,-0.19525984032324212,-0.29892157364127636,-0.16823224214651936,-0.045202264783627384,0.05645133199666039,0.003238157391703079,0.07187054186605384,-0.42239772043616813,0.5357877300556416
17150,2003-04-01,0.09129998146442321,0.42398473800895936,-0.341898914673395,-0.1772353157780315,0.0769669304904625,0.29427365012093043,-0.07308425087116265,0.03714271568203895,-0.22882144394387405,0.5357877300556416
17150,2003-05-01,-0.46328275790737067,-0.24842081672189067,-0.5344949865610426,-0.41348069291288136,-0.017272231637017164,0.19900555830465355,-0.231752747986093,-0.1327531075448628,-0.24646810866434157,0.5357877300556416
17150,2003-06-01,-0.3845338442773783,-0.3616706386851712,-0.4945913429479421,-0.4746907227387934,-0.49312881670297887,-0.38064601393905817,-0.21956197013666723,-0.12463266993297938,-0.2563331077632174,0.5357877300556416
17150,2003-07-01,-1.552009325402418,-1.6702688399878811,-0.6182785631063865,-0.5157596182090944,-0.7827347371873187,-0.7629427582472954,-0.3116698716557029,-0.19639586003089077,-0.9564194606740496,0.5357877300556416
17150,2003-08-01,-1.9379315108528288,-2.1174411392669725,-1.196185275443319,-1.2025554912695973,-0.9451128577149758,-0.9506569627531296,-0.32863880093005204,-0.22341762000174295,-1.2853016327006912,0.5357877300556416
17150,2003-09-01,0.3937738042396422,0.3252994582200917,-0.24702000695920553,-0.2866681036751608,-0.46137389634841997,-0.45035024563411025,-0.4617646073471224,-0.35628792292172673,-1.401468482615494,0.5357877300556416
17150,2003-10-01,0.669141387927447,0.7446648693120712,-0.2841001420510056,-0.4801259169497028,-0.1845354526669078,-0.054113266011867195,-0.4764020029300686,-0.42106179922852194,0.09635781017636828,0.5357877300556416
17150,2003-11-01,0.08098229728018343,0.20073512063547672,-0.5875179950010323,-0.6523812200327429,-0.8008465853578907,-0.7371283318765927,-0.821098239277434,-0.771808759934893,0.44034133105751827,0.5357877300556416
17150,2003-12-01,-0.38906838606538424,-0.33699157256459716,-0.3971468238294715,-0.3601453835079732,-0.6124910311323735,-0.58838683601422,-0.6725105152616171,-0.6275773470637698,0.05927880715580039,0.5357877300556416
17150,2004-01-01,0.0664369857716464,0.1817236921847439,0.32618229229767637,0.46326847075069033,-0.1765941051496486,-0.1845310954564441,-0.02031242934733973,0.1723938203372048,-0.08965933525680632,0.5631491384553193
17150,2004-02-01,0.0803827861934827,0.21185978138882602,0.06315649321896877,0.22580549295805294,-0.3486712205982353,-0.2962408891534344,-0.4872005442145354,-0.3564933202895676,-0.09058283511823999,0.5631491384553193
17150,2004-03-01,-0.05628850592325266,-0.07876675936209429,-0.42501071914122734,-0.4141584294326419,-0.3990953906232665,-0.39429154337939076,-0.5558024067381103,-0.5694224496916056,-0.001147776542391579,0.5742635458221242
17150,2004-04-01,-1.1811005680745414,-1.2397415353509442,-0.6075562112679119,-0.6219505023858293,-0.3365998198509743,-0.2960029238396168,-0.7725462182619379,-0.8512637703785227,-0.3558634011139814,0.5742635458221242
17150,2004-05-01,-1.2528575031158735,-1.3799311230004487,-0.5243743671592718,-0.5180099310216602,-0.4418038935607129,-0.379659469833635,-0.7858149772625563,-0.8190450785051749,-0.893375758986306,0.5742635458221242
17150,2004-06-01,-0.4831296116703,-0.4373225092498052,-0.37513665146043135,-0.40158115341519773,-0.6492592057822242,-0.6475312193724507,-0.5965616378142897,-0.5892055198065792,-1.3519972061386627,0.5742635458221242
17150,2004-07-01,-0.8276623364060507,-0.8853315305768961,-1.6124009594769024,-1.5735059337724513,-0.8834465538027325,-0.9355196156940467,-0.5928265174549212,-0.5756270587370182,-1.2037566015614507,0.5742635458221242
17150,2004-08-01,-0.08005476885605854,-0.11247006316016273,-1.2653165558299913,-1.3729716309583253,-0.6297104456498424,-0.6501689246900973,-0.5235796248103107,-0.48868071956036707,-0.6838841289152615,0.5742635458221242
17150,2004-09-01,-0.7506017696617435,-1.1082870228670136,-0.992067946538721,-0.9978495158568687,-0.6808223489331656,-0.7731845548447404,-0.8784969301199559,-0.9186628260631357,-1.0116835893645744,0.5742635458221242
17150,2004-10-01,-1.5773970468231133,-1.9151217958195508,-1.9284492814130247,-1.8933244281092163,-2.431718382649428,-2.2351068625895207,-1.2993466313769697,-1.3931881678606817,-1.4723442457646867,0.5742635458221242
17150,2004-11-01,0.7430057385032355,0.7543056809516144,0.5415327512906541,0.5477427602027156,-0.3250861231250123,-0.3650176321322567,-0.15416764231543548,-0.14427020942470337,-0.20931187923058206,0.5742635458221242
17150,2004-12-01,0.31498137123879466,0.3270859450630258,-0.15203440584280822,-0.2138082802607352,-0.4365022946337391,-0.497700444365771,-0.3945242222207342,-0.4610017842370398,0.1404252605780775,0.5742635458221242
17150,2005-01-01,0.5825817281875172,0.6541475290364107,-0.01534681917862117,-0.055231365723262614,-0.34388792751560066,-0.4414062237844178,-0.9389842086582546,-1.1554673234740562,0.6193619422866171,0.6027625453630571
17150,2005-02-01,-0.2361209718093078,-0.27210916769739735,0.19856616978949257,0.20943718125472438,0.05893121892342869,0.06055602303336428,-0.3829261280788807,-0.44791785833525827,0.2220794862931175,0.6027625453630571
17150,2005-03-01,0.6434060455642294,0.7048965980798864,0.5668760254072326,0.612877584570135,0.30159753548240087,0.32565392536645005,0.09787252074089123,0.06535906327859103,0.3679545044233358,0.613609076561029
17150,2005-04-01,0.5254827255701531,0.5936609589798885,0.6661647058277587,0.7752959055837507,0.22777881326076488,0.24162412751214904,-0.034928404917298095,-0.09232767494205346,0.3635838909388948,0.613609076561029
17150,2005-05-01,0.15613206335047358,0.21170484225914307,-0.1398587345128881,-0.17425454376616958,0.18912539815506,0.20071788452620112,0.0776244763610594,0.07153040218085455,0.5708888926835185,0.613609076561029
17150,2005-06-01,-0.2896127804292475,-0.28282658010379247,0.37806220097765625,0.43650944920341034,0.37441003919084387,0.42302798388858026,0.14369417347862676,0.16133964169727655,0.26000990549457675,0.613609076561029
17150,2005-07-01,0.09213703507113546,0.004204026762269271,0.43458995386592825,0.4335158738445897,0.6107249285018647,0.7184597010225294,0.21582028719168644,0.24072007836858228,-0.023106775925839564,0.613609076561029
17150,2005-08-01,0.2064215583648706,0.06652451768920833,0.09886685789693474,0.05143516049503252,-0.1739360089612287,-0.25860900223576794,0.17330487983523915,0.14347301890985137,-0.1183856435469009,0.613609076561029
17150,2005-09-01,-0.03975380977106523,-0.5250307298291325,-0.47058103263790774,-0.6532948018425374,0.21944372670899706,0.2139140005372227,0.24483123365035778,0.23669588734403518,-0.0060400589726709595,0.613609076561029
17150,2005-10-01,-0.691351927011061,-0.6980518263441429,-0.5312096529172288,-0.6526412340757272,0.02416157333387259,-0.0058204374072268125,0.32851186172953206,0.372813939204781,-0.5154267964541511,0.613609076561029
17150,2005-11-01,-0.07307112845883056,0.03205586033197086,-0.07415523686557379,-0.052864642590134736,-0.04491280630971688,0.01700681950570102,-0.17043101970979826,-0.21146467542068725,-0.4148817987838817,0.613609076561029
17150,2005-12-01,-0.2022961911603036,-0.13820758013116413,-0.45375164320869393,-0.5231011117350292,-0.6124910311323735,-0.6890521067360368,0.06665300985284199,0.062376768445864615,-0.3834612334534809,0.613609076561029
17150,2006-01-01,-0.44897112889814295,-0.4553305047010321,-0.8101325771889364,-0.8311140451469448,-0.7942931074473124,-0.8360207645310318,-0.21455766370684387,-0.21558555583553576,-0.32324966809431815,0.643345405392917
17150,2006-02-01,-0.6651403258385216,-0.6745107862175183,-0.6113165947733361,-0.5521402319456437,-0.6404629296087874,-0.6246445244167957,-0.46079294101473417,-0.43785280793434517,-0.5469231242718351,0.643345405392917
17150,2006-03-01,-0.14782675803158107,-0.14068069673736516,-0.38865568988403554,-0.34521688013896845,-0.502342289119719,-0.5436475325177488,-0.6240126052791654,-0.6765431716361362,-0.5135393672975529,0.6539284638491971
17150,2006-04-01,-0.15796240127897393,-0.19239735808629374,-0.4868927071009393,-0.5304427998612358,-0.7688363924510271,-0.8434481387749686,-0.7725462182619379,-0.847474266405772,-0.4267232043637914,0.6539284638491971
17150,2006-05-01,-0.8374022364730344,-1.0137411307211657,-1.0097171152699531,-1.1034325162510923,-0.9089533670284955,-0.9567737932582563,-0.9117759092673798,-0.9819276906275666,-0.4232414279697357,0.6539284638491971
17150,2006-06-01,-0.06630113812448354,-0.05504582856910848,-0.2698442712525173,-0.27219168210638817,-0.45905256006670114,-0.430347137789755,-0.5466608542980944,-0.5872487809467092,-0.42447925253736557,0.6539284638491971
17150,2006-07-01,0.4603194653277868,0.48525429468665904,0.04392825798700043,0.02759208402963123,-0.34597829771490884,-0.3316474655659198,-0.6099653796500104,-0.6241171074582264,-0.2580566787391493,0.6539284638491971
17150,2006-08-01,1.0367449746371198,0.9799477057724708,-0.1399251633435142,-0.22239397782998813,-0.6395251406436528,-0.7249800548559922,-0.60756829727781,-0.6427987688170868,0.46944389846835893,0.6539284638491971
17150,2006-09-01,1.001403699369138,1.0926596810609617,0.4701913209310333,0.4754995658163674,0.04376702460585077,0.12814196597682506,-0.18053305850692955,-0.09611797434461476,1.009816004123899,0.6539284638491971
17150,2006-10-01,0.9746627794348529,0.9786197247740335,0.9439516874063979,1.0097868307818307,0.49877633767231006,0.5682458153363422,0.06786321067534912,0.13681842938377214,1.2177724185384795,0.6539284638491971
17150,2006-11-01,0.24664338452813694,0.4382621966008925,0.7010626995887432,0.8506601500153873,-0.012410567237105043,0.11307022577966228,-0.43534315645638344,-0.41010128708597227,0.8891129914836122,0.6539284638491971
17150,2006-12-01,-1.544382433488123,-1.3514751508221343,-0.7500871307824166,-0.6043447211867679,-0.7443157781478089,-0.6301169929320013,-0.7032814843191847,-0.6164017759807013,-0.1100608324128323,0.6539284638491971
17150,2007-01-01,-2.03907424081656,-1.921073226851897,-1.177190765549763,-1.147505273644596,-0.9647736116358553,-0.9043554605211557,-0.9112348807567249,-0.8994549945034281,-1.4593861575296767,0.6850167784751022
17150,2007-02-01,-2.2435590806694603,-2.256481931348862,-1.5158014129577622,-1.4985822343452437,-1.1020083250603765,-1.0993756561761616,-1.4851063990260545,-1.5346658160432676,-2.3389582658719648,0.6850167784751022
17150,2007-03-01,-1.6463470310268944,-1.7380336300667023,-2.1975706313437007,-2.0996615152864084,-1.644331824231939,-1.678941671821589,-1.685176610234886,-1.6187560411680824,-2.333910082298277,0.6953402346145304
17150,2007-04-01,-1.9792681166813475,-1.8870288370022112,-2.77814751921831,-2.5306162549272004,-1.9591252673108643,-1.9384125059572104,-1.7649707997921977,-1.6929984172464374,-2.450163344228641,0.6953402346145304
17150,2007-05-01,-0.9098017270425551,-1.0637345964338163,-2.5101958140127234,-2.4298675915243253,-1.7651663285263932,-1.8019241512331168,-1.353520469124696,-1.4076686172436985,-2.0547273720176142,0.6953402346145304
17150,2007-06-01,-1.1128464761977093,-1.365410158913979,-2.1214857597833072,-2.230093473715771,-2.6103228788981054,-2.5538769607617517,-2.1001000474040854,-2.1924113879452274,-1.8689161850450717,0.6953402346145304
17150,2007-07-01,-0.47448037023236334,-0.9414672093405535,-2.0782506571761585,-2.0881486598954515,-2.8432558056985506,-2.7632178339460345,-2.2184413173886632,-2.358548474180259,-1.1767878661914715,0.6953402346145304
17150,2007-08-01,-1.2180367772395295,-2.1923062102700652,-1.5111893920922614,-1.9621639674665252,-2.844879082202084,-2.806112456093332,-2.1825339597842985,-2.2912195630152365,-1.1396083995292763,0.6953402346145304
17150,2007-09-01,-1.7568266072519054,-2.462196068016044,-1.9043917869165043,-2.064112177213999,-2.570819412603415,-2.730930903198528,-2.9141517572456923,-2.872405844743496,-1.5093413187070437,0.6953402346145304
17150,2007-10-01,0.6084141238728089,0.6094027739402309,0.12740475799310902,-0.2151420591856777,-1.2031255130772123,-1.5817151764283102,-2.5446291551645923,-2.5305067883179837,-0.46165600946777435,0.6953402346145304
17150,2007-11-01,0.9176502987800709,1.0067307945574155,0.38952812014865895,0.26164197810756173,-0.30202494904065297,-0.47445249350842483,-1.9750173684106263,-2.1652829018476907,0.5179504308845269,0.6953402346145304
17150,2007-12-01,1.343777839475603,1.3983953294940878,0.8966244007073535,0.965284243104124,0.3099805439523545,0.28089862719383807,-0.7555274314735532,-1.0032230040402916,1.1695180246398906,0.6953402346145304
17150,2008-01-01,0.19294668220740294,0.4297564992349409,0.39423328779198097,0.5558743927729269,0.1777878817831104,0.1700534074658973,-0.6592334999405873,-0.8107945307382401,0.9547196077684171,0.7279132908816441
17150,2008-02-01,-0.7583481382080978,-0.6134771181539087,-0.0659155408018353,0.15573768523489415,-0.41373891655970446,-0.37872696737819644,-0.7361287220162843,-0.7686643187065937,0.3170945457841928,0.7279132908816441
17150,2008-03-01,-1.3787228641744633,-1.3903720483107458,0.061429893026550525,0.20054211321992502,-0.26459278294057503,-0.25899192309843777,-0.6412555666585702,-0.7404800237899967,-0.6964379544379754,0.737980472204168
17150,2008-04-01,-1.1366783039932242,-1.3266756574099143,-0.4868927071009393,-0.46306201352605725,-0.26261389632790905,-0.24907001309092167,-0.44706272267535196,-0.5907317945301525,-1.331009613650096,0.737980472204168
17150,2008-05-01,-0.9593352424155094,-1.3151782378365149,-1.1510995250940361,-1.1847792643933301,-0.4665403493614819,-0.4245153584877719,-0.752691802206521,-0.8700945565787247,-1.5977585146824878,0.737980472204168
17150,2008-06-01,-1.2847210621351368,-1.5037289797616762,-1.9759871978434533,-1.9902670891842473,-0.39993936555176607,-0.3667768971689616,-0.6895215552778793,-0.7849839055785536,-1.527894493451265,0.737980472204168
17150,2008-07-01,-1.7007247880162883,-1.6376667500912732,-2.0782506571761585,-2.0148091659317773,-0.9578415328588068,-1.0286960459829246,-0.696743247978413,-0.7671171806544886,-1.747020074621207,0.737980472204168
17150,2008-08-01,-0.5619503792411472,-0.9592512934587734,-1.2888001385010546,-1.751581340829076,-1.3682934194473955,-1.49136459268716,-0.6502144747302608,-0.7187224009842617,-1.5306783522564666,0.737980472204168
17150,2008-09-01,0.3224882098130862,0.13900003842367145,-0.9437238615608592,-1.1566085996688114,-1.8107349174951801,-1.9730437877153293,-0.39800829873935323,-0.3960605379619284,-1.1033635836666784,0.737980472204168
17150,2008-10-01,0.3795333371186124,0.4360830885051636,-0.6987813161009966,-0.914723161335234,-1.4426604871282944,-1.6775530068155784,-0.788816791422197,-0.8662419479392198,0.057215989716248694,0.737980472204168
17150,2008-11-01,-0.1431569406534689,-0.16295160242429735,-0.4964711100690514,-0.6967194092931923,-1.026173789706532,-1.3946724958628662,-1.4219388916459124,-1.5636227890001764,0.1505996389729997,0.737980472204168
17150,2008-12-01,-0.5910946243970476,-0.6856074851857331,-0.6138520803130643,-0.7425374259435411,-1.2718453846477116,-1.4707346024052026,-2.7052967595462776,-2.537673588579751,-0.25128800068547924,0.737980472204168
17150,2009-01-01,-0.10944993243857525,-0.15063335853400364,-0.005026420585492766,-0.03619171015862323,-0.5628587817737861,-0.71282518909043,-1.217592040068974,-1.6310664851767362,-0.32324966809431815,0.7721932141886848
17150,2009-02-01,0.7432018686711697,0.8485632630419978,0.4952812096490973,0.5628741699860271,0.2518811179493772,0.2395803840157871,-0.11307357670786983,-0.2525355695735868,0.0709072035111957,0.7721932141886848
17150,2009-03-01,1.4046628174713338,1.464232626957862,0.810323272775597,0.8778507071139388,0.7465865202433589,0.8072268351658721,0.34279178967721224,0.27603251378251675,0.8336836046141403,0.7820068867537175
17150,2009-04-01,1.4167673651305757,1.4670646564976573,0.8227338356660158,0.9456391885778294,0.8129976614769799,0.9016149539654735,0.4158240385560499,0.40805715669581455,1.3473338090516247,0.7820068867537175
17150,2009-05-01,1.1349995746022068,1.255536274051495,1.1136952100396877,1.2115872328385155,0.8906700826273337,1.0033883326252833,0.7064341207430909,0.7556057655582884,1.4935979108631587,0.7820068867537175
17150,2009-06-01,0.600175915637816,0.6600066056198175,1.4615930091906397,1.5418121947197245,0.9189649474333904,1.0139999496839822,0.8555706168146804,0.924628988599492,1.2659644374026238,0.7820068867537175
17150,2009-07-01,0.4819497200866017,0.3972889919996298,1.3794242365231504,1.4130017921615312,0.8795128987046197,0.9992779562892959,0.8790992895861989,0.9552913958993394,0.9499544959462967,0.7820068867537175
17150,2009-08-01,0.1466575044575904,0.052842418632635245,0.9585513713273079,1.0675924455477523,1.0457921187647532,1.1677935035222555,0.8459554963965209,0.9537287086430457,0.46065471791800133,0.7820068867537175
17150,2009-09-01,0.16780294108304666,0.05215721922048486,0.3862326442985513,0.40742930065962474,1.3359386953731127,1.489777583805653,0.8173344369362229,0.9352497560072176,0.27665187899662397,0.7820068867537175
17150,2009-10-01,0.07680950748472319,0.1519030367575335,0.24575458650443716,0.19750751003540773,1.1060953107856986,1.1596037944690878,0.7533450826635479,0.8354751176313295,0.017142062747949945,0.7820068867537175
17150,2009-11-01,0.3274486267901776,0.3900422834718737,0.26063572469269747,0.2746129006830021,0.8643088943688906,1.0226834768350292,1.0374379724982832,1.1385725978614065,0.20490826694724995,0.7820068867537175
17150,2009-12-01,0.6441089274394678,0.6652344767662052,0.4725057332914041,0.4893092978190028,0.6517328132803278,0.6631576888015415,1.3504680475129522,1.364701933597791,0.4379470867001972,0.7820068867537175
17150,2010-01-01,1.4291534258768441,1.4754862817437329,1.1853534717284422,1.1945306419751316,1.2338467200156094,1.2022809681504953,1.5197405665026635,1.3928257797615902,0.9888180431866959,0.8180417759124541
17150,2010-02-01,2.091055954431837,1.921841907566175,1.8667051558912438,1.7220665749323376,1.8281656685925127,1.6665957270650527,1.8071296190935064,1.5744059072578298,1.5347252212586369,0.8180417759124541
17150,2010-03-01,1.4762947545385794,1.4786168488006584,1.491026411715946,1.4455820265310315,1.362828524837778,1.3580081189663615,1.398019329998991,1.3276381549635474,1.8345579842011055,0.8276041153933821
17150,2010-04-01,0.8770793071320319,0.8711966253996639,1.460558152273983,1.4980769018188473,1.2952140177731462,1.3161788027509287,1.3424383302680367,1.2913399525866123,1.6760474742533575,0.8276041153933821
17150,2010-05-01,-0.5253927247482117,-0.672119294727925,1.4014079380232225,1.3701709031275853,1.3224710226428986,1.3200787267406215,1.268636934080119,1.2261331419713453,0.9816724125381102,0.8276041153933821
17150,2010-06-01,1.1639643127105739,1.1107673106810076,1.768805503252073,1.7401592477772445,1.7679023447654152,1.6781680305725373,1.6103774042532515,1.532362703976861,0.6958449196001654,0.8276041153933821
17150,2010-07-01,1.4515617630997624,1.3451294944874663,1.3794242365231504,1.3387539609737213,1.8059454814544906,1.7801432924739897,1.613329295860772,1.5526677613527424,0.8315191016066247,0.8276041153933821
17150,2010-08-01,1.4867049329547608,1.2718137461345214,0.41400459369950804,0.3283121314211506,1.7268147000956524,1.6527811614452346,1.6065311901094044,1.5482272869494502,1.5595029021641535,0.8276041153933821
17150,2010-09-01,0.8164508512501012,0.6792791543193488,1.2063309389185983,1.0820202710385327,1.8269092457617464,1.8061675758134927,1.8045328452128513,1.6992714744157165,1.4533459232503387,0.8276041153933821
17150,2010-10-01,2.391911512710113,1.80242955965356,2.6734262300583893,2.252233730691104,2.3508518996841135,2.0930808135879104,2.498313267109393,2.2339174937711386,1.9428256553200824,0.8276041153933821
17150,2010-11-01,2.18380196428916,1.964219691619251,2.48768411747504,2.0939462288576434,1.6458569997779648,1.590381224216413,2.206596767957889,1.9744911913460217,2.086554130006477,0.8276041153933821
17150,2010-12-01,1.974868195094416,1.7609458404687661,2.14928982079769,1.8846009874390401,2.2487387460431334,1.8733813483283226,2.319810096884713,2.0040679642838994,2.4547333925579466,0.8276041153933821
17150,2011-01-01,-0.22897581566085026,-0.3838237605370712,1.5933080587980228,1.493109125350692,1.9524291406786491,1.7351584822611583,1.719112961765127,1.4860234560382817,1.5099258200386374,0.8656781844563757
17150,2011-02-01,-0.057902290338517085,-0.03927916293975934,1.2374805691710762,1.2688804456561373,1.6487875637772933,1.544863471312638,1.1377961611646201,1.0613660287549156,0.7087151836006254,0.8656781844563757
17150,2011-03-01,-1.247658143212762,-1.2966789260680356,0.7083298834311724,0.7839488297166389,0.8152428229748373,0.8508217143102055,1.129160576703577,1.0868021933833871,-0.5622539979914098,0.8749907341475217
17150,2011-04-01,-0.550110710664492,-0.47996844020814716,-0.5422552080708948,-0.6459403773328405,0.9454680438422554,1.0396543351552614,1.3247227037836815,1.3210709068553723,-0.7256606367177781,0.8749907341475217
17150,2011-05-01,-0.11834563769442172,0.10917956761305514,-0.1490283318563415,-0.05459976859505059,0.9284739357059453,1.0759844688837015,1.2506198695564261,1.289494722630351,-0.9093717472534864,0.8749907341475217
17150,2011-06-01,-0.08781581603205135,0.14805428490459857,-1.1898596374636166,-1.1607788260449339,0.5756332478107583,0.7354682745829281,0.691358768723653,0.789147857724857,-0.33897827115484297,0.8749907341475217
17150,2011-07-01,-0.6934149757620126,-0.7308549310783726,-0.9211785713820384,-0.8881426171250125,-0.7827347371873187,-0.9064633909133135,0.721509754258429,0.8246606086966984,-0.3580706034883009,0.8749907341475217
17150,2011-08-01,-1.1428237931302903,-1.2123120541299746,-0.6642372452180999,-0.5818222166319064,-0.46618935124519406,-0.445797687829307,0.7022370696041262,0.8535504318152344,-0.6964792813607253,0.8749907341475217
17150,2011-09-01,1.3380287496416485,1.3726423679935384,0.7597932236633321,0.8418932108018241,-0.481743699053352,-0.4675379851178046,0.9066852407174596,1.0618392166052897,0.15353684610913795,0.8749907341475217
17150,2011-10-01,1.7348030415052031,1.5160030641892452,1.2138941277799924,1.3085063880874617,0.5074039693945872,0.7057132568278934,0.20018160553150727,0.2998129185084945,1.3670564444890798,0.8749907341475217
17150,2011-11-01,0.8310386391548704,1.0785867043127941,0.31844987463516233,0.5477427602027148,0.06256145037396407,0.41093658433593594,0.026593895491164574,0.23426962550167532,1.554256622236394,0.8749907341475217
17150,2011-12-01,0.7102606930453881,0.9706263438742826,1.208377410436746,1.3755466663698581,0.9497543076588336,1.1500400316149353,0.04392146699604738,0.29731467980176984,1.2830337865727146,0.8749907341475217
17150,2012-01-01,-0.1213191173097391,0.0890680352615545,1.0204447975875028,1.2551308057878638,0.7217800438760261,0.9638519283422669,0.38507452291742483,0.634020199496009,0.5150398147710398,0.9153650878428138
17150,2012-02-01,1.2263565661510827,1.4489190463297748,1.3813001795178608,1.5827676530615542,1.0910690037746402,1.3503859120687252,0.8446615067031531,1.0707287984466887,0.6813181527353099,0.9153650878428138
17150,2012-03-01,0.37249295632808604,0.5612227862329388,0.6044506684282979,0.9378978079100518,0.9502021086604048,1.2409542260004611,0.8203760122123578,1.0824040816652183,0.5552245373510191,0.9244286998588878
17150,2012-04-01,0.6939378581807181,0.866440983049311,0.29275539109608595,0.5826859768769976,1.075022571478319,1.3590408114890895,0.8503506790941213,1.1037991809985601,0.8597203093679097,0.9244286998588878
17150,2012-05-01,0.7230425193997134,0.854839494174487,1.2361861223077324,1.4097781673896108,1.3691382336816058,1.571691903558636,1.141527252423979,1.3526798387412131,0.6739107543458477,0.9244286998588878
17150,2012-06-01,0.8308765862968225,0.7748534093423389,0.6337761022205367,0.8125961587066444,0.8247674118133458,1.1140765255427207,1.1225794230307737,1.3233610339905248,0.8844449678032866,0.9244286998588878
17150,2012-07-01,0.4385417274048553,0.21716781701886204,0.7365141514424234,0.7809328081591128,0.3680001129326436,0.6026228127614732,1.1096673778274726,1.3189613993445224,0.8251209876211172,0.9244286998588878
17150,2012-08-01,-0.7652204606620063,-1.4137293930652945,0.28063162468009345,0.1917118167785271,1.011153087952991,1.1852024486618205,1.1796962926859518,1.38570416382859,0.36227371697070404,0.9244286998588878
17150,2012-09-01,-0.14101328542906297,-0.8671099996212411,0.4424649033736008,0.21327415380098005,0.44584018789439656,0.5525649259214097,0.6610976341029337,0.9074282254095508,-0.1956382545970073,0.9244286998588878
17150,2012-10-01,-0.21826232257574354,-0.45342052908773767,0.019082388837274786,-0.3431527587155009,0.44652287409850067,0.3965857834441031,0.21387231109635624,0.3126352549348643,-0.7468672552091348,0.9244286998588878
17150,2012-11-01,-1.32735912077773,-1.627874672524198,-1.9029618871242446,-2.382414328661498,-0.6239779839506667,-1.0216882618421068,0.47941465725933446,0.5198847690277584,-1.105455053526019,0.9244286998588878
17150,2012-12-01,0.1354803507717295,0.037166316203397116,-0.165264494868078,-0.4555219109913652,0.2900782837179224,0.05482130365031947,0.4269282488852657,0.42367416039974165,-0.571736371943052,0.9244286998588878
17150,2013-01-01,0.7119617433293343,0.7376340912735829,0.43279358379014965,0.3266182724236797,0.5415009084873098,0.3620960138752563,0.787758778921667,0.740772405373324,0.032869642030622065,0.967421566101701
17150,2013-02-01,1.5339105180445884,1.5397569854220974,0.7051664878934,0.6439873934973498,0.43245988322373374,0.2533515949936912,0.6862030057414056,0.5657636088780025,0.9109155661274492,0.967421566101701
17150,2013-03-01,1.1965644586385877,1.2019874975561942,0.9529301416256326,0.900006056379329,0.7741456997620355,0.6622001594870118,0.965341184244628,0.7879403128207358,1.2796288433109797,0.9762363202907715
17150,2013-04-01,0.8882222476920903,0.8711966253996639,0.9827303755258727,1.0060362605674307,0.7659111909795324,0.6959622563391683,0.8245865938448175,0.6627140632576315,1.3632603913308992,0.9762363202907715
17150,2013-05-01,-0.17288823333166092,-0.3746857033803491,1.079113504739877,1.0740364007696472,0.47012454170969653,0.3528286576560281,0.24771592730293676,0.003878895949035458,0.907445856966736,0.9762363202907715
17150,2013-06-01,-1.1461193395225289,-1.4085231279513688,0.6831136001851825,0.6316409202510614,0.5330871540915955,0.4246960953522003,0.38760079152956695,0.19634787007871207,0.1327121067922098,0.9762363202907715
17150,2013-07-01,-1.552009325402418,-1.6441819444219743,0.22184205377846444,-0.000736621408541721,0.5599924080650235,0.504840996885202,0.3972299625644061,0.24907750621697122,-1.110349610792636,0.9762363202907715
17150,2013-08-01,-0.6100701406226074,-0.8731383866642244,-0.5550758095456425,-0.9181178207767048,0.8702840871369057,0.8588102631691716,0.2991393997153558,0.11050880305278844,-1.4368286519389013,0.9762363202907715
17150,2013-09-01,-0.5187551108615964,-1.008992079838694,-1.5178742321430159,-1.6623294030935911,0.4212512653332087,0.3294418400189031,0.3151007333366536,0.16316686224000124,-1.7096337276785136,0.9762363202907715
17150,2013-10-01,0.3795333371186124,0.5231104120282488,-0.6343471402339631,-0.8000765800249314,0.2751753591411542,0.17123228626679052,0.5743802146021756,0.5416423424252897,-0.3253886260027421,0.9762363202907715
17150,2013-11-01,0.9033111493720025,1.0229170695575294,0.5143231867548131,0.5737267478106238,0.17802304305990171,0.1664363528724145,1.1096286445482466,1.131109948572342,0.4949969421286454,0.9762363202907715
17150,2013-12-01,0.14868571612818615,0.3929278908718745,-0.2727016761927077,-0.11657055356464067,-0.8538817872708431,-0.8403142867758686,0.4136287968368829,0.4404478837755123,0.5150395101437983,0.9762363202907715
17150,2014-01-01,-0.7916120574696404,-0.8513794886710679,-0.6009866585200282,-0.5790726896704861,-1.1957610735504216,-1.2751187251751808,-0.2234862690854867,-0.35273243068322196,0.021895836623086126,1.022241387477896
17150,2014-02-01,-2.300840051368257,-2.3283149793420264,-1.056328449091117,-1.0982154990860546,-1.275179370906603,-1.3740536483849912,-1.3004680790842533,-1.5399403801819735,-1.1396716197894887,1.022241387477896
17150,2014-03-01,-1.5184653835391124,-1.7476173009949854,-1.0269011994958308,-1.1118119339051111,-1.2319633248843338,-1.3710589078765332,-1.7084942439973316,-1.7613875096324076,-1.7343009599972614,1.0308064799022894
17150,2014-04-01,-0.05284662633285042,-0.1852527102664025,-0.6736463041655251,-0.8290876309616422,-0.5479966928383116,-0.638926180978168,-1.0000710804688935,-1.1695772016669896,-1.6467087366112332,1.0308064799022894
17150,2014-05-01,0.7907448207525376,0.8738646751768997,-1.1271309994160585,-1.278816910558228,-0.45828025630616126,-0.48737425708088195,-0.6625781060985225,-0.7492657751605882,-0.3564152565948191,1.0308064799022894
17150,2014-06-01,2.070115402415325,1.757684282370863,0.22580276649896247,0.15131789099980913,0.15081256672795418,0.23762569826517702,-0.04563200670113788,-0.010463888427700642,1.0752133594131312,1.0308064799022894
17150,2014-07-01,1.418682252434603,1.3681814559710312,0.6862110736823402,0.6573918850316414,-0.09056913112904712,-0.11660364749947986,-0.0027097874523668674,0.03498241808933289,1.6328278892642376,1.0308064799022894
17150,2014-08-01,1.871916959480714,1.6166355086553788,1.5812433387213356,1.5660884303096927,-0.2632341588417655,-0.3351608289146281,0.18038651467833555,0.24387376461417654,2.09731130476521,1.0308064799022894
17150,2014-09-01,1.754637323470076,1.7501084713525223,2.4944426454633226,2.1192674663165594,0.9190504390840561,0.9882228018276741,0.7527165823583647,0.8927165788747307,1.8994059478956484,1.0308064799022894
17150,2014-10-01,1.937575148120225,1.594689180506042,2.2534366543566486,2.028757779717197,1.5946388989422051,1.5706923784480673,0.8551056700906557,0.9542434406036993,2.066842429452341,1.0308064799022894
17150,2014-11-01,1.3046918034135624,1.3422953096816472,2.0602496682122027,1.8784886358934607,1.9065470431583442,1.8442735650261142,0.4262361888734727,0.4909362806780276,1.8979095812862985,1.0308064799022894
17150,2014-12-01,0.5765246316437476,0.6136136300481096,1.418184514533075,1.3865563747178502,2.164911217377193,1.86681040330428,1.0107489565528776,1.0080723769893365,1.4724655280888217,1.0308064799022894
17150,2015-01-01,0.08959102695412532,0.06707124550352885,1.3631190244127966,1.3596430552632832,1.7486270790575575,1.6448302486825899,1.2832059078971487,1.2080389688419029,0.7025994268087411,1.0803193408149558
17150,2015-02-01,0.4960145133822511,0.5666927289463877,1.0750225290237678,1.1386956212008565,1.6788994367692522,1.6084208169172767,1.5788151752995225,1.4323020859270752,0.4058518939131494,1.0803193408149558
17150,2015-03-01,0.23286318901795314,0.22342976169662854,0.40619834948615957,0.4337304399002118,1.0033403184194112,1.0660907169865241,1.669045784108425,1.5866456148455477,0.2794916616717908,1.0886329293768884
17150,2015-04-01,0.29583679215964154,0.3676335924191813,0.17937976861714433,0.21581759863378877,1.1260653417594648,1.2274387977055257,1.4765225716793486,1.4804042865129503,0.3808562581440857,1.0886329293768884
17150,2015-05-01,0.31555872086525544,0.428119246350778,0.4958446836675718,0.5669709869312097,0.9597808933289598,1.0640751675467568,1.4287445442727664,1.4278989181161108,0.3253777957722648,1.0886329293768884
17150,2015-06-01,1.4550456822407778,1.3959877293032104,0.8672020489633142,1.0109066311158386,0.9389643032785591,1.04919590789378,1.4168362956899858,1.440405042782604,0.7998905590951749,1.0886329293768884
17150,2015-07-01,1.249890703059159,1.2152746923365818,0.8351305642530643,0.9125606013942953,0.5745277290566698,0.6923972022753412,1.398373815941953,1.4470650631765565,1.1650111094900872,1.0886329293768884
17150,2015-08-01,1.3856966140716491,1.2799466403740438,0.9132994890820513,1.0190998923961565,0.8488238011951292,0.9565466893424657,1.2427982286648056,1.3315296271213546,1.5780191090284426,1.0886329293768884
17150,2015-09-01,0.5889436904159951,0.3624730451066977,1.3041203581951497,1.238721403569024,0.8894490892123731,1.0172613239552286,0.9508866912944631,1.0293109392627142,1.2705179674427178,1.0886329293768884
17150,2015-10-01,1.453257790139624,1.2685954354263267,1.7575964631719223,1.6390375549189578,1.3649185242178148,1.3829128930402264,1.0692607927628652,1.1380946898700728,1.4254672717201209,1.0886329293768884
17150,2015-11-01,1.4367089551680663,1.364936649908934,1.8525819870105888,1.6845701951960435,1.4868325681514647,1.5124156578841088,1.302519090205334,1.333725528742017,1.4219853349503162,1.0886329293768884
17150,2015-12-01,-0.09929920687859782,-0.011221363525718717,-0.02204453306525771,-0.053900844180756816,0.7946712549686182,0.8403760686817165,0.6811256920483673,0.7679027999018051,1.056073767598288,1.0886329293768884
17150,2016-01-01,0.12419421214647865,0.2435765700187981,0.9586608223812297,1.022874077209046,1.3393480789960548,1.3377062381563982,1.1330208025604889,1.1318450567014564,0.5150398147710391,1.1422903927149712
17150,2016-02-01,-0.022986117218667234,0.019391061276363846,0.7791341560247881,0.8285236402127556,1.1545756215704266,1.169775282074816,1.042484392121546,1.0232690441195744,-0.02061481330879649,1.1422903927149712
17150,2016-03-01,1.3901742314748886,1.3984887031108593,1.0159693781487489,1.0696231468171087,1.023146369320991,1.0424743977572388,1.4197944470116421,1.3676645800699958,0.6385988657909044,1.1503493803760079
17150,2016-04-01,0.2693063573953297,0.01644099613638039,0.18754971288130487,0.12568563691900084,0.8062944291798203,0.7914965026555936,1.1262146372708994,1.0717464967845334,0.7350500280434803,1.1503493803760079
17150,2016-05-01,0.7093364546816644,0.7060519497442037,0.33539672820656125,0.3350417290890331,0.8969887466701567,0.9189973842691535,1.1841560581660342,1.1583307476243145,1.0273616593118586,1.1503493803760079
17150,2016-06-01,-0.6929797592137377,-1.0047755779839411,1.0061014155816472,0.9766730219063371,0.7014844737441948,0.708547295537374,0.7297064272613772,0.6872353099877843,0.2665148892103204,1.1503493803760079
17150,2016-07-01,-0.0073858951870222215,-0.23323645518307143,0.16358465579740689,-0.20391625607726852,0.12347636874761064,0.010352472390829282,0.7406842490659373,0.6961415326991006,0.12548976571631187,1.1503493803760079
17150,2016-08-01,-0.5619503792411472,-1.0826392322145226,0.3211987604230546,0.1069874165396804,0.11732875302387909,-0.00724542323862617,0.7338363859267137,0.6951859195778748,-0.5847559167490939,1.1503493803760079
17150,2016-09-01,-1.1866709883990723,-1.8792795900654276,-1.3365538621903705,-1.6670820634130186,0.6768650718806912,0.599018634873921,0.4189584750711243,0.3631783709082113,-0.7769209052972222,1.1503493803760079
17150,2016-10-01,-1.2282214255383235,-1.4583259390759808,-0.8814267271755862,-1.1853631934676219,-0.36333312489559166,-0.8067130109598085,-0.21773924361347782,-0.4380454671722094,-1.8424706660668002,1.1503493803760079
17150,2016-11-01,0.19752531457805286,0.26620518626133305,-0.15467701059251454,-0.296373679624552,0.29076645417251723,0.21894482241576177,0.21139106054392376,0.1309480064252047,-0.6279733330447433,1.1503493803760079
17150,2016-12-01,-0.08490893505227697,0.09394891052214516,-0.6437005293349239,-0.630510902627393,-1.0111831702224936,-1.146637026971333,0.5119350984603285,0.48695779431067054,-0.28957438008165215,1.1503493803760079
17150,2017-01-01,1.0679153996497666,1.3321299381746916,0.490199482328899,0.6922093006580018,0.42638452270438887,0.5438943558928949,0.5128713479196902,0.496253127066125,0.529439098704232,1.208990053570921
17150,2017-02-01,0.38968843475628334,0.636281402875642,0.3747494783801685,0.5920018482358124,0.1295541615081108,0.24942177284193126,0.4550017618642726,0.4942033382183843,0.5214045097951526,1.208990053570921
17150,2017-03-01,0.7923693783776707,0.8953182226892998,0.467966529308672,0.6457325000962085,0.16551486854454597,0.26942222777114716,-0.09356673414867363,-0.14655685845481353,0.8156088668940022,1.2167897772018257
17150,2017-04-01,-0.43004752991899264,-0.5600991085287248,0.5055807597692296,0.7228071748141346,0.10747021688288914,0.23631752551478155,0.05547579178890302,0.09207181230072249,0.3851597769787096,1.2167897772018257
17150,2017-05-01,-0.24732447570212307,-0.2576083732700706,0.14318525808286411,0.31012254849090043,0.16741400715876026,0.3462986169190951,-0.031086531740013808,0.04290985181084251,0.21135621193423226,1.2167897772018257
17150,2017-06-01,-0.4831296116703,-0.4814535713516902,0.45643295603362455,0.5616234067365946,0.21880918607482422,0.39453177690878327,-0.04563200670113788,0.04367815964263035,-0.48611237770937893,1.2167897772018257
17150,2017-07-01,-0.21739951421778297,-0.34228015988601995,-0.5584356354185261,-0.7494748060704112,0.3680001129326436,0.5635382288869634,0.01218926470521261,0.12994964454169022,-0.44077352924277213,1.2167897772018257
17150,2017-08-01,-0.04577653598079692,-0.2127591449041512,-0.38194868819893274,-0.5126383735959787,0.03353589505127268,0.15211349888629652,0.09467356154884632,0.22706857907019587,-0.4296223717011549,1.2167897772018257
17150,2017-09-01,-0.14101328542906297,-0.5957074787725117,-0.6951164340906316,-0.8381868470331282,0.27077524369682954,0.3315447866140772,0.07263999347114503,0.19582662174423096,-0.35512771078446886,1.2167897772018257
17150,2017-10-01,-0.12132178998411236,-0.04132929459235164,-0.37589230803789786,-0.48858533426109185,-0.6430748275673995,-0.823744811626605,0.24112274571608758,0.38376773009513315,-0.3585265098557132,1.2167897772018257
17150,2017-11-01,-0.8064433842721682,-0.8060225828819969,-0.9174540230754651,-1.0089570243641424,-0.878980013178687,-1.0064150936682286,-0.2954699674551429,-0.2314729935217808,-0.6945595247505447,1.2167897772018257
17150,2017-12-01,-0.26303965660896544,-0.25723572943202044,-0.5548534889213503,-0.6567536846940907,-0.8123428482845202,-0.9128459907513249,0.08170127420632342,0.09994906682835741,-0.5717363719430526,1.2167897772018257
17150,2018-01-01,-0.8699766779379543,-1.019531045165152,-0.9661883050275648,-1.083840383844031,-1.104241184336829,-1.2468238534523954,-1.3634024612557383,-1.7099786089842366,-0.8105024258100699,1.2815515655446004
17150,2018-02-01,-0.4712604924355748,-0.6653398208957805,-0.8613598104035983,-1.0316988991243334,-0.9520454655584443,-1.156384993823115,-0.9877335808409684,-1.2221965602613838,-0.6636109930869428,1.2815515655446004
17150,2018-03-01,0.07574844104339325,-0.11095393555500703,-0.24584758874489696,-0.39321483919670064,-0.3905851609906871,-0.6046731881806869,-0.5812403275996805,-0.7991450096914684,-0.503858752696239,1.2890853356658607
17150,2018-04-01,0.2155841387773944,-0.017553673119333413,-0.5515365355245808,-0.8552060302576967,-0.6527538042222767,-0.9429256134982681,-0.7636799846294231,-1.0578870722887481,-0.10643274301949984,1.2890853356658607
17150,2018-05-01,0.07311423183163972,-0.17140475403705605,-0.3659885977730784,-0.6882691344315371,-0.7127682159098427,-1.0284681328955299,-0.794125911808963,-1.1206185361348795,0.13597913119563743,1.2890853356658607
17150,2018-06-01,0.2186911103416468,0.07800735350294842,0.06753081242190168,-0.17437734244782596,-0.21016288126810512,-0.41839566285582563,-0.3286644968397796,-0.5892055198065792,0.22719929459499533,1.2890853356658607
17150,2018-07-01,1.5644972686411238,1.3993414639640407,0.9596136266444195,0.7896659476132153,0.08439373932174712,-0.11860665640694017,-0.0251510659556603,-0.22099803036560967,0.7136749165587549,1.2890853356658607
17150,2018-08-01,1.7466776483142696,1.485934284478261,0.9977080877131034,0.86350190124503,0.26855520505526614,0.045501049998666616,-0.10058485809900883,-0.35566862701580876,1.345314979436076,1.2890853356658607
17150,2018-09-01,0.8944420304284579,0.8241068344704259,0.5719735177507514,0.354215272234611,0.28351391900127537,0.06202355817820461,-0.004345143416394645,-0.21293882910670112,1.605781064521393,1.2890853356658607
17150,2018-10-01,-0.7460631000313044,-1.046377235861305,0.6289724495679988,0.498716419786604,0.4944539261582195,0.2569476113058656,-0.17622653083344517,-0.4958676977686436,0.8627518137065737,1.2890853356658607
17150,2018-11-01,-1.0372137409174123,-1.215933489939498,0.3256163040891408,0.167501587409985,0.1832054268979497,-0.058701504113424764,-0.1501161662925338,-0.5432383464495183,-0.5378242156035002,1.2890853356658607
17150,2018-12-01,-1.1684336918745308,-1.3182374011718656,-0.621292036366808,-0.8106615494185211,-0.4549153360902545,-0.7244083469519284,-0.301383589855833,-0.6669287413866203,-1.3422051450961883,1.2890853356658607
17150,2019-01-01,-0.2773144329020528,-0.346683912088264,-0.6640771108961289,-0.8298372874690623,0.14454867719786704,0.007808084828048253,0.28749722870268724,0.07868083894577334,-0.9002116423390821,1.3615709340755844
17150,2019-02-01,-0.1999773987555219,-0.19632443602951297,-0.7454143297262265,-0.8892369804251249,-0.05249841739399197,-0.13876485422849885,0.01375669511770127,-0.18432825970021824,-0.5574028912210758,1.3615709340755844
17150,2019-03-01,-0.2788108410123657,-0.4457862781387181,-1.0062252730486614,-1.1952753124060886,-0.7018303849912935,-0.9459892889272252,-0.6111309914639721,-0.8994260978839503,-0.3237570590751938,1.3688293262216265
17150,2019-04-01,-0.4133089261313714,-0.5256297930349586,-0.505285329989653,-0.6437592587998077,-0.8005718445720477,-1.025130146791255,-0.1697788112037482,-0.3572223258608647,-0.3720851731070844,1.3688293262216265
17150,2019-05-01,-0.1545885205641724,-0.22101806770802468,-0.27966485279369346,-0.34699817099318275,-0.7302510089322436,-0.9281544938672097,-0.14547465279609897,-0.27389501061398086,-0.3829493944294155,1.3688293262216265
17150,2019-06-01,0.36974017162609285,0.3092159962475173,-0.157377521642328,-0.3341054994794756,-0.8284241965318188,-1.0693970683374974,-0.550798133661309,-0.8099628914551333,-0.10665708324466917,1.3688293262216265
17150,2019-07-01,0.4819497200866017,0.30624791242415134,-0.14421044714498346,-0.34760693052643105,-0.35440137660723686,-0.5174274529848609,-0.6314891655260064,-0.8861041906574092,0.2417453194826937,1.3688293262216265
17150,2019-08-01,0.5546693128632929,0.4152084911681894,0.026160705919883016,-0.11394579332296674,-0.19165555392660957,-0.30225555352818706,-0.6245735008957687,-0.8718623848657425,0.47820792436973136,1.3688293262216265
17150,2019-09-01,0.3937738042396422,0.2612563113920149,0.32891694732644056,0.19364780303455423,-0.1489467850298607,-0.3381698186557468,-0.7754279370866585,-1.0313184771451316,0.5412418453610887,1.3688293262216265
17150,2019-10-01,-0.0524726275044905,-0.12208958198401006,0.1575114861863907,-0.0657253891522466,-0.2502421913693353,-0.5045174242362674,-0.40414376165908994,-0.6347858612894226,0.24428097475329758,1.3688293262216265
17150,2019-11-01,-0.5486075339417966,-0.7765205395093253,-0.2874063832856907,-0.592326452247185,-0.3949922907145476,-0.6744505325559642,-0.40856646404818814,-0.6734619953913125,-0.2645114340479106,1.3688293262216265
17150,2019-12-01,-0.5389783309957884,-0.7430437838424095,-0.5256940855493161,-0.7292930789653015,-0.2810083638000608,-0.5031515657541462,-0.4494021640501624,-0.759399507707021,-0.5801826354622387,1.3688293262216265
17150,2020-01-01,-1.0427419512258012,-1.2149503649314095,-1.0893134672216935,-1.3023299620176902,-0.866442517739357,-1.1569489997052207,-1.025668298893971,-1.5317430762026858,-0.9282185023256627,1.451406622807292
17150,2020-02-01,-0.6519714452874262,-0.757270566639523,-0.8720174492728203,-1.0863382166534947,-0.7560205519842697,-0.9981743477458932,-0.7361287220162843,-1.030297658326842,-0.9066890887142427,1.451406622807292
17150,2020-03-01,-0.4164338648878343,-0.5825077261519339,-0.7945598868759263,-1.0174938585299045,-0.7427081521155536,-0.9922338662039183,-0.5812403275996805,-0.8395756151185728,-0.8502562597316213,1.4583763270590433
17150,2020-04-01,-0.15796240127897393,-0.224698027516934,-0.9264689874511923,-1.1363329531813107,-0.9813585872568976,-1.2367023598560465,-0.826110470435153,-1.1033465444411998,-0.5443772620261612,1.4583763270590433
17150,2020-05-01,0.13971409357106582,0.2194067873881174,-0.46421023919016946,-0.5367543668385595,-0.6866705757192442,-0.8832579327069782,-0.5979140156729754,-0.8058266535644205,-0.24013907649637584,1.4583763270590433
17150,2020-06-01,1.2776173882525845,1.262710432654147,0.28019684202912415,0.3271723041001251,-0.1617263271945464,-0.2352081015875592,-0.13558323996566998,-0.21410588100425001,0.4946905637945731,1.4583763270590433
17150,2020-07-01,1.3284713036794542,1.2890188369891828,0.558401150615533,0.568208651346406,-0.349346095592373,-0.46148040120507283,-0.42026525499364786,-0.5796565249994328,1.0546714517858056,1.4583763270590433
17150,2020-08-01,1.0089535293945218,0.9584668724174624,0.5373378580849925,0.6194753620625283,-0.1774744058976766,-0.21523792498734656,-0.4120091104130434,-0.5832260112013715,1.3958116817736217,1.4583763270590433
17150,2020-09-01,-1.5804726356358556,-2.365179153211033,0.5733081013462142,0.5187666619995333,-0.08740822372855918,-0.19658290901241302,-0.4569567747140219,-0.6645571020760231,0.7861388790230015,1.4583763270590433
17150,2020-10-01,-0.9273873063920821,-1.7159754500717457,0.3809987459135712,0.2176892549729622,0.0800198044830638,-0.0883298077567131,-0.636960299259466,-0.9211487873048105,-0.4405692343431469,1.4583763270590433
17150,2020-11-01,-1.6149902314335505,-1.815784601170705,-0.804995878283288,-1.1051644711780706,-0.5309368584079769,-0.7341351009657436,-0.8673292362859307,-1.1499343649371176,-2.146734853396231,1.4583763270590433
17150,2020-12-01,-2.0908142603226882,-2.400519248629633,-2.4967496203295436,-2.675759604917261,-0.8734588259504589,-1.1436357892149442,-1.0544652564344685,-1.4250989612947014,-2.0572410051280325,1.4583763270590433
17150,2021-01-01,-0.015147686972098092,-0.1252562320636342,-0.4656978687904828,-0.7622003066399164,0.1740014782352887,-0.0178685824963238,0.12349565759823791,-0.05115160827475758,-1.151980738718481,1.5547735945968535
17150,2021-02-01,0.6517757825103768,0.663590617990728,-0.22635144895479842,-0.4475390566105715,0.02875415503046239,-0.1377044857817504,0.1110862687963031,-0.015420356764830483,-0.21951882247416046,1.5547735945968535
17150,2021-03-01,1.3094816549406696,1.3819593370075633,0.24861658530882064,0.19677508271936786,-0.07233285757650319,-0.25504647499715627,0.43440173199508486,0.34598222132277856,0.7829068150735448,1.5614354093618503
17150,2021-04-01,1.1873735996497543,1.2897982410084174,0.7112967481773611,0.7970072201455142,0.35274927159626646,0.28380478438568946,0.7439463755101409,0.6911699278987932,1.2004941857798435,1.5614354093618503
17150,2021-05-01,0.9351122954360739,1.0760253823212216,0.9382302397537959,0.9890164754841304,0.24657121926681402,0.17494160944306084,0.4310481115284476,0.37567175419207743,1.3275142081376297,1.5614354093618503
17150,2021-06-01,1.0762692282614945,1.0727757690487338,1.5773718455765298,1.6434545673207994,0.617877802522632,0.6492061686265048,0.33013620446472086,0.2684571874028748,1.2292204409085523,1.5614354093618503
17150,2021-07-01,0.101906620164857,-0.04978320544199009,1.0287193921170976,1.086235072399883,0.6567670176915166,0.7233190734004294,0.33799481515309554,0.2640615378474759,0.9340887719306189,1.5614354093618503
17150,2021-08-01,0.612783430039538,0.4847570730665173,0.9742624907062357,1.047925873304537,0.9930512469163455,1.037103762669562,0.3362342914995033,0.23716217383640678,0.7203952236069204,1.5614354093618503
17150,2021-09-01,-0.7244114403599295,-1.5060821491541752,0.48944982682240573,0.40742930065962474,1.2978435669748118,1.4120255282329943,0.3734853705990101,0.3369292455902256,-0.0032653887172473433,1.5614354093618503
17150,2021-10-01,-0.008206204229066694,0.06384074096649375,-0.07115511398623475,-0.19167922526806183,0.7754392521426885,0.8426032222025958,0.5326428549859332,0.5607343048325963,-0.11196338183953065,1.5614354093618503
17150,2021-11-01,-0.03840971798376913,-0.03728912052535016,0.19305603483900657,0.1286664339269938,0.6746237600997312,0.7902736284431072,0.8674833608354398,0.8978122320634258,-0.282474961613985,1.5614354093618503
17150,2021-12-01,-0.07059613475651033,-0.121135611803192,-0.5490037454472245,-0.7723958644952986,0.172521778061074,0.08760056036025306,1.0239172587415513,1.0455472856718329,-0.1100608324128323,1.5614354093618503
17150,2022-01-01,-0.8046142916274824,-0.9805196461479567,-0.8457583979504012,-0.9945621498064999,-0.8253946767164351,-1.0239268594159305,0.23096599784225025,0.216816453266947,-0.4270543421525311,1.678070518220909
17150,2022-02-01,-0.057902290338517085,-0.05053898915059899,-0.11267006806276378,-0.11244258933783322,-0.026527531945131338,-0.0555119509702444,0.4510207986037977,0.4792656335857202,-0.392701153088723,1.678070518220909
17150,2022-03-01,-0.05628850592325266,0.01623380250342323,-0.23705635644009657,-0.21309535094091167,-0.49018804640252317,-0.5782006850653053,-0.015945032060264815,-0.04522554516916815,-0.3751564752391299,1.6843954831101982
17150,2022-04-01,0.463257674259114,0.6072421433267468,-0.3329601925942682,-0.3807617370046612,-0.403282838649931,-0.4602625316772677,-0.4107957719882967,-0.5083527642519532,0.09266222229763188,1.6843954831101982
17150,2022-05-01,-1.2528575031158735,-1.2569854600137265,-0.6476557839819643,-0.695434015863613,-0.6007483824781249,-0.6525481279162013,-0.49908364811821,-0.5676789591263323,-0.1838469596617711,1.6843954831101982
17150,2022-06-01,-0.4831296116703,-0.6294488841200476,-0.37513665146043135,-0.3965625712895435,-0.46755112937945315,-0.5204061403502755,-0.6861068287515525,-0.8369973512490364,-0.33058773508941675,1.6843954831101982
17150,2022-07-01,0.4166138145576109,0.31597604882199465,0.5310212278110616,0.5943497442505585,-0.22103914209156567,-0.26416576190930374,-0.2797770588144432,-0.31872455584320625,-0.6362313356034032,1.6843954831101982
17150,2022-08-01,1.4197944145878905,1.2663565500339478,-0.06333833431731979,-0.04102028959443458,-0.13870209511334905,-0.14859654430262292,-0.15744203007536994,-0.17473078449952525,0.47820792436973164,1.6843954831101982
17150,2022-09-01,1.0487503759416779,1.075313255581576,0.25566155105076943,0.11703703721014687,-0.019483497958014396,0.004050028615749162,-0.16532125830600425,-0.18792436335630647,1.1700787265878683,1.6843954831101982
17150,2022-10-01,-0.8845365731055065,-1.1157540922414406,-0.35723005301448096,-0.5784743294710488,0.06416717752072201,0.046491721964015874,-0.500792342233502,-0.6463644325852455,0.7442669212396026,1.6843954831101982
17150,2022-11-01,-1.397342958087621,-1.5483193765772936,-0.23704837301400225,-0.44638830686583947,-0.97203597540833,-1.1689274078206209,-0.7291241345164909,-0.9270061779179882,-0.6676993301058006,1.6843954831101982
17150,2022-12-01,-1.238116915891673,-1.5765392547418278,-0.5256940855493161,-0.7723958644952986,-0.7849547228698794,-1.09277600531803,-0.6522275499657136,-0.847918420428249,-1.5885621376969123,1.6843954831101982
17150,2023-01-01,-0.39952626042184336,-0.6383611633299321,-0.8219826191064921,-1.1067715576201334,-0.6423497060362005,-0.9551488443499471,-0.14466554138335425,-0.3059124292204866,-1.1077220331936575,1.8339146358159146
17150,2023-02-01,-0.6651403258385216,-0.861947683912365,-1.3273465834340596,-1.599955822615908,-0.7366560408768773,-0.9915612923939906,-1.2302324165008964,-1.518882268175418,-0.8278959196686139,1.8339146358159146
17150,2023-03-01,-0.2545264539405882,-0.42279572990139014,-1.0165515114982961,-1.2913569004265493,-0.6255276107038068,-0.9059083650880456,-0.8181294147898269,-1.1184847879980113,-0.5378315039534216,1.8398553707779424
17150,2023-04-01,0.5744566959769215,0.6448212909894687,0.021970148675609997,-0.09284888680713059,-0.3118182640065353,-0.5202489613537932,-0.21293385897299336,-0.43205583316903207,-0.187522105567527,1.8398553707779424
17150,2023-05-01,1.971694220873923,1.8698039659974057,0.7856213704895422,0.854648025547728,0.16015605701884947,0.12805530572421536,0.501328239748414,0.4828805494432526,0.8471324238818946,1.8398553707779424
17150,2023-06-01,2.2815723334665288,1.90712919649707,1.058980491866787,1.1781358664935344,0.30083626520871976,0.30056676493436657,0.5351028708434296,0.5485324630433267,1.7170452466825132,1.8398553707779424
17150,2023-07-01,1.418682252434603,1.38242120245666,1.1346567423006944,1.2070798421052298,0.5088612760076436,0.5325993650787023,0.2015702503871504,0.14724592447131965,2.138409629689745,1.8398553707779424
17150,2023-08-01,0.007663426577381239,-0.26081696524846965,1.7008076759369621,1.6666998112448037,0.6857116952323253,0.7204310873611464,0.09899775548236839,-0.008098345310619526,1.6905947553267124,1.8398553707779424
17150,2023-09-01,-0.12003319818502321,-0.9252430127168404,1.7250625240091266,1.5734916047173773,0.8715994478638742,0.9488714727009451,0.15650569264299824,0.04770692137794782,0.6615471931949929,1.8398553707779424
17150,2023-10-01,-0.4167093291095122,-0.8011231718785623,0.6427475421559959,0.5551527707369925,0.7370518924861748,0.7271470862752175,0.292426461283474,0.1737193112983913,-0.51906622989818,1.8398553707779424
17150,2023-11-01,1.1007108713168534,0.9958696742893681,0.8996611961831589,0.728857803187374,1.8885201405956962,1.7666101756946788,1.0464002431404364,1.0249842186246194,0.39384805953299035,1.8398553707779424
17150,2023-12-01,0.9111387944295616,0.85245593504566,0.6469030448036818,0.44413622928528573,1.7769554569722266,1.5422244221550148,1.1433242722639536,1.0964455370000004,0.7591921505180891,1.8398553707779424
17150,2024-01-01,1.2704788358852737,1.2442780567954244,0.8658013306005613,0.7190353917744112,1.3363629446554093,1.1886852942896242,1.2352927886750975,1.1193678631559676,1.2396129726347633,2.0537489106318225
17150,2024-02-01,-0.15218102929632313,-0.336920897861512,0.47819815646381786,0.33433627666077453,0.36063880318615804,0.14793723019940339,1.2664916664678425,1.1048254972399782,0.7398211117461684,2.0537489106318225
17150,2024-03-01,0.15010038820420593,-0.012541460681543621,0.5819364857883659,0.46000499371493414,0.4168936901560284,0.19246360374485239,1.3188529558784812,1.1748056301340055,0.4547325850694697,2.05921460987167
17150,2024-04-01,-0.4133089261313714,-0.7547926746046282,0.6661647058277587,0.5538578856382048,0.4149023492592394,0.1720600423720061,0.8349065868017349,0.6469286045508869,-0.15180102407947604,2.05921460987167
17150,2024-05-01,0.022150349927052334,-0.07461685079036903,-0.1490283318563415,-0.38129506262067964,0.35955810660091037,0.18699487069999776,0.2658698628949815,0.025983069543450192,-0.08069574893270762,2.05921460987167
17150,2024-06-01,-1.0160021423955097,-1.4668124199125827,-0.37513665146043135,-0.7514828755063749,0.18868833915428984,-0.07948537566730207,0.06158715436011475,-0.31274780424201504,-0.5129922220807862,2.05921460987167
17150,2024-07-01,-0.7934049650227885,-1.2191710631920631,-0.8382155076125227,-1.3608614239011627,0.3829740293781756,0.12882278511856196,0.17724423040064732,-0.19450874792090828,-0.692971096553974,2.05921460987167
17150,2024-08-01,-0.7115446146489821,-1.8292231211022743,-0.39880379046470577,-0.9569476615728614,-0.4005995870016989,-0.8798551891265315,0.17330487983523915,-0.20463847617732622,-1.1253480087477006,2.05921460987167
17150,2024-09-01,0.29789961553310806,-0.2986447516800291,-0.782392474538992,-1.3825124758557776,-0.39090338466411056,-0.9263176383468794,0.15219758965989827,-0.2212971745892131,-0.7169483331964757,2.05921460987167
17150,2024-10-01,-0.9273873063920821,-1.4445846655933807,-1.4683898913637545,-2.0282252662627576,-1.285707076668599,-1.9202925543224165,0.07493212061064812,-0.3218387300183171,-0.8735340330283448,2.05921460987167
17150,2024-11-01,-0.5873132647308756,-0.7008042300676067,-1.021383569396618,-1.5265497277589517,-0.7495554299880844,-1.2552760611462106,-0.6403705488205464,-1.2265685562340112,-0.6945595247505442,2.05921460987167
17150,2024-12-01,0.27745340519003614,0.30745611210361146,0.16559620526772847,-0.0067885558370391706,-0.36384654126552074,-0.7571129380156106,-0.1782680585640757,-0.6097109283227264,-0.375527192366242,2.05921460987167
17150,2025-01-01,0.4511117502575885,0.46809497420118834,-0.02568477126634481,-0.1659510448420668,-0.34388792751560066,-0.6853360293700523,-0.46286569065451216,-1.0879189846541155,0.1514856881420261,2.474739649219482
17150,2025-02-01,0.21513201629087073,0.2434390114551613,-0.16924742071082297,-0.2350836918269299,-0.44176885180641057,-0.7285349782732429,-0.34894639044910064,-0.6814936473355339,0.325627737981643,2.474739649219482
17150,2025-03-01,-0.6027120725370931,-0.8389230627553863,-0.39771929636964043,-0.5533632129493342,-0.4076198019109188,-0.6965867211556558,-0.7641913385694238,-1.16664855824146,0.007489336469136174,2.4794668853016666
17150,2025-04-01,-0.7501406356594005,-0.8659361090689636,-0.11394621839668692,-0.18784578557677825,-0.45388089541885535,-0.6651752038289445,-0.7283865317333262,-1.0692547114050903,-0.4157253558613421,2.4794668853016666
17150,2025-05-01,-0.5676496166002045,-0.7343012227153031,-0.1398587345128881,-0.22524399623200875,-0.4171979066070599,-0.5725921394033598,-0.6382443735099568,-0.9724385958148918,-0.8537584843196244,2.4794668853016666
17150,2025-06-01,-0.5597207400324494,-0.6120136483711053,-0.9166538491814052,-1.166012880442267,-0.6492592057822242,-0.844811995350721,-0.6301407586187001,-0.9476993482947692,-0.8387961863278002,2.4794668853016666
17150,2025-07-01,-1.0442217042622137,-1.3790166149897003,-1.3010431272185472,-1.5290912364976448,-0.4478552548592404,-0.6796336492491833,-0.7675143761822464,-1.1199475779236767,-0.9564194606740505,2.4794668853016666
17150,2025-08-01,-1.3829158077234949,-2.2309905822881837,-1.196185275443319,-1.681098264092472,-0.4851107019282224,-0.7749987159063911,-0.7106785603319299,-1.0528211983578957,-1.1396083995292763,2.4794668853016666
17150,2025-09-01,-0.3766749082196425,-1.3613989487176978,-0.8964243009494867,-1.2192282993807662,-1.1383413143137604,-1.5633143986667157,-0.8181247727930014,-1.1438019588649535,-1.6219232012449796,2.4794668853016666
17150,2025-10-01,1.149088558359908,1.0913333332096053,0.4541614983392601,0.29669978315687445,-0.22816831929855422,-0.4587415954287484,0.0819890972774261,-0.04967189365510447,0.29074725259338174,2.4794668853016666
17150,2025-11-01,0.9319516276643536,0.9462905521668462,0.3754154949892762,0.18256579471941733,-0.14380921237223418,-0.36787336475267624,0.0644668602890392,-0.12280981622469092,0.901513773806785,2.4794668853016666
17150,2025-12-01,0.20089536377004627,0.2560788916891226,-0.17853803756866649,-0.3506881800272864,-0.4982803300762466,-0.705997836823469,-0.8862377203951817,-1.2594080734910826,0.845791944549441,2.4794668853016666
