date,station_id,SPEI3,SPEI6,SPEI9,SPEI12
1950-01-01,17115,,,,
1950-02-01,17115,,,,
1950-03-01,17115,-0.012604616004200235,,,
1950-04-01,17115,-0.7291054438301903,,,
1950-05-01,17115,-0.8465041917712063,,,
1950-06-01,17115,-1.9272513367333381,-0.7682848839902848,,
1950-07-01,17115,-1.6751029159887183,-1.5518175901350655,,
1950-08-01,17115,-0.9747273027028496,-1.419910917147914,,
1950-09-01,17115,1.4829352073920625,0.40062798985253134,0.21487745646595705,
1950-10-01,17115,1.1759588537023258,0.670301411024202,0.03135493769299456,
1950-11-01,17115,0.6804315482438164,0.3070432909340842,-0.1340999215454421,
1950-12-01,17115,-0.6346140049268236,0.23653433163224286,-0.4180258193082348,-0.3626476423550973
1951-01-01,17115,-0.696815971934304,0.13683043704963083,-0.31217337462913547,-0.5937157003256225
1951-02-01,17115,-0.5480886505096456,0.07854981412708675,-0.2494115446402671,-0.5526231911425721
1951-03-01,17115,0.058297876797229475,-0.4870126972717895,0.17526647930766273,-0.4047442585872479
1951-04-01,17115,0.23670177725228525,-0.45047582860498786,0.17186028753653088,-0.2338539554525242
1951-05-01,17115,0.22953130028801633,-0.3281240192321792,0.13085659434072172,-0.15954416332860055
1951-06-01,17115,-0.5442765367618887,-0.20637099495982472,-0.7246432480552825,-0.015408090592998138
1951-07-01,17115,-0.3032707539743938,-0.06387508820592229,-0.6461783889282521,0.02288863409370951
1951-08-01,17115,0.6933744811478506,0.5496695160393833,-0.17348497274496283,0.2103662690977047
1951-09-01,17115,0.5437714819179659,-0.32836050609060596,-0.16047348575598572,-0.6849819653046721
1951-10-01,17115,0.5613731986870766,0.2410475136281642,0.24624308238151785,-0.48916874509233566
1951-11-01,17115,0.020826157631677788,0.2213445422396186,0.2280565410866549,-0.24215764850463692
1951-12-01,17115,-0.1331658231960128,-0.08219212843778474,-0.3925278318978564,-0.301605647207317
1952-01-01,17115,-0.36996186366350375,-0.1793268146677366,-0.3714292293999575,-0.23975862595616168
1952-02-01,17115,-0.21549422393156042,-0.2690012067702215,-0.12633815896702782,-0.08477637349731487
1952-03-01,17115,0.033899902034906934,-0.14201263542236764,-0.11011957063609742,-0.398404465479882
1952-04-01,17115,-0.6123856635888819,-0.6308879317717438,-0.4467989386134178,-0.6293770450281786
1952-05-01,17115,-1.6506511167332365,-1.0656509057076378,-0.9290650036634072,-0.7075855980845814
1952-06-01,17115,-0.29514543374275587,-0.12125245700219088,-0.29816997785703314,-0.23253174919765798
1952-07-01,17115,0.5739854171577333,-0.28261570792203206,-0.5002304887910094,-0.3448895411222153
1952-08-01,17115,0.8426611243116018,-0.9346014010312831,-0.7287734356619556,-0.6733650792097732
1952-09-01,17115,-0.5547433061432001,-0.9648787320086294,-0.5340690341574269,-0.6071246347350208
1952-10-01,17115,0.5577324145747837,0.6488760441643318,0.08321358247120572,-0.37766607719661616
1952-11-01,17115,0.5509146493423475,0.688132258765646,-0.0075994442376263495,-0.24583966704960675
1952-12-01,17115,0.6493039180709499,0.2776959333856094,0.06610240295334173,0.054257514915369454
1953-01-01,17115,0.45731195065617336,0.4851183092097516,0.5393815853946494,0.27717594744511337
1953-02-01,17115,0.8656074309443452,0.8603422352212302,0.9418342866152231,0.41876086164182375
1953-03-01,17115,1.1203062022082655,1.0543614872364726,0.7770298666357824,0.6074750565438753
1953-04-01,17115,0.948222601458141,0.7108708856598661,0.7385091486327975,0.7893556556018521
1953-05-01,17115,0.5760561063942047,0.9243007597193301,0.9237464339901936,0.9903380981894335
1953-06-01,17115,1.0924106804730296,1.4168163634295843,1.209534256649965,0.9894665760312533
1953-07-01,17115,1.388025524777068,1.6256569680769934,1.0241046817755506,1.059247245973536
1953-08-01,17115,0.9890208659536669,1.1435118908005324,1.1460801997281314,1.0536067355105179
1953-09-01,17115,-0.39188889068137556,0.6236210379863254,1.266012827824339,1.0834880622451633
1953-10-01,17115,0.8740173280456704,1.3893753543918408,1.7276678198096267,1.21485425675818
1953-11-01,17115,0.03636434888185163,0.3777191495572088,0.5247188136582688,0.8114188261815661
1953-12-01,17115,-0.489238243099135,-0.704613468956631,-0.19283959014381027,0.4659055521471923
1954-01-01,17115,-1.0187804376746614,-0.39034039032800266,0.15916521486386312,0.5347170354180283
1954-02-01,17115,-0.14796696524205014,-0.21124584748515304,0.05501722287766768,0.19970464146588157
1954-03-01,17115,0.31968264252485185,-0.2010653946735181,-0.42672075365853757,-0.07198341989161937
1954-04-01,17115,-0.13092509776098835,-0.9322597464259996,-0.436920877769588,0.03703333770855755
1954-05-01,17115,-0.21665031401380683,-0.21814815330503473,-0.3027409947060727,-0.026328437096716138
1954-06-01,17115,-0.3402637281692808,0.117587613591832,-0.3710749655142899,-0.5601882150227027
1954-07-01,17115,-0.42881622377496964,-0.4862798147717191,-1.1784237657096934,-0.6175061823054349
1954-08-01,17115,-1.2271584542985896,-1.0428201526082876,-0.7364299866209723,-0.6683433552974494
1954-09-01,17115,-0.3487829499648344,-0.8861571104923968,-0.21772033003135477,-0.6338106046530924
1954-10-01,17115,-0.5194395032870531,-0.898604908942672,-0.9465236895690609,-1.3703197527100892
1954-11-01,17115,-0.5297966187671902,-0.967880673419645,-1.0607516459433215,-0.997111847146814
1954-12-01,17115,-0.38194314949729086,-0.6032442015225565,-0.8333158591810977,-0.4930417101451866
1955-01-01,17115,-0.5255463415136956,-0.8845379713504279,-1.0718379210773703,-1.06484077663717
1955-02-01,17115,-0.041535132722282195,-0.5225230846843194,-0.8784492058549208,-0.9066030332834942
1955-03-01,17115,-0.41832705554347654,-0.6445642123799,-0.816380467209833,-1.0019434748472305
1955-04-01,17115,0.49958202348515696,-0.17392601070209143,-0.5704800027977367,-0.7749452975779509
1955-05-01,17115,-0.6875166858299623,-0.3561576831214269,-0.790349763550718,-1.1065070354682864
1955-06-01,17115,-0.5714377212656447,-0.6652528728055787,-0.894464433392266,-1.0275806401213803
1955-07-01,17115,-1.7608761115624247,-0.35031291875430476,-0.6692378730789649,-0.9821075785168694
1955-08-01,17115,0.4442748812549831,-0.485416660687465,-0.3215995527333192,-0.7101689158552305
1955-09-01,17115,0.6230611945039101,-0.2608174274649065,-0.5652829617913947,-0.7944350442402761
1955-10-01,17115,0.7644967755102376,0.03232651323612916,0.2651023557286536,-0.3696205989285229
1955-11-01,17115,1.8103619825939548,1.652807770255236,1.617569759441143,1.3055059525055213
1955-12-01,17115,1.683475039353397,1.515283336276413,1.4306009881842652,1.0946879946801302
1956-01-01,17115,1.5232642912300465,1.5571850518003882,1.3216763790046706,1.3161045771348392
1956-02-01,17115,0.4847667394962177,1.7457155330089578,1.6877301730096033,1.5070230699142309
1956-03-01,17115,0.9523485114710087,1.7583750667110796,1.6715144000569997,1.615111544267268
1956-04-01,17115,0.7985728066121103,1.404410327425514,1.5465596912275954,1.387300534240275
1956-05-01,17115,-0.7219401961489817,0.11835595403674251,1.4730106776938026,1.4224181153890068
1956-06-01,17115,-0.17838632438125474,0.7369914163033161,1.5552551115224063,1.4922401404612564
1956-07-01,17115,0.12940995197736274,0.702539363453885,1.3796583050508642,1.511046790750752
1956-08-01,17115,0.021457705888785317,-0.8262957826866935,-0.030412266425433796,1.4157488561846867
1956-09-01,17115,-1.2477108046339325,-1.1725142351558793,0.2719744477055646,1.4448236026439503
1956-10-01,17115,-1.2138087571807752,-1.06009066877642,-0.26548174219445836,1.1153539122418932
1956-11-01,17115,-0.48397726367322336,-0.4819665871364179,-0.8904437247301414,-0.43471375819688324
1956-12-01,17115,-0.7618729138007675,-1.126856601880084,-1.2448729313360647,-0.3951415892986609
1957-01-01,17115,-1.0642703798302817,-1.5516270461030888,-1.5161037633973478,-1.0181887323105574
1957-02-01,17115,-1.9088081787666775,-1.7561698396164687,-1.7143851347908983,-1.7753630336604869
1957-03-01,17115,-1.3485568519690787,-1.6715359661984541,-1.869147145653366,-1.8303474315611217
1957-04-01,17115,-1.111127193395761,-1.6091679078426449,-1.9103775412041877,-1.822762866885554
1957-05-01,17115,0.3421815322081982,-1.482832543174989,-1.592372633027063,-1.549963383465873
1957-06-01,17115,0.11248154751695497,-1.2597771941956597,-1.6868607222939132,-1.90989259416128
1957-07-01,17115,0.32167335399189545,-0.9445612894493364,-1.5262961962661326,-1.8264888517782487
1957-08-01,17115,-1.3736211464266683,-0.6170354258408496,-1.8992710791669953,-1.8237167577690734
1957-09-01,17115,-1.1844109017036106,-0.8681375221857401,-1.7812970911386883,-1.8478142160341555
1957-10-01,17115,-1.8989284143290897,-1.2986853938621388,-1.9258602819929598,-1.9390536492699535
1957-11-01,17115,-1.1550374600032391,-1.6271253454394508,-1.2577740772218002,-2.190313061755228
1957-12-01,17115,-0.6021315389898549,-0.9803810749304556,-0.9943650025572427,-1.646811276543552
1958-01-01,17115,0.13710347949754387,-0.7183069205869428,-0.6970720260320764,-1.129689171150119
1958-02-01,17115,-0.11219580967351185,-0.94590308536521,-1.2988950973232094,-1.0762761776900096
1958-03-01,17115,0.26057899283189806,-0.3199170177529142,-0.6712157721931746,-0.7337988708707438
1958-04-01,17115,-0.03896927147943252,0.07635027724920034,-0.6838351482406738,-0.6879745316698228
1958-05-01,17115,0.46661113834564627,0.1460045824329949,-0.7236146010681228,-1.0702707110185161
1958-06-01,17115,-0.7680343601675915,-0.10792559739303095,-0.6244047745865674,-0.9340381998672888
1958-07-01,17115,-1.1321598454101212,-0.7043429513203688,-0.2710806089191127,-0.999279853334031
1958-08-01,17115,-0.8964946313250562,-0.2832893343287218,-0.27280109270168496,-0.9946007075706254
1958-09-01,17115,0.9132159410841799,-0.027927741743199556,0.19568500824841575,-0.4226548614442303
1958-10-01,17115,1.1924219868042567,0.8044670668318108,0.6156619204363141,0.2862752541064187
1958-11-01,17115,0.484902222832285,0.12458877566807244,0.23890714697518967,0.01426120696216772
1958-12-01,17115,-0.23483768911571565,0.037337373289515356,-0.33749333477083,-0.14245041546752577
1959-01-01,17115,-0.17334116264376656,0.4953242349424364,0.15874048152556852,0.12588595002978756
1959-02-01,17115,0.30110518579692397,0.43332338980734264,0.12293007603039906,0.22234364489527736
1959-03-01,17115,0.1432047334841085,-0.14364159403682247,0.05246273894607796,-0.29100236868393714
1959-04-01,17115,-1.4645904556461984,-0.9062099746330317,-0.12132080790227733,-0.46414670310461936
1959-05-01,17115,-1.1189228197670862,-0.24321762661673943,0.02134191572982345,-0.2550125283392352
1959-06-01,17115,-0.5659871026881315,-0.1368404429279078,-0.3841889307115511,-0.14326000828576513
1959-07-01,17115,1.2430385793763143,-0.28935911116521956,-0.3384772896794899,0.2559499072854851
1959-08-01,17115,0.9836672186424353,-0.3075256140840321,0.06770035644393806,0.2232994264067262
1959-09-01,17115,1.0459810665675815,0.29219105712737103,0.2814189550351468,-0.137241054725906
1959-10-01,17115,-0.057283894260549674,0.6713599668719589,-0.4737016940567213,-0.5568567826041987
1959-11-01,17115,0.20872873397396735,0.4975128515913061,-0.024675422641469283,0.05840267567146566
1959-12-01,17115,0.06390871447609044,0.33574088312959666,0.0462604631046306,0.09633997387963819
1960-01-01,17115,-0.046871158188353516,-0.2782708080199741,0.15503971429989186,-0.4306308795126328
1960-02-01,17115,-0.1383998905480676,-0.07358140443979143,0.17269378200136773,-0.2391058317050964
1960-03-01,17115,-0.02732732882280894,-0.031235711398601984,0.21715415162557533,-0.07032665460205163
1960-04-01,17115,0.48740113037143,0.16774966833226768,-0.06911074675697122,0.27677779910823636
1960-05-01,17115,0.6644991115993657,0.22537158189384757,0.15866099021028376,0.3672845622059712
1960-06-01,17115,1.6124994863200306,1.0981027287667073,0.6977327952282067,0.8213371929529659
1960-07-01,17115,1.5835514535862634,1.5315844191565966,0.7136049263215851,0.5094980210815128
1960-08-01,17115,1.3676338657802032,1.6293894607412018,0.7188754455038984,0.5270651607155452
1960-09-01,17115,-0.21139291600266147,1.3790935542546914,0.93210345105809,0.5014531570107901
1960-10-01,17115,-0.636281652983767,0.7438354695005364,0.873627228602245,0.3271093310220543
1960-11-01,17115,-0.9953742375080146,-0.04536542967613547,0.17743788220262005,-0.051118949977561175
1960-12-01,17115,-0.6547282168001796,-0.7872042810701965,0.19645376037958787,0.12962205911080676
1961-01-01,17115,-0.315959436144397,-0.7580518857719405,0.010393488933803676,0.2077439415205852
1961-02-01,17115,0.32003321541969687,-0.5190870385160421,0.004783214236994622,0.18714548083546861
1961-03-01,17115,-0.3389742897453051,-0.7891567170941658,-0.9114805081785238,-0.11141199142148317
1961-04-01,17115,-0.2642143649876645,-0.40439699686675706,-0.8188147318445202,-0.1490249696634343
1961-05-01,17115,-0.18714299230616926,0.19860466212782543,-0.5887200703116481,-0.06427594149001062
1961-06-01,17115,0.678201220811501,0.08574204634462979,-0.5076393307675046,-0.6456192217630354
1961-07-01,17115,0.517900213957026,-0.01853612042033006,-0.3143964030800455,-0.7203695966084022
1961-08-01,17115,-0.2611237336705851,-0.5514585496286747,-0.03892960276829836,-0.7343014049679832
1961-09-01,17115,0.09965893079352209,0.38257604572539616,-0.08611104441344031,-0.6471049053604061
1961-10-01,17115,0.4743361293610161,0.5417324160714436,0.19388134549455874,-0.2760633615183956
1961-11-01,17115,-0.247059351419579,-0.3843578446720927,-0.5407078265271164,-0.3059411176887473
1961-12-01,17115,-0.21691001593751555,-0.3268608281989748,-0.12527769001199487,-0.30859335591433956
1962-01-01,17115,-1.1152588492864668,-0.7906805557496722,-0.6887182750436803,-0.7569553295741843
1962-02-01,17115,-0.323483862435152,-0.5362803792277934,-0.6783998693829751,-0.7213440318039845
1962-03-01,17115,0.12144881038615203,-0.1452712107133382,-0.25774997935794125,-0.1306592942263248
1962-04-01,17115,1.2350474248712087,-0.11146862167243095,-0.07612503165748458,-0.04409355641489963
1962-05-01,17115,0.5290690015703414,0.014391948117436711,-0.3106393048958557,-0.4424986242538148
1962-06-01,17115,-0.7622591317695236,-0.2357594864607038,-0.44376567092452074,-0.5070313868444578
1962-07-01,17115,-0.7010538961607033,0.8238418820633063,-0.390798260604873,-0.30880185890910816
1962-08-01,17115,0.2677230112112526,0.47339240440618746,-0.04376942191580839,-0.3371408959388778
1962-09-01,17115,0.3207806782023917,-0.7133754450464476,-0.31456295420507113,-0.5213229747479118
1962-10-01,17115,1.036423442189952,0.6933258907388998,1.3172723923763525,0.056594408571854014
1962-11-01,17115,0.8177029644735916,0.722751825775001,0.8442398633342666,0.4333723290836132
1962-12-01,17115,1.538241577729402,1.3169748252419078,1.1568969242165559,1.025643362098404
1963-01-01,17115,1.3731621278208404,1.5368268114985266,1.3996476613864517,1.5796783086287767
1963-02-01,17115,1.7051394104411162,1.6222085498843315,1.5376212536993368,1.573807530713502
1963-03-01,17115,1.1822394552832076,1.7150702892994834,1.5797314939964229,1.4751415355311972
1963-04-01,17115,0.48740113037143,1.2204281236858283,1.457648746736723,1.3700692772107343
1963-05-01,17115,-0.020462912335950014,1.4335495358997115,1.468864101288541,1.3923281906219769
1963-06-01,17115,-0.9396331992750006,0.69874189740494,1.4255124733443978,1.3176996004855688
1963-07-01,17115,-1.6583212688792306,-0.33333512371147467,1.0091208965203773,1.2480404091313013
1963-08-01,17115,-1.1373793528112373,-0.8440597890066404,1.2455219811289253,1.276624538672146
1963-09-01,17115,-1.369544000465679,-1.8403470186609958,0.20411131393905585,1.2658363798540797
1963-10-01,17115,-0.6061462748711606,-1.5588104041995552,-0.8764818602768495,0.7118218910840791
1963-11-01,17115,-1.3476175925366438,-1.7284973365946852,-1.528458089785476,0.3404836556710453
1963-12-01,17115,1.2846456396148906,0.8347550292661708,0.5291947724082675,0.9840465427114249
1964-01-01,17115,0.9097497017213916,0.45241121878875984,0.032467651809751315,0.22666939280699439
1964-02-01,17115,1.7162066991172118,0.7334164402312303,0.39554208194625967,0.3192867316597888
1964-03-01,17115,-0.0962361713432291,1.0202971448609546,0.6530992979048682,0.32354168930459365
1964-04-01,17115,0.37552340684716384,0.8322340491363182,0.4923465889113641,0.12455468871732561
1964-05-01,17115,-0.23777950923975197,1.3975450224962236,0.5905644699973357,0.2883179624003949
1964-06-01,17115,-1.4297080888585183,-0.6888964311822261,0.6332102583743889,0.29474059986619744
1964-07-01,17115,-0.6400395521004523,-0.08016440532787504,0.6651314880155416,0.29472089244861827
1964-08-01,17115,-0.3558290303532697,-0.6496313427194701,1.3180457830280028,0.3967847444922763
1964-09-01,17115,1.2863671670707517,0.21289506622598997,0.020724744482267063,0.926022606119356
1964-10-01,17115,0.45548161859709174,-0.016160284472689128,0.12986156782928837,0.6424584862895326
1964-11-01,17115,-0.16301106596840742,-0.3416643683264746,-0.5255271653008834,0.8769073180555219
1964-12-01,17115,-0.648432329417349,0.03406201503982417,-0.5263504756134963,-0.4977538941201666
1965-01-01,17115,-0.6826762401152028,-0.4895890604312697,-0.7514439186401602,-0.5221548400968913
1965-02-01,17115,1.0112486211948841,0.5393866346681817,0.33518920943677977,0.1954905005529273
1965-03-01,17115,1.1523832308996034,0.30288653202810767,0.6277329763761089,0.1963253474076536
1965-04-01,17115,2.8820762701925053,1.3555697564259837,1.3994034040262946,1.3080484030681923
1965-05-01,17115,2.502150282641417,1.7755050717935208,1.4206680787050168,1.264350520392715
1965-06-01,17115,1.820559293359835,1.9008067349732327,1.0545569367995675,1.2131013021742063
1965-07-01,17115,-0.6400395521004517,2.6453869090982356,1.248411826859557,1.2696341916934153
1965-08-01,17115,-0.9549943828909666,2.3036957982413306,1.7109865666003103,1.2384587055065261
1965-09-01,17115,-0.1972725163139164,1.6630368523256445,1.872708032358657,0.9226417900724565
1965-10-01,17115,-0.32504012060210613,-0.8360446137998484,2.1884651897382152,1.0942204587148858
1965-11-01,17115,0.37765032141676463,0.0027283612369940805,1.2972433010370232,1.4434737015741628
1965-12-01,17115,0.5682693450874479,0.2743200073376056,1.1415944220066372,1.3972299859952297
1966-01-01,17115,1.1776080420442543,0.8369926368861652,0.6181968570230926,1.8980346200676723
1966-02-01,17115,0.3471538922737147,0.3821133031819096,0.05988098601516028,1.1437439462262309
1966-03-01,17115,1.131669418287176,1.008114900357831,0.7808983274855555,1.440507341804513
1966-04-01,17115,0.43817570644302484,1.0561855822861035,0.8389947391100412,0.6582003986024452
1966-05-01,17115,1.2903752529199903,0.8615588412850449,0.7746151825452747,0.5091397324121507
1966-06-01,17115,-0.48002530143312994,0.7915674260169128,0.7852908899576213,0.5957475150848405
1966-07-01,17115,-1.444987809390415,-0.3197780196973643,0.831618305761166,0.5654624461110906
1966-08-01,17115,0.040507306331616214,1.125884685430998,0.7741212880504165,0.6681398701471176
1966-09-01,17115,0.40545030209507,-0.4210512319733592,0.7975880962494343,0.7362281528425958
1966-10-01,17115,-0.41713678783807584,-1.2903314349071062,-0.7495699188737729,0.5323240305804551
1966-11-01,17115,-0.48933473190496457,-0.47854601535528263,0.1723274328475127,0.23504142827768423
1966-12-01,17115,0.4052560635247824,0.3006988658191554,0.0334507474934209,0.6249689268389301
1967-01-01,17115,1.0751072542283409,0.6943908835950207,0.3342908944428156,0.4640691111448407
1967-02-01,17115,1.0644114895337755,0.41257473104395537,0.2998374275301987,0.6843058367190294
1967-03-01,17115,-0.02732732882280894,0.24478388722615266,0.1857905909580334,-0.08126092229480672
1967-04-01,17115,-0.3814442642869772,0.7590886986278592,0.45335436695050446,0.1067706336055532
1967-05-01,17115,-0.3525316395086263,0.7870012439358778,0.24985954367006596,0.1638918347120656
1967-06-01,17115,0.20285975400480374,0.06651954358387735,0.2329660360663094,0.19546305760555566
1967-07-01,17115,-0.5008984872449376,-0.7620681383568269,0.6042346296602016,0.27697367986040977
1967-08-01,17115,0.5249069130018328,-0.12440265702820835,0.8378045659683523,0.26691174544561846
1967-09-01,17115,0.2823813082673743,0.04074351716146362,-0.023584247660203284,0.11502777109800297
1967-10-01,17115,0.3019279594185702,-0.13295764056443835,-0.5355037736749972,0.5112698854953787
1967-11-01,17115,-0.9343986585474084,-0.6041702821895597,-0.8197137399795914,0.08934211852261607
1967-12-01,17115,-0.17474569157610412,-0.22539022550721485,-0.2589142144727454,-0.2432172127432483
1968-01-01,17115,0.5072471677337244,0.3921242109428279,0.16391573166512935,0.00031418726091266545
1968-02-01,17115,0.8870920635458526,0.014928876880214728,0.06822067651591676,-0.09559798153021982
1968-03-01,17115,0.9463166086746151,0.43368692769385425,0.3231791638629529,0.2565695756422174
1968-04-01,17115,-0.5598942093220467,0.187490480715347,0.10592593698581253,-0.11845415674441284
1968-05-01,17115,-0.6918204578083431,0.5098279811444506,-0.2556490481524018,-0.16729743186107188
1968-06-01,17115,-1.341359726108044,0.35328852058274407,0.016321581638443147,-0.03778405021780558
1968-07-01,17115,-1.0737599823679251,-1.183411837945397,-0.1341230640962489,-0.18375812613584
1968-08-01,17115,0.9000028668885335,-0.03462790233763608,0.7100277913094903,-0.059284968824718065
1968-09-01,17115,1.8234342918813382,1.373102306943091,1.5619809384896453,0.8557743188907224
1968-10-01,17115,1.4313511081010224,1.1581813001640282,0.741552562182447,0.6228281544483895
1968-11-01,17115,1.1070438819187505,1.139748460806056,0.9478755295549756,1.1235269767256355
1968-12-01,17115,0.2837846234319946,1.10080733457627,0.7817250441660976,1.0510268424793427
1969-01-01,17115,0.6309615628771428,1.239310454136438,1.012349365390215,0.7557629972927874
1969-02-01,17115,0.5585647698504246,1.0990483704550151,1.1744501865448327,0.9364604705142126
1969-03-01,17115,0.15767680523449845,0.25635809767458656,1.0187406039599867,0.6854166739484338
1969-04-01,17115,1.1561564256322818,0.9025900760175102,1.3876904133183046,1.2494532602872923
1969-05-01,17115,0.8953812938037818,0.8253477927748893,1.2053286888359982,1.2580356478494703
1969-06-01,17115,1.3823369824035003,1.0022652801879963,0.7497709509814544,1.2764504768235736
1969-07-01,17115,0.3899362902192012,1.1630584156781354,0.9091015961126203,1.3872815232599764
1969-08-01,17115,0.7207192157756768,1.1817478966346964,0.9457623963159524,1.2576196364571874
1969-09-01,17115,-0.7180834895397356,0.9063074067757634,0.6989656275237961,0.4807683304888543
1969-10-01,17115,-2.0748522635953774,-1.3198567905922256,-0.06050675763204363,0.30197349255022216
1969-11-01,17115,-2.2487725926605964,-1.4575422499666761,-0.8030147185021025,-0.31768878346925683
1969-12-01,17115,-0.5452836877607491,-0.8344677359364592,-0.06244771531353835,0.017046748139423647
1970-01-01,17115,0.11873842742819687,-0.7726379487302338,-0.7222407513355211,-0.06879777835310952
1970-02-01,17115,1.4374912595143678,0.048418792008172805,0.1698338530299303,0.41815519186493005
1970-03-01,17115,1.0569857688977602,0.2907938499361648,-0.021435067487390935,0.47324616094806743
1970-04-01,17115,1.463611765954218,0.7441935690163881,0.08848373374871367,0.07744667020726174
1970-05-01,17115,0.02061247815339933,1.2150374819777836,0.029293212310354547,0.15613871273977162
1970-06-01,17115,-0.19269996884014962,0.8217197301047138,0.15458675655475737,-0.1168029024386159
1970-07-01,17115,-1.4347844291391008,0.889408559115535,0.46205392309181925,-0.25591615962379444
1970-08-01,17115,-1.242447354640592,-0.8526423758204051,0.9451707709234937,-0.3457885759855091
1970-09-01,17115,-0.09834429178931138,-0.5979314388729763,0.6466111699179062,-0.06483762576007582
1970-10-01,17115,0.41568706381915854,-0.35181203212222983,0.8393827081659768,0.4121129867505833
1970-11-01,17115,0.4937316371744523,0.056537825203005654,-0.024675422641469283,0.8833735544800951
1970-12-01,17115,0.18413703082456745,-0.04825341788296207,-0.23837965439633332,0.39659507818399375
1971-01-01,17115,-0.402762070938565,-0.3037367462728096,-0.7238247701375244,0.13060021651039147
1971-02-01,17115,-0.7845696835720894,-0.2458283909606017,-0.6176754598288994,-0.5970440358307456
1971-03-01,17115,0.6606693426577036,0.4844070300056113,0.28020773652467057,0.09422287358306401
1971-04-01,17115,1.1119812868384606,0.2522891953924669,0.2223128508320422,-0.14763206878832788
1971-05-01,17115,1.0265266813358527,-0.04599684576667848,0.16557047137127,-0.17012056946278328
1971-06-01,17115,-1.1963113494904531,0.11970201523039185,0.10184631720676338,-0.05367924635348191
1971-07-01,17115,-0.4796466968632483,0.7639573078361477,0.05286212534001261,0.04017687889277432
1971-08-01,17115,0.1201911586131079,0.8824561783933429,-0.15986112570923428,0.0717413321888698
1971-09-01,17115,0.20639320647967696,-1.1224971827270482,-0.0036072761717538078,-0.03951915084069002
1971-10-01,17115,0.5233817779589872,0.12650160258679274,0.823998567338624,0.07208724657455935
1971-11-01,17115,0.5199571710450186,0.4198098617354894,0.7549136205330117,0.11869996557970772
1971-12-01,17115,0.16289798053656293,0.026678097557720503,-0.471981419324422,-0.010516482774887223
1972-01-01,17115,-1.0137493285382981,-0.6823106300002619,-0.8966035926715581,-0.24714692654075732
1972-02-01,17115,-1.892119654689687,-0.9246423369473497,-0.9283018864083992,-0.47453285079111646
1972-03-01,17115,-1.770731549208235,-1.2665011502168282,-1.2046078262274997,-1.53794549665821
1972-04-01,17115,-1.220574530217466,-1.6333827482946628,-1.1650530070198197,-1.3300538372594368
1972-05-01,17115,-0.7649405714141988,-2.2303285935453627,-1.227472714818593,-1.1865121745250864
1972-06-01,17115,0.32366091752636084,-1.6029174971871152,-1.1593249275799768,-1.1050514177858863
1972-07-01,17115,0.9274052602888286,-0.48037806918974124,-1.1701764139680866,-0.8679067914859033
1972-08-01,17115,1.7779701338460145,1.283852210177162,-0.7255253702206067,-0.29721142051314925
1972-09-01,17115,1.92557061395101,2.065578497331991,0.34384273513261127,0.167557857108543
1972-10-01,17115,1.789006387576112,1.998232561776965,1.6975480533945018,0.4615192579743417
1972-11-01,17115,1.1498776228112226,1.4960882811020928,1.3957976185576666,0.33495530144533575
1972-12-01,17115,-0.011947531669954874,1.0684389785038244,1.103776919453154,0.0873292055480574
1973-01-01,17115,-1.7523318443996128,0.4449293301740251,0.6345442924092466,0.16274640151798447
1973-02-01,17115,-1.6821323758624365,-0.037009292144787105,0.6859224098337339,0.39390709678270663
1973-03-01,17115,-0.6157232927540488,-0.49051098289626965,0.6701307774015365,0.6556568590459573
1973-04-01,17115,0.6533361022958989,-1.0005224158057902,0.5903290757918647,0.7514122690827242
1973-05-01,17115,-0.13677495578260357,-1.5828263043795356,-0.10701356182079677,0.5869047695055305
1973-06-01,17115,0.4513078450886016,-0.31550601384524024,-0.34498506565150994,0.702856198706291
1973-07-01,17115,-0.22459543162143292,0.3903438373260219,-1.1784237657096934,0.468863566784013
1973-08-01,17115,0.9694416857808998,0.5224883744523854,-1.0625602547630577,0.10292222484011952
1973-09-01,17115,0.5851343089923949,0.5182374957616968,-0.24394209727872934,-0.3342066818814354
1973-10-01,17115,0.8133565952371882,0.5627824296547561,0.8187584710220946,-0.6943512336946182
1973-11-01,17115,0.01413512776511808,0.3517066833224504,0.21008231629908047,-0.8956157740682307
1973-12-01,17115,-0.2079848596981306,-0.12120661617241842,-0.04876292112411786,-0.40110919949864304
1974-01-01,17115,-1.074430623611997,-0.485204894719185,-0.646522071619819,-0.28680272174833854
1974-02-01,17115,-0.8108892754909379,-0.6731657810000782,-0.3621121220485492,-0.42223721766599315
1974-03-01,17115,-0.455473462596392,-0.5361713304889983,-0.4350530069110374,-0.3923666342419831
1974-04-01,17115,-0.20625107058609096,-1.0273276674173508,-0.5526644695602512,-0.7124984316453266
1974-05-01,17115,1.2356266206870652,0.07348988175609003,-0.09201644553562595,0.14629838967053915
1974-06-01,17115,0.8763770989035857,0.1323655195504961,-0.16760819247876405,-0.10282263928682449
1974-07-01,17115,1.1989509083532672,0.6712495136649368,-0.46932044413724444,-0.15161333010085476
1974-08-01,17115,-0.9432109081049712,0.56897105246901,-0.36271783586127454,-0.41301570049535125
1974-09-01,17115,-0.3722601025940104,0.3577632823930403,-0.20926851300496296,-0.4464705043399718
1974-10-01,17115,-0.8048154666605698,0.20216609948834785,-0.10492896633609092,-0.9305016328293133
1974-11-01,17115,-0.500076105647508,-0.8492273809328763,-0.13783311333205073,-0.7000630945419822
1974-12-01,17115,-0.45791916672947514,-0.6731536534072471,-0.3149288882394106,-0.5336725390888026
1975-01-01,17115,0.4044651634185168,-0.15201959537463466,0.2378189818766756,0.1353078130295751
1975-02-01,17115,0.9115957428319155,0.2674128414569206,-0.054434064678609485,0.3663560723403442
1975-03-01,17115,1.0041350345244382,0.30359618215440476,0.051096285190159144,0.25206287086475726
1975-04-01,17115,0.7242171057581324,0.5862675693521331,0.1436799153608446,0.44698661083269414
1975-05-01,17115,0.3268220778219784,0.8755706805517319,0.3341653851854143,0.052491570768725286
1975-06-01,17115,1.4425933283597292,1.5545721724606785,0.8171299881826491,0.6021374874107256
1975-07-01,17115,1.4071121274245413,1.5003866500827208,0.933713429214766,0.5735200151941349
1975-08-01,17115,1.4189078739059566,1.4479833558754835,1.2984288855882151,0.7019525531040195
1975-09-01,17115,-0.2779055704226921,1.130034021791991,1.4520667770305014,0.6278321769391382
1975-10-01,17115,-0.0856496628716118,0.8132206216765872,1.082414306244286,0.7533488494445606
1975-11-01,17115,-0.35804229566200707,0.3889731398429636,0.4340380986479548,0.7785002595688362
1975-12-01,17115,0.48015842650350127,0.1736868305997429,0.7805107123053984,1.07559950849527
1976-01-01,17115,0.1242623939652934,-0.14130737862453907,0.38462987093218354,0.6184920926674365
1976-02-01,17115,-0.08614853320123184,-0.4438427034974506,0.10241448422281269,0.15619896291980043
1976-03-01,17115,-1.2927683478625922,-0.5326471251071976,-0.7009593760893899,-0.07442510479626903
1976-04-01,17115,-1.4309265591161746,-0.5740083943196167,-0.7486807035590839,-0.22609848519680578
1976-05-01,17115,-1.529356608826373,-0.8587970097163861,-1.0593836685633293,-0.4215608952539048
1976-06-01,17115,-0.7622591317695228,-1.6170529232049873,-0.8414855654164901,-0.9633251574560386
1976-07-01,17115,1.110268055540817,-0.44598613529764364,-0.1597923311149143,-0.3812123271167685
1976-08-01,17115,1.622264954715848,0.36765720663596635,0.08428113115546394,-0.301547778506654
1976-09-01,17115,1.4714310276744818,0.8880946624934648,-0.6094120550948326,-0.1817091925192303
1976-10-01,17115,0.9054223323321761,1.2456919855536075,0.3738937490427252,0.134523935187196
1976-11-01,17115,0.23917756856734998,0.879582612204637,0.3136920399552061,0.09068160829354725
1976-12-01,17115,0.39132953107066165,0.8520027946435099,0.5902448296819369,-0.20048963745723397
1977-01-01,17115,-0.4314286939025569,0.04849103097099763,0.3637506470308514,-0.20005320904216156
1977-02-01,17115,-0.708584420162959,-0.4234433544520265,0.2674815230624108,-0.2805544339498233
1977-03-01,17115,-0.2943111363398513,0.07163406707546395,0.5811301262082074,0.27967383571621135
1977-04-01,17115,0.31808680296861946,-0.20073529206332746,0.1298232478587497,0.39040496165575395
1977-05-01,17115,0.36511044597836134,-0.3865854164908056,-0.2759924312700141,0.3518172975599985
1977-06-01,17115,-1.0068401015365123,-0.724411408139633,-0.28696177672310746,0.2953852337366432
1977-07-01,17115,0.4764600742644522,0.46400323181125025,-0.1389154910089293,0.17417684758134255
1977-08-01,17115,0.7639105327572882,0.7377578608288705,-0.18812161173547057,-0.133938796860575
1977-09-01,17115,1.3049855622587614,0.46524373580038275,0.010782125005363513,0.12518324204852005
1977-10-01,17115,-0.017293717530444088,0.08842410745571636,0.17345790698616603,-0.3645538034517506
1977-11-01,17115,0.12317770773438945,0.3312881178896117,0.3927234988184495,-0.1855054656700131
1977-12-01,17115,0.6825038423549753,0.933251935794652,0.6354557625159624,0.3783473623749018
1978-01-01,17115,1.8327038258300665,1.6669781772822714,1.706557978332306,1.6058096332112446
1978-02-01,17115,2.348125139067997,1.9038169593867358,1.8936295697154464,1.9035125398877162
1978-03-01,17115,2.5172587351914393,1.8334349583307306,1.8994811327623138,1.8466270153703415
1978-04-01,17115,1.5587125021939923,1.7899183506440608,1.829574812191841,1.9329190562855747
1978-05-01,17115,1.0082168854364164,2.1361923161916656,1.8821987263715034,1.862423486181886
1978-06-01,17115,0.3517752656283241,2.147411191347949,1.6941242869267967,1.763997656523212
1978-07-01,17115,-1.3595193501471183,1.0228651566432345,1.6883842155661,1.6859023409052016
1978-08-01,17115,-1.3205271520688193,0.12185771340830011,2.1467932133322334,1.7564497251465128
1978-09-01,17115,1.4678035728895562,1.4184737991124488,2.6056619136875323,2.042066016620657
1978-10-01,17115,1.2916034955297226,0.9036493947604708,1.6840068409364566,2.1041856673683057
1978-11-01,17115,0.9904098547732586,0.5731797209020136,0.8828097487989843,2.0370461230658634
1978-12-01,17115,0.23733231332614613,0.7525984384722257,0.7792956791330068,1.8132914529930044
1979-01-01,17115,0.45573083632551675,1.0035221416329818,0.7022692787703534,1.2068160800495753
1979-02-01,17115,0.5219426751291173,0.9789533033351515,0.6341002281281445,0.8627801559675573
1979-03-01,17115,-0.3191243672343556,-0.07740048152155349,0.4679105388692256,0.4537796230670783
1979-04-01,17115,-1.3296906677236393,-0.17559265764113402,0.4738348527353528,0.14109000803478014
1979-05-01,17115,-1.6506511167332365,-0.2854142940595521,0.44438093476782775,0.10706905811504706
1979-06-01,17115,-1.1067415996675298,-0.7860909869554921,-0.46885894333128286,0.1593972328848654
1979-07-01,17115,-0.811466925401782,-1.7856057637259148,-0.48564473622059856,0.24787145168420366
1979-08-01,17115,1.5977414890759565,0.20691029768381586,0.49534466305728936,0.8900893991892128
1979-09-01,17115,1.6469579721220766,1.0831846641655791,0.46176419847095546,0.29512354307054767
1979-10-01,17115,1.3321519263201003,1.067963950766773,0.16501750743548815,0.2704359902093603
1979-11-01,17115,0.40712192977672446,0.9602737444701724,0.3824839030084548,0.49935480762741147
1979-12-01,17115,0.25043766339080303,0.9137155914822949,0.5902448296819369,0.3253247300025259
1980-01-01,17115,0.29795863584400883,0.9360210262172947,0.7010314982260039,0.1945758325614928
1980-02-01,17115,0.11627998481356178,0.25133845692654516,0.7751012016800772,0.22680301838750466
1980-03-01,17115,0.8791932950138216,0.65971821644168,1.137696430659351,0.8726261223466293
1980-04-01,17115,1.1423108304914469,0.6934015440732143,1.1531290718310927,0.9989444158452693
1980-05-01,17115,1.5227938210842011,0.8409633847702684,0.7744275848939353,1.128615177967006
1980-06-01,17115,0.9213366848079927,1.1628599236936825,0.8406188580678555,1.2232150455773398
1980-07-01,17115,1.0000571544282133,1.4828111124753582,0.8676982755547136,1.2890217409694067
1980-08-01,17115,0.5372764474793263,1.6729824768148969,0.8982884284499005,0.7812053169601916
1980-09-01,17115,0.01247580498123573,0.603261203482798,1.0678042989992833,0.7084515717617655
1980-10-01,17115,-1.3796422512965758,-0.33185804616478976,0.5444762953447012,0.35817491227088194
1980-11-01,17115,-0.3838600638343836,-0.16618365172701127,0.5472380916571608,0.39652231102115476
1980-12-01,17115,0.07197631488825358,-0.11306995066597167,0.20409424502090798,0.6044296883527494
1981-01-01,17115,1.4889636358773526,0.989145368660698,1.1681401462936747,1.3779181804026805
1981-02-01,17115,1.9181090010135717,1.3063277273348533,1.2776081502336512,1.5816201705340225
1981-03-01,17115,2.038960470025167,1.2909071362436912,1.1021285220392534,1.2957007064356947
1981-04-01,17115,0.12989510608609597,1.238284007940512,0.8796407444379437,1.0590961826004337
1981-05-01,17115,-0.07423873837152513,1.6069573490737588,1.1669689114264123,1.1454692732600924
1981-06-01,17115,0.25443310763978444,1.7586478226423827,1.1926354768115215,1.0393177509300462
1981-07-01,17115,1.0279177747656705,0.7462030481181852,1.3636344047320146,1.0482114147283854
1981-08-01,17115,-0.03394139539432749,-0.3093888477027011,1.6229152326803074,1.0726778851979293
1981-09-01,17115,-0.26101645834672027,-0.28257561323314323,1.6953550788284575,1.0803863265842897
1981-10-01,17115,0.16187820320354013,0.6295792152829017,0.5390899461083847,1.361015004306796
1981-11-01,17115,0.4181765207558875,0.28412635704764966,0.1646452501164871,1.3849400310880278
1981-12-01,17115,1.363504401913708,1.0466313214266456,1.0616561275752725,1.7202029682674174
1982-01-01,17115,1.2257237933954768,1.0402841609445572,1.2257246962783155,1.1386524598072847
1982-02-01,17115,1.003528001411238,0.8729745191307425,0.7349363813367401,0.6343976045951706
1982-03-01,17115,-0.7450734669331462,0.8261337196023859,0.5862289555292959,0.5461760283203195
1982-04-01,17115,-0.22793203360614298,0.9325247549059968,0.8274906298887637,1.017745605768144
1982-05-01,17115,1.147954715385418,1.2180801646467652,1.0979984526581823,0.9789709402395871
1982-06-01,17115,1.2065316951595857,0.17637471705790728,1.0785534373436392,0.8859136783194723
1982-07-01,17115,0.781313487748885,0.23517319686383037,1.0238707656412382,0.9274094168741785
1982-08-01,17115,-0.2303407180101674,0.813230825957795,1.1247352789691847,0.9658633768640047
1982-09-01,17115,-0.44202262941808723,0.7546939575265069,-0.18313708308808455,0.9158314990009444
1982-10-01,17115,-0.992158545535519,-0.3518120321222304,-0.6056930847849221,0.6474818528685141
1982-11-01,17115,-1.4456240571693366,-1.4243949969693332,-0.607930006073053,0.1714747582636035
1982-12-01,17115,-1.1234419561986275,-1.2326932413164204,-0.5397800522572225,-0.8922651464354301
1983-01-01,17115,-0.39179562945092067,-0.9496292474265492,-0.7154612625089473,-0.7665028918857344
1983-02-01,17115,0.4087456209725944,-0.6853766768312468,-0.8086293465267292,-0.3138353590477022
1983-03-01,17115,-0.11350903196640974,-0.9472682893846035,-1.1026059742229544,-0.6005984909898276
1983-04-01,17115,-0.2824219255550485,-0.4785029375661219,-0.9963474853735016,-0.804051525523964
1983-05-01,17115,-1.2615786842352525,-0.20568374292352007,-1.1932757111985532,-1.2574917064243916
1983-06-01,17115,0.860163801220972,0.4005002030076657,-0.5467836378218427,-0.7328227845276265
1983-07-01,17115,0.9183850377020615,0.3191526608433688,-0.19062637029571017,-0.7142674416931761
1983-08-01,17115,1.1201859126447682,-0.25529491674446797,0.18760536618299176,-0.7584668126152609
1983-09-01,17115,1.2155648779962203,1.4358825897268443,0.9218713914633726,-0.16158549528385843
1983-10-01,17115,0.5401361349368413,0.8363278157172114,0.5054655949333968,-0.13323078514207862
1983-11-01,17115,0.41633868499322346,0.7094503232151651,0.1876323335403173,0.28476676782524807
1983-12-01,17115,-0.6245925547292404,-0.01303843199150654,0.2585620947289668,0.13726045090011274
1984-01-01,17115,-0.5574220602597627,-0.33616611535067964,-0.08549357871297059,-0.19566171262218277
1984-02-01,17115,-1.0019133039770816,-0.4557672020050856,-0.09062565069418932,-0.5420560076682501
1984-03-01,17115,-0.08637347062796585,-0.5839360577775585,-0.12152708923539023,0.08223619643274348
1984-04-01,17115,0.8066951149253884,-0.024044192447881117,0.037245246884730604,0.21663078741883185
1984-05-01,17115,0.8598712035202565,-0.32383012386687887,-0.09052016670438903,0.21460885647266745
1984-06-01,17115,0.2068746595401048,0.017012582186357424,-0.5416573873717555,-0.08974600168837851
1984-07-01,17115,-0.83574960316212,0.3013269532103209,-0.3246907084671581,-0.21613075832862563
1984-08-01,17115,0.10450541239159254,0.6952621637326033,-0.4344994686815806,-0.1784012348138029
1984-09-01,17115,-0.34727356412314286,-0.3805732244220705,-0.32477837032148704,-0.7883425377500489
1984-10-01,17115,-1.4791902122329528,-1.8771814209820157,-0.7631836086821777,-0.9808293121111792
1984-11-01,17115,-1.4047870687738298,-1.2183591268720844,-0.6551768540120368,-1.2180131791502355
1984-12-01,17115,-2.0251296838507105,-1.8946090846863592,-1.7119881871260365,-1.4274084221833636
1985-01-01,17115,-0.5757482743668386,-1.2499250933575945,-1.493611761718872,-0.9914392626753354
1985-02-01,17115,-0.19852232780461848,-1.1451023593915473,-1.1345618178520662,-0.7284102074513921
1985-03-01,17115,0.28665429154808336,-1.1963432127416986,-1.297310828288749,-1.2488310927575093
1985-04-01,17115,-0.8613986527403539,-0.9607149207321318,-1.5221172928735724,-1.7085017785539163
1985-05-01,17115,-1.8575786038441273,-1.179479014006373,-1.9521145100812174,-1.8486045881448248
1985-06-01,17115,-1.9312349474546135,-0.47736344532759173,-1.9078486189119643,-1.9164774636160429
1985-07-01,17115,-2.0205273098218073,-1.7717872974105542,-1.6130002825785692,-1.9520428122966842
1985-08-01,17115,-0.9945783264638277,-2.120286033452208,-1.5538164966821997,-2.043700400040343
1985-09-01,17115,-1.150793928880169,-2.419278830554287,-1.0419141066266506,-1.998365490488324
1985-10-01,17115,0.4465942668713983,-0.48451750919829284,-1.1750398020177064,-1.219869550278743
1985-11-01,17115,0.8729494848193989,0.5033456145581826,-0.35913750330293387,-0.510075331553752
1985-12-01,17115,0.6959046688503889,0.2289574846976028,-0.42772371479611293,-0.1977441884714039
1986-01-01,17115,0.811562807826903,0.7433382443026098,0.3201691994431359,-0.027716953388449934
1986-02-01,17115,0.9612809016696703,1.1474231281437817,0.8619887565096555,0.2610463410057661
1986-03-01,17115,1.1654850216288553,1.1080847426033675,0.7682441377473066,0.27711277605816803
1986-04-01,17115,0.8785568731398073,0.9194011171010025,0.9111081618483639,0.581941183953067
1986-05-01,17115,-0.7176381960669853,0.5710801996658365,0.8743111227980853,0.6094407878550818
1986-06-01,17115,0.8327297224270603,1.3164947438087156,1.1724040695682767,0.8966557313515904
1986-07-01,17115,0.4776662120057141,0.9584155119204986,0.9435116299066707,0.9327707846679104
1986-08-01,17115,0.7201378747123842,-0.25422283806495377,0.6911680207526063,0.928109262774818
1986-09-01,17115,-1.250206691637645,-0.03998070456990432,0.9964168810212674,0.9455439617675307
1986-10-01,17115,-0.5351085863830775,-0.31437777883413826,0.3171220833854588,0.6433378186090691
1986-11-01,17115,-0.5983342690083577,-0.2335253861421806,-0.6504647141024321,0.10843400343226674
1986-12-01,17115,-0.5822680029163724,-0.9755512838861384,-0.6040349928786005,0.21436204061574754
1987-01-01,17115,-0.15290071608218692,-0.57871713269327,-0.5087793258590982,-0.047054032467542965
1987-02-01,17115,-0.3086293504456083,-0.7588828726564564,-0.5567862934257072,-0.7887655963465803
1987-03-01,17115,0.8688996756167015,0.13095157157138518,-0.2529209323180282,-0.053564840127987436
1987-04-01,17115,0.6040111365068412,0.14780378267158575,-0.2614256392869385,-0.23697673444085487
1987-05-01,17115,1.2686429290674281,0.4369691241908717,-0.1478151273017025,-0.001291999045791867
1987-06-01,17115,-0.10339151044282906,0.6934797660512945,0.027884290687626174,-0.31578676133845435
1987-07-01,17115,0.19095523179743312,0.55043413507725,0.10658784951790536,-0.29013183350829286
1987-08-01,17115,0.13057949171164146,1.1532580439330196,0.33777001695189623,-0.22536174924564736
1987-09-01,17115,-0.29154516334969,-0.6438418718643808,0.44170012402880227,-0.23665973150546976
1987-10-01,17115,-0.19617400084467881,-0.250053362589292,0.12864392770003089,-0.20352438279365412
1987-11-01,17115,0.28696658392735286,0.2196421181581118,0.7007849360404269,0.30745390517695603
1987-12-01,17115,0.6929357030598701,0.3716619220037301,0.22842034749091944,0.6163417348491528
1988-01-01,17115,-0.2480617602329898,-0.5150708888282461,-0.5522604162681304,-0.22796020841624876
1988-02-01,17115,-1.0420018744757775,-0.5984365032280391,-0.625649775676615,-0.0983060652373729
1988-03-01,17115,-1.1863750002929234,-0.22093436701882352,-0.42337130841367837,-0.5750930584554804
1988-04-01,17115,0.4163882942741107,-0.013165497102192683,-0.29973690494722743,-0.36259019220392763
1988-05-01,17115,0.07360472153840529,-0.8467182381977987,-0.5604233235921301,-0.571335572727217
1988-06-01,17115,0.4477840807568246,-0.8812027975632614,-0.09898104613158536,-0.2847798682223663
1988-07-01,17115,0.0050881908863077046,0.2714105130168195,-0.10872315204649811,-0.37829804364480873
1988-08-01,17115,0.6520286746077477,0.3712744853592798,-0.6546200270439881,-0.43138175656667943
1988-09-01,17115,-0.18554967597367855,-0.037303038053382934,-1.1696334321368744,-0.33904573300841817
1988-10-01,17115,-0.674255585221224,-0.7615561330028828,-0.4068913588375099,-0.5731004292347393
1988-11-01,17115,1.6314148860208815,1.5235621735866705,1.6000515110808433,0.941152651148072
1988-12-01,17115,1.8891769513726704,1.6070110638749195,1.71288428459693,1.1331435934893577
1989-01-01,17115,1.6245254079576972,1.2878151254721968,1.2223274807661308,1.210133731547539
1989-02-01,17115,-0.8928273748777928,1.029375611169189,1.0426829843503498,0.9794103688184291
1989-03-01,17115,-2.0047384165935944,0.9543409275361501,0.7282601903357482,0.7551739270913518
1989-04-01,17115,-2.366609198418611,0.8406470814750208,0.4860398414698637,0.38671977011444403
1989-05-01,17115,-0.7864245083913656,-1.2127544702335904,0.7381288448473707,0.7725517742716244
1989-06-01,17115,0.09984936004374208,-2.0090961828392824,0.8541686999115229,0.6671160863498011
1989-07-01,17115,0.7779420302342679,-1.7233915568557117,0.9371938024282853,0.6067829817859868
1989-08-01,17115,-0.24260722436354182,-1.0353308387043483,-1.3529222051703402,0.5745080530912524
1989-09-01,17115,-0.9019822209611404,-0.7659860682506076,-2.390728153471931,0.5824501095355119
1989-10-01,17115,1.0404384881949982,1.198935323056316,-0.33259146179694626,1.210753008295256
1989-11-01,17115,1.096413430636003,0.8670079140262642,0.5692240464304613,-0.11959811361625647
1989-12-01,17115,1.3444647106040608,0.9463186796425179,0.9111011470533902,-0.3099918095410252
1990-01-01,17115,0.07597561549947279,0.5261448931162407,0.6510135852998133,-0.25454613768824014
1990-02-01,17115,-1.0393265516478671,0.2542670754646143,0.07822411922098567,-0.22395347650520622
1990-03-01,17115,-1.7809545141407934,0.20242762986911603,-0.13582870910444195,-0.23588336395246873
1990-04-01,17115,-1.5056788776711327,-0.6647455082562624,-0.1043110686278942,0.02384369996336735
1990-05-01,17115,-0.4252376770975931,-1.1387663684859208,0.07302864526113614,-0.0711475049963356
1990-06-01,17115,0.9898982956665331,-1.1003597531168299,0.506423987466638,0.21240143889065904
1990-07-01,17115,1.1331055337195863,-0.4838231156795916,-0.22019179332322564,0.21344967555891042
1990-08-01,17115,0.765674362901586,0.047486592496315275,-0.8367528405114131,0.18305156582187995
1990-09-01,17115,0.3843381015051048,0.8933555332247429,-1.1309868540004653,0.4292558397578786
1990-10-01,17115,0.3517776695977108,0.8439548738600757,-0.27465895395245987,-0.26320412652758485
1990-11-01,17115,0.19847874901193804,0.388973139842963,0.13458225739164226,-0.6004695197203855
1990-12-01,17115,0.6216660070293221,0.4799908946926859,0.7707707818526371,-0.319789431291005
1991-01-01,17115,0.030573608104187744,0.004279987180386277,0.33710803489423063,-0.2575088617848243
1991-02-01,17115,-0.17197276497449424,-0.10401744292818947,0.051014577114963135,-0.13496746856379777
1991-03-01,17115,-1.5275939644835088,-0.5662050533869217,-0.5393638860322987,-0.23309969662019608
1991-04-01,17115,-0.38882285413168177,-0.16561058472868512,-0.1900805621856191,0.1067706336055532
1991-05-01,17115,1.1992837535184209,0.48635739002842404,0.35994843517851577,0.46493890604143334
1991-06-01,17115,1.464837755337637,-0.2698286521536303,0.2062267819315454,0.16493163577919467
1991-07-01,17115,1.1406164176217066,0.46965802511645355,0.19635624639580396,0.14085740141127898
1991-08-01,17115,-0.5979356036765174,0.6850044081023706,0.1822412223023413,0.10920303690459154
1991-09-01,17115,0.4054503020950712,1.4281689141620222,-0.304111341963371,0.1258593749932601
1991-10-01,17115,1.5232361998865924,1.799143906239287,1.6753328473149525,0.9515790846967946
1991-11-01,17115,1.2475099273822092,0.9570492816423124,1.3009846390867605,0.9421179072167983
1991-12-01,17115,1.3015877022973958,1.1055090384687984,1.5434687491439247,0.7811627230203949
2018-01-01,17115,-0.5437305373846921,0.648115566679221,0.9129269334153782,0.70880372074672
2018-02-01,17115,-0.8056207735170244,0.5637663976498026,0.31188795279236836,0.6574977326865306
2018-03-01,17115,-1.6464205338401066,0.23316193858950995,0.17526647930766273,0.6990510401349387
2018-04-01,17115,-1.909773259898383,-1.6038130544193234,-0.12558464084442097,0.16991113229167693
2018-05-01,17115,-1.8062245243134765,-1.785407296312824,-0.08304816397569391,-0.2991896676235991
2018-06-01,17115,-1.8525411977074442,-2.3853805429690715,-0.311023283857413,-0.29332270571667796
2018-07-01,17115,-0.8438939365666619,-2.337820463709185,-2.0137754271719754,-0.3855864744258802
2018-08-01,17115,-1.2083223481411083,-2.1537368151615492,-2.096144276963063,-0.4519985440009393
2018-09-01,17115,0.7133259035650453,-0.9711071980667338,-2.123782270014488,-0.24828724680766154
2018-10-01,17115,-0.23840685941882214,-0.8519060427778063,-2.197292192039329,-1.769130617688054
2018-11-01,17115,0.016367594392957888,-0.4243495483301525,-1.4006658328315804,-1.6475068686831058
2018-12-01,17115,-1.1262172533819417,-0.7384449314911715,-1.414245714550757,-2.189679342825359
2019-01-01,17115,-0.9886637425491186,-1.1177252496266452,-1.3767651772378675,-2.167125903076801
2019-02-01,17115,-0.9193630167401354,-0.7430984854533711,-1.0809016450468412,-1.603103992345063
2019-03-01,17115,-0.9631659697201348,-1.6090241381122499,-1.285906117861166,-1.7276516002747766
2019-04-01,17115,-0.48894404506333117,-1.125180188550369,-1.2377674261835394,-1.464075665810014
2019-05-01,17115,-1.080893447568001,-1.418846787605593,-1.1753218770194094,-1.4662626027290626
2019-06-01,17115,-0.6993486329931974,-1.252648167223012,-1.9741738115221097,-1.5658110053616152
2019-07-01,17115,-0.508025095524224,-0.8672808371201337,-1.4013188489563646,-1.4173300808565028
2019-08-01,17115,-0.583923716553073,-1.4276604707530727,-1.6330140132362243,-1.3235079213450973
2019-09-01,17115,-0.36866751354361954,-1.1877614161581185,-1.5776619286917832,-1.9110561690353773
2019-10-01,17115,-1.1571395467052543,-1.4515952264837269,-1.5809212992251065,-1.702018123328179
2019-11-01,17115,-1.9850741899240945,-2.0866950162770364,-2.3475611686768145,-2.3703464280594915
2019-12-01,17115,-1.428819292967625,-1.4498153849274582,-1.711988187126036,-1.9629005149696044
2020-01-01,17115,-0.47596222969429963,-1.0732343756759064,-1.262918332219252,-1.4123943474702219
2020-02-01,17115,0.16515582218274172,-1.1486695162235843,-1.3216758169608989,-1.563916376660854
2020-03-01,17115,-0.12585639020932785,-1.1566846872413836,-1.267995651980721,-1.4802111085990788
2020-04-01,17115,-0.6499720590933021,-0.7479880460082814,-1.2692802118980209,-1.427723625949847
2020-05-01,17115,0.1140371629314836,0.2003984361212529,-1.0806868795294786,-1.2425999788484017
2020-06-01,17115,0.6904270213205156,0.27305493670098757,-0.8487621716824593,-0.9911058342025013
2020-07-01,17115,0.4251447938105284,-0.43912095508613486,-0.6769605483425398,-1.1838559439393803
2020-08-01,17115,-0.8542508648962512,-0.5988696784521754,-0.20279870992463012,-1.2990799461829485
2020-09-01,17115,-2.676075012706759,-0.5481382242441581,-0.45629297175052774,-1.3271741441675071
2020-10-01,17115,-0.8483198829896799,-0.5794115459362131,-1.0960279371605433,-1.11012805275272
2020-11-01,17115,-1.2616669883007767,-1.533511013677559,-1.319143300179191,-0.9703975043241712
2020-12-01,17115,-1.608103883684143,-2.0145759195531996,-1.5398012299032273,-1.3170801958086518
2021-01-01,17115,-0.8187629685678023,-1.2424555052458488,-1.1370324799523341,-1.3595277625095614
2021-02-01,17115,-0.4512642752236653,-1.2504405471572833,-1.4745901514858328,-1.307004771158903
2021-03-01,17115,0.5114691326613917,-0.7727630167019617,-1.2175958355867986,-0.9890336548984656
2021-04-01,17115,0.10955257001558312,-0.621002440656356,-1.0730563217327131,-1.010201044791463
2021-05-01,17115,0.9145452459390871,0.13129619566554096,-0.7937883408101063,-1.0345023082096672
2021-06-01,17115,0.6092103667207395,0.7266188622991608,-0.5297199602715044,-0.9829229222464031
2021-07-01,17115,0.32631785552582365,0.17705845693252908,-0.5986589042165077,-1.0313348681562264
2021-08-01,17115,-0.8926315264177684,0.20322494749827005,-0.2876985227438457,-1.0563498122909647
2021-09-01,17115,-1.6037899987395137,-0.44138874314550103,0.20102411564260644,-0.9714813523324431
2021-10-01,17115,-0.3502731328859551,-0.2857813002086263,-0.29567681198089074,-0.8862196103485934
2021-11-01,17115,2.9340108611045568,2.6759202210655166,3.0653416503815847,2.7971164542484805
2021-12-01,17115,2.975609100399624,2.736623457072838,2.989212305746013,2.8513334016335055
2022-01-01,17115,2.8720412385949365,2.883207881520522,2.9957130266933722,2.727801137966961
2022-02-01,17115,0.24572796515983383,3.0475826810184508,2.9301291998117303,3.053892635569531
2022-03-01,17115,-0.04698293050759842,2.906761066061149,2.743729378249344,3.0483129213788906
2022-04-01,17115,0.29224525303761884,2.45606845616172,2.673858550652495,2.869600002352665
2022-05-01,17115,-1.6144141668938374,-0.5627910602969801,2.675951868449753,2.548860268980734
2022-06-01,17115,-1.6274334748620962,-0.7078307319615071,2.5645988658430454,2.415063744903392
2022-07-01,17115,-0.4585855811294433,-0.08342824951909,2.451049615674636,2.6431339617002205
2022-08-01,17115,0.24617514717464795,-1.390326378905255,-0.5986085616080606,2.785532422283984
2022-09-01,17115,-0.08628301271534877,-1.6367043670331696,-0.9661386552007862,2.8315484579742445
2022-10-01,17115,-1.693191416330912,-1.782942545754034,-1.1804840734123716,2.70610825535409
2022-11-01,17115,-2.114924647605516,-1.7104261829920049,-2.3969250436129586,-1.642788586505987
2022-12-01,17115,-2.7910179224292957,-2.316770142917175,-2.7046608187855976,-2.1471421821370624
2023-01-01,17115,-2.9506166108659326,-2.91876101821628,-2.8116326385573616,-2.631485357450469
2023-02-01,17115,-2.450645802942787,-3.054299984524244,-2.7814640976613982,-2.8904410674273873
2023-03-01,17115,-1.1863750002929245,-2.865754777763694,-2.6067813228423007,-2.6770611726876585
2023-04-01,17115,0.03414824509072299,-2.5655099834205664,-2.58423225100847,-2.490685377267083
2023-05-01,17115,0.9209011764744943,-1.550210867739983,-2.6377933177053308,-2.4007044924384116
2023-06-01,17115,0.9161209975768738,-0.5170701276006697,-2.421935717510709,-2.2677877867340044
2023-07-01,17115,0.2982453301591262,0.08981794747640677,-2.3764259662049274,-2.4569526836600715
2023-08-01,17115,-0.6690089514830744,0.3204760544904471,-1.763794915216786,-2.4913116405165097
2023-09-01,17115,-1.3877927574413282,0.03338027594519768,-1.1264327572306088,-2.360825319272368
2023-10-01,17115,-1.678221257289911,-1.2034725492682745,-1.0278315443998205,-2.350841402736024
2023-11-01,17115,0.19230453383488916,-0.10599810998649657,0.2546907050044296,-1.2774089205133068
2023-12-01,17115,-0.055991599499394154,-0.5345252101784215,-0.168848190915559,-0.8539021991264583
2024-01-01,17115,0.9146256234617173,0.19295165520268748,0.16391573166512935,0.15874539000859184
2024-02-01,17115,0.07802683012764515,0.06003530206321327,-0.20607019309870123,0.10285629639603042
2024-03-01,17115,0.5408314675079888,0.24478388722615183,-0.15736814508191663,0.07690050419466309
2024-04-01,17115,-0.7064716508075825,0.5170384351308798,-0.136977019329749,-0.17275150736506834
2024-05-01,17115,0.14616556980720463,0.14417072473233708,0.08439928090505028,-0.1489960990719312
2024-06-01,17115,-0.587844779407533,0.2198872974937447,0.0003427792242499221,-0.3594586104386235
2024-07-01,17115,-0.9351742545855589,-1.2640239728275229,0.26510056662617576,-0.41336437688577926
2024-08-01,17115,-2.391998237900374,-1.1259214412429828,-0.586200519317203,-0.4519985440009382
2024-09-01,17115,-0.9411857923945726,-1.3979372286129121,-0.2674519583005263,-0.38038089805558656
2024-10-01,17115,-1.2905421788096296,-1.7969353120818043,-1.941838164744345,-0.3609366000229924
2024-11-01,17115,-0.7568540203926245,-1.5181529152865025,-1.2906157751890528,-1.0107596759372748
2024-12-01,17115,-0.4603190694250775,-0.811754711873173,-1.114100770049283,-0.5718935575571763
2025-01-01,17115,-0.3095353468750529,-0.973538469694289,-1.2645947532996527,-1.5101844329011398
2025-02-01,17115,-0.5918045433806359,-1.0560246223573886,-1.5558898657994644,-1.3648270666206352
2025-03-01,17115,-1.209175592945982,-1.3179218294799302,-1.51832280660083,-1.657746633871232
2025-04-01,17115,-1.5541581233512938,-1.104462277702026,-1.5813469959574522,-1.7761007947022773
2025-05-01,17115,0.19794328389359392,-0.38222359160159025,-0.9518244195719474,-1.4477436675923674
2025-06-01,17115,0.4371702017596205,-0.9121530275695453,-1.1516459760879059,-1.3782827277828194
2025-07-01,17115,0.654121959233426,-1.0780943315068257,-0.8903444921543688,-1.3886005259977519
2025-08-01,17115,-1.7222207908719696,-0.8806147978300377,-1.0122209136972578,-1.3403008099998783
2025-09-01,17115,-0.9812410737128038,-0.43731609523575554,-1.421168880967473,-1.4153908022429613
2025-10-01,17115,-0.13272519692802465,0.12370223830774459,-1.1478084957307937,-1.0244204920981548
2025-11-01,17115,-0.47595758557408363,-1.0581308665141393,-0.916969138522074,-1.1696093855059608
2025-12-01,17115,-1.090250476912533,-1.3436818317745691,-1.149780033628832,-1.6781887731389662
1949-01-01,17116,,,,
1949-02-01,17116,,,,
1949-03-01,17116,-0.3041455932909048,,,
1949-04-01,17116,0.7538100704524061,,,
1949-05-01,17116,1.0437629105054826,,,
1949-06-01,17116,0.635689871798635,0.044783863643080124,,
1949-07-01,17116,1.6353011115416543,1.6775260940173258,,
1949-08-01,17116,2.069136990822045,1.8313939076135144,,
1949-09-01,17116,2.3489815271792525,2.1365309623961286,2.142780434690899,
1949-10-01,17116,1.2398419631105417,1.5236325407608025,1.6607373422842582,
1949-11-01,17116,0.7262546487944038,1.5595499449103036,1.6744575050729458,
1949-12-01,17116,-1.3427000501741646,1.4603120375273242,1.3200532137009406,1.194568828096734
1950-01-01,17116,0.3070056020591846,1.1458578353660196,1.6408831681189786,1.6634233134264884
1950-02-01,17116,1.0388277576255704,1.2187032238232882,1.8289605546312409,1.870724154420835
1950-03-01,17116,0.7468072896376714,-0.5005881301247934,1.6778937196907033,1.5650583544903327
1950-04-01,17116,-0.8055722689824291,-0.27407292161624924,0.5496730958008723,1.2559266624195085
1950-05-01,17116,-1.4557946470979715,-0.004167496435227369,0.3912121867947346,1.246822011165197
1950-06-01,17116,-1.510052860415672,-0.19479211816485395,-1.0580495352057715,1.0930537962156102
1950-07-01,17116,-1.0769510924063033,-1.281566865381396,-0.6842082768357513,0.10764102597484618
1950-08-01,17116,-0.9870480620057677,-1.7660698275165014,-0.36771592210222337,0.03496729731642638
1950-09-01,17116,-0.2095817124210522,-1.3437271216813687,-0.37836371029480365,-1.0328345442273628
1950-10-01,17116,0.11750268099244762,-0.5107997431809916,-0.9813320972851296,-0.5214944044087727
1950-11-01,17116,0.19710322968632818,-0.21325063294392718,-1.1274747076133116,-0.1475973616629781
1950-12-01,17116,-0.29433818090113234,-0.5059760924083614,-1.1135141116693028,-0.4811625234005696
1951-01-01,17116,-0.46435224780341416,-0.45188274695561437,-0.86727321243731,-1.1673136391933598
1951-02-01,17116,-0.20439866090163616,-0.059388710555696674,-0.41650472804102,-1.0711169230396551
1951-03-01,17116,0.6858020983503174,0.15639700397786402,-0.039853502267894504,-0.5836141980604977
1951-04-01,17116,0.5853333087701598,0.011146006960355823,-0.06811600923490352,-0.4622340164467087
1951-05-01,17116,-0.024821804874106707,-0.22743580510126016,-0.13129304323240246,-0.4391388581002432
1951-06-01,17116,-1.2649500111806993,-0.14918196039116258,-0.4201916394537394,-0.5543137629876035
1951-07-01,17116,-1.3267770550251252,-0.2946882872317219,-0.5162612810392826,-0.5409041698140258
1951-08-01,17116,-1.0809002922992568,-0.5632476991869516,-0.5811256313664993,-0.46827685571001054
1951-09-01,17116,-0.598030027115758,-1.4283440189389651,-0.46656568001924215,-0.5920826656354332
1951-10-01,17116,-0.590343002889307,-1.468704717986376,-0.5338296447940701,-0.6656575385987638
1951-11-01,17116,-1.0576815128031025,-1.5244731657724575,-1.168759059303245,-0.9910832041528344
1951-12-01,17116,-0.35304482468222,-0.7085761587658089,-1.2169891403197326,-0.595804215625335
1952-01-01,17116,0.13946077626877948,-0.3633951328161729,-0.872484480031631,-0.4168433566428409
1952-02-01,17116,1.2627110435724926,0.37410996320448264,-0.013806804616306378,-0.05878395598896357
1952-03-01,17116,0.8539658877406174,0.24637041304089605,-0.07169959086381639,-0.5426895873771578
1952-04-01,17116,0.09465570297453363,0.1626850084158477,-0.2641330362258159,-0.7254525656309269
1952-05-01,17116,-0.8356000964648532,0.5798319628215727,-0.15085437595151788,-0.48199619405915856
1952-06-01,17116,0.25087392418807675,0.758626860214928,0.2483917535010029,-0.0416167311759974
1952-07-01,17116,0.8091865190854924,0.5286646421148709,0.46982586773094576,0.03190160405184699
1952-08-01,17116,0.1533689360936856,-0.6184864210450853,0.49901682940319597,-0.15583671109517666
1952-09-01,17116,-0.7700138701332996,-0.31343874251648013,0.27005611618034114,-0.07225852395541595
1952-10-01,17116,0.4277409641475051,0.7251479672573328,0.6002239186161981,0.5406235435728721
1952-11-01,17116,1.2046683357525971,1.0411945546099262,0.5122374583923578,1.0504337896096971
1952-12-01,17116,0.6389375323343437,0.14948760698001753,0.2455558872991461,0.6290123866566972
1953-01-01,17116,0.0442403547889822,0.18785918978597232,0.5250847640223235,0.5011937477731051
1953-02-01,17116,0.2567653489750498,1.0260489640925303,0.9668987459372475,0.4731333391202376
1953-03-01,17116,1.3400388560655458,1.3351927076946035,0.9382860905995541,0.8341013007300431
1953-04-01,17116,1.3762500440826306,0.9516480231874583,0.8920560365854966,1.0832356924479143
1953-05-01,17116,0.7428555046727324,0.6228947875910357,1.1961247013032417,1.1239131979150898
1953-06-01,17116,0.5178341999987905,1.3296950880707263,1.3639006955220778,0.9905383970925544
1953-07-01,17116,0.4134172389392014,1.2371292528322302,0.9445958286256263,0.916580644873045
1953-08-01,17116,-0.4076749200869012,0.4063095764322983,0.3610090958725537,0.9782095820018906
1953-09-01,17116,-0.21801695032751162,0.1743717214301162,0.9712529712992359,1.0506655433237706
1953-10-01,17116,0.362389586121181,0.48606611980573583,1.008114919337456,0.8515676199856282
1953-11-01,17116,-0.0743185489892962,-0.20634100256305343,0.2866046178352419,0.3214537958026884
1953-12-01,17116,-0.8627572377928843,-0.9861447292607456,-0.5361890364523048,0.3466713092917578
1954-01-01,17116,-0.5777510155494173,-0.3722574757259959,-0.16039865549994137,0.5924503807714553
1954-02-01,17116,-0.14478603964560674,-0.20220656641644277,-0.3658600864124887,0.04512421140655776
1954-03-01,17116,0.42049900976195254,-0.4279841766710983,-0.5816501194962536,-0.3464047864480573
1954-04-01,17116,-0.3579375757590662,-0.6739783089353849,-0.5057983409273094,-0.3615624458182835
1954-05-01,17116,-0.07412398663342885,-0.2104056620794698,-0.277035194582406,-0.4214683362362888
1954-06-01,17116,-0.29793436527787237,0.06861486524766437,-0.6068915610639252,-0.7294678063696185
1954-07-01,17116,-0.4821677819291592,-0.6558395778969873,-0.8345678786705298,-0.6943846132588444
1954-08-01,17116,-1.8379345217430525,-0.960659191616204,-0.7649977612367359,-0.7706957708921253
1954-09-01,17116,-0.055601017511856296,-0.37200016365415745,-0.10107205127895899,-0.6138168760862115
1954-10-01,17116,-0.9702641843612738,-1.1211905109120637,-1.0276968039445107,-1.0785740862280702
1954-11-01,17116,-0.7843212113182857,-1.6238477742787985,-1.2745879616803142,-1.0235581797834845
1954-12-01,17116,-1.1067825518839767,-1.1139700637171324,-1.156897459168482,-0.7313562431369744
1955-01-01,17116,-0.8415409467956972,-1.3116442057769264,-1.4876355353372785,-1.4642324754385598
1955-02-01,17116,-0.5356972170385917,-0.9726768437521448,-1.584191169001069,-1.374706215931039
1955-03-01,17116,-0.8800408673509572,-1.3993192334549784,-1.4376921687522393,-1.4897628445746078
1955-04-01,17116,-0.03315906955719082,-0.6881427841787349,-1.0873892227261173,-1.2830248333224956
1955-05-01,17116,-1.0671707835983382,-1.071293924665003,-1.347355253095038,-1.756939506839574
1955-06-01,17116,-0.9459348990206062,-1.3205568792499673,-1.6608481948314269,-1.68488060995247
1955-07-01,17116,-1.4536876246132049,-0.856735461613298,-1.1410939652038365,-1.4402328486467144
1955-08-01,17116,0.42463716758102044,-0.6492889988280024,-0.8395483579342599,-1.1568678212648882
1955-09-01,17116,0.6155359182940034,-0.29094640542184946,-0.970669554861243,-1.3250545840175019
1955-10-01,17116,0.02600581824981578,-0.8479190470876348,-0.655098443019079,-0.9868993849506197
1955-11-01,17116,1.0783859189805511,1.033438299487434,0.39324927149790545,-0.03373883293578729
1955-12-01,17116,0.7584628942687992,0.7982424764638573,0.34895862238635816,-0.2678109102463665
1956-01-01,17116,0.8824284997550523,0.5887260272022542,-0.014396868632307313,-0.019174664783894835
1956-02-01,17116,-0.1610287333530206,0.6503733092232773,0.7174661802985411,0.1297267925691358
1956-03-01,17116,0.42049900976195254,0.7855792686965835,0.8615644728013937,0.3912877624085959
1956-04-01,17116,0.0005683637091629543,0.6849509783923737,0.45603268082904386,-0.05398748578690234
1956-05-01,17116,-0.6640601795924723,-0.5678304830362433,0.1887532563895665,0.2733279176270512
1956-06-01,17116,-0.9564368593378454,-0.254785372566139,0.27513153621597497,0.3927384612934756
1956-07-01,17116,-0.40021575124299946,-0.32718321457668686,0.3970947492741298,0.21871105505704194
1956-08-01,17116,-0.5355656276642109,-0.8448745741029577,-0.7118264896681211,-0.038981359049797805
1956-09-01,17116,-0.8421279967379791,-1.3375913662377745,-0.6212802628376092,-0.06465916325868014
1956-10-01,17116,-1.189372596769501,-1.242273880137751,-0.839097351924231,-0.08257497084691416
1956-11-01,17116,-0.6947525780823395,-0.8538788632217533,-1.1112569544638342,-0.9276209561364395
1956-12-01,17116,-0.7808641210323023,-1.1524899492286496,-1.5471233469702796,-0.9979734306938893
1957-01-01,17116,-1.1717325314374425,-1.6504584302449001,-1.8161999428038942,-1.5657994427178457
1957-02-01,17116,-1.7111797388503294,-1.8085847517795495,-2.0552267629135423,-2.0253485690421984
1957-03-01,17116,-1.2600241443324691,-1.4594924290445968,-1.6758654181456478,-1.9092798042412245
1957-04-01,17116,-1.1053590712678347,-1.5460275542236246,-1.820023586054819,-2.024241203609715
1957-05-01,17116,-0.24543293217642345,-1.515953801285788,-1.6564189556740416,-1.773389434192923
1957-06-01,17116,-0.6805760210252122,-1.5189141520361034,-1.6434619208501466,-1.8305156847377757
1957-07-01,17116,0.0689936500952919,-0.9580624503962776,-1.4247303813098768,-1.714532353197185
1957-08-01,17116,-1.0744080568868877,-0.7514438087385582,-1.6019523637634727,-1.7514693197784552
1957-09-01,17116,0.03078870920713612,-0.5885436258992843,-1.3884594071209606,-1.478955563393748
1957-10-01,17116,-0.630791015855062,-0.40495979967451534,-1.1331987767622356,-1.532526317608712
1957-11-01,17116,-0.5635095993972601,-0.9957715646827981,-0.9358555106832045,-1.772692071540787
1957-12-01,17116,0.3073659223933913,0.12568815180292214,-0.16298380266246004,-1.0402975073221081
1958-01-01,17116,0.9287224323143328,0.28467386100355635,0.2528281757509537,-0.3359291611207131
1958-02-01,17116,0.3084371197976122,-0.16849295103497597,-0.5526921378081824,-0.6082744216964108
1958-03-01,17116,1.0034469857377812,0.8361233360416347,0.6753437792403739,0.30004520620021774
1958-04-01,17116,0.8692373543868598,1.218265909697593,0.6661236619946742,0.6097563564692196
1958-05-01,17116,1.4246975059471176,1.1525794230831512,0.6566864528551882,0.3008418215494284
1958-06-01,17116,-0.15763337527208665,0.6701326018725878,0.6158976292570691,0.47864205127781917
1958-07-01,17116,-0.6346966024250977,0.2810026794215825,0.82057983715957,0.3504324598604439
1958-08-01,17116,-0.3061387456422666,1.0348722589267887,0.8962473588605878,0.4667457657560466
1958-09-01,17116,0.4438697494101089,0.0642250984117458,0.6296231862151409,0.5847537009474948
1958-10-01,17116,0.8702046827335082,0.44553224034507316,0.7285302620243982,0.9930165841966677
1958-11-01,17116,0.17056633717280487,0.05340257490222099,0.8819501441009754,0.8409977705685127
1958-12-01,17116,-0.09453127644285822,-0.01309671578782537,-0.06728975940370807,0.46652254121084535
1959-01-01,17116,0.3338273774844956,0.7861610739567674,0.43561065222493367,0.7674359302884305
1959-02-01,17116,0.5447165680761421,0.5001808082942069,0.3456804683095661,0.9477820915002572
1959-03-01,17116,0.25732938303558356,-0.016521486906547544,0.05374432370405503,-0.07261679710591337
1959-04-01,17116,-1.2327819965620828,-0.5390717629930304,-0.025755112672061792,-0.28422666456834944
1959-05-01,17116,-0.36478630240432514,0.1790975135141151,0.1922529243942168,0.05292820002924506
1959-06-01,17116,0.7657949359976536,0.6130878909338082,0.29648206950653366,0.3364685112369423
1959-07-01,17116,1.6579467182486591,0.43153052449817214,0.5277247091319593,0.8202992753211227
1959-08-01,17116,1.4784641351403298,0.6644630601248552,0.7534365604316388,0.7011202615437216
1959-09-01,17116,0.7560173081902123,0.8768528653793127,0.7476923645456425,0.4483137716583299
1959-10-01,17116,-0.46379380394756364,0.8885754441385657,0.09421206824519684,0.24348175398338642
1959-11-01,17116,-0.20802171494896501,0.7152313436849437,0.4056006243721349,0.5728316201978358
1959-12-01,17116,-0.3474325396061905,-0.01756848769761769,0.3818038268642064,0.42559036387423876
1960-01-01,17116,0.16660255020129103,-0.2768890055187794,0.7779777087284998,0.11722110203305552
1960-02-01,17116,-0.05033634511296127,-0.21908273661015923,0.47278434846735484,0.20510698845822936
1960-03-01,17116,0.23532450739349886,-0.21278011260933746,0.03559074772761211,0.32113191236077915
1960-04-01,17116,-0.3343006862000603,-0.08397179413300722,-0.4186992918387418,0.5160521317120637
1960-05-01,17116,0.034570868401973424,-0.06996270574700436,-0.2361908622484999,0.35231175121814
1960-06-01,17116,1.0573271799856216,0.8431723020854022,0.32311462162570265,0.5038656708383208
1960-07-01,17116,1.2079715789203191,0.5752445641904667,0.5207385417394129,0.12633694760794886
1960-08-01,17116,1.1423443123189743,0.6667137968600426,0.3501667759873598,0.142921889429759
1960-09-01,17116,-0.44966127233727715,0.5635865298990126,0.44166181839280144,0.06458813695236044
1960-10-01,17116,-1.4357541658762263,0.12664157894047795,-0.17632098342325933,-0.04370826908242372
1960-11-01,17116,-1.158312230602923,-0.23684649312122713,-0.17647568277686393,-0.21036051221167865
1960-12-01,17116,0.1409843284369023,-0.2178894937042248,0.42326297824493847,0.4534236810260994
1961-01-01,17116,0.5115280963925204,-0.42316094041438596,0.29486184719628683,0.10425226925515084
1961-02-01,17116,0.39267805284260243,-0.49402024339187756,0.023575774933089044,-0.0001125870459960334
1961-03-01,17116,-0.6499237086886022,-0.47582343439390357,-0.6937306805351113,-0.1315041739389225
1961-04-01,17116,-1.214779907332823,-0.3874347654246085,-0.9914234570039192,-0.4097410358007556
1961-05-01,17116,-1.2561197488328704,-0.47128416135464957,-1.071061308771223,-0.6456616922966333
1961-06-01,17116,-0.6855376525446867,-1.027891061103218,-0.7885012168386055,-0.9583467637019059
1961-07-01,17116,-0.0385393435104808,-1.1111961824095562,-0.4188025487157556,-0.9927475655610537
1961-08-01,17116,0.03545605208466232,-1.0517163549294786,-0.45858015371956345,-1.0153956155058645
1961-09-01,17116,-0.5649958371267843,-0.9710313087757638,-1.1644310458906046,-0.8875947631768228
1961-10-01,17116,-0.736741816009811,-0.5649357406333209,-1.3354295376894125,-0.6320997447673259
1961-11-01,17116,-1.03241612699803,-0.8794361721849447,-1.5490239898293472,-0.865640119113902
1961-12-01,17116,-1.2335665925336916,-1.4255395416782848,-1.7138631660235986,-1.7751992867234063
1962-01-01,17116,-1.6101401690325934,-1.848677714322689,-1.8880251138940105,-2.285482088621935
1962-02-01,17116,-0.62477731942871,-1.19523788678976,-1.2032768911326799,-1.6055705789191765
1962-03-01,17116,0.4500088563395301,-0.645515624027519,-0.8785690312253298,-1.0863196479220358
1962-04-01,17116,1.7187861862585427,-0.10512173651495972,-0.542174293464049,-0.5834370665869342
1962-05-01,17116,0.46404574433149554,-0.24659102434376595,-0.8309705722831111,-0.8232853589730993
1962-06-01,17116,-0.6117074477606368,-0.06522080429941324,-0.9122308118438767,-1.0993837159518114
1962-07-01,17116,-1.4475898143318182,0.7563799276590214,-0.6526792683301844,-0.9839628883835186
1962-08-01,17116,-0.8109231080461864,-0.009419332521806215,-0.5227692229960766,-1.009689478760988
1962-09-01,17116,-0.2693471679303077,-0.7375523162533343,-0.29160243538105063,-0.9245291401487885
1962-10-01,17116,0.5119188126811884,-0.28123569523932196,0.785458902892128,-0.2854445862302328
1962-11-01,17116,0.38976863436924447,0.03813195142714551,0.2866046178352419,-0.17852281940515424
1962-12-01,17116,1.6639904779912504,1.3578114975607756,0.9284222005792055,1.0557372500363549
1963-01-01,17116,2.2109580615655844,1.922512587009257,1.2873302469445838,1.7101263864369307
1963-02-01,17116,1.9831362411672004,1.7787757503956578,1.4523108146098507,1.3769940647379573
1963-03-01,17116,1.0034469857377812,2.0072563851769147,1.7104569401524552,1.2564458865603287
1963-04-01,17116,0.16811019304877178,1.855784804542597,1.7040004462885092,1.2247438871838232
1963-05-01,17116,1.0047771272652652,2.105936185226241,1.970228286164482,1.6746484819633998
1963-06-01,17116,0.9397596309480548,1.3278920424528995,2.1436478656520928,1.8416375929908875
1963-07-01,17116,0.5816379078343976,0.41136304771183047,1.7907090782632595,1.7424619627708657
1963-08-01,17116,-0.3836156926926881,0.6418390874187768,1.855163181040436,1.793971610753566
1963-09-01,17116,-0.10295915965866673,0.5878207674043031,1.005602166186551,1.8106517479446416
1963-10-01,17116,-0.1547675580367913,0.25942588341212136,0.22199846962900216,1.312239389977497
1963-11-01,17116,-0.7139565033092504,-0.7936199306487838,0.08950786048099625,1.2627023349939284
1963-12-01,17116,1.1136761845322094,0.8362867162348716,1.0217643508564036,1.377947492632562
1964-01-01,17116,0.6644452503351033,0.3038841714088698,0.4995379993558215,0.5113184870225137
1964-02-01,17116,1.1346905421739448,0.45982981566867226,0.28318912471868934,0.6768627842252188
1964-03-01,17116,-0.35169732839319917,0.6216407602678122,0.42952225378879255,0.7311319894745333
1964-04-01,17116,0.084603970264562,0.5626860102139076,0.2647038276557446,0.44350390668299045
1964-05-01,17116,0.11744765089170488,0.9578243400062687,0.3912121867947346,0.22123615829287743
1964-06-01,17116,-1.0412353987375353,-0.9413913199168482,0.08702014924661125,-0.05326447749656647
1964-07-01,17116,-0.6507587771127108,-0.38944448501755996,0.1982207805793723,-0.04152987045669525
1964-08-01,17116,-0.4378887563147239,-0.13727150514484915,0.6692517940651223,0.17693489063056844
1964-09-01,17116,1.3091222322521263,0.4111075684327844,-0.10508910585215973,0.6079606654806954
1964-10-01,17116,0.5511123890875931,0.13875424010048618,0.07902320446897067,0.40416349933068163
1964-11-01,17116,0.5220920674635677,0.3002640933630267,0.29213718045934234,0.8287538129210132
1964-12-01,17116,0.5245921267088507,1.0614397496731884,0.5610464485505582,0.2797508352400691
1965-01-01,17116,0.4430231714161755,0.5947864019571986,0.2565016504769391,0.268121673674518
1965-02-01,17116,1.2193950708563124,1.2338886370739706,1.0075159965118403,0.8707413880521188
1965-03-01,17116,0.3093730456878657,0.5066689763143764,1.0490608521847515,0.5385018847552416
1965-04-01,17116,1.5703788417452174,1.3481822089313622,1.2913818119093472,0.9910534868940727
1965-05-01,17116,0.19907693020274797,1.0739913829485248,1.1378783604909848,0.9279955768115201
1965-06-01,17116,0.4293581653878718,0.40822842476879795,0.5747965395443206,1.0518617232816676
1965-07-01,17116,0.2555597518885332,1.3173562555082063,1.2315054219807071,1.2414833589016212
1965-08-01,17116,0.2364665241294949,0.2585821049542115,0.9814765764483229,1.0832995437820825
1965-09-01,17116,-0.21801695032751248,0.10058567456387725,0.12930499334356535,0.34110795084127504
1965-10-01,17116,-1.2657659637173904,-0.6962332744648041,0.5025152262952924,0.6046405676507755
1965-11-01,17116,-0.48041024082134015,-0.24521234917389545,-0.08135070889565321,0.6406513378245592
1965-12-01,17116,-0.0784353458999185,-0.322679247411638,-0.031776263903735155,0.07983880426590842
1966-01-01,17116,0.710319654459202,-0.18588332189691834,-0.07316486685975326,0.7621885735041889
1966-02-01,17116,-0.6382314723684125,-0.8559051642867255,-0.7743864771313446,-0.5722880570568134
1966-03-01,17116,0.4070408229771157,0.10341285406810122,-0.09172092810489876,0.044224166922557234
1966-04-01,17116,0.49400007516164757,0.8401859993045978,0.09215724428226874,0.1465334314536173
1966-05-01,17116,1.0617410720729212,0.18536711234649417,-0.17397262410354036,-0.12967746141908268
1966-06-01,17116,0.39555148369232085,0.4675353143346523,0.1911766178678453,0.008252523577990343
1966-07-01,17116,-0.8809058606913029,-0.16483736535691254,0.3810183107447714,-0.27127715295320803
1966-08-01,17116,1.0807935907055544,1.2865130670055527,0.5344755069621177,0.17046018882321218
1966-09-01,17116,0.4360997475316759,0.4326333374943035,0.45322003176684866,0.22226831963794008
1966-10-01,17116,-0.026651530852481783,-0.5368204955700616,-0.13141608599018484,0.28367168635097467
1966-11-01,17116,-1.579899072233351,-0.6935645114244983,0.19456873658723234,-0.2647405741895796
1966-12-01,17116,-0.8305494346543472,-0.6244124009817331,-0.29831292867929443,-0.08562168305846111
1967-01-01,17116,0.48788599419329065,0.23319122470583425,-0.1564083169773846,0.12530663992884808
1967-02-01,17116,0.8776944594053706,-0.3543927967551538,0.11686602934061337,0.5858142383584939
1967-03-01,17116,0.804472706155406,-0.11872789297989914,-0.044402222858673325,0.06929299049661772
1967-04-01,17116,0.04432340329937646,0.4010416816344124,0.18659096996758767,-0.15416895639289002
1967-05-01,17116,-0.2202595472691215,0.5502509877010525,-0.47659412486948693,-0.08426264116451494
1967-06-01,17116,-0.24458281616723662,0.44251504191456525,-0.3066350049341022,-0.22149960120356543
1967-07-01,17116,-0.5289638053380656,-0.359673386638883,0.09348505685848565,-0.07744514304080233
1967-08-01,17116,-0.5171403241452415,-0.45972623124493606,0.2612251409186249,-0.6336592501798117
1967-09-01,17116,-0.5913878004169738,-0.6411426408268835,0.03737871736407116,-0.4970834642389567
1967-10-01,17116,0.2517742652256178,-0.07494750168598713,-0.10715268718782187,0.1802433667480648
1967-11-01,17116,0.4093730857319629,0.1725664297668335,0.0011214416411741857,0.47588019617078287
1967-12-01,17116,0.7727286350523318,0.3389705128454244,0.19025682531939483,0.5552559020759134
1968-01-01,17116,1.7577235886762455,1.4328186807731123,1.046778098211815,0.9343378453585853
1968-02-01,17116,1.4688852771690855,1.3680219905574609,1.1169498615676159,0.8479171512829166
1968-03-01,17116,1.5255014168276182,1.5710416517610097,1.2127472632099106,0.9082008274244938
1968-04-01,17116,-0.6024252388961902,1.1006807727242838,0.9272529745434053,0.6718977929207229
1968-05-01,17116,-1.1173644200597352,0.6423390639223076,0.7181297734448666,0.5008401369058522
1968-06-01,17116,-1.646077413777507,0.5598198982435287,0.8806507677212321,0.5586529515197822
1968-07-01,17116,-1.2553038886867784,-1.2038316283416255,0.5189906027312022,0.4393392667648878
1968-08-01,17116,0.8072617373265774,-0.4264907602387458,0.7992558500581282,0.8660540979101865
1968-09-01,17116,1.6817888604690534,0.6898302874251006,1.4651907962379922,1.5128204515974684
1968-10-01,17116,1.6594311983685999,1.0857669838112314,0.6920760915031465,1.339864079759613
1968-11-01,17116,1.4610525289469898,1.4118960683903121,0.8151434617775688,1.3666639507884961
1968-12-01,17116,0.2830472012084729,1.2521979557939744,0.5918720701786016,1.264209873563446
1969-01-01,17116,-0.06205248436144249,1.4622284796731195,0.8883489735174661,0.5328958043047934
1969-02-01,17116,0.1705825087984058,1.181889499259451,1.2915672622564827,0.6985082197221844
1969-03-01,17116,0.31756079804931886,0.3144787254354248,1.2463014356608217,0.5741490910117059
1969-04-01,17116,0.8429077705703939,0.4965007432140783,1.5654920084055577,1.1237562095085913
1969-05-01,17116,0.17879276382136794,0.19372036348601213,1.0800253014221508,1.2013555987827582
1969-06-01,17116,0.5337791463219773,0.4879264129109574,0.45694387853695,1.2709456664115577
1969-07-01,17116,-0.09847722933959799,0.5286646421148683,0.33796422951878513,1.4078343358314325
1969-08-01,17116,0.24158460169937354,0.24551628336857712,0.18635120910562297,1.0282482846554586
1969-09-01,17116,-0.977041149117679,-0.14099416666585873,-0.030793832918204884,0.06458813695236044
1969-10-01,17116,-2.2614659851792993,-1.814392747961152,-0.4785600677912465,-0.3898285963292029
1969-11-01,17116,-2.04386944125008,-1.8982740952514767,-1.2796537696046877,-0.8346065747428781
1969-12-01,17116,-0.5922239017122265,-1.039239379777034,-0.5733478800743984,-0.36227826656758494
1970-01-01,17116,0.09052610689949725,-1.0254440557270388,-1.0348656446865914,-0.4044865230518216
1970-02-01,17116,1.5362721171401277,0.013521621095190508,0.07431900758898126,0.10910422731154319
1970-03-01,17116,1.038701837368513,0.23270881283944692,-0.18088035447961376,0.017507736073270202
1970-04-01,17116,1.4400706097404194,1.0296125062985693,0.004219661468080777,-0.07259963492173829
1970-05-01,17116,0.6665639490773156,1.5774559701715845,0.3035744115147634,0.32019323171147157
1970-06-01,17116,0.8097328219291715,1.2640788069979358,0.5472470697537163,0.15215916875828436
1970-07-01,17116,0.12123271800907094,1.1441758772917408,0.8983673764287781,-0.02520588398046178
1970-08-01,17116,-0.5725624231345465,0.2715960632716752,1.255795888571804,0.05852765434611384
1970-09-01,17116,0.26757900236238397,0.6459373037585641,1.0767002678128437,0.46310280602263815
1970-10-01,17116,0.6820896083671063,0.5779066442256916,1.099569670193166,0.9536736724525057
1970-11-01,17116,0.38414847488151643,0.12850547450846894,0.46811997494005575,1.1830163708348609
1970-12-01,17116,1.0399078620411775,0.8955693801732572,1.0057109649791185,1.377947492632562
1971-01-01,17116,0.041516145786457584,0.3969852072381894,0.3704016076550786,0.9885238865457905
1971-02-01,17116,0.13370217500078796,0.33068082790807685,0.0995046932990704,0.3655097253235306
1971-03-01,17116,0.0576955484996429,0.8127206710182724,0.7388177839503202,0.9043460085262564
1971-04-01,17116,0.6319166761408785,0.43165108430482585,0.6237898259011085,0.5888006324245976
1971-05-01,17116,0.3776424513651388,0.28922688552554826,0.4116758041118602,0.19013171508593074
1971-06-01,17116,-1.486765646033354,-0.7920444070974202,0.130176624800155,0.1142461305747604
1971-07-01,17116,-0.7646226746311776,0.009883502912774076,0.0398841141888387,0.27030372174060846
1971-08-01,17116,0.14810029938135977,0.35364465734816736,0.23752354661732772,0.36194310375413774
1971-09-01,17116,0.41649850772737623,-0.8140602084013634,-0.6154561776822057,0.16325722468965387
1971-10-01,17116,0.18902757245427326,-0.25984244952172525,0.1206068488151607,0.11021181210214882
1971-11-01,17116,-0.29927821328032916,-0.1353056049921939,0.10924922785437309,0.1138740832957517
1971-12-01,17116,0.467798753954793,0.44793615554873917,-0.1532685789453548,-0.17611104754080562
1972-01-01,17116,-0.2847772477677158,-0.2546912933078319,-0.5664777241013509,-0.13545690152434023
1972-02-01,17116,-0.7560257285382604,-0.8290655611678529,-0.7827605545832231,-0.48676744544643824
1972-03-01,17116,-1.7226064745732315,-1.0257386663974184,-0.9138169250764007,-1.3422667642712782
1972-04-01,17116,-1.1145689114273591,-0.9182345697189828,-0.8124854289577411,-1.0945019049327054
1972-05-01,17116,-0.39749665063034256,-0.8696516933103816,-0.9457421437463837,-0.9010477735458698
1972-06-01,17116,0.3852980322681775,-1.41277499228524,-0.8664028787378851,-0.7613181275185418
1972-07-01,17116,0.015735323478010536,-0.9966705224290917,-0.8696615574035602,-0.8124223575489768
1972-08-01,17116,1.1887393196809533,0.4137562069316984,-0.3233331340994728,-0.49663168649952594
1972-09-01,17116,1.6831267045806737,1.3909104111602333,-0.0809875532164176,0.14506620659278804
1972-10-01,17116,1.6833746900266464,1.352524765555207,0.84071157232434,0.553292990090336
1972-11-01,17116,1.3494766411349788,1.4660157801175264,1.1372479834503704,0.5849111301280836
1972-12-01,17116,-0.35585259076403797,0.8804698269235921,0.8374371529578001,-0.2626875555635442
1973-01-01,17116,-1.4549949258355575,0.4968591939967827,0.41284420660056464,-0.1867489625709581
1973-02-01,17116,-1.5387464944283284,-0.14534899907846643,0.3620490760394607,0.09318271929823493
1973-03-01,17116,-0.6770741110548113,-0.8375702159836305,0.26652079616581553,0.3286422612717429
1973-04-01,17116,0.48127634833441707,-0.9026651931567337,0.6237898259011085,0.552599194986684
1973-05-01,17116,0.7973474109887434,-0.7662868726535312,0.24982262475500278,0.6298277923197881
1973-06-01,17116,0.8941780100478407,-0.05563560681664431,-0.3901452481708472,0.5989920121635999
1973-07-01,17116,0.033601225015085834,0.3042220789033894,-0.8486292544749637,0.5240890301452641
1973-08-01,17116,0.5864817827145816,0.8751541337405441,-0.5138858541918961,0.3555540336817366
1973-09-01,17116,0.22364862255102735,0.6918924993593686,-0.08902112710420954,-0.34566811488494925
1973-10-01,17116,-0.15853828950629925,-0.0859618873019102,0.1430422180808126,-0.7939075025680564
1973-11-01,17116,-0.24254642556599212,0.14327583057708018,0.5538485945136853,-0.5108547367013265
1973-12-01,17116,0.6752167955872169,0.5416936676040353,0.8168889321198456,0.39602951300811606
1974-01-01,17116,0.5819704561204689,0.2331912247058311,0.19358580445621906,0.40101769650443087
1974-02-01,17116,-0.4326598871153149,-0.5404697344544489,-0.30823511207690224,0.12021936995572532
1974-03-01,17116,-0.9375691834749286,-0.24207744273578186,-0.25172131739555004,0.1533047365250903
1974-04-01,17116,-0.3410563286464732,0.23999015170637933,-0.013408920975109742,-0.040472401478999366
1974-05-01,17116,1.1814120166406163,0.44033932371752316,0.17824742838150337,0.32019323171147157
1974-06-01,17116,0.9669642834103214,-0.22119479337517603,0.22874873414279479,0.18831432882569787
1974-07-01,17116,0.8610371751645389,0.24471344304105552,0.5642532257751313,0.2895919835585347
1974-08-01,17116,0.6219526623882101,1.1684884767179335,0.5468443587864747,0.30270125213542964
1974-09-01,17116,1.121507020442332,1.2255545280668025,0.3309226097449377,0.5934660879706071
1974-10-01,17116,0.40811909668254276,0.7408261747211187,0.4086969492363306,0.5996733256985578
1974-11-01,17116,-0.2080217149489666,0.18949874435629566,0.8093449376283745,0.4086931481592617
1974-12-01,17116,0.2830472012084729,0.7418153687702922,0.97527129268676,0.4534236810261006
1975-01-01,17116,0.3952469090661529,0.4492351165692836,0.7531139481965491,0.5170882533091355
1975-02-01,17116,0.22816071249121242,0.0010582230409026205,0.2159235882023114,0.7226599870689835
1975-03-01,17116,-0.12732872921749772,0.001181014992058327,0.47496547691517016,0.7810210235557578
1975-04-01,17116,-0.029783937005870453,0.2836313626833899,0.32501016597561144,0.6276226124042226
1975-05-01,17116,0.8396173257967122,0.6674929997008204,0.3963339681548726,0.5318870152466441
1975-06-01,17116,1.1027459477053574,0.6064609866655973,0.5489723039614186,0.9051818042736371
1975-07-01,17116,1.2365509536590724,0.8163671777114809,0.8369151494424651,0.8084845780690044
1975-08-01,17116,0.6869650764693228,0.9516460030130899,0.7721536401918616,0.5264945656220288
1975-09-01,17116,-0.9087417701427241,0.45627453562111253,0.09338713810953408,0.1587107869110727
1975-10-01,17116,1.4376396165837197,1.4813576228442846,1.3981410711264175,1.3380941469852363
1975-11-01,17116,1.4050840805705378,1.3392074495634037,1.4331696980285122,1.3217682792428491
1975-12-01,17116,1.9584844970046555,1.5609125295122035,1.5274434649831656,1.5153823314833044
1976-01-01,17116,0.7558019240359215,1.637751421237661,1.7547683613382596,1.5545386338985179
1976-02-01,17116,0.868739760073038,1.547605100035488,1.557246053471877,1.5851581386463447
1976-03-01,17116,-0.6662252805863963,1.4992876626419098,1.073572658241363,1.2978364454073004
1976-04-01,17116,-0.8410489646775793,0.06599651343233244,1.0234717771660675,1.3778975880288915
1976-05-01,17116,-0.6713720966916338,0.29129088638864986,1.1047371881919301,1.186034498713698
1976-06-01,17116,0.2066390338955046,-0.5737341522147268,1.3866627548555863,0.9863179780067812
1976-07-01,17116,0.7071787422043951,-0.2892726170352728,0.3307634750849943,1.154455840242608
1976-08-01,17116,1.0206162406893156,0.09024613931409449,0.5943412677525839,1.2986279228223245
1976-09-01,17116,1.0307596864105177,0.734624150410376,-0.038822190295208045,1.4824255245921996
1976-10-01,17116,0.37968310592086646,0.6452962373495887,0.029129168302423847,0.41742791402934565
1976-11-01,17116,-0.6019117706869533,0.1309729925506515,-0.2981721282321071,0.26902543509887283
1976-12-01,17116,-0.16760308591225764,0.33486505316136234,0.36779197466649455,-0.11229751863106367
1977-01-01,17116,-0.49616445897266487,-0.29020585566716645,0.07448676631485303,-0.35521433978123534
1977-02-01,17116,-0.9119030277060313,-1.1417340297315741,-0.6906456784764573,-0.9220010425282128
1977-03-01,17116,-1.547057484724137,-1.3126333664307719,-0.8751998158752897,-0.7631334774061144
1977-04-01,17116,-0.9336585889928589,-0.9588807958017574,-0.7420643111622777,-0.45621061811833363
1977-05-01,17116,-0.6128672716383202,-1.1022640695946913,-1.2848450435998275,-0.9251815857408691
1977-06-01,17116,-0.5391639687089398,-1.6988639698729329,-1.4743488462528818,-1.0738960897954892
1977-07-01,17116,-1.8960860790950607,-1.6907320329324707,-1.4728239746222112,-1.251067005332214
1977-08-01,17116,-1.4353138692654477,-1.2406161439511507,-1.3610396183026072,-1.5141517501547281
1977-09-01,17116,-1.1845348328726446,-1.1806160535413874,-1.8294200779939547,-1.5545054343281715
1977-10-01,17116,-0.8708696873273694,-2.516894372461733,-2.025615378466599,-1.6623794779484034
1977-11-01,17116,-0.8194604681464611,-1.4509063232174852,-1.530850668072986,-1.635353015483501
1977-12-01,17116,0.38630474898060585,-0.22251640106482315,-0.4184092748645389,-1.4741241930389173
1978-01-01,17116,0.7179276464836905,-0.011070452868383509,-0.7307338535493297,-1.1213402597905446
1978-02-01,17116,0.9788678550175821,0.24880026052845786,-0.2488831328443507,-0.529494269375401
1978-03-01,17116,0.23532450739349886,0.3396807058150064,-0.12812265344535748,-0.3673277077360535
1978-04-01,17116,0.306799179574742,0.7353559102128229,0.1289596510013534,-0.4992270965852692
1978-05-01,17116,-0.2526356350928568,0.6228947875910357,0.021400782452882707,-0.4096814113744318
1978-06-01,17116,-0.6312705490622009,-0.2643787759392788,-0.03548894533202908,-0.43541328312748956
1978-07-01,17116,1.5648712497347543,1.3556163783861968,1.4091392664830202,0.8730818828830557
1978-08-01,17116,2.004498847642951,1.187824336194336,1.4598689110435081,0.902775856476414
1978-09-01,17116,2.1388456837715832,1.6194678323674412,1.5973170769592655,1.4124160618878867
1978-10-01,17116,1.0058091188865368,1.3829731388084157,1.3787285952820731,1.4279447886568692
1978-11-01,17116,0.6571320088657121,1.4911535458198304,1.2101045028808712,1.4218770837774637
1978-12-01,17116,-1.09204894131475,1.1745357249798718,0.767481558754688,0.7953068928379862
1979-01-01,17116,-0.8240080422659067,0.02634689636884597,0.9060159202001139,0.9098196866158123
1979-02-01,17116,-0.47880196994363,0.07559162716464876,1.061504014256069,0.7847293217363364
1979-03-01,17116,-0.4019138187160344,-1.1058271650207425,0.7619895536004144,0.3927694931545948
1979-04-01,17116,-1.0061084131945972,-1.2393941939653925,-0.5369858888541071,0.3283763976658181
1979-05-01,17116,-0.23104113459155073,-0.5636497092163003,-0.1188460328967982,0.8073350220805108
1979-06-01,17116,0.3989578247427519,-0.2163947911474103,-0.9365983858260422,0.7808885684248852
1979-07-01,17116,0.24327291714061489,-0.7673722048425802,-1.0724411310465805,-0.477351396192372
1979-08-01,17116,-0.22399325915114499,-0.3216910241022691,-0.6180018041069307,-0.23667273500156602
1979-09-01,17116,0.3061361394210183,0.3574829860898093,-0.18540912601435333,-0.7848526307868599
1979-10-01,17116,-0.290486571775295,-0.045012831740143124,-0.7718339701934701,-1.0576734802041086
1979-11-01,17116,-1.133222295811073,-1.1341806859874624,-1.0293275257178172,-1.064077209691365
1979-12-01,17116,-1.0037144611584015,-0.8436571852943291,-0.48647965738450927,-0.7437058121562398
1980-01-01,17116,0.344536943072388,-0.03753662455071866,0.05144937270857024,-0.4681882282584177
1980-02-01,17116,0.5910220453521875,-0.3078382847218593,-0.4051190569266919,-0.4799384970627867
1980-03-01,17116,1.3780882502222949,0.25612111491938255,0.2432494141870311,0.31511577989929285
1980-04-01,17116,0.5946868131162216,0.6320551458855831,0.2647038276557446,0.3027666713219043
1980-05-01,17116,0.606526587457824,0.7892251795086548,0.00013930933742829906,-0.10611766880985152
1980-06-01,17116,0.11554138745416202,1.1514387623534135,0.1929677497263489,0.18667341159159845
1980-07-01,17116,0.3080760135708579,0.5581417477078382,0.6228479257040923,0.2895919835585347
1980-08-01,17116,0.24158460169937268,0.5750246519903424,0.7192327653266283,0.009776323932241539
1980-09-01,17116,-0.4185957299324046,-0.25908919326302415,0.7403986374633262,-0.03881443466224067
1980-10-01,17116,-1.2768256993300007,-0.6552634110387344,-0.13344541205670776,0.08418933251981571
1980-11-01,17116,-0.08048784155599792,0.09371691353489428,0.4091178943980457,0.6009430496889255
1980-12-01,17116,0.2830472012084729,-0.07604696480342714,0.005100808207008732,0.7524448230423592
1981-01-01,17116,1.5871203946498222,0.6329769365126107,0.6430821450780573,0.8090084247167476
1981-02-01,17116,0.9220911788926381,0.6485314959669083,0.6553086587768269,0.7716432122580759
1981-03-01,17116,0.8317696504191463,0.6885309109555042,0.39612753264069855,0.3271410676245802
1981-04-01,17116,-1.1603698463794436,0.6103486997025391,-0.12111025379920673,-0.0337217223746021
1981-05-01,17116,-0.82831852608291,0.25198248135059526,0.10796735552178986,0.13747427544594337
1981-06-01,17116,-1.3605066706713949,-0.05084411042367728,0.04741013707895814,-0.18152558257811266
1981-07-01,17116,0.45117471026399003,-0.7594451686577143,0.6671822886866451,-0.007252284629904568
1981-08-01,17116,0.029997964438830235,-0.6832584939582999,0.16437563711215833,0.043904798835833994
1981-09-01,17116,1.318761059828158,0.279448656925763,0.6463995010033693,0.5833005109737227
1981-10-01,17116,0.8023197441664828,0.7971239794695263,0.017500594198133518,0.8582963577276268
1981-11-01,17116,0.5969520868440816,0.5380019108668485,-0.0070357373269643204,0.4979835684997621
1981-12-01,17116,1.0559518660979015,1.4412850861008253,0.8374371529577996,1.1346296637242532
1982-01-01,17116,1.4659637313309655,1.533586405482312,1.4050810604739097,0.8308015817825443
1982-02-01,17116,1.2588027374833657,1.3055398602851946,1.185641017220612,0.6958116618847566
1982-03-01,17116,-0.22001936495050295,0.6477429924509176,1.1699521547312859,0.5698885745343415
1982-04-01,17116,0.01741037081998793,1.1668907451033146,1.288646323058178,1.2890668655359556
1982-05-01,17116,0.870196338432294,1.4600673243779532,1.4973193416623443,1.3764542357994547
1982-06-01,17116,0.971858732594016,0.4059359306519087,1.009978782333747,1.4035122625168797
1982-07-01,17116,0.9826125307669414,0.6164922687972648,1.3816494251328049,1.5105087373471022
1982-08-01,17116,0.33959479815278004,0.8201216079751174,1.3798305795067203,1.4647186808776804
1982-09-01,17116,0.08221123348531831,0.6929226631250773,0.24145160787297168,0.807884481658661
1982-10-01,17116,-1.5212848758011284,-0.14066446237149446,-0.17119089197298404,0.6798626456365238
1982-11-01,17116,-1.8628906351317331,-1.6006426837130947,-0.5366253007372271,0.3852978687561623
1982-12-01,17116,-1.130361281149062,-1.06697543366935,-0.2669427527410981,-0.44459054322247754
1983-01-01,17116,-0.7303393896563286,-1.421233241923122,-0.8339173080085599,-0.6944120164147739
1983-02-01,17116,0.4929430049473024,-0.8949984535423775,-0.7712461125189803,-0.20017531401931699
1983-03-01,17116,-0.3628693817933391,-1.1041397695375914,-1.1145534163850432,-0.5932338337174436
1983-04-01,17116,-0.6090541226086548,-0.9395660541935194,-1.4338993169008911,-1.0458245298707884
1983-05-01,17116,-1.3019967496286486,-0.41428598281110945,-1.3895278649629743,-1.2833163115020425
1983-06-01,17116,0.03691825962797714,-0.417426188328016,-1.0910061621313896,-1.0956438949576892
1983-07-01,17116,0.3279616979267888,-0.38132658715208134,-0.7584596856829973,-1.2777969318911988
1983-08-01,17116,0.3371244439309271,-0.9105269777220083,-0.3051682868475033,-1.2196267670848755
1983-09-01,17116,0.19672572557912996,0.030176863409994547,-0.4032032276041606,-0.9530464821075323
1983-10-01,17116,-0.2865006673220659,0.013331120394115901,-0.4456770402412792,-0.7650056795108354
1983-11-01,17116,0.35592288733877103,0.4772998025292212,-0.35140207804545076,-0.007320948428585304
1983-12-01,17116,0.056151053879867234,-0.017568487697618804,0.01606294231196892,-0.27806723703349934
1984-01-01,17116,0.027893203689989626,-0.2946443734850687,-0.13450303057112203,-0.41860982907269495
1984-02-01,17116,-0.6999490904744141,-0.32899651297574284,-0.21223426321043873,-0.8261325997734659
1984-03-01,17116,0.0437237432895877,-0.05585312680449188,-0.08990076062348326,-0.1235311214916406
1984-04-01,17116,0.7986133263876861,0.5326923802513722,0.1796197861324917,0.25764241313118147
1984-05-01,17116,0.8058542539368396,-0.06358816685027044,0.10268091909982723,0.1638438952650469
1984-06-01,17116,0.565266053120092,0.2833180369803984,0.1391584706824578,0.0960765136071844
1984-07-01,17116,0.42481508161825576,0.7888088057945409,0.5884637216112311,0.2590367942434831
1984-08-01,17116,0.5276414410374661,0.8545524826287271,0.0707607096151484,0.19957998071048752
1984-09-01,17116,-0.0976404153830498,0.2717408857614572,0.06540141910229888,0.0007248845117123828
1984-10-01,17116,-2.4895088181577876,-1.2808730759970604,-0.30148696997729985,-0.21150198986620403
1984-11-01,17116,-1.8481762473977783,-1.4439412926908908,-0.48712206391634577,-0.8280701597306681
1984-12-01,17116,-2.0598901259278652,-1.899935527532171,-1.4198323240404207,-1.1546975192013091
1985-01-01,17116,-1.087419671976536,-1.9300601358889864,-1.7601668294862831,-1.0690064747279324
1985-02-01,17116,-0.6274691448686204,-1.7026085980442223,-1.5499759694430173,-0.8826577994873013
1985-03-01,17116,-0.28173416562305903,-1.5574472453092367,-1.6000581938893517,-1.3200665358529173
1985-04-01,17116,-1.0092376206101437,-1.432137468530197,-1.9845295312754827,-1.9391705963632038
1985-05-01,17116,-1.3195896471999178,-1.2711065207426386,-1.9769786521493335,-1.830518673107414
1985-06-01,17116,-0.8782027286533164,-0.8148996457381492,-1.7800547839032173,-1.811662462288031
1985-07-01,17116,-0.5657002858761307,-1.211280198418315,-1.523415537423945,-2.0132820307540333
1985-08-01,17116,-1.1068971552589724,-1.7012800879464192,-1.4181665198207147,-2.020482916212559
1985-09-01,17116,-1.4823505553951466,-1.6020964757322491,-1.2046432353418417,-1.8413281369972012
1985-10-01,17116,-0.11740053588358687,-0.42470026804538275,-1.0731062052916587,-1.4355570856959479
1985-11-01,17116,0.5916628909466831,0.10868191119617254,-0.732836113269669,-0.9553046609771445
1985-12-01,17116,0.2683680659288132,-0.4168975857737215,-0.7506018629893259,-0.8779114477343265
1986-01-01,17116,0.40588705089842714,0.11177907374159556,-0.15242028344418643,-0.6557613295489949
1986-02-01,17116,0.17846187523105805,0.5116408849535232,0.11686602934061337,-0.5500279623728408
1986-03-01,17116,0.0157503512589509,0.08966164439542519,-0.4214267067013882,-0.7361406403982792
1986-04-01,17116,-1.3335146847346209,-0.5534887877329154,-0.655560003391685,-0.8779882164372748
1986-05-01,17116,-2.3720330968123613,-1.3008353795756888,-0.8124695762740345,-1.1057836568478492
1986-06-01,17116,-0.4258233487924481,-0.350594909245093,-0.18849740905906223,-0.6298388725939184
1986-07-01,17116,0.12984007744351048,-1.1162394837798801,-0.4960970314023053,-0.6290227260982552
1986-08-01,17116,0.4860270240351366,-1.8214264157499507,-1.0176916347711038,-0.6505857181101702
1986-09-01,17116,-2.410984418854076,-1.5591316387928003,-0.998059700659696,-0.6857133550228383
1986-10-01,17116,-1.0832177289086269,-0.6812462313305998,-1.5142625220935475,-0.8115794075267517
1986-11-01,17116,-0.9150784336327136,-0.49021653582514796,-2.104059812978543,-1.3337477030458476
1986-12-01,17116,0.46550242244449,-0.41453136867034057,-0.542720810765973,-0.5274490483680317
1987-01-01,17116,1.4680554929910115,0.5887260272022542,0.5352433796396845,-0.19018315856703238
1987-02-01,17116,1.045179483684066,0.25081130050746014,0.38556251541708286,-0.8432695808253774
1987-03-01,17116,0.5271266468288627,0.6104201993547202,-0.08080001998075259,-0.28689542853097516
1987-04-01,17116,-1.0061084131945972,0.5945067966894416,-0.0716478307073675,-0.05906026056977477
1987-05-01,17116,0.006688883853989062,0.8209563374221269,0.1519397332708695,0.26034103797279334
1987-06-01,17116,0.41252601006736483,0.5798626278997624,0.660108641389311,0.026513260442429916
1987-07-01,17116,0.945941477303776,-0.21889765040609532,0.9031766238942219,0.28316636114897936
1987-08-01,17116,1.2307071590070675,0.7090767999811987,1.1437357183661845,0.5358849229191488
1987-09-01,17116,0.1670702809714793,0.2884059822450771,0.42718633517394566,0.5271141962984496
1987-10-01,17116,-0.07882548065192967,0.5337013698752039,-0.20207522582456022,0.6629283932891374
1987-11-01,17116,-0.26300061391652796,0.514146377275307,0.40999640091609896,0.856220538085451
1987-12-01,17116,0.8289040044858629,0.6593341414315146,0.6898242805723561,0.8557093821161651
1988-01-01,17116,-0.24420793917130007,-0.39550848832333174,0.1325421379259661,-0.39302584577454225
1988-02-01,17116,-0.6059210640442829,-0.6886394322238072,-0.10629254830142397,-0.12046529549060084
1988-03-01,17116,-1.136629622236602,-0.24793037381288435,-0.2798226713931677,-0.12751708750743218
1988-04-01,17116,-0.09060330610902755,-0.2508934741183032,-0.3863208239149278,0.0293279986825748
1988-05-01,17116,-0.35752532659544023,-0.7335424364557999,-0.8149956275018226,-0.33971687671820955
1988-06-01,17116,-0.5873822835769605,-1.3802086101486726,-0.5532718329577104,-0.5575750078373064
1988-07-01,17116,-1.314812926163827,-0.8410316527381673,-0.7370669931612325,-0.817729391942
1988-08-01,17116,-1.0484676010642577,-0.8355111282518302,-0.9819790708516856,-1.0487611554207397
1988-09-01,17116,-1.5961619371913696,-1.4075730216393378,-1.6536530985030264,-0.8765936748613583
1988-10-01,17116,-0.639856063882488,-1.516968857235197,-1.030081071759331,-0.879104318536629
1988-11-01,17116,0.5436583305207981,0.08620313517897511,-0.15087128095493343,-0.5222723975334418
1988-12-01,17116,0.6963057467837338,-0.010862285915616289,-0.2478680818691047,-1.0279568470616656
1989-01-01,17116,-0.012988797380591138,-0.5113918247267422,-1.007841783811534,-0.9027888472915531
1989-02-01,17116,-1.6720572089041572,-0.9970582902699904,-1.3674415700664826,-1.3280305187746517
1989-03-01,17116,-2.1031645701671966,-1.1611041794256756,-1.5385535394231018,-1.6759412289283786
1989-04-01,17116,-2.5232404265563155,-1.7001541876854933,-1.797452169338181,-2.2331785054434565
1989-05-01,17116,-1.9925768097495866,-2.2837448739642765,-1.7520838976704391,-1.9743479681544536
1989-06-01,17116,-1.0626527769938774,-2.3387413096149436,-1.4884162881871528,-1.8015697780323832
1989-07-01,17116,-0.01580168398911124,-2.2507097409144317,-1.5974013781338643,-1.7169516895109376
1989-08-01,17116,-0.3896210348571223,-1.9672522606259233,-2.0733093463215133,-1.7049118162313948
1989-09-01,17116,-1.3733842660766364,-1.7024685173991128,-2.3627782637665957,-1.5910735532657703
1989-10-01,17116,1.067727742326158,0.8293761899042199,-1.089893117993949,-0.7826654131788474
1989-11-01,17116,1.533317360070838,1.1530863265775473,0.035563581877668046,-1.0656961490421095
1989-12-01,17116,1.5210499835990157,0.9712053556565516,0.47277813668291935,-1.0632064653255822
1990-01-01,17116,-0.2062544602929927,0.5968047050359873,0.4858255480177151,-1.0762276655751917
1990-02-01,17116,-0.927600496210367,0.5477257031527295,0.3656765657977888,-0.6614417607371442
1990-03-01,17116,-1.487540126321918,0.2872779141452138,-0.21722963560963532,-0.6116598747151434
1990-04-01,17116,-0.9146107784229576,-0.7344723303687594,-0.013408920975109742,-0.05906026056977477
1990-05-01,17116,-0.2598427540556263,-0.9237130744893419,0.2862723455883803,0.11930006473310796
1990-06-01,17116,0.3852980322681769,-1.194575305891266,0.35321798286894646,-0.11154695667508223
1990-07-01,17116,0.6774107965104454,-0.3759139841291245,-0.394791926989439,0.19607394438090756
1990-08-01,17116,-0.011204739624668192,-0.23460709861689083,-0.8554985681315896,0.19715499964908348
1990-09-01,17116,0.8415077540006793,0.6929226631250767,-0.7243691006692251,0.5373637280417691
1990-10-01,17116,0.5931152867892585,0.7586087640032698,0.11966825684663379,-0.023640359093497137
1990-11-01,17116,1.3181434304645112,1.080161391065287,0.7998839801035549,0.12826288523914064
1990-12-01,17116,1.2370688633981475,1.3153118408452131,1.147580901090121,0.3684478376389651
1991-01-01,17116,0.437728222023718,0.6239619726188389,0.7956981770316519,0.29836086676680135
1991-02-01,17116,-0.6382314723684125,0.5363644711756199,0.4719056943969236,0.24927158312085887
1991-03-01,17116,-1.6280270580837302,-0.20886990657189655,0.09091571557320662,0.18031728060278776
1991-04-01,17116,0.2476387906276986,0.48641006927788233,0.608230917895453,0.7879040517688812
1991-05-01,17116,2.094370030597482,1.179459345392126,1.667509253444494,1.527719378453533
1991-06-01,17116,2.0389146650625243,0.6799338564647827,1.3546096185884522,1.4366604277830182
1991-07-01,17116,1.6220518991498727,1.381123849984479,1.2769157350028877,1.3043618697015937
1991-08-01,17116,-1.2375197897286951,1.4126408758661473,0.6727130743770857,1.2986279228223245
1991-09-01,17116,0.7262226028847103,1.821306337130702,0.7857913004288019,1.3249970773613455
1991-10-01,17116,0.8794849885053564,1.3542906281414504,1.328041535043139,1.2887520955633178
1991-11-01,17116,0.25553664919438895,-0.26480919210176235,1.1997329152042815,0.7120669483215557
1991-12-01,17116,-0.8246981696216368,-0.422815366441162,1.103510975657028,0.20534072554806795
1992-01-01,17116,-1.856871969343336,-1.1309911559208494,0.04952472100985306,0.1718948586979272
1992-02-01,17116,-1.2345591084625418,-0.8352657248670532,-1.2650389864786855,0.36850201372264607
1992-03-01,17116,-0.62268089604834,-1.0872259834111724,-0.8269607837689994,0.7052202467200406
1992-04-01,17116,-0.21926248238110702,-1.6369917094525008,-1.0308341146801947,-0.10821936578309607
1992-05-01,17116,-0.8647043452580396,-1.4644971511663223,-1.1571219517617934,-1.455097907203213
1992-06-01,17116,-0.2357767901979894,-0.7897546294921463,-1.1760682131541325,-0.9298320892694034
1992-07-01,17116,0.33586755801672763,-0.06246074566329139,-1.4106638776852052,-0.8989342413806709
1992-08-01,17116,0.6175493507729888,-0.35147844437905695,-1.1151323649581055,-0.9231682554006847
1992-09-01,17116,-0.8130462758870032,-0.748400823589377,-1.0397618824821853,-1.2530222274261655
1992-10-01,17116,0.16655829895815413,0.31632520557221655,0.056095707435457505,-1.1877800818128135
1992-11-01,17116,0.24391049009886062,0.5214366372235616,-0.04399163768589853,-0.8329725630890705
1992-12-01,17116,0.28792562430463314,-0.20633539570289156,-0.2679498910800413,-0.699616178948829
1993-01-01,17116,-0.7481860015504509,-0.6579533786520272,-0.4651764949597656,-0.5019512368084708
1993-02-01,17116,-0.7799700323803865,-0.47499888552656844,-0.2305394761955713,-0.6322803052857054
1993-03-01,17116,-0.9453683323434819,-0.5743855966274611,-0.8751998158752897,-0.9347060244567825
1993-04-01,17116,-0.6619175024500178,-0.9838784436878851,-0.8804622638287418,-0.774798200032077
1993-05-01,17116,-0.5287841178583309,-0.9594861658811363,-0.7225917352969649,-0.5222457839089087
1993-06-01,17116,-0.38420101207994367,-1.132450972758548,-0.7700971309982406,-1.0240424504740142
1993-07-01,17116,-0.6938431463687962,-0.999236901141164,-1.170929789207834,-1.0839628208861254
1993-08-01,17116,-0.7728656856316752,-0.8479966378357535,-1.0929756461184714,-0.9085804981351931
1993-09-01,17116,0.3355002652349375,-0.16546539041143268,-0.9431290069851382,-0.6311504112838026
1993-10-01,17116,-0.35923833382551323,-0.7303319223669026,-1.0205478325651218,-1.1797585259742065
1993-11-01,17116,-0.2488359553836483,-0.5379925301914698,-0.7710985455461338,-1.0737886729000097
1993-12-01,17116,-0.6500040636253186,-0.5358034245651834,-0.6353161286996127,-1.2178757830259412
1994-01-01,17116,-0.6038727400388625,-0.8471779008674134,-1.103363528991498,-1.292341721672774
1994-02-01,17116,-0.9952618099351819,-0.982844708491016,-1.2650389864786855,-1.3230198592499574
1994-03-01,17116,-1.1764798786924469,-1.3364889147544723,-1.249534487483015,-1.3363541239572845
1994-04-01,17116,0.41078082889027984,-0.21713919845568386,-0.48495449941120167,-0.7509971311614931
1994-05-01,17116,2.4395055085016977,1.365876921561716,1.015210248673004,0.7299510225586223
1994-06-01,17116,2.5790431627473196,2.1535087414060268,1.4120868657454206,1.305597720263782
1994-07-01,17116,2.3811218353283055,2.3591575926856425,1.6237273523868767,1.2573130341814116
1994-08-01,17116,1.4647599669609384,2.3374560020308772,1.713427533274373,1.4029668236871473
1994-09-01,17116,-0.5194834433952155,2.1284680069911937,1.715512834920578,1.0294503163655304
1994-10-01,17116,0.3652840330626672,1.6438026355376603,1.7110223464557714,1.330997520778113
1994-11-01,17116,0.5784007496145255,1.150207089212329,2.0067911039187476,1.5622184935755443
1994-12-01,17116,1.089396847966786,0.6859076013493113,1.9497177358977953,1.7715709190757263
1995-01-01,17116,0.9238724501549469,0.832091443172681,2.0167878619850597,1.8986331965449323
1995-02-01,17116,-0.6355416446054709,-0.10754658877989533,0.5560270427320279,1.7004058451919843
1995-03-01,17116,0.26556763463475663,0.9949778443114521,0.6635608386960954,2.220581270590994
1995-04-01,17116,0.6596423902109632,1.093637342557217,0.978685792993492,2.0977382823946904
1995-05-01,17116,0.8867269991714738,0.04874043402434122,0.3363450382178857,0.8389747848887148
1995-06-01,17116,-0.7606343983771531,-0.300332935697326,0.5489723039614186,0.2602547504892126
1995-07-01,17116,-1.583065819295111,-0.3434294380351892,0.4166907285097458,0.40769813150865614
1995-08-01,17116,-0.03615018926824803,0.6779357529050942,-0.035920320728452144,0.23672092266028094
1995-09-01,17116,0.26757900236238336,-0.46852447886264614,-0.27359996268743514,0.46458024398969816
1995-10-01,17116,-0.15100303508184812,-1.1485661332535217,-0.33978055995603446,0.26432556515509825
1995-11-01,17116,-0.31192159326510965,-0.23963292013544263,0.3576082424738847,-0.12310210222700121
1995-12-01,17116,-0.6905995585515274,-0.6076159166795416,-0.8830794959109046,-0.6327071005631011
1996-01-01,17116,-0.9868194368598163,-1.054327694502166,-1.619367325289095,-1.0256643900993807
1996-02-01,17116,-0.8038577409593782,-0.87444328018454,-0.899910650248309,-0.29325767205852804
1996-03-01,17116,0.30117696892147855,-0.3991531680798752,-0.38008369104207457,-0.6628422540817928
1996-04-01,17116,1.4521775038795663,0.23790745787505033,-0.011645577214405085,-0.552524517224078
1996-05-01,17116,0.7831105099973246,-0.1635678132409174,-0.3726868672784974,-0.4046283800648881
1996-06-01,17116,-0.15335088296201707,0.042398831554210474,-0.5236955917414241,-0.4929704359941424
1996-07-01,17116,-1.873135969579463,0.30550946491745645,-0.47865438305729024,-0.6282407147029411
1996-08-01,17116,-1.6655448085340963,-0.07859640982934488,-0.6833160805399667,-0.8133685857422515
1996-09-01,17116,0.1989857331583359,-0.10317609692847643,-0.017750683854369783,-0.4668649268021107
1996-10-01,17116,0.430525259797311,-0.6060151966841113,0.46102217920400224,-0.18473814484235057
1996-11-01,17116,-0.2961193257317416,-1.013733493605428,-0.22060810809189466,-0.6963856463782307
1996-12-01,17116,-1.4488663880817674,-1.2665872854384976,-1.2333837219901358,-0.8628966275253295
1997-01-01,17116,-0.85153216142193,-0.5553241619606186,-1.2346656884611646,-0.1756003079547703
1997-02-01,17116,-0.12314987187315188,-0.33534506786376017,-0.9051345763332188,-0.36000681240501686
1997-03-01,17116,0.7062300543829738,-0.5988092225739415,-0.5948720437018251,-0.647662342515459
1997-04-01,17116,1.4181437861769346,0.3229479303939918,0.37122750424374307,-0.25248941930186314
1997-05-01,17116,0.8839791658059358,0.4383208333594097,0.14667110039935344,-0.3481524667840627
1997-06-01,17116,1.00329113705805,1.1514387623534135,-0.07874147097408599,-0.10405048332928922
1997-07-01,17116,-0.17385907369865533,0.9879204617407722,0.15423467856599785,0.21224710684092604
1997-08-01,17116,1.8249112680994872,1.5961637665682362,1.190199316835354,0.8763655858214456
1997-09-01,17116,1.2696754644267023,1.3416082989510407,1.5137937898570053,0.4438719416495021
1997-10-01,17116,1.5942494222278838,1.236361171466859,1.5850449544418095,1.091812878794592
1997-11-01,17116,0.7161183203675854,1.4142943024358985,1.5075961234864774,1.2667605509026418
1997-12-01,17116,1.4193951242008898,1.6807558299975982,1.5711912311098584,1.820980387652026
1998-01-01,17116,-0.2550367212994192,1.2525920166958389,0.9895493849078295,1.3954090297705588
1998-02-01,17116,0.35199799528281067,0.7250888968445516,1.3802153743393395,1.4566160665024352
1998-03-01,17116,0.004550919084948364,1.1862770467714077,1.5622662957282785,1.6110898652844226
1998-04-01,17116,0.306799179574742,-0.007863711540682349,1.161590949833585,0.9923738465397886
1998-05-01,17116,0.9544820334006204,0.8376503759334959,1.053659148002894,1.588312081914136
1998-06-01,17116,0.6830859563978453,0.34142034207101524,1.3092215007146866,1.6095240389689602
1998-07-01,17116,1.09037976481516,0.9110779643449759,0.5014807451092548,1.4478158006223703
1998-08-01,17116,-0.4865432410099593,0.5586272950357775,0.539779141706143,0.8141585209674225
1998-09-01,17116,0.6892367187568684,0.782145963790906,0.4839429959311788,1.271731957375379
1998-10-01,17116,1.3444430992888243,1.3769595296334272,1.3718732880405964,1.0857740163385494
1998-11-01,17116,1.5315426235967602,1.1284350587175458,1.316645349965191,1.2566001608209327
1998-12-01,17116,0.8289040044858629,0.8955693801732572,0.9564831384430809,0.8924631091129399
1999-01-01,17116,-0.933179013168323,0.38226838323925794,0.8300066564498477,0.8460637359854013
1999-02-01,17116,0.0700851094078076,1.1834338582843735,0.9477960246684973,1.146872835869944
1999-03-01,17116,0.3962546883444613,0.8325302386567389,0.9382860905995541,1.0029452724593406
1999-04-01,17116,0.6319166761408744,-0.3434460723714927,0.6123300124177112,0.9831180328525616
1999-05-01,17116,-1.4731242768910882,-0.8555591061756005,0.34322626520509464,0.14737218319052114
1999-06-01,17116,-1.0145862848405407,-0.3027285046414164,0.30181364891455403,0.4517243181864315
1999-07-01,17116,-0.45124768681346294,0.16629944608978486,-0.5363889066018142,0.35362383459197294
1999-08-01,17116,0.8233110678099897,-0.7235124193054848,-0.4925231678556693,0.5296260506101228
1999-09-01,17116,-0.7276759147406208,-1.3171925764422392,-0.6290388493634738,-0.017525015169392942
1999-10-01,17116,-0.2904865717752961,-0.502197751782297,-0.023535039901309087,-0.5699380715196329
1999-11-01,17116,-0.27718301967771725,0.25140020103238314,-0.6971508096352408,-0.5092240485655747
1999-12-01,17116,-0.35304482468222104,-0.7543648406386417,-1.1494345038150666,-0.7419413983286143
2000-01-01,17116,-0.18181732695744326,-0.46733085732780655,-0.6433040091899083,-0.1987764713290882
2000-02-01,17116,-0.012731859561002421,-0.23597015540728858,0.09176876106977337,-0.6477174350242324
2000-03-01,17116,1.198512075761881,0.5294379645950813,0.16052592646420935,-0.2627959404719758
2000-04-01,17116,2.0446800354414902,1.3383742133090673,0.9058674062900219,0.6733639646865941
2000-05-01,17116,1.4970950385205897,1.0005324994292115,0.6599409387995545,0.8389747848887148
2000-06-01,17116,0.8551508279049602,1.420187873001236,0.8350421863121009,0.4833797584317489
2000-07-01,17116,-0.5133101557503028,1.4304609357007607,0.9729954695531879,0.6246439172116879
2000-08-01,17116,-0.025042774190183165,1.1860748864488886,0.8312478021006238,0.5468246640247618
2000-09-01,17116,0.8716113248052038,1.0037624126738232,1.4844325436724475,0.950275176907217
2000-10-01,17116,1.067727742326158,0.6719390331570717,1.449301110255948,1.1917985425160236
2000-11-01,17116,0.35592288733876953,0.3254579467587158,1.076007354346585,0.8713522396035899
2000-12-01,17116,-0.6644891324263676,-0.18098401404196934,0.3203828582248932,0.8813113021247697
2001-01-01,17116,-2.1074576627584722,-1.208607349869129,-1.3938144691066074,0.1526811831692846
2001-02-01,17116,-1.7591130596206845,-1.2090400226152038,-1.2403619522458333,-0.142801833073542
2001-03-01,17116,-1.6258001504326394,-1.6337672812502848,-1.3112113505692244,-0.8657843169300192
2001-04-01,17116,-0.28020168686959473,-1.8817613097458152,-1.1205336046051126,-1.3262134749426548
2001-05-01,17116,0.34513986622883674,-1.2430618769137682,-0.9044192605732536,-0.9123204039783801
2001-06-01,17116,0.4952829113282874,-1.2537966211203166,-1.407457245990217,-1.0933986161957234
2001-07-01,17116,-0.3799808783818049,-0.540596270128832,-1.8748179305097168,-1.2095849656681679
2001-08-01,17116,-1.106897155258973,-0.24781159652914173,-1.396305564354954,-1.136175969992387
2001-09-01,17116,0.04069542680145974,0.2845717475679248,-1.1626742166890236,-1.2705421454178525
2001-10-01,17116,-0.8030871709168405,-0.8885196187858602,-0.8460905345481293,-2.071288873943257
2001-11-01,17116,0.12899950230646381,-0.32994556619230225,-0.05225899118250164,-1.1963148781310815
2001-12-01,17116,1.4281028844259298,1.1949654038920992,1.0954408699511249,0.19436994166784524
2002-01-01,17116,1.9679016845359474,1.1767570732489387,0.8630922795100892,0.643861601717495
2002-02-01,17116,0.8799292116840488,0.73948410752915,0.3475028210205454,0.4086591193989537
2002-03-01,17116,-0.5953495582864079,0.8253360474804325,0.6686140554528397,0.7079571179375038
2002-04-01,17116,0.7807526504304411,1.9249476601343734,1.3091034386371143,1.075567590191059
2002-05-01,17116,1.2880880598483144,1.4356670897518442,1.2560761460235437,0.8971767978203845
2002-06-01,17116,1.061933510989223,0.18005826811461825,1.2166281635210723,1.0394061586976078
2002-07-01,17116,0.5319033565147088,0.8414351359991921,1.8343822872504987,1.35203426916789
2002-08-01,17116,0.9054815953360151,1.3594787219471558,1.5415122460764143,1.3978236205901122
2002-09-01,17116,1.3321104053616906,1.4148692208566822,0.8360771363320811,1.5081623074411266
2002-10-01,17116,1.3528608948183347,1.2122327387485128,1.347127498582588,1.8396141262794168
2002-11-01,17116,1.137059304847384,1.2356013137993447,1.5263152521533192,1.6525739984407557
2002-12-01,17116,-0.03312273721122062,0.700453214492402,0.9938266900345869,0.6577004014793439
2003-01-01,17116,-1.4334816416814133,-0.07509599093754894,0.16176301754940878,0.5185288984971125
2003-02-01,17116,-0.867264658781142,0.19425345347813625,0.5112103213788857,0.9866008443260847
2003-03-01,17116,-0.39355515631898924,-0.42606498672177934,0.26652079616581553,0.6749705805535942
2003-04-01,17116,1.0593276169778378,-0.49153805005431916,0.5047117897784192,0.6365223970457142
2003-05-01,17116,0.4066653705136126,-0.477603616358182,0.31048490827172553,0.5611903820318628
2003-06-01,17116,0.436051381514709,-0.1827894362403283,-0.27450275753209147,0.3525901789841234
2003-07-01,17116,-1.4293296546543073,0.09239411358393951,-0.9719904950623814,-0.03336765485193351
2003-08-01,17116,-2.1414835473246265,-0.6554587008681514,-1.046687245363169,-0.3202982332704926
2003-09-01,17116,0.16936974262953752,0.30747353797889854,-0.21951224044460813,-0.2660860735633406
2003-10-01,17116,1.0818638053566956,0.3895611575940513,0.784056328910071,-0.1580846467836833
2003-11-01,17116,1.1520256671021474,0.3025658164446941,0.4491942462206532,-0.17852281940515424
2003-12-01,17116,0.7067805889006247,0.5474554177069672,0.6194435941332069,0.32096448220287005
2004-01-01,17116,0.75076813367111,1.2708256606483448,0.6576934741047266,1.0145281870793266
2004-02-01,17116,0.8349362834563516,1.3521889596431662,0.7335907150692413,0.750570478210954
2004-03-01,17116,0.7969961867002184,0.998443566634126,0.8744525865376773,0.8511606397993711
2004-04-01,17116,-0.3140239939505242,0.3928575892265803,0.9043352596609858,0.40754366736402475
2004-05-01,17116,-0.8210348767722769,0.1749155961155056,0.830644413962479,0.219602230949363
2004-06-01,17116,-0.6019601831091473,0.25761595462023523,0.6073574998889384,0.5164362211320589
2004-07-01,17116,-0.7209546925660378,-0.7409238162291439,0.019509065172659785,0.5629621841519948
2004-08-01,17116,0.20557086826909066,-0.5754989248744574,0.15704526263599786,0.7767514906927107
2004-09-01,17116,-0.8202869348970224,-1.0476293144467246,-0.18942272994939033,0.22830980651914243
2004-10-01,17116,-1.5004235978653921,-1.885032081701012,-1.3403538322544517,-0.48744878392844393
2004-11-01,17116,-1.0702987627101657,-0.8157480272514859,-1.1888352362824186,-0.33553945870695656
2004-12-01,17116,-1.0655354545839713,-1.377839116883187,-1.6120243520746171,-0.7843021629154829
2005-01-01,17116,0.33114824161732986,-0.5969236065923598,-0.8724844800316317,-0.9045958901899411
2005-02-01,17116,0.14689412038776664,-0.635191299065295,-0.5652113735489804,-0.8895035888743404
2005-03-01,17116,1.0527038926351695,-0.07354567059672344,-0.42501507715711595,-0.6516583331163981
2005-04-01,17116,0.030872389294913597,0.27118155834881547,-0.48321570768445,-0.7578015414295962
2005-05-01,17116,-0.24543293217642517,-0.08058977496051428,-0.7191771507723992,-0.6622449420856245
2005-06-01,17116,-0.878202728653318,0.3760592961392478,-0.49925202934385093,-0.7803567425255424
2005-07-01,17116,0.37498398436340913,0.1610423015350053,0.3397633238323982,-0.3747611127396874
2005-08-01,17116,0.40544229085796635,0.007358695384031202,0.008232011780584001,-0.5919149021790692
2005-09-01,17116,1.362005288966578,0.5479935290829818,1.010727173906634,0.16174184158379787
2005-10-01,17116,0.4024702117823432,0.49365133695257934,0.3508795932963118,0.4345877780382518
2005-11-01,17116,0.9119919964886162,0.9089651099363005,0.6426473263059069,0.5539468246760818
2005-12-01,17116,0.11291127300112923,0.8276935605198742,0.3957192574289099,0.8613532699693035
2006-01-01,17116,0.09052610689949725,0.2051583427697404,0.32021842472865264,0.2975887231582978
2006-02-01,17116,0.4355474088034503,0.9227742034882338,0.9492710110490387,0.6836449003361396
2006-03-01,17116,0.38274798214628647,0.22880330385488995,0.8664022223649079,0.41493922862041044
2006-04-01,17116,-0.046664427287818805,0.03647539284606927,0.11670232044304818,0.21866524623658548
2006-05-01,17116,-1.8401712346848322,-0.7887136418153896,-0.12951482782494425,-0.030573442636892694
2006-06-01,17116,-1.315327503026046,-0.44598718874128507,-0.37065586202963885,0.2911489682083331
2006-07-01,17116,-0.49771136171060476,-0.4164938341149424,-0.22035203627735206,-0.13293252453380502
2006-08-01,17116,0.04634689211507093,-1.5812889011526614,-0.7238783350947016,-0.16879283786470833
2006-09-01,17116,0.6957429014193082,-0.4349388199605334,-0.1673439719580131,-0.14210392507752642
2006-10-01,17116,0.18263497913822926,-0.11942513634050016,-0.19484666389544833,-0.09910244931817762
2006-11-01,17116,0.6854920971949032,0.6128641798989459,-0.5586377015071382,-0.18647120533244196
2006-12-01,17116,-0.9126106180857435,-0.5167068936209258,-1.041198728351736,-0.6731869428848759
2007-01-01,17116,-0.8465390730197917,-0.7315623140137038,-0.9141649580374147,-0.7980360671899435
2007-02-01,17116,-1.8603955109330204,-1.0556701149891397,-1.0541737542777656,-1.7647021677572647
2007-03-01,17116,-1.2818786967117513,-1.5410721830118883,-1.3035530578915357,-1.6492918716776934
2007-04-01,17116,-1.486203729246836,-1.5359677719086515,-1.3549062256284414,-1.5612246368219842
2007-05-01,17116,-1.199393272660806,-2.05920933292547,-1.4637983311345435,-1.441920363973042
2007-06-01,17116,-0.7910236028393474,-1.5797749529540244,-1.7438339484795862,-1.5268491487104674
2007-07-01,17116,-0.4358718742251351,-1.536514631946932,-1.5779034126994658,-1.431064995055071
2007-08-01,17116,-0.2648931474821085,-1.1681479481656751,-1.864742032920358,-1.431079072530937
2007-09-01,17116,-1.8091561461529837,-1.6716831915243189,-1.8368098690995218,-1.8465787524596018
2007-10-01,17116,-0.21198434568354702,-0.42470026804538247,-1.4642596174910236,-1.532526317608712
2007-11-01,17116,0.8619651289140328,0.6443611478964562,-0.11068308935719408,-1.3130619613741374
2007-12-01,17116,1.6181519513781883,1.0160053995752139,0.5876994216124362,-0.26439498131873257
2008-01-01,17116,1.294214542440828,0.8091983688611408,0.5216909196438947,-0.2957457599081387
2008-02-01,17116,0.18633266659520512,0.7160612984090138,0.5628643016375665,-0.08010405402273953
2008-03-01,17116,-0.14137501696663937,1.3367778536911052,0.7437929710097743,0.328642261271745
2008-04-01,17116,-0.17861857767336056,0.9203807921725038,0.5546465571950816,0.34113204416629034
2008-05-01,17116,-0.21307782885872995,-0.029615335917591402,0.4642407520600657,0.32341268710523624
2008-06-01,17116,-1.4003537830543251,-0.9189964543889397,0.6972512726669076,0.14392668891280574
2008-07-01,17116,-1.2909472249350595,-0.8984656168616626,0.3307634750849943,0.05309532966936566
2008-08-01,17116,-1.270333977710547,-0.8167969783565383,-0.4675262686660367,0.03415476100475179
2008-09-01,17116,1.159884912926223,0.052927483602309776,-0.22953638267819676,0.9934011089757223
2008-10-01,17116,0.8388025551506463,0.16270402986749116,-0.053163502585900406,0.6538105884301115
2008-11-01,17116,0.7961956861984044,0.24197821079607465,0.063651382533678,0.10932164477942945
2008-12-01,17116,-0.46899848022430585,0.22430603202184204,-0.34130374771665906,-0.4593812179669315
2009-01-01,17116,0.11500483494464324,0.5968047050359873,0.045673191126451025,-0.03921870631525733
2009-02-01,17116,1.2411425122969624,1.4050399546068508,0.9872969448583119,0.7306636916432899
2009-03-01,17116,1.8418900545400645,1.0398094541769038,1.3743509020170728,0.7568451658888894
2009-04-01,17116,1.4690381928942369,1.0670989586984967,1.2334247278411525,0.7786898723863431
2009-05-01,17116,-0.20948880510006038,0.8854663103324576,1.1378783604909848,0.7402647737024343
2009-06-01,17116,-2.271817174422746,0.7156865776491436,0.1391584706824578,0.5835142017787484
2009-07-01,17116,-1.9356695519945493,0.29906979678223433,0.29103760865573003,0.5969677236707538
2009-08-01,17116,-1.7092889223609553,-1.020293073086809,0.24664416734773653,0.6151865751496375
2009-09-01,17116,0.2719084620875754,-1.4366768752838142,0.5902672031185687,0.117755643467652
2009-10-01,17116,-0.00895168490099571,-1.2232196751790674,0.21474872151874203,0.22111758285038077
2009-11-01,17116,0.17647609952896984,-0.5500150971695319,-0.5725831659427487,0.35028145796757404
2009-12-01,17116,0.06653111320878737,0.029188864646462715,-0.8455096400330099,0.5240714873180637
2010-01-01,17116,1.0505317840049915,0.7083408764026655,-0.04566468351354452,0.7238056485315463
2010-02-01,17116,1.8498691626252493,1.5727347638743354,1.068511674223406,0.8068271119629045
2010-03-01,17116,2.1988513418901863,1.6843852034855515,1.5438629408613196,0.7379179071649092
2010-04-01,17116,1.95462441618951,1.9661688191645532,1.5976907719400344,1.0173406179962488
2010-05-01,17116,0.3905685800910631,1.7231574203332214,1.5377232782069723,1.0657811631585428
2010-06-01,17116,1.2349687339379276,2.427771625892388,2.0221673828950895,1.8426914166728872
2010-07-01,17116,1.3927161250221094,2.21143035871038,2.2068213130119014,1.9691948585534478
2010-08-01,17116,1.7245111296608773,1.2782158308373308,2.1391447601792803,1.9734766123789256
2010-09-01,17116,0.3313383314886451,1.0155441384665744,2.1925414598899193,1.7946930963182728
2010-10-01,17116,2.304537409327589,2.08686161639787,2.530459256500784,2.593954574630757
2010-11-01,17116,2.5983964036669676,2.3466025329942335,2.2156233171669957,2.5914127624322663
2010-12-01,17116,2.4250177432149664,2.2752603264882096,2.006822639998764,2.680296420945097
2011-01-01,17116,-0.38699974734858306,2.405072289226084,2.313731964251636,2.4907887562216375
2011-02-01,17116,-0.27500324142255816,2.060845264019117,2.243033998471265,2.067884938639554
2011-03-01,17116,-1.0201804557440153,2.045704903780579,1.8937302925415824,1.9456220010738903
2011-04-01,17116,-0.6123668719262952,-0.6820758887787098,1.9159970195940512,2.109833857037343
2011-05-01,17116,-0.00379812090424367,-0.269995047211928,1.8878317692881033,2.178163343289938
2011-06-01,17116,-0.25783795655008807,-1.1346064463743768,1.7611627946902064,1.620982510076253
2011-07-01,17116,-1.3207923750505968,-1.2385104602426837,-1.0993464619148698,1.4970924320420056
2011-08-01,17116,-0.45001685126945545,-0.24487471518772816,-0.4388652537713794,1.6932008916565096
2011-09-01,17116,0.11806602524720732,-0.2306947770229886,-1.0343429509850748,1.4999948444772997
2011-10-01,17116,0.9926777821352685,0.32488629248562106,-0.16811617490815556,-0.34917185178119897
2011-11-01,17116,-0.20802171494896746,-0.3471238148661045,-0.28496324463751216,-0.42459445077350083
2011-12-01,17116,0.3025168774803995,0.16026110351152015,0.036039307274042316,-0.6837561237582791
2012-01-01,17116,-0.06477781850179236,0.6189455308175226,0.05721885816302393,-0.2488316259019018
2012-02-01,17116,1.3697936391756107,0.9631870236054532,0.7464206483865212,0.5956050036596314
2012-03-01,17116,1.4424843318626204,1.1763521518239652,1.0228345580314426,0.7379179071649092
2012-04-01,17116,1.6343649215074194,1.0759671049241877,1.3455844971182067,0.8861062373632801
2012-05-01,17116,1.3133858756502494,1.7937449346296257,1.443397412219721,1.2229184078608757
2012-06-01,17116,0.6684123207292099,1.501097484613846,1.2932295784844834,1.1323957646330833
2012-07-01,17116,-0.28036387214203295,1.135943187943005,0.7992429995497277,1.1354268562496892
2012-08-01,17116,-1.8856537775387416,0.3888591940275958,1.1855788152618962,0.9130053896284356
2012-09-01,17116,-1.5386122818199481,-0.20879213627135143,0.8253515085826909,0.7354456019048828
2012-10-01,17116,-1.4474136420794763,-1.3500692876543143,0.29518301143479425,0.19156226306544244
2012-11-01,17116,-1.332550437501645,-2.313584302819022,-0.5632825254213422,0.4508383915048147
2012-12-01,17116,0.08205150146974256,-0.6076159166795416,-0.11473156206587624,0.7088393532500187
2013-01-01,17116,0.5897505257663362,-0.3611791669729096,-0.47342258074776555,0.5285932847088588
2013-02-01,17116,1.080908653548926,0.013521621095188282,-0.6257926844700759,0.1973124890666961
2013-03-01,17116,0.5639829021469921,0.33774409726124405,-0.20269443782297614,0.06772842555690747
2013-04-01,17116,0.2871290578155969,0.6261440346357566,-0.15998151671798994,-0.29624535637844723
2013-05-01,17116,-0.5105185237649517,0.577865381275807,-0.3089634044984575,-0.8297956174253581
2013-06-01,17116,-0.13203154637135972,0.28565057910345576,0.1589056778401057,-0.3229208336755957
2013-07-01,17116,0.1766745769266968,0.23430829568652356,0.5625195177218205,-0.15576466007516693
2013-08-01,17116,0.5276414410374642,-0.1257678963798599,0.6310415130954301,-0.17688653531875342
2013-09-01,17116,-0.5259332182708337,-0.5160733134100542,-0.07897922685953987,-0.09353028252594268
2013-10-01,17116,0.8174592057631026,0.7012465196277194,0.6654046761330364,0.7970244224494065
2013-11-01,17116,0.7887867240860994,0.8664243458538186,0.4817865759374836,0.9262575327689296
2013-12-01,17116,0.49747893455024816,0.08864726233489646,0.028793263555671612,0.2812856144002343
2014-01-01,17116,-1.3834948820541244,-0.7056494243959687,-0.5913684618433008,-0.3429370805631975
2014-02-01,17116,-1.9268675267109074,-1.0334905617317833,-0.8309004915854017,-0.9612904901477436
2014-03-01,17116,-1.5787424425982275,-0.8893530427785703,-1.0896264121649315,-1.0985717208685832
2014-04-01,17116,-0.029783937005870453,-1.1348670692757816,-0.6007734639755845,-0.5576786476132455
2014-05-01,17116,1.4739539370454946,-0.5490041280047571,-0.014045708504383733,0.12095373547203225
2014-06-01,17116,2.083717225400131,0.8201021161534987,0.8676661838595394,0.5617670492453296
2014-07-01,17116,1.7511198856532801,1.3688742422217426,0.08241021577965443,0.4029409518392125
2014-08-01,17116,1.818434590892386,1.8975757839766718,0.3952648989920487,0.7360433930136747
2014-09-01,17116,1.5268152376410562,2.133178778494645,1.4844325436724475,1.3762588507285145
2014-10-01,17116,1.4492401766258867,1.6718164414607615,1.6405780744284786,0.9245084291952501
2014-11-01,17116,1.2458890250788985,1.6638484699853144,1.8939830262191517,1.007488332818871
2014-12-01,17116,1.3870840359808094,1.8124501882380737,2.0434750986833095,1.7887184712216255
2015-01-01,17116,2.0522467106574256,2.401936900288372,2.4388684252000914,2.1993962008678327
2015-02-01,17116,2.0272425607561777,2.197460674933337,2.3684147586668898,2.4289570945376635
2015-03-01,17116,1.2777018132530937,1.8997006642933953,2.2822995406220095,2.6160995618380083
2015-04-01,17116,1.5260683869897071,2.332988094808286,2.5924034543042804,2.7256642850317356
2015-05-01,17116,1.2741624767026472,2.2664988608141274,2.4505226136695044,2.650129639552422
2015-06-01,17116,1.3518272034135062,1.8402163738810393,2.262632574703031,2.4922523480261534
2015-07-01,17116,0.12553993818668824,1.219190197989205,2.0853302142955346,2.5040704374455602
2015-08-01,17116,-0.20657329336019467,0.9377662482349614,2.0622990856015635,2.3411062378794556
2015-09-01,17116,0.8313113012645452,1.3202752831330429,1.8263556344589307,2.15608003690802
2015-10-01,17116,1.2551576075748834,1.0230820320631973,1.453019861606924,1.9410938560976343
2015-11-01,17116,0.8329363926784262,0.6404524789627631,1.1348418909593418,1.8674601531968178
2015-12-01,17116,-1.2099720736292032,-0.6532367869897512,0.35839691609868046,0.9546524413955657
2016-01-01,17116,-0.9233575727416141,0.26112263988435386,0.25650165047693796,0.9561740610649173
2016-02-01,17116,-0.2016859243662803,0.42105940163063355,0.30167524576865395,0.8338667722845201
2016-03-01,17116,1.012883141342737,-0.20300297639620163,0.09000987131191858,0.7324902737776509
2016-04-01,17116,-0.6090541226086567,-1.0863391967719174,-0.13171162611378198,-0.11841624080259514
2016-05-01,17116,-0.2526356350928591,-0.3613391390200109,0.17474324748894166,0.06457344982092204
2016-06-01,17116,-0.35672292009331286,0.5798626278997624,-0.427247816587369,-0.13987102630597534
2016-07-01,17116,0.15974286693370604,-0.4921127986423114,-0.9651111396225238,-0.1361949846188075
2016-08-01,17116,-0.8236404236277342,-0.6369586585085424,-0.6215028410498665,-0.12666027500777863
2016-09-01,17116,-0.7067628203327946,-0.7920657058259428,0.1253180029343089,-0.6210450609105784
2016-10-01,17116,-1.0727874451385209,-0.6478962985407593,-0.9305006254250187,-1.2310694719786044
2016-11-01,17116,-1.076603432862791,-1.405759100870109,-1.2442432819545646,-1.0381549303647637
2016-12-01,17116,-0.2582525108139297,-0.6652573893804197,-0.743734900894451,-0.03098703836476861
2017-01-01,17116,0.4456693386423611,-0.33235926485640155,-0.2507599517246616,-0.5215390705165648
2017-02-01,17116,-0.07456815816469752,-0.8125134203683061,-1.1102210769814769,-1.0685695651995992
2017-03-01,17116,-1.1863890787996176,-1.117618637033077,-1.338660062905378,-1.4127958610010571
2017-04-01,17116,-1.7709180742629222,-0.8399285942550168,-1.2369916886896948,-1.2185537746696653
2017-05-01,17116,-0.2814897046514877,-0.27850283848685453,-0.8794815351850843,-1.0995346773462638
2017-06-01,17116,1.1746728368129746,-0.2379924148411392,-0.46244707670158786,-0.7214824308822071
2017-07-01,17116,1.3735882251549743,-0.467829761864565,-0.010163381834502095,-0.5567159073315956
2017-08-01,17116,0.862873357923828,0.26379392372558935,0.03030639217505449,-0.5763847729304247
2017-09-01,17116,-0.8421279967379819,0.552462352016869,-0.6076839428860104,-0.6771318676557733
2017-10-01,17116,-0.36745070268960855,0.7028545154783062,-0.5605598280580913,-0.15656500555750147
2017-11-01,17116,-0.8481823732666157,-0.1788410826079381,-0.3247088574794384,-0.3339256074753269
2017-12-01,17116,0.12569745984062536,-0.36731911834318676,0.4064760462303901,-0.4107262076886322
2018-01-01,17116,-0.3682369441678759,-0.6601264697662277,0.2307147142401147,-0.7727782319124066
2018-02-01,17116,0.05410919408718123,-0.5615563374383721,-0.19396890274015657,-0.3286981698557823
2018-03-01,17116,0.26007630497273543,0.15051504328582918,-0.224494671791965,0.3585730014713779
2018-04-01,17116,-0.21248880126253955,-0.42293737884817845,-0.6572660046390135,0.056923546714171075
2018-05-01,17116,0.609556233287741,0.3794922386468815,-0.21131012215540704,0.06789842212214835
2018-06-01,17116,0.37154615325832874,0.327516921865954,0.22159915512322817,-0.12487531838867884
2018-07-01,17116,1.1161843124264883,0.5728055002655243,0.16524775386027385,-0.1590253380228204
2018-08-01,17116,0.1847960916120614,0.5515676474620355,0.3302599827082337,-0.20114816633870475
2018-09-01,17116,0.0007475131132510887,0.1662880483489996,0.14125973809428732,0.09953494676249101
2018-10-01,17116,-0.8659797219706172,0.2881498990065706,0.03492739666477805,-0.1809236525504326
2018-11-01,17116,-1.270612425109407,-1.0350248787072762,-0.36480655910320114,-0.2856116126743751
2018-12-01,17116,-2.0836368789841604,-1.8741765529485281,-1.5471233469702812,-1.1019445207078724
2019-01-01,17116,-1.8378020330867617,-2.090259355706439,-1.5059340338203204,-1.403471499670278
2019-02-01,17116,-1.826848023452102,-2.2092524558901707,-2.2633227688180257,-1.6023021730269256
2019-03-01,17116,-1.7851206863062594,-2.3512900200462763,-2.3504720952082843,-2.211688836129968
2019-04-01,17116,-1.6691079520919714,-2.3143639761153096,-2.371420699851261,-2.082738961029056
2019-05-01,17116,-1.3546872834402501,-2.1038504505822786,-2.349563160067917,-2.309086995261208
2019-06-01,17116,-0.375017557504372,-1.8347528048868709,-2.3713535661781555,-2.379476639404727
2019-07-01,17116,-0.0845406320764913,-1.5224743762644883,-2.196412831679576,-2.253001031236627
2019-08-01,17116,-0.23564301790923897,-1.2910549092944879,-1.8950289576110417,-2.1878546211807746
2019-09-01,17116,-0.6382589703273501,-0.7701791620152431,-1.8294200779939547,-2.233165141955194
2019-10-01,17116,-1.0779984661028095,-0.8640721431310249,-1.9406046811226583,-2.536095989242731
2019-11-01,17116,-1.5132812457814835,-1.5633330394044058,-2.171249197670522,-2.5603079344196145
2019-12-01,17116,-1.3014064652809363,-1.5064143907268304,-1.6283881233136153,-2.513030150712286
2020-01-01,17116,-1.2858771885389984,-1.7030891762225058,-1.7441284776491632,-2.4391609809944512
2020-02-01,17116,-0.45438149204994843,-1.3743047428246922,-1.4893919605050132,-1.8772057962997477
2020-03-01,17116,-0.1273287292175005,-1.0600135443982464,-1.2712281839357096,-1.3540758269151238
2020-04-01,17116,-0.11428631123067293,-1.099456353295454,-1.440474227205414,-1.5210891325820493
2020-05-01,17116,0.46720716777495647,-0.11036191287879331,-0.9818528261546996,-1.0461543038036083
2020-06-01,17116,1.0080689301072834,0.5149994951163795,-0.5324066742181307,-0.7692575008192153
2020-07-01,17116,1.1615468947239216,0.685894220100239,-0.43171568935743865,-0.9071325941247396
2020-08-01,17116,-0.04729028984067837,0.3333349697938157,-0.17735964337992247,-0.9579846832766262
2020-09-01,17116,-1.491641551951319,0.1770599351859648,-0.12919104163056977,-0.8448206863177214
2020-10-01,17116,-0.06973972783371019,0.6785119232075252,0.4552668264112985,-0.38826159267260935
2020-11-01,17116,-0.9468637634437147,-0.8411411075842945,-0.33358933730257134,-0.5679872992760665
2020-12-01,17116,-1.7554497216530323,-2.121861152128278,-1.2472963449324939,-1.1441540737621407
2021-01-01,17116,0.5715820893733915,0.2761188026216897,0.7964657866742647,0.6507334313842615
2021-02-01,17116,1.1611935609222477,0.3425614151634495,0.27948139782294346,0.4101378247527273
2021-03-01,17116,2.332054003016054,0.8000729923738099,0.2522060224057679,0.6319008210805633
2021-04-01,17116,0.34923580192675147,0.6497483059283646,0.37975506471039033,0.8321748308877492
2021-05-01,17116,0.15502282944856668,1.0005324994292086,0.3070304074629032,0.23592532626521437
2021-06-01,17116,0.15011626966886307,2.048229857727546,0.7106953277591581,0.2096233966233268
2021-07-01,17116,0.31605106523274873,0.37079201434709097,0.6416557796163285,0.3997679402794625
2021-08-01,17116,0.4389387997618061,0.330786726269406,0.9798533223301892,0.35715166168323903
2021-09-01,17116,-1.0392249653378116,-0.5229161291681933,1.502084236024757,0.27655563182597376
2021-10-01,17116,-1.0160037428695812,-0.47490885656764337,-0.1866019711796865,0.1703125635321358
2021-11-01,17116,-1.2270610395290604,-0.8252575066247244,-0.5377817536960938,0.3142131975975179
2021-12-01,17116,-0.6905995585515274,-1.1404566870592077,-0.9209469825257741,0.8850345237678885
2022-01-01,17116,-1.0445979948599278,-1.4888318893469692,-1.3200504568396758,-0.9371245464561501
2022-02-01,17116,-0.03958065714423431,-0.8847265639442314,-0.7178584716787951,-0.5483162774582343
2022-03-01,17116,-0.13856570862794876,-0.6973985831569162,-1.0344627387252636,-0.9378270137106899
2022-04-01,17116,-0.1481389801745207,-0.9201774628616751,-1.2827304247091413,-1.2055905930825852
2022-05-01,17116,-1.2313370078488157,-0.7988841437481091,-1.3518937964460829,-1.2140575208059459
2022-06-01,17116,0.1348111244250237,-0.1659853294275518,-0.6737347073224357,-0.9828875393545462
2022-07-01,17116,0.3981254620382484,0.036570578163856615,-0.7084442169494597,-1.111101327105889
2022-08-01,17116,1.4647599669609384,0.05177605781011817,-0.09108714583359438,-0.7511121966526113
2022-09-01,17116,-0.01445553167214796,-0.024688688950185906,-0.2816029289516012,-0.6584948891089637
2022-10-01,17116,-0.6217538948999886,-0.15352981837539315,-0.28246646213216237,-0.8469411823529817
2022-11-01,17116,-1.982863582057822,-0.7308709395975678,-1.4096425112046684,-1.0462594844335154
2022-12-01,17116,-2.3497259829777777,-2.089195562388893,-1.989815293977398,-1.6243323665949707
2023-01-01,17116,-2.1684978677003097,-2.3009762678656256,-2.220822789477955,-2.004018383580384
2023-02-01,17116,-1.7317755909293715,-2.526317063938616,-1.9965659744699014,-2.2256728200541662
2023-03-01,17116,-0.4796859826029531,-1.7977803329211093,-1.8095178610329725,-1.7163898965999782
2023-04-01,17116,1.373766135806265,-1.012563606312551,-1.2308566330595152,-1.1158617938084994
2023-05-01,17116,1.3293295353800705,-0.5049530759130361,-1.513549279046144,-0.9444291416287632
2023-06-01,17116,1.1532604366782486,0.37375547592360187,-1.212615747775044,-1.2407847703806139
2023-07-01,17116,0.06018799848258025,1.0586384305916439,-0.9375078933097414,-1.1788880229525516
2023-08-01,17116,-0.44091852517099595,0.9066952566184929,-0.632867757197492,-1.511042336861656
2023-09-01,17116,-2.2513820199954857,0.16223549504071086,-0.39227952150559187,-1.4677688819317547
2023-10-01,17116,-1.5093469128326908,-1.0563554661401293,0.21020771991722523,-1.3310798618472446
2023-11-01,17116,1.3860790089617885,1.0201640682660371,1.4005802253970943,0.37104534694888164
2023-12-01,17116,1.1393525181454145,0.36451785725995206,0.8416349911572945,0.5304771833732018
2024-01-01,17116,1.8331223944881343,0.8024940183514045,0.6874831951640462,1.17117182633721
2024-02-01,17116,-0.9040429366636878,0.4113159842130561,0.2187482875240037,0.8074742186194821
2024-03-01,17116,-0.4130514693235013,0.6085481575348403,-0.061689723298464456,0.4757140119693137
2024-04-01,17116,-1.7788507096580715,0.427577352394055,-0.35299515777052165,-0.35898231358902966
2024-05-01,17116,-1.0059749322212004,-1.300835379575691,-0.2006438245079018,-0.3582733607650478
2024-06-01,17116,-2.264790630532614,-1.4208783931838014,-0.2905781736389071,-0.8332118520484669
2024-07-01,17116,-0.03853934351048233,-1.5946059761211027,0.30008389588243767,-0.41254867161909703
2024-08-01,17116,-0.6221829239537937,-1.1838972716011467,-1.3298888149017225,-0.41603669130019183
2024-09-01,17116,0.6189730352089579,-1.070842663539484,-1.0577803129507515,-0.10871748461541211
2024-10-01,17116,-1.189372596769503,-0.9090953304871382,-2.07932594545285,-0.164166937735736
2024-11-01,17116,0.03881212481437316,-0.20082325763700742,-0.8047410847309865,-1.1722072358890014
2024-12-01,17116,-0.12147444028871691,0.07110920221375407,-0.7989671273645917,-0.9979734306938893
2025-01-01,17116,0.23697888023263347,-0.5531308940022602,-0.5478285940711803,-1.4856459364083747
2025-02-01,17116,-0.8751590899788765,-0.6959602542723878,-0.9270673330164789,-1.2694583268014958
2025-03-01,17116,-1.1764798786924489,-1.0257386663974184,-0.8210077367456918,-1.441952121417498
2025-04-01,17116,-1.5675421656814663,-0.8458408819036347,-1.2751409126518998,-1.3309956622683268
2025-05-01,17116,-1.4488543049792457,-1.5071259407642206,-1.3078192195368232,-1.4565599155586766
2025-06-01,17116,-1.9369844249566979,-1.8784492185660133,-1.5852991259688949,-1.3946629445616505
2025-07-01,17116,-2.2651824641836047,-2.2629132009808717,-1.4666494008694815,-1.747050572873815
2025-08-01,17116,-2.2189609688984264,-2.3455185891742296,-1.821337138860986,-1.6719140446323184
2025-09-01,17116,-1.8091561461529837,-2.6888001001449844,-2.0643264644773325,-1.7191922290550923
2025-10-01,17116,-0.3469689224866604,-1.9999862323553006,-2.442041361635331,-1.4705667716700481
2025-11-01,17116,-0.7459520563148281,-1.7795911931729438,-2.4219960443910926,-2.109364698208947
2025-12-01,17116,-0.667387956237137,-1.3252628893227012,-2.2522560478115103,-2.424724922734984
1931-01-01,17124,,,,
1931-02-01,17124,,,,
1931-03-01,17124,0.28643744684951467,,,
1931-04-01,17124,0.5866412546682844,,,
1931-05-01,17124,0.2823441355126299,,,
1931-06-01,17124,0.6837152019658347,0.5924274915901468,,
1931-07-01,17124,0.39646527710965973,0.6105456205378625,,
1931-08-01,17124,0.3271208688741564,0.27433048054905473,,
1931-09-01,17124,-0.6139101352113198,0.22057468824392173,0.23975946288268482,
1931-10-01,17124,-1.3059839415640235,-0.3425328322889668,0.0013497301947911105,
1931-11-01,17124,-1.072861320672275,-0.3757983562495078,-0.2590727088444695,
1931-12-01,17124,-0.009105516821442585,-0.36160802007595644,0.16164710803942392,0.18117345394208167
1932-01-01,17124,-0.15149097372055076,-1.012934080518701,-0.5053879850842917,-0.13432520106890128
1932-02-01,17124,-0.08377078994133577,-0.8996845141127943,-0.5915223971356418,-0.40437921180039377
1932-03-01,17124,-0.6773563042548439,-0.5472509163232345,-0.8258445466019119,-0.23349654034461292
1932-04-01,17124,-0.130534040427051,-0.11152401186749335,-0.8137434377757786,-0.4902725951440701
1932-05-01,17124,-0.6710865917805243,-0.5138604114504851,-1.1923802881632684,-0.8864486186510878
1932-06-01,17124,-1.4487230639691366,-1.5671282135034705,-1.3819937407041027,-1.5468013241763663
1932-07-01,17124,-1.574613532259495,-1.2873553891198892,-1.2158213820641364,-1.6730968097719274
1932-08-01,17124,-1.185247494658129,-1.2888701087089625,-1.174498125935803,-1.639014117756577
1932-09-01,17124,-1.4942438016532646,-1.8124701017368627,-1.9745804035980432,-1.7510979006687193
1932-10-01,17124,-2.1530760641163456,-2.3041100173678877,-1.890292565442901,-1.875771425872473
1932-11-01,17124,-1.0070752649619443,-1.745208667408846,-1.597692081389913,-1.5939551582756453
1932-12-01,17124,-1.7714806011143063,-2.5180609314097766,-2.48158999456314,-2.558239439896529
1933-01-01,17124,-0.6383079199299591,-1.8371161046270246,-2.571185909298772,-2.1875210118142996
1933-02-01,17124,-1.105191051295705,-1.7243926253528774,-2.388165417409644,-2.201042843976758
1933-03-01,17124,-0.15349939041828797,-1.3646821853260271,-2.0692493766647266,-2.342026937225591
1933-04-01,17124,-0.5615892396249136,-0.7965059428236625,-1.8567922849956058,-2.696695842987917
1933-05-01,17124,0.8417548945452243,0.09463351623171286,-0.39961392319285455,-1.0355077058011044
1933-06-01,17124,1.222746601543049,0.8592727736400936,0.18191318666891118,-0.22802240094352325
1933-07-01,17124,1.4707735060942306,1.0070051084329146,0.6516847976930727,-0.0003896538534140686
1933-08-01,17124,1.110996357565595,1.199776073531503,0.6127159111924532,0.20853806127062893
1933-09-01,17124,0.908760749647615,1.2839199306688092,1.027423272127455,0.409168188518155
1933-10-01,17124,-0.10347777462916022,1.1160832297512389,0.7308776364994799,0.43941086743370167
1933-11-01,17124,-0.3709559344734551,0.6073943120282105,0.8242319037689896,0.3232770018180952
1933-12-01,17124,0.20991407579769886,0.6921309569640691,1.1438261524632432,0.9567716692034137
1934-01-01,17124,0.7207472327531553,0.42157155197975826,1.2448637520426447,0.8895327286453826
1934-02-01,17124,0.49637368543218024,0.057152465304602884,0.6605170134292342,0.8819079393001381
1934-03-01,17124,-0.8346941215746757,-0.472665963480699,0.1045164813760033,0.7540946229414904
1934-04-01,17124,-1.2893049613845542,-0.1741722608907013,-0.3404975182878677,0.7241236831596093
1934-05-01,17124,-0.2674385339678036,0.15498684066341054,-0.05443489542704968,0.4634100980656036
1934-06-01,17124,0.2891290223673013,-0.32247797473983003,-0.16967669886738065,0.20271810594209685
1934-07-01,17124,0.46903028932282737,-0.47461115006498444,0.06696013240116098,-0.07145222171148183
1934-08-01,17124,-0.18812549592641045,-0.46059430275974295,-0.10208135293729977,-0.29420681326039905
1934-09-01,17124,-0.06458041700922991,0.06371317055372996,-0.4656909629658516,-0.2928393130279371
1934-10-01,17124,0.3370443302127,0.4201318405248444,-0.326452837275951,0.08516456769430428
1934-11-01,17124,0.18841729578396005,-0.005244735403443716,-0.33535076688123683,-0.12583738630351113
1934-12-01,17124,-0.6121990028667768,-0.5285777523993423,-0.24297286609183874,-0.7032395323005494
1935-01-01,17124,-0.5467291366600618,-0.26920009591575933,0.03398331857746085,-0.6278001002537407
1935-02-01,17124,-0.08893213532222273,-0.06549906328784635,-0.26639093968690125,-0.47964695621693554
1935-03-01,17124,0.4476510952529897,-0.07450882844952889,-0.1416023541359873,-0.07469756413675745
1935-04-01,17124,0.39423355248936603,0.045475491252357364,0.09409426064619952,0.2350441775717219
1935-05-01,17124,-0.2919740057773268,-0.25898015054854007,-0.1661264083164306,-0.3692741530677685
1935-06-01,17124,-1.2063789359579165,-0.5902854878909581,-0.8356061747255932,-0.8027582188233275
1935-07-01,17124,-1.6429416483404577,-0.8746833748381126,-1.086802150280512,-0.8420178717418786
1935-08-01,17124,-1.3931187768895732,-1.0985745442628307,-1.0144696257210095,-0.86856624263229
1935-09-01,17124,-0.4715493601885187,-1.2596599714846661,-0.8550993650952363,-1.0114094880202735
1935-10-01,17124,-0.4159783311340227,-1.5400184130912944,-1.0087027613753046,-1.2116702009449856
1935-11-01,17124,0.5392208257229342,-0.34783491540042627,-0.609081469850866,-0.7062745854569306
1935-12-01,17124,0.3002769903371746,-0.0267227154033752,-0.8720024615819268,-0.6175768874955052
1936-01-01,17124,-0.20175539284724464,-0.5584069413060859,-1.6010661072126386,-1.1072371782471335
1936-02-01,17124,-0.48128495302976326,-0.04210295612953703,-0.8370908620650916,-0.9413548427830207
1936-03-01,17124,-0.7947861283039598,-0.3697509006773902,-0.5937582140347443,-1.2604216638409214
1936-04-01,17124,-0.16123303240916081,-0.16670372281110957,-0.49063778883937315,-1.4712152098263354
1936-05-01,17124,0.7842466252888046,0.3159447893909127,0.5191914929779081,-0.08773891709341654
1936-06-01,17124,1.2402453663775923,0.6403524613880456,0.6599615935792844,0.4606878106197547
1936-07-01,17124,1.640411933987433,1.3361436005579927,1.0984788853749454,0.8346280614103759
1936-08-01,17124,1.0486478084306998,1.1184147778452211,0.7315475270982162,0.8210707416212529
1936-09-01,17124,0.7038575008283098,1.2130614644180553,0.7403571016503786,0.7348081946448355
1936-10-01,17124,-0.3863482675198048,1.2176272970189181,0.9776397815531427,0.8070072545644962
1936-11-01,17124,-0.03610219330464818,0.6799784277575492,0.8517123037098114,0.5522520674616935
1936-12-01,17124,-0.7255567623241995,-0.020410753558702522,0.805775486400299,0.3926515211883413
1937-01-01,17124,-0.743762534846341,-0.9873566973330093,0.848457457302949,0.6235176221130128
1937-02-01,17124,-0.976869478140802,-0.9044642434116381,0.043836816609048423,0.38826252347624857
1937-03-01,17124,-1.4963029421542338,-1.6958116575762998,-0.999304359300994,0.18235328747166107
1937-04-01,17124,-1.4106096617285324,-1.6797369747413882,-1.7694429166035834,0.2482234021106156
1937-05-01,17124,-1.2511650025099486,-1.5751505889839381,-1.7624268452828702,-0.6024010316315194
1937-06-01,17124,-1.2092077238937735,-1.8766743026691186,-2.1393243887155347,-1.5412364543146393
1937-07-01,17124,-1.096874623357918,-1.8902863454642862,-2.224819530284532,-2.1736424823169367
1937-08-01,17124,-1.401867547877242,-1.7972293734780236,-2.161890486008274,-2.108001683599176
1937-09-01,17124,-1.3349929043254116,-1.5925446737795168,-2.1751418512548533,-2.3098962671505525
1937-10-01,17124,-1.2340327190088884,-1.566814741099689,-2.1158348151187374,-2.489607080663814
1937-11-01,17124,0.147598406390023,-0.7548610271577482,-1.4464996711051885,-1.9131497055594266
1937-12-01,17124,-0.014677870302506172,-0.709784127617148,-1.3483591114751416,-1.9606455501106088
1938-01-01,17124,0.7866783857925819,-0.041893183604203445,-0.8536333164173013,-1.4944611921044995
1938-02-01,17124,-0.2212606545352463,-0.19743160671230403,-0.9946877109358478,-1.5958048446137563
1938-03-01,17124,-0.16996707710208428,-0.19254264643630928,-0.7585985326199791,-1.3811738318798827
1938-04-01,17124,0.19751430114116147,0.6663736979395524,0.11682246384030222,-0.5891404268805194
1938-05-01,17124,0.15619094236350667,-0.027983363759641344,0.023065576658494024,-0.6751763807453962
1938-06-01,17124,-0.10144702360541151,-0.2771357454059081,-0.2504718919370612,-0.6367592668808557
1938-07-01,17124,-0.7061861742748421,-0.44688420606460283,0.13316720755556358,-0.3689597756241047
1938-08-01,17124,-0.3139007906898069,-0.2070510156007684,-0.3377066217789396,-0.2770267271129685
1938-09-01,17124,1.3880205696549388,0.6932437461692377,0.43635749798483114,0.36726426785766475
1938-10-01,17124,1.0158522100905232,0.16410110409607778,0.1575276632134467,0.49654223962909244
1938-11-01,17124,1.059265724794166,0.5902804894741048,0.43292304840614865,0.2182352107140278
1938-12-01,17124,0.26054748343040773,1.0774834123266535,0.6680866023324357,0.462774807988369
1939-01-01,17124,-0.10737487881993445,0.6597754972984163,-0.0048165379128555395,0.03244448381840577
1939-02-01,17124,-0.5227177354096494,0.470597832948979,0.13404450095694995,0.08701316517704064
1939-03-01,17124,-0.42281727678749687,-0.1606123991694811,0.6773080560046538,0.37175598607626326
1939-04-01,17124,-1.0033230547411476,-0.7203299029798373,0.03621592259114187,-0.4719203256806939
1939-05-01,17124,-1.114892888242983,-1.145214578971124,-0.17547114052540314,-0.4367767221368227
1939-06-01,17124,0.33404182688959905,-0.07085951652591975,0.06391042944060833,0.6332770559442377
1939-07-01,17124,0.8380363883190336,0.08442614267409836,0.025562820841811183,0.4520486634638186
1939-08-01,17124,1.2545353884795385,0.24371879546195624,-0.09654549370383002,0.467360638403805
1939-09-01,17124,1.2958649535007927,0.8753984259906261,0.5115234227430846,0.5334697455670879
1939-10-01,17124,0.714602407805438,0.896288635587415,0.3204286984381469,0.2401505507115441
1939-11-01,17124,0.6838404874615919,1.092368644240876,0.4803671284827737,0.14783272008776932
1939-12-01,17124,0.17901248132928507,0.9665871496384746,0.7865648992828156,0.4945761156145801
1940-01-01,17124,0.6768566447819322,0.88511443190303,1.0394330410247836,0.5335218922841842
1940-02-01,17124,0.9618519288009683,1.0740006181561983,1.3367838897613513,0.8230708823023852
1940-03-01,17124,0.03137038690728966,0.09015069588927614,0.75200553203956,0.6497978728481196
1940-04-01,17124,0.1423147329515201,0.5722532074573624,0.7392108945193918,0.9374173015367957
1940-05-01,17124,0.7248984586630244,0.9970205872367576,1.0978502479852414,1.3709986939159697
1940-06-01,17124,0.6806120608482391,0.4571897870689263,0.4600552542944063,0.8444889616751794
1940-07-01,17124,0.5251822776406655,0.4231224669367897,0.6886651070196339,0.7985271725061329
1940-08-01,17124,-0.736676471038249,0.08284874120461883,0.6148249992509784,0.7879987077485497
1940-09-01,17124,-0.4670803995851614,0.2660959661792495,0.13992440774974504,0.195712509199849
1940-10-01,17124,-0.514917134928795,0.07336648693558115,0.05119822100892758,0.3593887030434628
1940-11-01,17124,-0.574786898410902,-0.9497336258618381,-0.24788600203572844,0.26095891717045844
1940-12-01,17124,1.1477580246734083,0.7292936268313204,0.8076857080645,0.67693888737862
1941-01-01,17124,1.6522300836787027,1.1521239066966058,1.0535250751738237,0.9218664634997962
1941-02-01,17124,1.6444482263158076,1.2021447177403863,0.6816776747609364,0.8383804086786609
1941-03-01,17124,0.5052550093562267,1.0650577852218917,0.7796383224593071,0.8514445360703784
1941-04-01,17124,-0.2761384355368519,1.062160376088182,0.7843837549792998,0.8189912047834174
1941-05-01,17124,-1.4069220715549602,0.7087091583574211,0.44105176461715645,0.02553936032294904
1941-06-01,17124,-1.652472787241017,-0.8161734348982025,0.08694917543950015,-0.08186664762806019
1941-07-01,17124,-0.943096269045938,-0.9796769655136283,0.5249051787491383,0.2267085968414172
1941-08-01,17124,-0.2640780865148738,-1.302379378232712,0.438031622475087,0.157878164782552
1941-09-01,17124,0.23861377025805808,-1.1931062148949723,-0.758461731008962,0.04560245274115298
1941-10-01,17124,0.08409948194720024,-0.745458469268072,-0.8562307073577815,0.38270006773269544
1941-11-01,17124,0.4636001162810456,0.14982991258935635,-0.8255959825018337,0.4806816756196691
1941-12-01,17124,0.6195279376619628,0.5673949717674612,-0.5971523191689,-0.3493193350339039
1942-01-01,17124,0.6154069928815362,0.43707384032127955,-0.3419812769675446,-0.49496398027268923
1942-02-01,17124,0.2925732456297982,0.42928032139461325,0.11996136310162707,-0.7129948318795246
1942-03-01,17124,-0.05675968440064811,0.3542886380362438,0.3598705278972533,-0.6604201997814644
1942-04-01,17124,0.6094762820780885,0.7882269262469309,0.6667654605333884,0.07433577948784248
1942-05-01,17124,0.5717128191417884,0.5360949284241067,0.6579196064948003,0.41912934277413544
1942-06-01,17124,0.11655604762420954,-0.04259032478614176,0.2778828156846439,0.2946873282054786
1942-07-01,17124,-1.231128243014376,-0.41930514288235177,0.036666263050760234,-0.02347489051735731
1942-08-01,17124,-0.8248541824118218,-0.10253342547519691,0.04165637824182449,0.21521404042093206
1942-09-01,17124,0.35386015593606546,0.12108168506189289,-0.03474472478559342,0.26095173425651946
1942-10-01,17124,1.0096891228965585,-0.13440902631675294,0.17135275941149727,0.42364369052307244
1942-11-01,17124,1.0076113571005245,0.35793577889425865,0.46062567129983806,0.4656951009832596
1942-12-01,17124,0.506734876964683,0.5438149363476245,0.3367691356006755,0.18345603121659837
1943-01-01,17124,0.17592896767776198,0.8131276661135755,-0.12114864245927172,0.1705415238346461
1943-02-01,17124,-0.4812849530297623,0.4356901501082507,-0.11913353767380606,0.13242862976660438
1943-03-01,17124,-0.12085957028102895,0.22770654384605402,0.30635442601239943,0.16210664309181447
1943-04-01,17124,-0.15609728270891457,0.08526559281868815,0.5554266466541987,-0.17369209632298285
1943-05-01,17124,0.8164188851762295,0.3420033593502989,0.7885876087448399,0.4021088554499767
1943-06-01,17124,0.5217507693092273,0.2462143673887779,0.4384224499492548,0.46713057305774364
1943-07-01,17124,0.16629602892119522,-0.060311867914218886,0.05323392061582793,0.4679791950588143
1943-08-01,17124,-1.0205247247804017,0.05185249435322866,-0.2476955897595687,0.32048109898885996
1943-09-01,17124,0.3625551028575417,0.4506698871728811,0.23055126666266604,0.41209848226273893
1943-10-01,17124,1.3640562957111078,0.9485322082978738,0.705710509025196,0.683901599557589
1943-11-01,17124,1.3299241173477758,0.6084065215723423,0.810238905207756,0.5082954965053321
1943-12-01,17124,1.3309381758943712,1.1580827201803157,1.0358334750904377,0.854742439675729
1944-01-01,17124,0.6484121604349152,1.3762116010378256,1.0717440017092568,0.8389869796974535
1944-02-01,17124,1.0946082317451582,1.5782514055335715,1.0092848584924212,1.1503715441621418
1944-03-01,17124,1.1668023870004576,1.544614734822726,1.4090553959846819,1.3276652111038374
1944-04-01,17124,1.0090073397157817,1.0265689690478383,1.4200768585662322,1.2686459315120886
1944-05-01,17124,0.11717384467178,0.7905907999849631,1.2350095449925824,0.9123251683504937
1944-06-01,17124,-0.2896381954953838,0.5948510360134877,1.10104453833352,1.0346200263123806
1944-07-01,17124,-0.6228048561304353,0.32780697030534356,0.605424316531897,1.071861578683464
1944-08-01,17124,0.06670521976703414,-0.015371618117078796,0.6503522204133524,1.147494028461271
1944-09-01,17124,-0.3620848975107604,-0.5375329202997033,0.31392029819609674,0.8984033101420672
1944-10-01,17124,-0.29968798655925244,-0.7513337025116245,0.04076397736097163,0.3368583610988797
1944-11-01,17124,-1.5564262605631296,-0.8986088152440499,-0.6830273937981464,0.03025724541786399
1944-12-01,17124,-0.6652134057982834,-0.7633007517494562,-0.7966881448661608,-0.0018714424141666821
1945-01-01,17124,0.1608681822498898,-0.17731024518560065,-0.672673174282016,0.045477185832207785
1945-02-01,17124,0.6293137013376189,-0.4032231998744517,-0.39049828105116247,-0.3565824172523319
1945-03-01,17124,0.19362387439357304,-0.3360768911889967,-0.5132415511390335,-0.6975674756087832
1945-04-01,17124,-0.4940728887728507,-0.14445591607490044,-0.4128785412383427,-0.8383122941765827
1945-05-01,17124,-1.714710551219127,-0.5910356196330222,-1.5811258460825277,-1.3334039800596411
1945-06-01,17124,-2.2501555165089555,-1.4458920079059836,-1.6734813549487084,-1.7335050515967245
1945-07-01,17124,-1.6265843302096767,-1.6042837273066382,-1.2804803588614304,-1.3368268203521376
1945-08-01,17124,-0.2487033935880742,-1.4941398733743354,-0.815628647097982,-1.4510044723489617
1945-09-01,17124,0.4013787922349377,-1.4510355532077475,-1.187545343186378,-1.3377476484201707
1945-10-01,17124,-0.3498368853932462,-1.4889823356357508,-1.550371436523072,-1.3441061672844863
1945-11-01,17124,-1.1231001890829497,-0.9382661204760583,-1.8247321965138599,-1.3112039579277928
1945-12-01,17124,-0.8140014460087759,-0.3330675855738194,-1.6671419501675617,-1.4390022601302646
1946-01-01,17124,-1.5090766069127242,-1.5829623759836111,-2.403641738529654,-2.292474808696064
1946-02-01,17124,0.7424182155176617,-0.0733384878749514,-0.30608914052103253,-1.2665447034331114
1946-03-01,17124,0.8553726769399342,0.21740269103710974,0.3202201807014581,-0.9584339781560705
1946-04-01,17124,1.408247962638633,0.5477248280551883,0.2614423410982836,-0.6844858969265237
1946-05-01,17124,0.8036174573896623,0.9167983070509628,0.5150750694195884,0.27293912806329423
1946-06-01,17124,1.222746601543049,1.292075863219308,0.9191410628994398,0.8873121969844545
1946-07-01,17124,1.1573701654627573,1.6323688589656706,1.0719736951745,0.8220595466707118
1946-08-01,17124,0.8528172242281177,0.9963671229422465,1.1078827369942146,0.7116914431985709
1946-09-01,17124,-1.16897105955842,0.6493576200545058,0.9191483374308899,0.551229266805382
1946-10-01,17124,0.06940629688027995,0.873783426657723,1.3816334319250059,0.8894775698768345
1946-11-01,17124,0.2577497216407869,0.665561060755464,0.8504154224784354,1.010289732310313
1946-12-01,17124,0.9385279715480648,0.30093329646149924,0.9424823615467578,1.135334725289507
1947-01-01,17124,0.7403757113224346,0.5327173962150467,1.0487599672657386,1.4363859932443923
1947-02-01,17124,0.7078992451143872,0.6162258978859216,0.8287897132658818,0.9961077835612597
1947-03-01,17124,-0.2424667406041765,0.5070523876882288,0.027297581250856864,0.7103163605697437
1947-04-01,17124,-1.7937145796016405,-0.46130964190756335,-0.4942193992711149,0.35358788061408747
1947-05-01,17124,-2.0478898557613667,-0.7119298767212162,-0.5469046224251582,-0.05534419551302538
1947-06-01,17124,-0.7706033306747908,-0.8124646681778304,-0.07875275911466144,-0.4226074013550778
1947-07-01,17124,0.2351469845664019,-1.0116172283544589,-0.3260150981125436,-0.3459664500731058
1947-08-01,17124,0.7327901352136976,-0.9137797399889865,-0.2865746231440661,-0.17442896220795218
1947-09-01,17124,0.19626725999917288,-0.6223259931342127,-0.7755607583783155,-0.11917401009932092
1947-10-01,17124,-0.3643717577131132,-0.11429854007950949,-1.0951612220634683,-0.5418008126160786
1947-11-01,17124,0.05785909436377025,0.4960877848370326,-0.7716144970573572,-0.352738813663123
1947-12-01,17124,0.7259030681335054,0.6271933644485331,-0.08242874866739278,-0.29626229930420017
1948-01-01,17124,0.6237083684409936,0.19654414434881973,0.17607345224723162,-0.7002302992169365
1948-02-01,17124,0.7795531252994214,0.5628701907043687,0.7252419149233222,-0.3197379636914019
1948-03-01,17124,0.5998966667783773,0.8406872277575066,0.7562894255872252,0.14853003988353847
1948-04-01,17124,0.9157978457665609,0.9629939400302676,0.7110436249732234,0.6218475482953078
1948-05-01,17124,0.5535511596950231,0.7985473246745844,0.726668262628795,0.8476154205782694
1948-06-01,17124,0.9685180112554609,0.975305815195081,1.0848609744721416,0.9864140785695308
1948-07-01,17124,0.9037684837173428,1.1739178769192176,1.2179905781911642,0.9690307028968274
1948-08-01,17124,0.7769586579013107,0.7727177449992768,0.9671027231304475,0.8603802434387335
1948-09-01,17124,-0.4734548020186257,0.551938301532372,0.6934836272813287,0.8601114519307423
1948-10-01,17124,-0.2926147983071375,0.5081859785910697,0.8381192995170567,0.9499097589939973
1948-11-01,17124,-0.4104831607457519,0.3225886710466691,0.42127217502749886,0.674727023458122
1948-12-01,17124,-0.07669583232188948,-0.3459379653705799,0.4125648832012351,0.5615022624286596
1949-01-01,17124,-0.1018981561075496,-0.39530548434724033,0.3322721308979874,0.6831537677795849
1949-02-01,17124,0.45651002496815807,-0.003517830911713236,0.3772809965362074,0.5035716329159928
1949-03-01,17124,0.858645455945602,0.5892904251557974,0.31548121054282396,0.6941308619982967
1949-04-01,17124,0.6132565812364784,0.4400366634282745,0.1698464738855776,0.5708211301863947
1949-05-01,17124,-0.37647480002211464,0.06236177985496109,-0.1692364061762541,0.1581535501406857
1949-06-01,17124,-0.9246957417003494,-0.04571921465881518,-0.08146639106906443,-0.24262443779826295
1949-07-01,17124,-0.35034204781331635,0.13228284155719786,0.06969663371996371,-0.13919061960045911
1949-08-01,17124,0.628721174489155,0.042064010741130746,0.2526576590246424,0.03189908614425986
1949-09-01,17124,0.872945111507005,-0.2672523364006931,0.2383276796801039,0.17461255652222243
1949-10-01,17124,0.07204122077732585,-0.3373666738697286,0.023600144316296173,-0.02555051650917296
1949-11-01,17124,-0.7195073150306859,0.06484912351237408,-0.3397785408698934,-0.15428703902733507
1949-12-01,17124,0.08932011175893342,0.5981669327797852,-0.19026811520427084,0.22075904928204507
1950-01-01,17124,0.8976197053101267,0.6672844021031105,0.19352650617760667,0.4118446879059268
1950-02-01,17124,1.4475866486961166,0.9243663983490765,0.9273409452667665,0.5920043827754976
1950-03-01,17124,1.1158211855249882,0.8944696923340807,1.0454531845194661,0.4089358222001671
1950-04-01,17124,0.7898481475200428,1.021396820927278,0.9005020732461846,0.5636367142700247
1950-05-01,17124,0.8511650515885246,1.3542851238458842,1.065058589389005,1.1149495527077318
1950-06-01,17124,0.7144519018886484,1.1057676347612753,0.9806639578237578,1.0621589285969049
1950-07-01,17124,0.559441700726405,0.859769165029816,1.0984788853749454,0.9497284590479987
1950-08-01,17124,-0.020634082752993686,0.5357449508642528,1.2325861188420366,0.9273228798906119
1950-09-01,17124,-1.149643233720059,0.08933355099281441,0.697217090751653,0.6255675244512529
1950-10-01,17124,-0.5938490349059489,0.07336648693558115,0.4435693720677617,0.7628084460849209
1950-11-01,17124,-0.9586090996498542,-0.6252984592092651,0.02164255881249558,0.8319052029501357
1950-12-01,17124,-0.8691656915237221,-1.4054506311521817,-0.33015575541118464,0.3042355642191758
1951-01-01,17124,-1.550028599090032,-1.7969011225077718,-0.8414113382869123,-0.24308603541356075
1951-02-01,17124,-1.57316301437411,-2.0552765584922765,-1.8004332698089303,-0.7652106889978154
1951-03-01,17124,-0.2087751640386341,-0.8165214378304749,-1.3269500519089104,-0.49650968797671235
1951-04-01,17124,0.2957057109881868,-0.6553970313665008,-1.0366917967480804,-0.5158282187787955
1951-05-01,17124,-0.2821422065617972,-1.1409531401041808,-2.0148512999261126,-1.6688692820710118
1951-06-01,17124,-0.7029997917047738,-0.7423927195242599,-1.1089075243054727,-1.4587467598338955
1951-07-01,17124,-0.4508201473305198,-0.1938640819253752,-0.9860370704548642,-1.20731643868455
1951-08-01,17124,0.3083027927877514,-0.1433714983253071,-0.9282041217234017,-1.3428227725142363
1951-09-01,17124,0.9534204475389039,-0.057292671422788224,-0.272316705425247,-0.5877249533654165
1951-10-01,17124,1.043197578732333,0.3318699617048166,0.35118299143569137,-0.2736774228267089
1951-11-01,17124,0.9259621618039381,0.7383005183783525,0.37309441861594206,-0.34757011237214147
1951-12-01,17124,-0.1810169384353187,0.5086316671608163,-0.15199671880352067,-0.34541969720932064
1952-01-01,17124,-1.2337071602999452,0.03984871905791223,-0.39151045433433307,-0.22517444558175
1952-02-01,17124,-0.469536789361121,0.3541572867371308,0.34127848589852483,0.045673400362766035
1952-03-01,17124,-0.9361381750391513,-0.8637091272291548,-0.1381957619726637,-0.6453433962619728
1952-04-01,17124,-1.410609661728532,-2.251071586217158,-0.7823895609860317,-1.0480119381726247
1952-05-01,17124,-1.4360557764979334,-1.3503351889710395,-0.4846656700551294,-0.3749585470985169
1952-06-01,17124,-1.378483140032024,-1.6778179579874708,-1.5961774517808052,-0.8926277604878984
1952-07-01,17124,-0.35034204781331607,-1.3079197515250898,-1.9472736819922059,-0.9469393670836939
1952-08-01,17124,-0.6759904000663467,-1.562457539479454,-1.6533747306655593,-0.880782887150023
1952-09-01,17124,-0.7249576699288979,-1.485015929822627,-1.8374596596023158,-1.713397845282622
1952-10-01,17124,-1.0719618836465235,-0.912632384220067,-1.601112390883474,-2.1905069666040666
1952-11-01,17124,-1.6449827581047178,-1.7844802633980865,-2.085118058170978,-2.24674461100556
1952-12-01,17124,-1.597145946780625,-1.7946006867423634,-2.0830792247903576,-2.3559482905242373
1953-01-01,17124,-0.2927258506103208,-1.0208984679922262,-1.1098902975663711,-1.7174554439755532
1953-02-01,17124,0.6726368419828388,-0.3902944887167438,-0.8141559674938544,-1.552908321884347
1953-03-01,17124,1.2159193692513999,0.2785399932674948,-0.06953581900989222,-0.9315697173999762
1953-04-01,17124,0.20660145847188516,0.04547549125235764,-0.5541028286947094,-0.7972620882277052
1953-05-01,17124,0.8322953456346699,0.8964925355419194,0.3676553851750987,-0.03490198876484826
1953-06-01,17124,0.5619165639243671,1.0874997507108706,0.49629212477521384,0.24964518209433365
1953-07-01,17124,0.81188314830765,0.6996740071268569,0.48673415783274715,0.039129019865693615
1953-08-01,17124,-0.5948101460290668,0.2498659083918164,0.5375314102836827,-0.03927613200619488
1953-09-01,17124,-0.9959681645976902,-0.020892935881994174,0.7059115690827308,0.11312111074797279
1953-10-01,17124,-0.7594364122182815,0.2545764760347121,0.23830394232594618,0.09200194732954836
1953-11-01,17124,-0.9108721315568041,-1.0985280128404973,-0.22560247530924019,0.07920308845402033
1953-12-01,17124,-1.174978167694766,-1.5931589677006455,-0.5616863699285074,0.21749552089771848
1954-01-01,17124,0.4466977556957545,-0.1729935304552376,0.3770738134780223,0.3545206587735895
1954-02-01,17124,1.0864975119695794,0.42285101130149216,-0.03330531540382641,0.36505828913658156
1954-03-01,17124,1.5643774602899336,0.889654130292705,0.47650201802535747,0.5496631418702957
1954-04-01,17124,0.975440033698291,0.9224529716335615,0.5576622264481012,0.7879673787437763
1954-05-01,17124,0.5204619351017309,0.9725409135640918,0.6278674787221112,0.28154555302318796
1954-06-01,17124,-0.7863351341116743,0.773012220628628,0.27318040204963373,-0.029512178755913995
1954-07-01,17124,-1.1323406735155455,0.011216442001849534,0.26038318754743567,-0.10764200823037094
1954-08-01,17124,-1.811434499756002,-0.5608338016623197,0.29435197630177573,-0.09486513470658549
1954-09-01,17124,-2.073752311458111,-1.5007200857637173,0.12255155272620724,-0.3322754706304589
1954-10-01,17124,-2.065314888189956,-1.9176090049699173,-0.7639999810079552,-0.4428448348919944
1954-11-01,17124,-0.6899812507832904,-2.0072892579423507,-0.8441908029590911,-0.10259994467460003
1954-12-01,17124,-0.12262810409586343,-1.1215656991681562,-1.3348042533497604,0.03050355759027076
1955-01-01,17124,0.18592451382210892,-1.0078110156696016,-1.635659106434046,-0.6708818302766157
1955-02-01,17124,0.12866947920973257,-0.4772708329938896,-1.459461487706166,-0.8320678254780112
1955-03-01,17124,-0.3811756303010041,-0.4251467315984675,-1.2484249887600798,-1.4792844746768998
1955-04-01,17124,0.5635416484450685,0.5477248280551886,-0.25006783845144415,-0.9703375889411351
1955-05-01,17124,-0.40668729588867636,-0.18952103533014583,-0.5843117982501502,-1.475937281482427
1955-06-01,17124,-0.9085482738599838,-1.0003280620241013,-0.9432092045355314,-1.5412364543146393
1955-07-01,17124,-1.1770141631831352,-0.4303188347766373,-0.24571995492276397,-0.9561556153173759
1955-08-01,17124,-0.17618569407588286,-0.5553324203647944,-0.42222837881559616,-0.7332621352819916
1955-09-01,17124,0.9128849325306002,-0.22360349442040015,-0.5080408833408291,-0.4867205493216924
1955-10-01,17124,0.9031872061930242,-0.21613901489823853,0.07972541701727884,0.15052618789472233
1955-11-01,17124,1.0648752868014846,0.6453268050920207,0.21024134092530375,0.15912167264756574
1955-12-01,17124,0.7219258532923534,0.9904375084203632,0.20714558402570749,-0.07972833238426422
1956-01-01,17124,-0.2640800777536442,0.45587146206375323,-0.45298634280499017,-0.10947371995648521
1956-02-01,17124,0.23931610995139474,0.8871762379621807,0.5641000160062284,0.2032071018698186
1956-03-01,17124,0.3090073989371227,0.6542198843091339,0.891206236170272,0.23784681511835204
1956-04-01,17124,-0.12544457148547156,-0.18166724060208334,0.29278595343718017,-0.4424606900337526
1956-05-01,17124,-1.4828637774591322,-0.8091417656280676,0.07020724384230055,-0.14320519113863714
1956-06-01,17124,-1.454614008256158,-0.8645719228239761,-0.28076469476534865,0.12073166523513264
1956-07-01,17124,-0.96601044433678,-0.8805922227813261,-0.9174888803670209,-0.31909791539675164
1956-08-01,17124,-1.185247494658129,-1.8544212844690422,-1.437412282772034,-0.5601891823828967
1956-09-01,17124,-1.8205261918074294,-1.9167062771721253,-1.475334293592774,-0.8514400148141198
1956-10-01,17124,-1.8288080245481622,-1.7026358502877845,-1.4805297655977578,-1.5275936183642
1956-11-01,17124,-1.6201112180383677,-2.471939401714414,-2.3470516220152136,-2.0402891202912845
1956-12-01,17124,-1.5737817086100416,-2.5134861365812244,-2.48360139294581,-2.0050801053848293
1957-01-01,17124,-1.0175456010494175,-2.0516241899280017,-2.2878802337162525,-1.9751167769036386
1957-02-01,17124,-0.9835340788920376,-2.006215463951313,-2.7051647487510975,-2.9054517310696175
1957-03-01,17124,-0.6709334925789848,-1.6958116575763,-2.644439782096301,-2.6437939459677122
1957-04-01,17124,-0.8109084307217946,-1.3434597317818897,-2.303765979701103,-2.5987908644956472
1957-05-01,17124,-0.09991739787935497,-0.6547660804371158,-1.7171944124988792,-2.220029480968641
1957-06-01,17124,0.172823847335653,-0.3393986930851946,-1.0461672110350557,-1.5897486803378083
1957-07-01,17124,0.7461206682509205,0.0876403506237902,-0.4242302092862861,-1.078868763907329
1957-08-01,17124,0.4816204824665245,0.11020297629160164,-0.4297142651191319,-1.072298040747273
1957-09-01,17124,1.2483680945862194,0.7381819016038283,0.2719433202225678,-0.322065677636872
1957-10-01,17124,0.28315175757620026,0.6096245878651672,0.08617455190484953,-0.34489168304978557
1957-11-01,17124,0.3887582133435191,0.5047207119908355,0.21632086672259312,-0.3051389870703312
1957-12-01,17124,-0.917886561550963,0.40722603651765615,0.27032128865813226,-0.13289419172109848
1958-01-01,17124,0.7088741001998691,0.630338363634722,0.8154774297032907,0.35768882750699554
1958-02-01,17124,0.30131794574693754,0.38058290965844116,0.45605056626208695,0.24016415541206365
1958-03-01,17124,1.088203734162028,0.42117111195188217,0.9192523167038419,0.7231941974405819
1958-04-01,17124,0.5828097639591856,0.8210913761975979,0.7717540012837374,0.9154996185174157
1958-05-01,17124,0.36708061463302055,0.41065280767183854,0.523295960446444,0.5625086236714517
1958-06-01,17124,-0.3555860443838179,0.48799268135355645,0.06648068331409052,0.5540135479602193
1958-07-01,17124,-0.3801833527027748,0.08764035062379076,0.4662195683297365,0.43498563137020607
1958-08-01,17124,0.29167689693871796,0.3151630354409078,0.37313651726301,0.458418629464131
1958-09-01,17124,0.7672389278564306,0.02979014466126025,0.6342976234031402,0.24478742193962796
1958-10-01,17124,0.5066803588195907,-0.0695249478258198,0.20253865522614792,0.49271873375451863
1958-11-01,17124,0.16300953741382782,0.2657323817129975,0.2620853059633165,0.29015066625253094
1958-12-01,17124,-1.0094716743206489,-0.138806542991322,-0.44458413605172736,0.1959805894265442
1959-01-01,17124,-0.6137478415233273,-0.1622254632775891,-0.5037418662034189,-0.13557221878309375
1959-02-01,17124,-0.07861956013900169,-0.07726582320714433,0.004087724603830668,0.10106026208748549
1959-03-01,17124,-0.25946051513802815,-0.95456692628796,-0.359919340005003,-0.624838703826423
1959-04-01,17124,-0.8346536741940841,-1.0122205008106706,-0.6128591997678929,-0.8644406883841109
1959-05-01,17124,-0.3216090072750607,-0.27240606987665467,-0.1942938388815372,-0.14973649515189277
1959-06-01,17124,0.68681295433741,0.31863306938890273,-0.13905422083284424,0.15672861590415707
1959-07-01,17124,0.9492850651873762,0.2952046283180394,-0.027816207347567002,0.1168320537417536
1959-08-01,17124,1.0602110706596377,0.468522807402655,0.30765645546622084,0.3046100376809118
1959-09-01,17124,0.1830368918718395,0.5131758508185529,0.22419476754171247,-0.17787526364732398
1959-10-01,17124,0.1947538114754571,0.7389046075464432,0.21368549340518644,-0.05765250412545957
1959-11-01,17124,0.11114719446328115,0.7443815469569821,0.3616376590671614,0.20828243597064128
1959-12-01,17124,0.1529609798538458,0.1958700102656742,0.4757287365427887,0.23549658882591418
1960-01-01,17124,0.2790841321829215,0.2380436974662311,0.7255440871121474,0.2553689821704997
1960-02-01,17124,0.36572435253696967,0.23827171603900643,0.7272873803313313,0.40500007317845077
1960-03-01,17124,1.1641665648072952,0.9649919174954908,0.8596128416620513,0.9184575182876793
1960-04-01,17124,1.4311939818807722,1.1536630402713972,1.072620611767416,1.2452403819791966
1960-05-01,17124,1.3176318687109512,1.0696423496551313,0.980843316004946,1.1969367941954028
1960-06-01,17124,1.2271416817874916,1.4547231691341231,1.3037506576440214,1.1789175547088044
1960-07-01,17124,0.8322613521609272,1.461184657441041,1.340615696469538,1.2124772952813676
1960-08-01,17124,0.9983271030722155,1.4504454527838073,1.3093692127531322,1.1881739655941654
1960-09-01,17124,0.1427691661367254,1.002379994464584,1.3623445220133763,1.2117086036470646
1960-10-01,17124,-0.2368351049173347,0.46292789317336763,1.1398442030203846,1.087187500265604
1960-11-01,17124,-1.2522402164622461,0.1982145859048913,0.860782089722115,0.8619614254669743
1960-12-01,17124,-0.1575321830078583,-0.05426827147606402,0.7788251964304125,1.1600109352843684
1961-01-01,17124,-0.08007599553799552,-0.34076900050840103,0.2981039469611762,0.981709011372692
1961-02-01,17124,0.23481649987603648,-0.6886719784015904,0.1270139715402564,0.8110761253133939
1961-03-01,17124,-1.3515497084633956,-1.12601770606816,-0.9508331458753682,0.19353998633578834
1961-04-01,17124,-1.6792290619677774,-1.239981197790093,-1.3266888239244028,-0.459266514243621
1961-05-01,17124,-1.9723915685687794,-1.145214578971124,-2.2819386310864926,-0.8964266200619401
1961-06-01,17124,0.7326394815624749,-0.13133943562745692,-0.19496460433257312,-0.14770476871828592
1961-07-01,17124,1.0826624150731536,0.03907299727182201,0.00040936199105424254,-0.1826147305004207
1961-08-01,17124,1.5612564401876847,0.23585359280116105,0.27474580360912293,-0.21963682789446062
1961-09-01,17124,0.1592958154591645,0.5442836932187699,-0.20115607372112354,-0.2363452513059777
1961-10-01,17124,0.4651768772458889,0.9646119402959213,0.14223945415524197,0.0907425656103059
1961-11-01,17124,-0.23734923454209544,1.0199793898300946,0.020207378314892947,0.038341653685795854
1961-12-01,17124,-0.8484141174500069,-0.5465416489465663,0.10618679815337295,-0.5557211539978442
1962-01-01,17124,-1.6948045335463373,-0.985075471184238,0.1935265061776055,-0.634876288029186
1962-02-01,17124,-0.3769945111634074,-0.6111068826842703,0.7363517461804686,-0.2742388592034067
1962-03-01,17124,0.09170678111010214,-0.5428254603070175,-0.43488267746631637,0.0434125103831643
1962-04-01,17124,0.24709550400754082,-0.8061788044940306,-0.49620232760182087,0.28610855115485545
1962-05-01,17124,-0.8541531323644367,-0.848706171383364,-1.061332236874162,0.3080816535022898
1962-06-01,17124,-1.7572518842874651,-1.231921743443076,-1.5693988781751709,-1.3782026960425915
1962-07-01,17124,-2.0406835723637484,-1.244297677042665,-2.1828911401901174,-1.6181672682472243
1962-08-01,17124,-1.9436452891277107,-1.7421743716887501,-1.7585845118993377,-1.8280730954469961
1962-09-01,17124,-0.2902939198522339,-1.5445692755464302,-1.3288367739070621,-1.5483606407825896
1962-10-01,17124,0.5837295344205173,-1.038828520182505,-0.7517729511179503,-1.5049775341911806
1962-11-01,17124,0.5227277060147908,-0.632697520901099,-1.137611095120919,-1.3388990052913123
1962-12-01,17124,1.5162291350155856,1.1200662188185764,-0.02639789244907207,-0.08587565712199778
1963-01-01,17124,1.873958450562954,1.710452286213301,0.6729211459413985,0.6244545782184254
1963-02-01,17124,1.9684589181381553,1.8612233829507119,1.1707552858176005,0.6986872410028979
1963-03-01,17124,1.2057287102828758,1.672463907275904,1.4051785301813204,0.5927480585710203
1963-04-01,17124,0.8835341132115533,1.5675792600730802,1.5892187054118514,0.9411650316798847
1963-05-01,17124,0.9396419407880108,1.7435768528658278,1.6354351978742647,1.3194207802829343
1963-06-01,17124,1.2445862870541973,1.4887907728519116,1.7377131200201532,1.5178433801743823
1963-07-01,17124,0.9492850651873762,1.1866558494446768,1.753213152228929,1.687496823032844
1963-08-01,17124,0.5770665102965321,0.926499242010283,1.8065072733793281,1.7252063164902103
1963-09-01,17124,-0.22506631814061212,0.9106720031633908,1.3225473074079304,1.625454288884162
1963-10-01,17124,0.17510220151768954,0.7307523717856462,0.9854121385525185,1.5812282617026236
1963-11-01,17124,0.4636001162810456,0.5993160434434901,0.876002751095595,1.7320679533488714
1963-12-01,17124,0.45241337883069316,0.21652916796641372,0.9195889914762498,1.2890552104325246
1964-01-01,17124,-0.7562792716010552,-0.5657791167840072,0.28107448612599417,0.6280987507394095
1964-02-01,17124,-0.1148907131419902,0.1384258102056874,0.3398711648991692,0.6985904133760679
1964-03-01,17124,0.6713049373697905,0.7248834817324539,0.5202239562252435,1.015936721397268
1964-04-01,17124,1.0914139279322552,0.527801983251858,0.4479574349297589,0.7903505688269848
1964-05-01,17124,-0.10459835217095198,-0.14738564461595954,0.10273847507936854,0.25004772651310575
1964-06-01,17124,-0.1930301306448362,0.2320455034051699,0.40110050352922666,0.2742836081611693
1964-07-01,17124,-0.16278112225500335,0.6568693567586436,0.261645950744679,0.2121487424958324
1964-08-01,17124,0.5446420903697197,0.15478876948796796,0.024363520515928955,0.20072606137736476
1964-09-01,17124,0.7300259640165289,0.11633921572145221,0.3924443611766989,0.5151542905564731
1964-10-01,17124,1.0398814387851631,0.48896337109786053,0.9313333097547126,0.603251980636825
1964-11-01,17124,1.002908082201581,0.8883870172567594,0.623871897136547,0.44939642747886277
1964-12-01,17124,0.10749864994627349,0.5083003711425765,0.13063626246245766,0.36256155314100375
1965-01-01,17124,-0.9145690676005266,0.22640825267928874,-0.06202927482916815,0.5215545535891201
1965-02-01,17124,-0.12011281995165145,0.6290375280906148,0.6709143767134942,0.44202498541541396
1965-03-01,17124,0.6340984469151084,0.4992257024694367,0.6927525023447737,0.3431987993788891
1965-04-01,17124,1.3588050325598584,0.7089558611495101,1.0177546997952733,0.7544962187567565
1965-05-01,17124,1.7630081734597174,1.2538308942199259,1.3898998847812551,1.4080457516680183
1965-06-01,17124,1.1915938481879107,1.1628428546353913,1.0358149856837513,1.0664273181202684
1965-07-01,17124,0.8351514824049875,1.4130810341034443,0.9807717892500403,1.1698167209851278
1965-08-01,17124,-0.5059501070833105,1.2660584204165652,0.9891786492966949,1.2143328469259256
1965-09-01,17124,-0.31118996645830244,0.8311027492523285,0.9400624903135272,0.8373063257209772
1965-10-01,17124,-1.0099146195941895,0.19562967776667467,0.9261201629560407,0.5521096527124735
1965-11-01,17124,-0.8022389909491242,-0.9382661204760583,0.7737254337088991,0.5962008575264721
1965-12-01,17124,0.18935661616883898,-0.04151576922894205,0.753450165742932,0.872913785896607
1966-01-01,17124,0.8868263601348254,0.15822180005896713,0.5895173862689256,1.1141361916935377
1966-02-01,17124,0.18007414998623394,-0.4948851625351261,-0.812029156205721,0.7068683018121976
1966-03-01,17124,0.32242961632270256,0.3084951765429138,0.10451648137600246,0.7294131174532053
1966-04-01,17124,0.512572783536539,0.8786127777641456,0.43972916627786063,0.7155404709177182
1966-05-01,17124,1.4261381878126345,1.0794790744563496,0.7665738218445619,0.4653523977368291
1966-06-01,17124,1.2660914017500233,1.0874997507108706,0.9948793578533771,0.8092988418923246
1966-07-01,17124,0.8750701983610328,0.9205827153034183,1.1357180416900268,0.7565505806534959
1966-08-01,17124,0.2359801185304991,1.173744395121993,1.0131641448132505,0.6812846490452515
1966-09-01,17124,-0.585771932535925,0.8381642923710915,0.7931242261392024,0.740030026513604
1966-10-01,17124,-1.614722152853456,0.0608183432519957,0.2578471007370347,0.6214413186703884
1966-11-01,17124,-2.4242738731470137,-1.1547408735743567,0.3292732679531255,0.293374668700517
1966-12-01,17124,-1.918515189596726,-1.9780938974395472,0.03934134454765927,0.09087305336766534
1967-01-01,17124,-0.29272585061031997,-1.2898062291620516,-0.2030238626213748,0.050202950193932346
1967-02-01,17124,0.3614947235130039,-1.0692358098433639,-0.7928547018305316,0.3735216933435345
1967-03-01,17124,0.5093008144050243,-0.7651242361430375,-1.021532705569822,0.1980023619116152
1967-04-01,17124,0.2470955040075417,0.07539744886568088,-0.7128235541802896,-0.03027523518387638
1967-05-01,17124,-0.14701009132887338,0.13218838590521104,-0.8807189534872427,-0.7240457403963549
1967-06-01,17124,-0.8603904772177923,-0.31910203231507456,-1.1759248868830645,-1.3303716865616204
1967-07-01,17124,-1.000579793060551,-0.6020800785070531,-0.6828573875254467,-1.2717375103094406
1967-08-01,17124,-0.6265537775729155,-0.6162435750359859,-0.31733776990681606,-1.17138999256255
1967-09-01,17124,0.3015286015109099,-0.6243774195554502,-0.3033160566916505,-1.0002429681065903
1967-10-01,17124,-0.4350886990066612,-1.101163484263562,-0.7978747447659658,-0.8780829115267444
1967-11-01,17124,-0.7718919585530823,-1.017209740253557,-0.9254276067598879,-0.7256441239648531
1967-12-01,17124,-1.277898386916189,-0.7447665650375944,-1.1570887649925523,-0.8146609937781204
1968-01-01,17124,0.5818647159121071,0.12108150282038639,-0.6575874874700375,-0.4654161779186982
1968-02-01,17124,0.769510912551881,0.12383394340784575,-0.324639708687906,-0.4595224895043762
1968-03-01,17124,1.3485058227596043,0.5806491538002004,0.5738140974532905,-0.08090669242883793
1968-04-01,17124,0.8439970919469151,0.9035794057001908,0.6243172898090197,0.0025096389966050236
1968-05-01,17124,0.4258207361824848,0.723348727236222,0.3970016315996368,0.014451719543835381
1968-06-01,17124,-0.5207385449732976,0.6568570837763992,0.1148222548653758,0.17599137706753118
1968-07-01,17124,-1.0412115134163902,-0.0737863067456632,0.2742346683143432,0.005525608425762677
1968-08-01,17124,-0.45918148434927625,-0.058722446041677194,0.38368650826700523,0.040366042859435514
1968-09-01,17124,-0.42280738542105434,-0.741871194434425,0.3615386645751898,-0.13620216409153715
1968-10-01,17124,0.41582070554610795,-0.570453194914623,0.027675899529223908,0.2932100167452911
1968-11-01,17124,0.7740251340726982,0.2990546135886482,0.32461539287646696,0.5905183428642979
1968-12-01,17124,1.525543602827719,1.0951179921835548,0.4936403577283837,1.0666733379838547
1969-01-01,17124,1.614453189398259,1.431302585643047,0.6543228020596716,0.8797173602810472
1969-02-01,17124,1.6754275872018425,1.6869939805338452,1.243306077886448,1.2053460790973136
1969-03-01,17124,1.4023002804338613,1.7857318030493032,1.4958439289213064,1.0822727600995816
1969-04-01,17124,1.1028427978405637,1.5081876229732571,1.4902098616259083,1.0333882228937825
1969-05-01,17124,-0.16602205768490247,1.1587876847032483,1.2474774460552038,1.0355956547109695
1969-06-01,17124,-0.9788610022959335,0.5006994644290282,1.1584057442187903,0.9465334214505854
1969-07-01,17124,-0.9948017203866005,0.22262554974237497,1.118768652943426,1.0628249982613946
1969-08-01,17124,-0.8025916398175337,-0.7218769433242039,0.7960700022237194,0.9697483767600096
1969-09-01,17124,-0.6806792227053861,-1.1872472957590516,0.1238909475888197,0.9063754197657922
1969-10-01,17124,-1.1639006324186332,-1.4581197591046349,-0.337904971972762,0.6761805814471252
1969-11-01,17124,-1.3233058570175265,-1.6456200126905234,-1.229339657281551,0.25224879131793715
1969-12-01,17124,0.32962429613255,-0.09726355955243765,-0.7935000368563542,0.2287587277535106
1970-01-01,17124,1.3033084518873712,0.5652547255781406,-0.2493148533779037,0.40472075225876
1970-02-01,17124,1.7839150086228728,1.1836148829634374,0.643391463826711,0.3882625234762476
1970-03-01,17124,1.6707388300525312,1.4826276645301923,1.1538451743771128,0.5185018035196397
1970-04-01,17124,1.2647413947697363,1.434449983968961,1.1114520635221887,0.577740890952771
1970-05-01,17124,0.3149703434114727,1.404815400743783,1.0174953732621794,0.6851379859811384
1970-06-01,17124,-0.16594471284361442,1.1399061566185948,1.081899047198644,0.8328525166719288
1970-07-01,17124,-0.34045285956147087,0.724431009024724,1.2059593800620063,0.808449790649385
1970-08-01,17124,-0.13485409011757868,0.020941523696719592,1.2605561552935285,0.8406084720902072
1970-09-01,17124,-0.31959926452706433,-0.421327143856048,0.9126872381822433,0.8855744766156709
1970-10-01,17124,0.12175475763827447,-0.2999022959653767,0.5499966838084528,1.0318673453289373
1970-11-01,17124,-0.0760585819565766,-0.15174474441821462,-0.08644628182190715,1.0654127299439187
1970-12-01,17124,0.14771786489820968,-0.0799753529925447,-0.2834354377467993,0.8348422117297932
1971-01-01,17124,-0.49848545584683285,-0.413644792251492,-0.6658834325914863,0.2597603997385788
1971-02-01,17124,-0.7182997000205086,-0.7487973935951546,-0.8005136577030549,-0.5340645050168956
1971-03-01,17124,-0.7161168455229147,-0.446673486768092,-0.5957465125908491,-0.6810331713177871
1971-04-01,17124,-0.24444015595755642,-0.4317785493407803,-0.4374053225176229,-0.6933933234678175
1971-05-01,17124,0.5130387908966872,-0.01573881081704924,-0.08398306950445358,-0.2688707046997317
1971-06-01,17124,-0.2249213351410094,-0.69125290697196,-0.5144903371381516,-0.6004466942304812
1971-07-01,17124,0.2550020824573977,-0.04354197289354408,-0.28871787738110005,-0.2897720353939685
1971-08-01,17124,0.1811388472020857,0.3613419857729818,-0.07723812065804037,-0.14641548195700574
1971-09-01,17124,0.5034809288647357,-0.050648244434752764,-0.5171446495695943,-0.3668989015063499
1971-10-01,17124,0.44906840862999964,0.32623379961187166,0.06938031356858491,-0.15024773196572633
1971-11-01,17124,0.6537414345318626,0.5034909658191563,0.5470668818340639,0.1455697884750111
1971-12-01,17124,0.8036010959461112,0.8277637400565803,0.38166175750183173,-0.03574287066193551
1972-01-01,17124,0.011135435339102566,0.22679359848088487,0.21115010910000734,0.002624468207172118
1972-02-01,17124,-0.832725054312277,-0.15284628941347597,-0.12225194991923927,0.09287400037824474
1972-03-01,17124,-1.110578903755779,-0.08610248759229747,0.13197974309566132,-0.16820283397283567
1972-04-01,17124,-0.7051895752772321,-0.402605722037967,-0.20110045179672192,-0.13016716506206197
1972-05-01,17124,-1.2169051147699372,-1.445216995633011,-0.8764689914120596,-0.7559427644155697
1972-06-01,17124,-0.14355055485117799,-0.8384688285279026,-0.2006125731278755,-0.010759084764239436
1972-07-01,17124,0.6649038761211714,0.0618320697950264,0.06696013240116043,0.16614585011611138
1972-08-01,17124,1.4576541118449857,0.4571433570657703,-0.03622484761407768,0.2548828033612539
1972-09-01,17124,1.4756152160819083,0.7517208513689576,0.11584705131340191,0.4691967457623325
1972-10-01,17124,1.3122418810072216,1.1642298575756183,0.7348589511705621,0.6534211920473463
1972-11-01,17124,0.8782827931476985,1.2868966620838629,0.743150975948693,0.3190260711193742
1972-12-01,17124,-0.5630421449144842,0.8104514558584757,0.40843195084622896,-0.15034797552964577
1973-01-01,17124,-2.583977724780813,-0.32949922907449447,0.1583607301475777,-0.2520713393553636
1973-02-01,17124,-1.900671823931189,-0.5059306398011301,0.6764129619775895,-0.02767626266559112
1973-03-01,17124,-1.0329900462542223,-1.2339707686916888,0.1455810506497418,-0.1125566489770373
1973-04-01,17124,0.381619013914985,-1.2711990197305363,0.04645447812999115,0.3246302112224997
1973-05-01,17124,-0.04424234767278347,-1.1048978905299227,-0.33960630687031,0.5661705704637082
1973-06-01,17124,0.939512695368797,0.22350661517238496,-0.05310330242602165,0.6140297791227926
1973-07-01,17124,1.2705427335541772,1.1847647571804991,0.2067050429131966,0.7776672685979842
1973-08-01,17124,1.6968067902188535,1.2850719907632029,0.4765659007007048,0.7754301157046966
1973-09-01,17124,1.2342022419697578,1.23388992106522,0.6884892097522091,0.40612647077111086
1973-10-01,17124,0.47699877330477075,1.1251179944058807,1.0846983228874114,0.26470668255407
1973-11-01,17124,0.6230122375382796,1.353425029418796,1.2175914485814632,0.5895698060581436
1973-12-01,17124,1.2075677552825435,1.4470819115002707,1.4656479043505792,1.0942830892480728
1974-01-01,17124,0.43317140396259796,0.5490514998963476,1.1438733275756405,1.0852830004100609
1974-02-01,17124,0.40752424913564855,0.6307861476339698,1.3950518400785648,1.20807617105201
1974-03-01,17124,0.06675374424321501,0.889654130292705,1.2044264886667055,1.322086377939954
1974-04-01,17124,0.90296591947105,0.8727806832824914,0.8943300137752997,1.2788142099614395
1974-05-01,17124,0.9836924918455714,0.8607464764718611,0.9736604075421414,1.4947987636406308
1974-06-01,17124,0.7356523940626116,0.5208749975379393,0.9885778833280209,1.1845694934940885
1974-07-01,17124,0.23913229097624686,0.7342472631344493,0.8084141202363939,0.8068000538053545
1974-08-01,17124,-0.054304287250304395,0.6385104838543896,0.6791499147712607,0.8128627901048188
1974-09-01,17124,0.059577445157136984,0.507698166393668,0.37394124714882987,0.8661602877900336
1974-10-01,17124,0.21117341959968863,0.17766252157745793,0.5929319301947181,0.6831272085551565
1974-11-01,17124,-0.1642373193033867,-0.15557562068399558,0.39131386832444753,0.4576629311003071
1974-12-01,17124,-0.21061382899796058,-0.14542835393111508,0.3200205816376397,0.22200581488128818
1975-01-01,17124,0.25001702168955964,0.22679359848088487,0.20040682910897306,0.5818678240186798
1975-02-01,17124,0.2793860840826644,-0.015039668947304352,-0.15048303754938788,0.39036107758468874
1975-03-01,17124,0.3224296163227031,0.057290056314225776,0.02956270158332466,0.3434152453937478
1975-04-01,17124,-0.2497046281102848,0.0753974488656806,0.0508281062032652,0.06134015776229357
1975-05-01,17124,1.245541102574809,0.9848335649040775,0.829866020086193,0.6680650086408284
1975-06-01,17124,1.1177456343396488,0.9614739628158218,0.7612727109227481,0.6694652776741478
1975-07-01,17124,1.1165790403558118,0.7537326827740773,0.7486110300135467,0.6622876138329638
1975-08-01,17124,-0.2303756526973547,0.8114647997493987,0.7552635611805554,0.5959661523803783
1975-09-01,17124,-0.8495032779557583,0.6069976809889348,0.5902572251109394,0.43135662981088935
1975-10-01,17124,-0.8199361613000858,0.5484539414126173,0.2748365885221734,0.34507760168182267
1975-11-01,17124,-0.5258275038326305,-0.5197922754794287,0.4183866779961302,0.4211784519283769
1975-12-01,17124,-0.0653215405955493,-0.5285777523993418,0.46446096940684084,0.47204932284989476
1976-01-01,17124,0.48680101644057544,-0.1643763625453418,0.6521230595201265,0.40472075225876
1976-02-01,17124,0.19847545987672396,-0.31361236919868,-0.4983546811344992,0.37774246216474816
1976-03-01,17124,-0.10468728439874056,-0.18053022352670867,-0.5680164569887186,0.2900835842670784
1976-04-01,17124,-0.32955720163666824,0.1904173098821608,-0.2999421336079474,0.43279853964259823
1976-05-01,17124,0.6567253872050542,0.543069748130736,0.2857264838196843,0.04488851980212391
1976-06-01,17124,0.9315085772575685,0.6093317012564569,0.4941791749609339,0.22166569806198888
1976-07-01,17124,1.0046050596241953,0.6027235897595185,0.7308450752984025,0.3580028111245716
1976-08-01,17124,0.8005351761901547,0.8597543391830912,0.7591879043226677,0.49297481548412186
1976-09-01,17124,0.43613909499550907,0.8334594295161478,0.5993571781274292,0.48886686261423634
1976-10-01,17124,0.5664765916977597,0.947629258816722,0.6371354343623127,0.7394431607838505
1976-11-01,17124,-0.39723960240220246,0.3469112540526253,0.5042643527322466,0.4636896261440267
1976-12-01,17124,0.2953483812983565,0.4427882714164429,0.7961948757707986,0.6158080774566417
1977-01-01,17124,-0.04759873001799178,0.2825357209672854,0.7941701707193006,0.50992693699245
1977-02-01,17124,-0.12011281995165117,-0.5125713474407825,0.06418909380129406,0.3223031646977253
1977-03-01,17124,-0.9156576480059813,-0.45099344507160677,-0.19672805133669594,0.3455255714318189
1977-04-01,17124,-0.02529593040508395,0.028644265943271525,0.2161653299300958,0.6702042007075489
1977-05-01,17124,-0.21398281433516975,-0.22568931453693425,-0.47026430769461025,-0.04101321244661112
1977-06-01,17124,-0.06862129355160103,-0.6730928349165101,-0.4107466269899594,-0.215308156888154
1977-07-01,17124,-0.8524966018843083,-0.7245214540916144,-0.6420275409185394,-0.343270699345219
1977-08-01,17124,0.6308817270849417,0.15003982411154046,0.017687186090508553,-0.18981215078124317
1977-09-01,17124,0.8190339841660558,0.2630835456639689,-0.31052682625370315,-0.12160187182763155
1977-10-01,17124,1.1383297560938233,0.21050230500547756,0.07714219463647723,0.046088822605202646
1977-11-01,17124,0.47218274257388376,0.6342917316591528,0.2917691606235322,0.12284642274527423
1977-12-01,17124,0.7298713499964979,0.942324628669699,0.5617017328116983,0.08382456772693693
1978-01-01,17124,1.4163618937031603,1.6346750013725349,0.9559673758524572,0.7733450536640243
1978-02-01,17124,1.6872549516345359,1.581356743958621,1.428742993494141,1.1957535878825079
1978-03-01,17124,1.6967300502112876,1.64066646380988,1.5963029131706348,1.329608949356797
1978-04-01,17124,1.3942975037662644,1.5420889377316085,1.7221430596876184,1.3614924618709703
1978-05-01,17124,0.9894804647347067,1.566142577660871,1.4823892538169847,1.5211014876009346
1978-06-01,17124,0.12467246574449582,1.2807751508246246,1.3188462781670114,1.3171713124075488
1978-07-01,17124,-0.9430962690459379,0.5711427042173233,1.179467052065323,1.364000546418907
1978-08-01,17124,-1.6706298768675665,-0.008743880560706142,1.1564936796822516,1.1528069800138225
1978-09-01,17124,0.3356873468355277,0.11792081551507068,1.2278887459220413,1.2664957250294595
1978-10-01,17124,1.043197578732333,0.0608183432519957,0.8731230607191484,1.29352507663826
1978-11-01,17124,0.648028231812308,-0.36068913598530644,0.27874975770039273,1.1858365138411564
1978-12-01,17124,-0.14876975030304637,0.07630780911430743,0.011332070892382466,1.0347035706893375
1979-01-01,17124,0.746225477476995,1.1669673949562716,0.3957875615953995,1.016187668548729
1979-02-01,17124,0.9075945414090024,1.0114400100915653,0.20042217090142903,0.6320166078799042
1979-03-01,17124,0.6151822630267813,0.33967537256667213,0.38940170132426355,0.23454825575387392
1979-04-01,17124,-1.8073187439170684,-0.46343281870134484,0.2228885931381166,-0.4049244637317625
1979-05-01,17124,-0.8650740865725486,0.16347531487689218,0.4593807770613281,-0.24297800263113972
1979-06-01,17124,-0.32717320084898,0.10398412416345731,0.015891273587487865,0.10416535415616154
1979-07-01,17124,0.061222982395239454,-1.1891919569544809,-0.4613389550475921,0.12377114252694267
1979-08-01,17124,-0.6331957604395889,-1.1484046999848108,-0.28802721864800335,0.04749451719471586
1979-09-01,17124,-0.8546157929285625,-0.7625868085820998,-0.33268237993644845,-0.3463506767986158
1979-10-01,17124,0.06645348327052969,-0.03678530213228865,-1.0275149396230727,-0.4791803800631916
1979-11-01,17124,0.5716881358750122,0.051558334147953015,-0.6241032138869335,-0.07829373337319413
1979-12-01,17124,0.18419000467939176,-0.3071487470385677,-0.5386744277049242,-0.2284649696602137
1980-01-01,17124,0.09981768222610117,0.009459185924887155,-0.07796279951067799,-0.96113739400996
1980-02-01,17124,-0.05811572034494465,0.2695152726001259,-0.19338859998099608,-0.7355284402592728
1980-03-01,17124,0.6303320571338431,0.5397868434040131,0.15159832663616957,-0.20700204070934614
1980-04-01,17124,0.406777568659853,0.40238167125080887,0.28109133704406564,0.15547592773775956
1980-05-01,17124,0.0864551134178215,0.017617874287776027,0.30246188690650144,-0.09029091880434309
1980-06-01,17124,-0.4470184923785743,0.04073331429375681,0.11734063303841068,-0.15141403331373646
1980-07-01,17124,-0.5384668460040326,-0.16261918783695584,-0.07358395334876335,-0.1277958276674667
1980-08-01,17124,-0.6296866007084055,-0.43169311532421845,-0.434211231383956,-0.12116188503200827
1980-09-01,17124,0.39551289378592486,-0.27580739902639445,0.05903887577460159,0.13117702975582435
1980-10-01,17124,0.009439585518361805,-0.5104361437859927,-0.24703326720936813,-0.17507189368567386
1980-11-01,17124,0.34772644528057306,-0.13271765008097094,-0.22005045116165403,-0.33209692323760864
1980-12-01,17124,-0.014677870302505617,0.20727419654416201,-0.2516101335949087,0.01974345211402491
1981-01-01,17124,0.6849097947815079,0.45246591702162925,-0.10023114996542236,0.0690343468497844
1981-02-01,17124,0.5081659173033921,0.5111039664718031,0.03506049837261215,-0.03376098890774448
1981-03-01,17124,0.25441679497951186,0.12616944112566905,0.24414698932712292,-0.19068581074582489
1981-04-01,17124,-0.3782514296797202,0.30413785410879685,0.16156298334534058,-0.2653004925510376
1981-05-01,17124,0.019539551114429038,0.32901736881600385,0.4367054464378104,0.056896576028237354
1981-06-01,17124,-0.6312436922910915,-0.37002675820942,-0.33040587932145843,-0.1650613414707366
1981-07-01,17124,-0.39018820665252946,-0.65154662604372,-0.09093919757471261,-0.167220627917148
1981-08-01,17124,-0.4393673217746768,-0.3849964108047732,-0.03622484761407768,0.08987382504916487
1981-09-01,17124,0.05248145801653292,-0.6001100510110942,-0.45965954694209477,-0.39529618042247866
1981-10-01,17124,0.34208448501134286,-0.19208932126285921,-0.4596717701417633,-0.04328545027815671
1981-11-01,17124,0.03066932488641465,-0.27048808754425857,-0.3610674038595621,-0.1405865172546673
1981-12-01,17124,0.15296097985384638,0.12216984984649414,-0.4250717966125678,-0.3532216735180489
1982-01-01,17124,-0.18492684484583838,-0.0007411032517695304,-0.3850878025125815,-0.5836408679570235
1982-02-01,17124,-0.2759682551207469,-0.33051985946153933,-0.6316792155717151,-0.6000507190798422
1982-03-01,17124,-0.2708444947994384,-0.1408234607285135,-0.1450134968910152,-0.6125665442666268
1982-04-01,17124,0.4562528440848762,0.28668399835076097,0.30569716113664935,-0.05244201639354469
1982-05-01,17124,0.7907261740098666,0.4131482128487152,0.3699331661496169,0.05210119535524765
1982-06-01,17124,0.39612200018270155,0.061969082594594056,0.11985642477792352,0.09861472693310534
1982-07-01,17124,0.03965679063781029,0.26822003759460905,0.14779065645937406,0.1842485648630895
1982-08-01,17124,-0.32334881313667074,0.33462009395856435,0.09947855283630422,0.06169553601431568
1982-09-01,17124,-0.10255432581878349,0.1399815194118444,-0.12780464569309782,-0.0375783424204905
1982-10-01,17124,-0.3498368853932454,-0.2682554204388251,-0.030503304580295803,-0.11092381715247086
1982-11-01,17124,-1.174135435282619,-1.0437603118952945,-0.23672919721440397,-0.45459252731786487
1982-12-01,17124,-1.2630932709109495,-1.0600771878615167,-0.4460882560236979,-0.6433236424922025
1983-01-01,17124,-1.3201996474506363,-1.4294961516449514,-1.086229808156426,-0.6666998996207435
1983-02-01,17124,-0.5948778210707768,-1.4118383047051,-1.4885068668465564,-0.6305343319383034
1983-03-01,17124,-0.9224738152538411,-1.6793059889619437,-1.6159881995683083,-0.9214856176793613
1983-04-01,17124,-1.0584215353514939,-1.9097349974290032,-1.914619332978955,-1.5389574057879878
1983-05-01,17124,0.0014461210570537895,-0.35427738343607224,-1.038615543661124,-1.1833973640345974
1983-06-01,17124,0.6334114655867296,-0.04259032478614093,-0.6083602282839656,-0.6091258665687114
1983-07-01,17124,0.8890849642702764,0.11323195186410691,-0.5482127364053228,-0.7213982211497034
1983-08-01,17124,0.4794778323620348,0.17843153759189456,-0.18897766987552198,-0.6777825042367985
1983-09-01,17124,-0.09490546219257094,0.35497897770944853,-0.22273364531519316,-0.6904063968226045
1983-10-01,17124,-0.3643717577131123,0.46821574763594337,-0.17173582047095953,-0.7348650735400947
1983-11-01,17124,0.6499351011604597,0.6497129601922855,0.41389586506662424,0.05132455287094699
1983-12-01,17124,0.9935600530976154,0.7207954604418361,0.7729994929888903,0.315170624954012
1984-01-01,17124,0.8540507368051752,0.4111752234416949,0.7798251161851819,0.23108529410287254
1984-02-01,17124,0.09534051313624313,0.4388877717003179,0.4974818208595255,0.3266115770969413
1984-03-01,17124,0.5213839636385652,0.9672885913368007,0.781743266591118,0.8279930188145752
1984-04-01,17124,1.780039342425139,1.5517232490233155,1.3831690366188627,1.4693588427686186
1984-05-01,17124,1.5188884102756672,1.1213021068700249,1.1800411916015814,1.1815627715954746
1984-06-01,17124,0.7446598776271688,0.7663745522640472,1.0443602700635384,0.8943269580091217
1984-07-01,17124,-0.6228048561304348,1.1386956372171357,1.2756322495579024,1.0287030052377648
1984-08-01,17124,-0.15248068453350386,1.1163320856570453,0.9330633458769348,1.0284429782795252
1984-09-01,17124,0.21593498976676198,0.5779240965704905,0.670932928247128,0.9596640055428947
1984-10-01,17124,-1.57406995965586,-1.3339836925773068,0.5095467490886625,0.7915839412461506
1984-11-01,17124,-1.8795161742962394,-1.3364196539917068,0.36737273771824874,0.29015066625253094
1984-12-01,17124,-2.3873587101693805,-1.6365173774529076,-0.4056366964468222,-0.17791512281802116
1985-01-01,17124,-0.48649197022003404,-1.448502509799564,-1.6087401311359617,0.2233122209727284
1985-02-01,17124,0.3614947235130039,-0.8544698734135822,-0.8994319702076555,0.4081254262997273
1985-03-01,17124,1.2209853649047504,-0.049549716848026795,0.0120299276145987,0.3381317158689637
1985-04-01,17124,0.8272536822528157,0.4213230289574173,-0.28488434424217135,-0.7247093576509143
1985-05-01,17124,-0.3117075242439371,0.032627409588258834,-0.8364454733081804,-0.9248433341503527
1985-06-01,17124,-1.6341945313803428,-0.03946447573548281,-1.0617842444845615,-0.8847946706439814
1985-07-01,17124,-1.813205317144498,-0.5304968292883357,-0.7309572457231988,-1.3058251514014927
1985-08-01,17124,-1.6328815702900166,-1.215653410594973,-0.8028663022997246,-1.5426017314256548
1985-09-01,17124,-1.2409464582264222,-1.8532332948887353,-0.5811393389970487,-1.4212232744810944
1985-10-01,17124,-0.40111620505005907,-1.6456596671472723,-0.725848192419445,-0.9058002124712733
1985-11-01,17124,0.29143965960277124,-0.736589952163287,-0.8737209375962949,-0.6802646386393432
1985-12-01,17124,0.4615684830092168,-0.20805613996709707,-1.2488182450602248,-0.29368750078583444
1986-01-01,17124,0.35968037508394335,-0.06267897224017356,-1.279550853645452,-0.5370813645385746
1986-02-01,17124,0.3402098752782305,0.34082516658098605,-0.5410492474000931,-0.7256612242804332
1986-03-01,17124,-0.39895672295224865,0.016554860830428998,-0.5093639911462544,-1.4123006009211942
1986-04-01,17124,-1.30198491067243,-0.5214625391031483,-0.8137434377757798,-1.8716928888803221
1986-05-01,17124,-2.1115540365601024,-1.1366958530991838,-0.9409741340971833,-1.755841821634602
1986-06-01,17124,-1.0776703046865113,-1.130767854475061,-0.6817746551956628,-1.0494815598251104
1986-07-01,17124,-0.6656357850404258,-1.490597170054003,-1.0261231679929623,-1.162613007129059
1986-08-01,17124,-0.3807461972739647,-1.8267886110487837,-1.335485827176372,-1.100403901109746
1986-09-01,17124,-1.5578287730161404,-1.5705374855177379,-1.6366692249057617,-1.1668781425369388
1986-10-01,17124,-1.1246024576026088,-1.1868257012847327,-1.763750048790663,-1.4200695718439902
1986-11-01,17124,-1.3413238435863009,-1.2189993084976392,-2.212620478871289,-1.8564121352450678
1986-12-01,17124,0.5726122294949093,-0.21258667466259726,-0.9350520797151248,-1.1373811922103005
1987-01-01,17124,1.5498897272497352,0.8632835699188006,0.2111501091000079,-0.4585486626435722
1987-02-01,17124,1.342538949871472,0.5867665595321222,0.20993475720324697,-0.9514904832797316
1987-03-01,17124,1.0937717193525802,1.1011828324327495,0.5894526584146439,-0.1632238933254696
1987-04-01,17124,0.26931115370666653,1.1689951076736484,0.7785678486628381,0.3108397849033121
1987-05-01,17124,0.7046964415611255,1.2234027944626389,0.8135182948745738,0.554239472659303
1987-06-01,17124,-0.05992962381357717,0.6521555916717173,0.7793882467094153,0.39014806845910094
1987-07-01,17124,-0.654887002428666,-0.35373610330925714,0.7720139030549883,0.3327738156605446
1987-08-01,17124,-0.7585035051499741,0.05365448686309713,0.8879359729398001,0.4232715376433887
1987-09-01,17124,-1.2063963139108242,-0.663223154994522,0.15588501329387527,0.38472654896648295
1987-10-01,17124,-0.9359927420646253,-1.0947032646394714,-0.7777757611458186,0.34302562270744064
1987-11-01,17124,-0.8483309869942524,-1.1930608845975277,-0.37829056434454755,0.47369989912243865
1987-12-01,17124,-0.12262810409586343,-0.7525352177396608,-0.6297213414231082,0.06022557427906015
1988-01-01,17124,-0.4210242144435987,-1.059211422667494,-1.3536655302455258,-1.0003543001298298
1988-02-01,17124,-0.4871740145459293,-1.118524112231722,-1.5154932778517707,-0.7200289228108354
1988-03-01,17124,-0.5138408225777643,-0.5207693037869608,-1.0483698966068011,-0.9129800479379885
1988-04-01,17124,0.34335025640099176,0.07539744886568088,-0.4692342209489387,-0.9062236243071773
1988-05-01,17124,0.7646713440152072,0.29749678148263137,-0.09893239874475052,-0.5567743475708911
1988-06-01,17124,0.9234638481540732,0.42332802254973917,0.30820456980747585,-0.038945528698974635
1988-07-01,17124,0.6195316959803655,0.6209297202414631,0.36280325241667816,-0.054138141633882406
1988-08-01,17124,0.1556939113421051,0.5522688978050966,0.19926977491961367,-0.17187216155162113
1988-09-01,17124,-1.6097212626938544,0.1990865027165308,-0.19089203078167796,-0.21252857882116327
1988-10-01,17124,0.33198828542007613,0.5331742910314895,0.5456578919974627,0.33273740687451464
1988-11-01,17124,0.9476324311118449,0.6884875543122799,0.8480717999913613,0.5464544217035335
1988-12-01,17124,0.9420240204335486,0.16901475559217563,0.6381001395209286,0.306425960866918
1989-01-01,17124,-0.4924852983311556,-0.233917388088333,0.17878816878603174,0.25756560631373254
1989-02-01,17124,-1.9462626930071647,-0.4335526775210747,-0.3564584628753508,0.09287400037824417
1989-03-01,17124,-2.6043509956397277,-0.6639548058224737,-1.3510490302700262,-0.31784448803865684
1989-04-01,17124,-2.4365122264914367,-2.532294627718097,-1.7141309271947154,-0.9062236243071773
1989-05-01,17124,-1.6846244750616068,-2.724053511563345,-1.5923958665296276,-1.2778479718392708
1989-06-01,17124,-0.9679861720447165,-2.224607835737319,-1.1688318757513283,-1.6637645365978382
1989-07-01,17124,0.2980580296627398,-1.3079197515250898,-1.4631394290410833,-1.149899323154757
1989-08-01,17124,0.39598421390839494,-1.004988224243114,-1.8922572381913918,-1.066069454073005
1989-09-01,17124,0.12230670866838628,-0.8022626894729884,-1.9163269432945371,-1.0724607162880089
1989-10-01,17124,0.531338467600966,0.4065769716751958,-0.8361707348136003,-1.015602217817399
1989-11-01,17124,1.0787888774121634,0.8742319650938496,-0.08376913912489307,-0.9752555288019319
1989-12-01,17124,1.5185640054436187,1.2342040204155578,0.4508652706369933,-0.5569210031102604
1990-01-01,17124,0.504396877104236,0.6381289028200352,0.5389327554382061,-0.5480025264202636
1990-02-01,17124,-0.6314916561129804,0.4356901501082507,0.4500545590588445,-0.49320132059413924
1990-03-01,17124,-2.454875712335128,0.20359273761387314,0.1829104433705223,-0.5072101374192814
1990-04-01,17124,-0.630033401341171,0.028644265943270963,0.19449916709928472,0.21290668023553883
1990-05-01,17124,-0.8596115799706995,-1.027444129474858,-0.0691508962258297,0.010916954359360818
1990-06-01,17124,-0.5806679761167346,-1.8406652428029258,-0.2375757091959011,-0.19257646132621506
1990-07-01,17124,-0.8919256592168429,-1.2014128751426405,-0.6657999795777129,-0.3839132600288567
1990-08-01,17124,-0.3807461972739647,-1.0011781156712478,-1.2479661781901497,-0.39084758800213165
1990-09-01,17124,0.7276669533289262,-0.15151468636378385,-1.2954576953991124,-0.02810190024811863
1990-10-01,17124,0.4677460355161493,-0.43291520079851004,-0.7992468839936138,-0.4388269855664126
1990-11-01,17124,0.44194139308196123,0.07338699607957072,-0.6015842111362318,-0.9667735765821701
1990-12-01,17124,0.49329098875913485,0.7433548817529797,0.1231620149048628,-0.8879326165582239
1991-01-01,17124,-0.02077107677043892,0.219265231558223,-0.5086818631554745,-0.8160377007751004
1991-02-01,17124,0.4116549702322464,0.5018277708410048,0.13264015952935024,-0.4338179512944167
1991-03-01,17124,-0.7161168455229155,-0.1526813400627579,0.21229975675680965,-0.2869860126730474
1991-04-01,17124,0.7233455065865058,0.5551267555745368,0.6039250566647687,0.02555793523349491
1991-05-01,17124,0.6146631883485476,0.6268414363283472,0.7213705748886148,0.4517106087882115
1991-06-01,17124,0.6775035208971735,0.09503225748106549,0.31514208632454876,0.4944754651186644
1991-07-01,17124,0.4221679186068364,0.7219692451018066,0.6139235116736896,0.6352016600407225
1991-08-01,17124,0.6920972169637657,0.7570120578382615,0.7728598176473089,0.8177923324508602
1991-09-01,17124,1.0080945896315507,0.9119230436286215,0.43756733283364924,0.567760790265409
1991-10-01,17124,1.1629653223369685,0.9170206184947136,1.0514128748434723,0.9255731374982936
1991-11-01,17124,0.8587204955226243,0.8724266585191488,0.936960195496738,0.9493066613876618
1991-12-01,17124,0.8374470975325087,1.1125227541414127,1.0797773780631033,0.7235399518281355
1992-01-01,17124,-1.0955769556121693,0.2825357209672854,0.36451347651009813,0.6009025725698861
1992-02-01,17124,-1.8232454938558718,-0.490474823899432,-0.009308422718489619,0.24127628724134792
1992-03-01,17124,-1.7681836567322295,-0.3994760334791452,0.22973307194879306,0.4407002981907811
1992-04-01,17124,-0.6415286163906669,-1.245631670475783,-0.11835631152528188,0.042318200334922826
1992-05-01,17124,-0.7727732072036436,-1.7191910303602316,-0.8764689914120593,-0.40067749267187647
1992-06-01,17124,0.24330096854897282,-0.8124646681778301,-0.1557184823346542,0.265189454461475
1992-07-01,17124,0.4185163605658105,-0.14192926428610134,-0.6931225296280978,0.059456164703768556
1992-08-01,17124,1.0340473954968201,0.18157102460130545,-0.714156049915273,-0.15149060115743695
1992-09-01,17124,-0.2613429781834438,-0.057292671422788224,-0.9695921280386607,-0.3437883991254874
1992-10-01,17124,0.20571766651679568,0.3120811559332937,-0.13595081232503403,-0.6025244539609543
1992-11-01,17124,0.4331962639280279,0.856045817418869,0.29412932075917797,-0.5209011925176867
1992-12-01,17124,0.5596139582679807,0.28900486590494384,0.23209942792125174,-0.5649813019293123
1993-01-01,17124,-0.23563088603112006,-0.1472072585378492,0.07369735258265506,-0.3024875493629892
1993-02-01,17124,-0.25396345990325436,0.01558276637000521,0.5775729996724732,0.05517078787635234
1993-03-01,17124,-0.253784963247799,0.18621512446810384,0.01042940730309671,0.0069577446845954915
1993-04-01,17124,-0.4330263895836115,-0.39021179277707896,-0.3507277280494697,-0.13525466354745766
1993-05-01,17124,0.037528357684831,-0.13135502928853574,0.09735875658131146,0.5150986093765278
1993-06-01,17124,-0.26638273990389216,-0.45275104819986556,-0.07062750507390474,-0.17004220283966245
1993-07-01,17124,-0.03951432670957712,-0.4119760747796178,-0.47921388881562976,-0.41125228713901507
1993-08-01,17124,-1.2017717336385323,-0.7480385937132438,-0.8156286470979824,-0.5375912844278462
1993-09-01,17124,-1.5195123756902367,-0.9356383047618831,-1.042055227427199,-0.585044834111529
1993-10-01,17124,-2.0510583605057393,-0.9916250429437622,-1.1394013581958289,-1.1762807189066344
1993-11-01,17124,0.02518715634778264,-0.752241052629393,-0.6557653350990112,-0.8348540029587715
1993-12-01,17124,-0.1110799028396449,-0.8837850578885006,-0.8510963092023561,-0.9939420896607248
1994-01-01,17124,0.7942863366323875,-0.3317506231522351,-0.3947252802105078,-0.6194957630733388
1994-02-01,17124,0.08090870553598105,-0.053778083611778736,-0.7623631893071846,-0.6863296891193169
1994-03-01,17124,-0.02529765578861682,-0.15268134006275721,-0.779483027704391,-0.8677530942819822
1994-04-01,17124,-0.7460785262622098,0.1935087122355991,-0.7013605963626967,-0.7172334469419733
1994-05-01,17124,-1.0251953796897162,-0.6321448884127953,-0.637697862902949,-1.2741724767364215
1994-06-01,17124,-1.2574999112050236,-0.9965237523600025,-0.933023913784087,-1.3869010732296934
1994-07-01,17124,-1.2797004571508799,-1.5578137898228204,-0.7171636605794172,-1.4158399228790857
1994-08-01,17124,-1.6235134709773273,-1.7362845780752005,-1.4510802398802634,-1.375411585533524
1994-09-01,17124,-1.8850301626415769,-1.7962036387185731,-1.6014775384280195,-1.4580313296310665
1994-10-01,17124,-1.412167595493773,-1.7833890750666341,-1.910413766733111,-1.234851829540798
1994-11-01,17124,0.1884172957839609,-0.8432087615392554,-1.3692563435763436,-1.2937438511759383
1994-12-01,17124,0.29040905747263723,-0.6257711208456513,-1.3229586796114996,-1.2791109450048919
1995-01-01,17124,0.6768566447819326,-0.23391738808833232,-1.1223629759969211,-1.3955189018074918
1995-02-01,17124,-0.9436938169913601,-0.684075768545406,-1.5791380645215651,-1.8980749146098197
1995-03-01,17124,-0.09396037213580109,0.08288470284888212,-0.6357575668664128,-1.3176963972804039
1995-04-01,17124,-0.21823003629445203,0.38320915471030115,-0.2832163148120041,-1.0800447431309848
1995-05-01,17124,0.12153568954809459,-0.45264362558661914,-0.34807732419076787,-1.1583550822454625
1995-06-01,17124,-0.7968500515860365,-0.7313984497106302,-0.4622634462069308,-0.9846886101760011
1995-07-01,17124,-0.4712591449343719,-0.5982911016813967,-0.05633357369963439,-0.6079374977454424
1995-08-01,17124,-0.2487033935880742,-0.1983958322025268,-0.6952937127895344,-0.5772129298207422
1995-09-01,17124,2.6284429846499635,1.9822146545321115,1.7684532817934158,1.593508340580268
1995-10-01,17124,2.510482373079843,2.0686390478375074,1.884916655881373,1.804033660048827
1995-11-01,17124,3.110895630621193,2.4464048928703592,2.7860967431931933,2.6062563880371736
1995-12-01,17124,3.3270553317292997,3.2437295410061697,3.07208388902814,3.047927568349467
1996-01-01,17124,3.7784198292594615,3.759314227971263,3.4090775790672843,3.2415414095864623
1996-02-01,17124,3.3161672573861667,3.8667505608077,3.400729753378722,3.5484885339455277
1996-03-01,17124,3.47699157832285,3.789578985253151,3.6103421182798177,3.762206115426369
1996-04-01,17124,3.759989043726292,3.398358209497376,3.6711778145352043,3.6726657498590245
1996-05-01,17124,3.357921148605477,3.400292457366859,3.301973960084395,3.483457462211636
1996-06-01,17124,3.011903488704739,3.765746799146785,3.7457681895571593,3.552148274887264
1996-07-01,17124,2.844309738872828,3.9122415265581005,3.920621696805792,3.958960277337807
1996-08-01,17124,3.0207984864106985,3.938456066266689,4.0098670239940715,3.998236310905881
1996-09-01,17124,2.7749599807061007,3.517600593514798,4.245997449219372,4.102906687925026
1996-10-01,17124,2.889001046448284,3.342227272171432,4.102209215088282,4.0353339256838945
1996-11-01,17124,2.7095808728837123,2.755940392906555,3.8069807979835106,4.151624545384873
1996-12-01,17124,2.925586888182019,3.0934152481358685,3.5810229614344786,4.206167152114148
2014-01-01,17124,-1.884660790259021,2.7735488457690716,3.231919164879201,3.8416371652794457
2014-02-01,17124,-2.233778248007611,2.371442045589256,2.985459952346465,3.661122166690407
2014-03-01,17124,-1.1263906898491984,2.343436967339306,2.77446217980782,3.435697873429549
2014-04-01,17124,-0.23508160898533828,-1.495242089068727,2.2322011534774324,2.887429380845489
2014-05-01,17124,0.297818023462562,-0.9380106765427627,1.8603257696541713,2.7536845567246204
2014-06-01,17124,0.17679421099562,-0.5696645599089157,1.9840641583497407,2.4575332643199137
2014-07-01,17124,-0.05294326166466859,-0.28985506195173044,-1.2660357628382148,2.1107431683430753
2014-08-01,17124,0.9739655438297647,0.7564633631237921,-0.24385737186717923,2.059369505546759
2014-09-01,17124,1.5302869504540408,0.9785449357426156,0.3634799664547338,2.1881552996193316
2014-10-01,17124,1.6069905351813234,1.084950975410206,0.8143663837198134,0.13440890184940707
2014-11-01,17124,1.0676705683411838,1.1170628506171076,1.0523229432893206,0.29505216839210396
2014-12-01,17124,0.6195279376619636,1.3434543536345456,1.0384360972584261,0.5604990666880796
2015-01-01,17124,0.17592896767776253,1.410336307230297,1.0126770823562523,0.7555062418071586
2015-02-01,17124,0.599805226025461,1.096133052950856,1.2086290536114697,1.1266345601989278
2015-03-01,17124,0.24517675894732,0.54273511155241,1.1682724921800223,0.9628339287486829
2015-04-01,17124,0.3174816333970133,0.38596236919723853,1.1944480231928103,0.9730232166035766
2015-05-01,17124,0.16049287252950165,0.4696324074741656,0.9039121786579017,1.097988529472041
2015-06-01,17124,1.3019040572929317,1.0874997507108706,1.1328774319717412,1.394738855717942
2015-07-01,17124,1.2225912471089275,1.1131824289658518,1.0177276716806967,1.4827392921777913
2015-08-01,17124,1.6102226156559867,1.2774922623886342,1.256173393662345,1.4377663287583795
2015-09-01,17124,0.4979774041404938,1.1919680296154027,1.0823284404783549,1.1174047333142414
2015-10-01,17124,0.93316490776016,1.286944337867276,1.2116865255132614,1.1207701877049847
2015-11-01,17124,-0.36442723503856805,1.03025876882598,0.8983892255488728,0.9898999845387595
2015-12-01,17124,-1.6915596438393854,-0.8560688045406866,0.5114087855277348,0.4802645582556184
2016-01-01,17124,-0.8065688167924158,0.16207958388525331,0.9107104796111112,0.8582657590140399
2016-02-01,17124,-0.3486031809592659,-0.6794837142072091,0.7596630921665709,0.6423442878911358
2016-03-01,17124,0.5689126055434457,-0.569448992729815,-0.2530262456715409,0.625670513538019
2016-04-01,17124,-0.29741831774641503,-0.6969577759516262,-0.026204641920213607,0.6807721647797033
2016-05-01,17124,0.26587102055011236,-0.01879419502562259,-0.23247836644209527,0.7580921292289197
2016-06-01,17124,-0.3460903050285976,0.05591721313382996,-0.6849946919805076,-0.41793295393971047
2016-07-01,17124,-0.5909702220500767,-0.7438539831933338,-1.11831903172193,-0.44431406234743137
2016-08-01,17124,-0.2121804431552207,-0.062076344479772526,-0.28076918702570325,-0.4621830876831073
2016-09-01,17124,0.7877405443310074,0.050829587935085144,0.2732238265687256,-0.35918293575578175
2016-10-01,17124,0.472379530120557,-0.23342336591344143,-0.4508853297210364,-0.7893416793928661
2016-11-01,17124,-0.41048316074575053,-0.4285397211595158,-0.304114835316587,-0.5529964945674447
2016-12-01,17124,-1.1604105584771465,-0.21258667466259829,-0.4883849235262075,-0.21704393084964568
2017-01-01,17124,-0.564929728689798,-0.16007592274840762,-0.6388041519254181,-0.756486646896108
2017-02-01,17124,-1.017004915067321,-1.2333053405024277,-1.2570837785995115,-0.8850972725503885
2017-03-01,17124,-1.351549708463395,-1.9388608752994871,-1.1116907258004862,-1.1336800754139895
2017-04-01,17124,-0.4717793883290791,-0.664576622406126,-0.38509292507946685,-0.7955809375859851
2017-05-01,17124,0.6428023876622715,-0.04646543700789982,-0.28453033899593727,-0.48805705197421123
2017-06-01,17124,0.8491890443416601,-0.005281469518050899,-0.5268812528813134,-0.13784002866047465
2017-07-01,17124,0.6423645710339564,0.17001583064857412,-0.12302910387367387,0.021305980159955405
2017-08-01,17124,0.5953515825680108,0.7139586143370149,0.1408399460039613,-0.07621991335858863
2017-09-01,17124,0.5785393212979719,0.8240156725164304,0.10778512967880916,-0.3412275183742245
2017-10-01,17124,0.8159483337005005,0.817234180961889,0.445835778932831,0.18588857079252208
2017-11-01,17124,0.32916713490841765,0.5398800251423285,0.6524994550919551,0.15686731172537513
2017-12-01,17124,0.018591767546169837,0.3499180637081422,0.6834228120360689,0.07676164562972708
2018-01-01,17124,-0.7876689527453796,0.03984871905791167,0.3670309619401763,0.04547718583220695
2018-02-01,17124,-0.7308575244157539,-0.4075420847960164,-0.02728427767294518,0.24572023598859513
2018-03-01,17124,-0.20877516403863328,-0.19655705844661273,0.08910807959106357,0.4629110768197187
2018-04-01,17124,-0.9244869266962629,-1.2456316704757842,-0.49063778883937287,-0.07229647853376217
2018-05-01,17124,-0.3965943760070352,-0.7389048397234318,-0.5174057292535488,-0.21733553844073275
2018-06-01,17124,-0.16145298539678174,-0.3461860310908966,-0.2923788742928166,-0.053166780827448794
2018-07-01,17124,1.0225981387653735,0.33368994038964217,-0.07070160506947658,0.2553290537684684
2018-08-01,17124,0.8451171434116955,0.219006948949786,-0.2145830344586815,-0.07374260241279665
2018-09-01,17124,0.3896260459685184,-0.0706162994236053,-0.2840471455752085,-0.22996666439950858
2018-10-01,17124,-1.7594215711017418,0.19264424893676507,-0.38686292618510537,-0.7177770409796076
2018-11-01,17124,-2.3555299004879506,-0.3542509424466003,-0.6769594793516037,-1.0832912234405727
2018-12-01,17124,-2.49660288305996,-1.5274074298603715,-1.1253625914753898,-1.2081192796147842
2019-01-01,17124,-2.0430756818887983,-3.03854578383744,-0.9504085002592796,-1.3411277901791854
2019-02-01,17124,-1.0507231366697443,-2.4578615436423963,-1.2063089265592928,-1.272524955322023
2019-03-01,17124,-1.291961429126701,-2.990481286161844,-2.3577890889078903,-1.7040193194040794
2019-04-01,17124,-0.34572427593467187,-1.7746023804983517,-2.724505463282303,-1.0034865786834342
2019-05-01,17124,0.29462893340844365,-0.36466990063848015,-1.626539206843531,-0.7335844375249349
2019-06-01,17124,0.6334114655867296,-0.20926148572755976,-1.2906665543188496,-1.0007861009527277
2019-07-01,17124,0.6326152424659729,0.23180644655537222,-0.7725798829829317,-1.3959921910584274
2019-08-01,17124,-0.04865739985731493,0.0536544868630963,-0.5127931347799634,-1.3656175237444141
2019-09-01,17124,-0.24495751852168607,0.29902144007007037,-0.43257771780631993,-1.3115141747628014
2019-10-01,17124,-1.5683154607118175,-0.1886678327102676,-0.439190697215683,-1.3283889045529742
2019-11-01,17124,-1.1231001890829486,-0.7522410526293941,-0.47704147114689,-1.0319805505486075
2019-12-01,17124,-0.23448306406484135,-0.34730317549685125,0.12832320577530293,-0.51141085235608
2020-01-01,17124,0.40587945425476696,-0.5869477110420056,-0.02658464070540909,-0.2559281739287627
2020-02-01,17124,0.5469263072993011,-0.29258601986541916,-0.37343238573392284,-0.234077705130488
2020-03-01,17124,-0.34590790816700506,-0.4813688036391594,-0.5917710819632525,-0.1310154325838998
2020-04-01,17124,-0.8287089413630477,-0.1704346919114462,-0.9745898622543764,-0.4118465907592277
2020-05-01,17124,-1.0867621737730766,-0.28589463536601273,-0.9236129463396794,-0.9332423377592981
2020-06-01,17124,1.5096180453024939,1.0782867634364042,0.8619548186378198,0.6968718298890305
2020-07-01,17124,1.5456078750925526,0.998554049703693,1.0043929459927452,0.5092083076043715
2020-08-01,17124,1.6834158317773684,0.8357523447655172,0.8970536954772708,0.4831614686244187
2020-09-01,17124,-2.17844749760022,0.821647623720505,0.48789316678923195,0.3330121715764882
2020-10-01,17124,1.0551510387212157,1.581275351923962,1.1854969021268578,1.1613944031723729
2020-11-01,17124,0.7528996800272096,1.3833767091788103,0.9386936510541376,1.003736903663001
2020-12-01,17124,0.41070684828890736,-0.5947770712567033,0.8323408448818551,0.5688521952288279
2021-01-01,17124,-1.0955769556121686,0.13884768338869752,1.1895823837781014,0.752379733799333
2021-02-01,17124,-1.1464655061471554,-0.23435707988623772,1.0237049968567997,0.4381270666430582
2021-03-01,17124,0.25441679497951186,0.40544137905108246,-0.3433534981138338,0.7750049738022824
2021-04-01,17124,-0.09507090578118355,-0.7250288096662919,0.07112509879019131,0.9963062288687946
2021-05-01,17124,-0.02588926785551573,-0.6851448757258738,-0.12309747802666664,0.8777684527901208
2021-06-01,17124,0.7326394815624752,0.6141355721445011,0.6829949030450446,0.1984833097030183
2021-07-01,17124,0.4185163605658108,0.18869734169220512,-0.3605596851649276,0.20445472694253916
2021-08-01,17124,0.8315480614960931,0.43710822335622573,-0.18614298057302897,0.1951306478847946
2021-09-01,17124,0.5680399199512177,0.7220658078860895,0.6576774685010311,0.7084897269055395
2021-10-01,17124,0.5577717302285732,0.5074426395628584,0.30850483804307377,-0.14777572754821636
2021-11-01,17124,1.2536388434294183,1.1564711121811624,0.974705865641191,0.485655862561844
2021-12-01,17124,0.11070924906786501,0.4020886860670976,0.6318402646870591,0.5963593075633772
2022-01-01,17124,-0.2243069020120974,0.15435833667939491,0.2746857576706756,0.12713947139996626
2022-02-01,17124,-1.3296539220293855,0.31392100608934753,0.619553680961035,0.4278246385493057
2022-03-01,17124,-0.8280162489999884,-0.5516811000373247,-0.1932484163551049,0.19577205338533407
2022-04-01,17124,-1.076880873917652,-0.8798209753867826,-0.4763523497368571,-0.22833557377025973
2022-05-01,17124,-1.3200679422846227,-1.884310891184146,-0.45595420471999487,-0.00872767743491351
2022-06-01,17124,-0.1036484100641244,-0.6549885874285455,-0.5052226193849296,-0.23312523147751021
2022-07-01,17124,0.45113926788980246,-0.3682299142928471,-0.43387590221979055,-0.18261473050042112
2022-08-01,17124,1.1913502750624265,0.05039614580708139,-0.639031348887437,0.2395347971248505
2022-09-01,17124,0.3837181619825123,-0.03078496798087702,-0.5506084075187863,-0.4134523364931065
2022-10-01,17124,0.3719950908446193,0.42552953909505237,-0.22458826643769156,-0.30717096167746205
2022-11-01,17124,-1.0315871107537755,0.4635104245075599,-0.44779766845135544,-1.1176299178174631
2022-12-01,17124,-1.7313726478550562,-0.9966353590957585,-0.7998776447613215,-1.2109541755858362
2023-01-01,17124,-2.515215149069248,-1.6834278162856382,-0.8798962810901378,-1.3562077551676377
2023-02-01,17124,-2.659018806620672,-2.9183933188874533,-0.9966946073235027,-1.634406495077057
2023-03-01,17124,0.4308581422111403,-0.7465677336833462,-0.47084436574559585,-0.5556084623868522
2023-04-01,17124,0.8997426709508564,-0.5301759900400606,-0.35414593044491244,-0.11495767935166071
2023-05-01,17124,1.3975400210229718,0.15782001673221127,-0.3345397660417427,0.34488216489656964
2023-06-01,17124,0.5217507693092275,0.5507822953256091,-0.15850494097727827,-0.02480971965783856
2023-07-01,17124,0.4111930373963531,0.8390375863606426,-0.23353740048236735,-0.12148350332217754
2023-08-01,17124,-0.3359985885312751,0.925468074654717,-0.16635855539452848,-0.6057280895798672
2023-09-01,17124,0.6500366986832407,0.5938290755284448,0.6354162385752686,0.00016977367883637385
2023-10-01,17124,0.03966372362878775,0.22233506524371277,0.6225002297015668,-0.2994142777681188
2023-11-01,17124,1.1460783697788066,0.6540833164444688,1.2058298224704196,0.4129950977264452
2023-12-01,17124,0.03507844619895774,0.4089352987508588,0.49364035772838405,0.5490041273656933
2024-01-01,17124,0.93664127153815,0.684215973836087,0.6410872092588998,0.8976713559577222
2024-02-01,17124,-0.996892817276341,0.33077366223548393,-0.0003695024806916293,0.795541086688035
2024-03-01,17124,-1.0540194431142311,-0.765124236143039,-0.30325381907260635,-0.028828735405515143
2024-04-01,17124,-2.7120553187018843,-0.7772616723550916,-0.7745930912820922,-0.45085416912731496
2024-05-01,17124,-1.7147105512191256,-1.9830743552550618,-0.6883577219841048,-0.9030935021870006
2024-06-01,17124,-2.194630667708092,-2.316019730457157,-2.0341669556095465,-1.4915249818847547
2024-07-01,17124,-1.0762972803915016,-2.724257384099212,-1.5187154500037123,-1.366339252860501
2024-08-01,17124,-1.4503825334948734,-2.1336394650733355,-2.5011928834917025,-1.3558384214971622
2024-09-01,17124,-0.14120810366442466,-1.7394368776340112,-2.0981869311712575,-1.8426151600480896
2024-10-01,17124,-1.1540241840922976,-1.5155574665296907,-2.728732253045056,-1.8551820500620972
2024-11-01,17124,-0.8638490784852804,-1.8597524815808224,-2.285849619405547,-2.7179061730422895
2024-12-01,17124,-1.0522208645815911,-0.9229198252374069,-2.0477335947833555,-2.378997338331232
2025-01-01,17124,-0.48050550003864045,-1.2314814817828852,-1.765842176767868,-2.9557250537080697
2025-02-01,17124,-0.41716548578833823,-1.069235809843365,-1.87385739094464,-2.5034013278467704
2025-03-01,17124,-1.9985964058385397,-2.335964731808243,-2.279341287571626,-2.881924644003725
2025-04-01,17124,-1.0953865059328043,-1.123836390228003,-1.7542672993449884,-2.245240497876843
2025-05-01,17124,-1.5653701223747991,-1.4088227485870182,-2.3896812832008423,-2.9578978338676105
2025-06-01,17124,-1.413499776408735,-2.3021886031382324,-2.8398205899286513,-2.8274908971998287
2025-07-01,17124,-2.4099652952316495,-2.557503056294479,-2.7421652422853358,-3.017141278717167
2025-08-01,17124,-2.6615363600940163,-2.487462215557454,-2.4731028831114905,-2.981419612120266
2025-09-01,17124,-1.9289788219115407,-1.9187599691312673,-2.6515460748548327,-2.98126237980524
2025-10-01,17124,0.1781762167839066,-1.6049803667071905,-1.9744098912275427,-2.166424125352921
2025-11-01,17124,0.21348219429154297,-1.3817894362584795,-1.9807626150003164,-2.1236205363659413
2025-12-01,17124,-0.294895186957979,-1.2382443675183055,-1.7942810847040216,-2.5391150083493628
1950-01-01,17150,,,,
1950-02-01,17150,,,,
1950-03-01,17150,-0.11364766169679219,,,
1950-04-01,17150,-1.2769301964088218,,,
1950-05-01,17150,-0.2853305210570469,,,
1950-06-01,17150,0.046618017077257615,-0.19381023313794085,,
1950-07-01,17150,0.26205068621405736,-0.9609103229789793,,
1950-08-01,17150,-0.33508410994026583,-0.5982257227325343,,
1950-09-01,17150,-0.015966360047438247,-0.1588682595050283,-0.29467691689977005,
1950-10-01,17150,0.02974685128006757,0.008043103521969193,-0.9757850783665866,
1950-11-01,17150,-0.40963594713316537,-0.6805682128632664,-0.7821240402835199,
1950-12-01,17150,0.1279673091880358,-0.08661159831644268,-0.13440445403462822,-0.20080872278853093
1951-01-01,17150,-0.08309256221010372,-0.21470194676798351,-0.11987839975761085,-0.7746334746183966
1951-02-01,17150,0.21185978138882403,-0.1058275257771191,-0.31138755756414194,-0.3860160581050534
1951-03-01,17150,0.029238690972475626,-0.047533380912758966,-0.13771836573136828,-0.19281281094824304
1951-04-01,17150,-0.19955416801516213,-0.2517694141771847,-0.35504845599127555,-0.299441931146672
1951-05-01,17150,0.16100141966911272,0.16415082379871,-0.08575038790739763,-0.2568542284281424
1951-06-01,17150,-0.37235560468415574,-0.26972710566251146,-0.26642081214181135,-0.31650600053964034
1951-07-01,17150,0.702266530040634,0.16091176024837084,0.027996436696808413,-0.05707282570225412
1951-08-01,17150,0.10693543690534782,0.02680767021032074,0.09152676204355029,-0.13389481327216246
1951-09-01,17150,0.15304735738519715,-0.39515547981664406,-0.3139768209511934,-0.2960133466048433
1951-10-01,17150,0.28299052519362006,0.5118868556260611,0.15080696059885107,0.020403248009879985
1951-11-01,17150,-0.5544187034570393,-0.5843560760450288,-0.4051196361362445,-0.1717814698863079
1951-12-01,17150,-0.370239323560786,-0.4715539418564799,-0.6918731330994673,-0.5237263457444407
1952-01-01,17150,-0.18172301828866336,-0.16109537468363647,0.14441191751030905,0.09717027445464478
1952-02-01,17150,1.5527559575207326,1.0709081078173532,0.9950054659671689,0.8247971442757145
1952-03-01,17150,1.3427087163261215,0.8659456009256723,0.7984102147814667,0.5309913308520998
1952-04-01,17150,0.7231575030662721,0.29249248832217434,0.2504517567822503,0.415871947812493
1952-05-01,17150,-1.4574945051285493,0.7925791110724488,0.4537564219697996,0.36951443142108426
1952-06-01,17150,-0.7240328498298029,0.9848764549969146,0.556783893903194,0.5014203897326839
1952-07-01,17150,0.4911022480982921,0.7793727397104883,0.4331281653385641,0.4085550659507565
1952-08-01,17150,0.17052067947804445,-1.2482994412435966,0.7529135471448254,0.42403804780150256
1952-09-01,17150,-0.29209061747324383,-0.8821185531396076,0.8433181847372392,0.41302076257167575
1952-10-01,17150,1.001270592788782,1.0372918990111348,1.0882832023350095,0.7543404469954096
1952-11-01,17150,1.5847119974869286,1.4172345258666357,0.5612312149372233,1.30903109367878
1952-12-01,17150,1.0005748649649415,0.7697639017572969,0.29113534289947474,1.1103944325722905
1953-01-01,17150,0.28618022144748134,0.7670779487707097,0.8590450767661776,0.9576757658758563
1953-02-01,17150,0.19861820671864264,1.091342864602301,1.0306950043164809,0.45280222497115447
1953-03-01,17150,0.696819699861161,1.0518867278337118,0.904511674492649,0.5474777434729723
1953-04-01,17150,0.2822659295873667,0.3196748596816973,0.6981627694009735,0.7453850258436264
1953-05-01,17150,-0.262212129253538,-0.052455161790947384,0.8039284556424553,0.728487998121887
1953-06-01,17150,0.9491170005796152,1.0270061147710439,1.2854024637423045,1.1184017619895186
1953-07-01,17150,1.4306862934649407,1.0038004572118455,0.8914590805365595,1.1246854612375996
1953-08-01,17150,1.3597881800642053,0.673605603552139,0.482203143900314,1.1452950741583687
1953-09-01,17150,0.27903043709725395,0.7698951818296417,1.0120222574436577,1.2453989018608447
1953-10-01,17150,0.6369493531347304,1.2556562361822936,1.0201889061984901,0.9154901850170998
1953-11-01,17150,-0.5669117811094697,0.48516258378812915,0.15060185058337125,0.1992429568341933
1953-12-01,17150,-0.9945736140842042,-0.9169630256774634,-0.13506875508705954,0.4032543561758634
1954-01-01,17150,-0.9581629945266208,-0.580474083980496,0.24317459715379736,0.3992264279154645
1954-02-01,17150,0.18266401542857744,-0.21484558421883018,0.34022435179403565,0.18612577158775426
1954-03-01,17150,0.3712250689183195,-0.3785807207467166,-0.37479605829826484,0.04041223919557414
1954-04-01,17150,0.3944848512552653,-0.5260905915723737,-0.28728575871550394,0.30105138119896424
1954-05-01,17150,0.023082776099558732,0.07202287416237098,-0.24119411982416802,0.2256839045440995
1954-06-01,17150,-0.10279262308648972,0.18274305050099351,-0.4822945355415075,-0.44431350048425083
1954-07-01,17150,-0.578891834641731,-0.029248060299966138,-0.7400340601291576,-0.4667782491047293
1954-08-01,17150,-1.2797277170987977,-0.6913454547142905,-0.3252744406068173,-0.5842160154402991
1954-09-01,17150,-0.6528079020777703,-0.5569442290539067,-0.08018294767305113,-0.6829294923257018
1954-10-01,17150,-1.6115269564919592,-1.5331911377569747,-0.6677127586988932,-1.1724568654714345
1954-11-01,17150,-0.9242473010573535,-1.5849028712003506,-1.2259444064192389,-0.7751909353331436
1954-12-01,17150,-0.14850383568239617,-0.5733758663883581,-0.6315133214201244,-0.18991601061101343
1955-01-01,17150,-0.0076654332569897,-0.6386982482701811,-0.9030874457670722,-0.4298131913699503
1955-02-01,17150,0.19596403423036618,-0.39678414198524464,-0.7982274524160915,-0.6998526208118883
1955-03-01,17150,-0.2560615921178744,-0.4393467996554752,-0.6607965419301779,-0.7157882549618145
1955-04-01,17150,0.4210505844605852,0.197929936441249,-0.3146568510783212,-0.542932605307116
1955-05-01,17150,-0.3509412123865023,-0.09556078694792984,-0.5606531770158166,-0.8861846924521289
1955-06-01,17150,-0.3830813040940751,-0.5407352786951494,-0.6515830258423039,-0.8299828568251815
1955-07-01,17150,-1.6441819444219776,-0.5065056407641104,-0.3768526801341072,-0.8383606759116919
1955-08-01,17150,-0.36895426677459614,-0.6726085500471873,-0.3044448028205708,-0.734766412210091
1955-09-01,17150,-0.6633419045032874,-0.7893222013741908,-0.814548732693752,-0.8477564363935629
1955-10-01,17150,0.05177075206334205,-1.3704829348101837,-0.5547742570178399,-0.44087966038132415
1955-11-01,17150,2.333649534665283,2.012687550064764,1.5835111475393413,1.2448257989908877
1955-12-01,17150,1.7906295471284421,1.6989323833325538,1.3037405350005853,0.9353038830632463
1956-01-01,17150,1.7019954410724432,1.3631704430812182,0.8537884979535006,0.8494341420163697
1956-02-01,17150,-0.26039085184480454,1.5027389377623135,1.3663111778431025,0.9816231252424903
1956-03-01,17150,0.524385341060348,1.6460079376441368,1.4770793545852783,1.1899488137331615
1956-04-01,17150,0.6869686880631292,1.5717767150130482,1.361826538761528,0.9300970605458868
1956-05-01,17150,-0.05736941284921227,-0.31290239655683777,1.2443493451326642,1.0874462981820057
1956-06-01,17150,-0.8151702042445563,0.04157023793255083,1.3825272075375192,1.1713813653172065
1956-07-01,17150,-0.30759285244867796,0.380338303993534,1.4292156171973904,1.2221270503486699
1956-08-01,17150,0.14641303192866467,-0.14354679541801074,-0.36820386895894003,1.213956037767042
1956-09-01,17150,-0.42303999980961393,-1.0087678072492905,-0.17169676518782262,1.2428660539820413
1956-10-01,17150,-1.2831414962008636,-1.182933441492007,-0.20181883322954777,0.9973598507923783
1956-11-01,17150,-1.163135936297642,-1.1535227478566943,-0.9743850721226829,-0.9489852564405316
1956-12-01,17150,-1.3753723129362039,-1.5042182166279283,-1.8615764766087153,-0.929740164669998
1957-01-01,17150,-1.2203924919038243,-1.6678206493163223,-1.8311790868640627,-1.131111392568761
1957-02-01,17150,-1.6598241670540759,-1.9910484277606058,-1.9192163482492464,-2.0671735947943817
1957-03-01,17150,-1.5538724211402175,-1.9889988037517057,-2.0968508688053404,-2.2673783739797924
1957-04-01,17150,-2.0097637926819996,-2.052788080211004,-2.400380072645894,-2.410683076923659
1957-05-01,17150,-1.3386337300900075,-2.0481033428798985,-2.345904676881998,-2.225857528065266
1957-06-01,17150,-0.2673304052818906,-1.605577740978248,-2.0845803897683517,-2.254324742263979
1957-07-01,17150,0.1382774983297791,-1.5846083871611607,-1.944945325997091,-2.4708851150239304
1957-08-01,17150,0.1654679977411393,-1.162868311631237,-1.9664820149645545,-2.3696217989489283
1957-09-01,17150,-0.27245535733478143,-0.5308213165304092,-1.7375764049713605,-2.1252186659592125
1957-10-01,17150,-0.965644527738605,-0.670505575303682,-2.0139297333249253,-2.2565234856130534
1957-11-01,17150,-0.6588510604388448,-0.6485762472230412,-1.3700020279042149,-2.463419466622031
1957-12-01,17150,-0.8223688897883623,-1.0274873139283143,-1.122815673249433,-2.326050082175249
1958-01-01,17150,-0.19021507204927193,-0.6693428011806887,-0.6133316029439762,-2.1989180262973766
1958-02-01,17150,-1.053632557908258,-1.2477691270283384,-1.2395311876266009,-1.8673923758846147
1958-03-01,17150,0.20871672063866448,-0.43724550818123487,-0.5783088319775629,-0.702183789647935
1958-04-01,17150,0.3313868786680455,0.005040948651087111,-0.39770614923341285,-0.38404614837956685
1958-05-01,17150,0.9631081201381552,-0.21633757833962947,-0.5447580598942554,-0.5696374512371234
1958-06-01,17150,-0.26218511921371146,-0.047413780300095486,-0.6030210066304245,-0.7035420994634183
1958-07-01,17150,-1.0041285596862353,-0.2933523670267227,-0.3665649084197989,-0.7189742568769426
1958-08-01,17150,-0.4033681027863514,0.6083249640489127,-0.43467309574366236,-0.7267419374281741
1958-09-01,17150,0.3315590192209906,-0.21095609902046447,-0.03269774348541621,-0.5661943126424172
1958-10-01,17150,0.9206694230107562,0.2008831250308738,0.28636526892433506,0.06016978875986921
1958-11-01,17150,0.25898949015417244,-0.05286464259013626,0.5878848746502198,-0.2495746724803989
1958-12-01,17150,0.3575421200963629,0.27973054315812707,0.024057255688473434,0.1526353717354575
1959-01-01,17150,0.5461557048353168,0.8795059104866552,0.49295112860211426,0.5876369650434099
1959-02-01,17150,0.3744216130368206,0.38340377171123136,0.1640151455611149,0.5605620893190403
1959-03-01,17150,-0.009916236109185367,0.07822722387636709,0.0788016103659054,-0.10746870280885985
1959-04-01,17150,-1.6333386984463731,-0.5217390003581229,-0.06260136404244701,-0.4283471774108555
1959-05-01,17150,-0.997183339279435,-0.2207887770128844,-0.1023695863059285,-0.2873796638252398
1959-06-01,17150,-0.0931655563308421,-0.17195297510430646,-0.03791695500226881,-0.008705314343889431
1959-07-01,17150,1.0948607605176928,-0.5931913424784443,-0.011285697740265005,0.3811712156769719
1959-08-01,17150,1.2608708552296046,0.1138587802505495,0.26660131502248063,0.32004402621844846
1959-09-01,17150,0.7223824820069685,0.16392967355941995,0.013192745005559501,0.1005669552206115
1959-10-01,17150,-0.03611936388536546,0.6113470868838773,-0.6802334361719957,-0.13882526873780085
1959-11-01,17150,-0.5087142465016907,0.413339326273876,-0.3025424467799323,0.017944766801906032
1959-12-01,17150,0.379395292914345,0.4868206485899029,0.28306454536734965,0.20076767202570311
1960-01-01,17150,0.6201498493756467,0.36993586444346865,0.786809696761703,0.052795865158344814
1960-02-01,17150,1.1134028894415609,0.6528453340182989,1.010111935882532,0.5422329441082546
1960-03-01,17150,0.5974859365508471,0.557778407435504,0.6544133074123728,0.47401712573366184
1960-04-01,17150,0.033312774979456845,0.4227574693557482,0.2469232156927345,0.5724886537138366
1960-05-01,17150,0.45921866837858283,0.9947124157629009,0.673745690184713,0.9418404376854349
1960-06-01,17150,1.3885487632975893,1.2536728289217443,1.1352482597633695,1.1503871316722127
1960-07-01,17150,1.7420038618301104,1.097542672530981,1.1492938538339708,0.9503805268622905
1960-08-01,17150,1.1720057425609218,0.9529594143505212,1.2775705900592738,0.9524753023179682
1960-09-01,17150,0.14603859826429183,1.167317003318002,1.2110919428247424,1.0729824538192159
1960-10-01,17150,-0.17880778687052948,1.1109346863790037,0.7745243036031167,0.8893815676475302
1960-11-01,17150,-0.5877586706789791,0.25513411814294557,0.408616166524821,0.9489042118149654
1960-12-01,17150,0.3409885734725886,0.18696226919090064,0.9681242471534321,1.0497698391805201
1961-01-01,17150,0.16818629602743837,-0.08870940912357614,0.844817642863684,0.712973912454616
1961-02-01,17150,0.44406107846252635,-0.0011257359811667276,0.39407918855895663,0.4914966041368238
1961-03-01,17150,-0.8995077150314965,-0.5703357478737491,-0.5985605647021378,0.18092826222242503
1961-04-01,17150,-0.8300607005575764,-0.4132026610396979,-0.5825028018944592,0.2641117170571487
1961-05-01,17150,-1.3268931012006082,-0.2880306806207801,-0.5745834105639741,-0.1803042327523499
1961-06-01,17150,0.3484369218866356,-0.6972126018940856,-0.45628969335278485,-0.45725108833146805
1961-07-01,17150,0.2421871391359102,-0.6274252654475045,-0.32549584640965307,-0.46766463407387093
1961-08-01,17150,0.6564953384383116,-0.7647268282942185,-0.1421869189564675,-0.42818583872439037
1961-09-01,17150,-0.32565547741274464,-0.032023487594335834,-0.8810786384444431,-0.5931453658835728
1961-10-01,17150,-0.35801043919743464,-0.2665652788917593,-0.8664889735391093,-0.5311293725973399
1961-11-01,17150,-1.021499844422949,-0.6323096096465256,-1.3512256726542513,-0.638123695293836
1961-12-01,17150,-1.187741318279688,-1.3305000522488073,-0.9802074688658706,-1.5610423974284102
1962-01-01,17150,-1.1163917329087363,-1.3099222546002574,-1.1980042857976354,-1.9348066953326626
1962-02-01,17150,-0.23118772304006321,-0.8086601772001346,-0.6334775375716626,-1.142022427788195
1962-03-01,17150,0.5847524725195776,-0.26855700314497527,-0.4264199608856474,-0.3214835193145155
1962-04-01,17150,0.9157806760543312,-0.22188452565252997,-0.4622574920217009,-0.4061229897871242
1962-05-01,17150,0.3391138001728771,-0.06964364550947084,-0.5825525697458496,-0.43831095671566406
1962-06-01,17150,-0.7420683573560203,0.13324018399578547,-0.6131269406834318,-0.7252548959084897
1962-07-01,17150,-0.8356551908449793,0.3930868356805579,-0.5340304337972355,-0.7301372636841198
1962-08-01,17150,-0.20134045089662997,0.0424753469586297,-0.23375108150146465,-0.7158228654770623
1962-09-01,17150,-0.5106942217038702,-0.9958996803577627,-0.09895639087299528,-0.7818551118159859
1962-10-01,17150,0.3619639356756038,-0.44878508023558455,0.38713024268642016,-0.44665159195496956
1962-11-01,17150,0.5750694303346897,0.339981481217474,0.3910244603183619,0.10122106414701078
1962-12-01,17150,2.0590562946788675,2.0668373042186103,1.5993656779763132,1.4964571241725309
1963-01-01,17150,2.7703432032413495,2.3700661820952327,2.081294992671962,1.6887629073992207
1963-02-01,17150,2.4558844522839736,2.251053104796135,2.2025210963578417,1.7213456715305728
1963-03-01,17150,1.0918426770332201,2.163350806317642,2.0332987553497097,1.694256850534381
1963-04-01,17150,-0.0005146565963616728,2.2220231125912053,2.0389620283763383,1.809407746539739
1963-05-01,17150,-0.262212129253538,1.9733051102966201,1.9194130817402302,1.8162426842270214
1963-06-01,17150,0.18220507120273022,1.0076711620430503,2.087424029818495,1.8705296696328935
1963-07-01,17150,0.0679508215670949,-0.05793821465125248,2.1436592488095525,1.904548491627382
1963-08-01,17150,0.450115569541923,-0.12336628470713976,2.0419477193212088,1.9301209834829285
1963-09-01,17150,-0.45221079770991895,-0.2318260417461674,0.83760445330988,1.9772648726228579
1963-10-01,17150,0.4651410493114587,0.24580939408764207,0.08503849793017212,1.9238363728065198
1963-11-01,17150,-0.33599971598848366,-0.16018273932812463,-0.3723114286871515,1.7037962845900478
1963-12-01,17150,1.1530103267294627,0.917699083920908,0.7702009550443254,1.1925632562051987
1964-01-01,17150,0.06707124550352885,0.16496313180608865,0.1517968468926905,0.1996064809079385
1964-02-01,17150,0.6063575311586883,0.2684198771681445,0.2952481745306864,0.14893879918640612
1964-03-01,17150,0.16664087874323635,0.8389314534707569,0.6597838201369768,0.5652236023786114
1964-04-01,17150,0.42398473800895725,0.2533445265004309,0.3020126934763784,0.24683397645535218
1964-05-01,17150,0.5265890862594885,0.645861283255448,0.3949197815307073,0.4008578548714497
1964-06-01,17150,-1.4085231279513726,-0.5509340446313034,0.3555644744978967,0.19377170287058904
1964-07-01,17150,-0.49508248925044906,0.038871538051324206,0.04753599427705989,0.1497408312192067
1964-08-01,17150,-0.6122898740453804,0.06541986291895724,0.42220428285184974,0.199999255630125
1964-09-01,17150,1.278746259945888,-0.07856737586024402,0.010908745374112514,0.6955066958126429
1964-10-01,17150,0.5578749607719978,-0.002898132642220859,0.22719835237886796,0.17038047108241658
1964-11-01,17150,0.17865068253400604,-0.21740341371676145,0.12840435662797725,0.4553534602359144
1964-12-01,17150,0.5079516382656897,0.9371413868386954,0.23718598555865203,0.28096913621038216
1965-01-01,17150,0.3389187298698295,0.4486029707505931,0.21445875038477763,0.4460205866584433
1965-02-01,17150,1.688069525529784,1.4466450105578526,1.269438905488174,1.118408794516979
1965-03-01,17150,0.8601522199304019,0.846467105167157,1.1227071390362462,0.6291785167651888
1965-04-01,17150,2.093698621594318,1.784341946293877,1.6901661603373983,1.4919498825540702
1965-05-01,17150,1.3045228752876716,1.7675728670517519,1.6362189687765525,1.4762876829356903
1965-06-01,17150,1.4088931095901913,1.4463485034823051,1.3595482487581925,1.4861718591794042
1965-07-01,17150,-0.49508248925044906,1.8421274027058807,1.6107719683743214,1.5038729514551639
1965-08-01,17150,-0.5099673146507433,0.9622362816147974,1.6962592777446175,1.5338598797846967
1965-09-01,17150,-0.5752890900605072,1.0137925761943536,1.2935520372567084,1.2010088044148144
1965-10-01,17150,-0.4675797369698224,-0.9147231613352348,1.414970585897804,1.2756718673069152
1965-11-01,17150,-0.07233408801484481,-0.42692582727163014,0.6955237818666279,1.4542722869297775
1965-12-01,17150,0.379395292914345,-0.015579365844638218,0.8732010448176476,1.123739764143186
1966-01-01,17150,1.049823894785433,0.6140106552758013,0.38004157581689085,1.3802047722005995
1966-02-01,17150,-0.0646509171966568,-0.14341830759856206,-0.3918058686313566,0.4069483215172449
1966-03-01,17150,0.8281430601410275,0.7450100309906934,0.5429510009607377,1.0231758400239965
1966-04-01,17150,1.1701512584829752,1.393566869162243,1.0811907293106315,0.8632561749908252
1966-05-01,17150,1.9229659463429636,1.2770793181472784,1.094884163175193,0.9110642557878051
1966-06-01,17150,1.4033796914838663,1.4206470593421494,1.2819610083671096,1.0819336251997551
1966-07-01,17150,0.3497562599691463,1.1162428930687256,1.4030234735405314,1.1013774177218139
1966-08-01,17150,0.39867748582555257,1.8566365623913037,1.3090382278153747,1.112447864126599
1966-09-01,17150,0.7640731251550898,1.3822550595670968,1.5206713413998647,1.3407322847232184
1966-10-01,17150,0.22559329905639505,0.22103611079423938,0.927482155285003,1.216766070999102
1966-11-01,17150,-0.8650992934611237,-0.6886398352404733,1.2845477918379977,0.8990469154392937
1966-12-01,17150,-0.41889914646449333,-0.17405922886821198,0.7797365563519556,1.0487153452495657
1967-01-01,17150,1.0009103204953007,0.8125618546618126,0.8497156647590137,1.1193678631559676
1967-02-01,17150,0.8981660941692887,0.2825100541807757,0.290491024900623,1.2056040078979298
1967-03-01,17150,0.40122841120334374,-0.0634779084116447,0.09549136601618695,0.7052994172035788
1967-04-01,17150,-0.5947531007136627,0.4095560902658584,0.3323949040374639,0.36552256187544113
1967-05-01,17150,-0.262212129253538,0.5318291733284619,0.06813577082696974,0.07656059660330297
1967-06-01,17150,0.6142127230743808,0.5832221528122277,0.15379909566851277,0.30227435279457726
1967-07-01,17150,0.014907873465931762,-0.5776621116998913,0.3697394038073082,0.32973035723547894
1967-08-01,17150,0.5782060843473997,-0.03201413267026686,0.6129089666104292,0.16499389466306286
1967-09-01,17150,0.8583412277453678,0.7642794827322649,0.7759639565351565,0.32950984329715405
1967-10-01,17150,1.0744312423691051,0.9096208151409297,0.25475533418282703,0.7594148156369169
1967-11-01,17150,0.13409911864476468,0.33698898428281754,0.026203026156370587,0.597811772841363
1967-12-01,17150,-0.2252287409259863,0.04697752279039959,0.3099803867492229,0.48621646990545003
1968-01-01,17150,1.5155264942412405,1.6698195380333523,1.5395041262280647,1.0458750678931967
1968-02-01,17150,1.8445048352135265,1.576101136305529,1.6156568848248145,1.1924589335381666
1968-03-01,17150,1.6378619528950975,1.2339332349254892,1.317688016132295,1.2792708851968433
1968-04-01,17150,-0.719372876140864,0.8251322708458836,1.141346252355987,1.037363981612486
1968-05-01,17150,-0.4082019530957417,1.3552096567134597,1.2307670452429773,1.2329901009917354
1968-06-01,17150,-0.3245933032875823,1.4219413226294728,1.04660915628068,1.107079784620998
1968-07-01,17150,0.5091872528678127,-0.367946258655137,0.9245957274737255,1.1915580873828944
1968-08-01,17150,1.250610451379318,0.46758450918331795,1.6314247044343002,1.4640818785879106
1968-09-01,17150,1.8106455035725018,1.0909431374881797,1.9381433688632324,1.5380473125727245
1968-10-01,17150,1.1909573274433796,1.260348108067052,0.5398014814258495,1.2425525481251811
1968-11-01,17150,-0.08015439923152357,0.7081500574536922,0.2688444798322955,1.3968859877651856
1968-12-01,17150,-1.4625133614136923,0.24265251744588295,-0.03770956234529003,1.1943163088431397
1969-01-01,17150,-0.28964025122420234,0.5740464405535041,0.6981308220544891,0.3341612451681061
1969-02-01,17150,0.2197812124655121,0.07802965369059596,0.5134657177969297,0.2813890321621773
1969-03-01,17150,0.4958255140110736,-0.47512875056345993,0.42572572183163643,0.1924275165537888
1969-04-01,17150,-0.020971433257130224,-0.2989060892006111,0.3887867203350488,0.4704689847819902
1969-05-01,17150,-0.749983407549514,-0.25205889656304975,-0.29850959610291816,0.10875095136265377
1969-06-01,17150,0.22823098157932706,0.45912535176885116,-0.4263617350377519,0.43101654472246703
1969-07-01,17150,1.1835584384587499,0.6249020406872249,0.23885727673546905,0.7876040134366343
1969-08-01,17150,1.654352250637448,0.7745022725374785,0.5649125059916088,0.43390425186410136
1969-09-01,17150,0.89162903491693,0.5058789950951343,0.6774558462957355,-0.19069919400190927
1969-10-01,17150,-2.6302915885613674,-0.0341361327049142,-0.12164101761921386,-0.31719372639789495
1969-11-01,17150,-2.7268718100514637,-0.8783984070130832,-1.2166890787295295,-0.7369720522409368
1969-12-01,17150,-0.7554634444009434,-0.3459652801065127,-0.24208133068740378,0.17940371179835915
1970-01-01,17150,-0.43244014645631534,-1.1335080728026563,-0.4377656462695065,-0.3004135319748431
1970-02-01,17150,1.4086899462620404,-0.04775263872820316,0.7248228673490629,0.3588351852698683
1970-03-01,17150,0.7566566053683651,0.09757453396672126,0.2967720014506835,0.2598507903864108
1970-04-01,17150,1.0964498700266965,0.43215713572962644,-0.16476881589434988,0.26819270642732657
1970-05-01,17150,0.12924403243288662,1.1117742687813812,-0.05177875003082878,0.5882564801834483
1970-06-01,17150,-0.012898849888716162,0.5988171793656237,0.012635550077848242,0.22523003680724307
1970-07-01,17150,-0.2275634799848464,0.8242625662318638,0.31129091578906476,-0.22764362671011734
1970-08-01,17150,-0.4828362911062597,-0.2835533838573256,0.9625108641183862,-0.24131834757769757
1970-09-01,17150,0.03724538092679249,-0.181098625683079,0.517198421056739,-0.05617144333228576
1970-10-01,17150,0.23813347995211387,-0.16452350083921893,0.6840438354321722,0.25288945589803896
1970-11-01,17150,-0.05283481224502187,-0.3959223059697946,-0.291257337741093,0.8284969585286136
1970-12-01,17150,-0.23231028734257209,-0.4012989335874545,-0.4327548093606236,0.26780309597810714
1971-01-01,17150,-0.5211518499129515,-0.48309022097969156,-0.5983398962320541,0.3277256041091105
1971-02-01,17150,-0.35469818249981966,-0.35776033843845684,-0.5937471452233768,-0.45195258195066446
1971-03-01,17150,0.32203480677536317,-0.02965330893380493,-0.10679432775242954,-0.18765407477100687
1971-04-01,17150,0.1555144648424795,-0.35917245241986384,-0.3629508782636587,-0.47665745493600703
1971-05-01,17150,-0.07029487549569943,-0.39277083037154903,-0.40497822391608423,-0.5956041074764742
1971-06-01,17150,-1.2459145074149136,-0.331618195661144,-0.5324656130408831,-0.5599030073703639
1971-07-01,17150,-0.38887634815910904,-0.15969876895701962,-0.5132784088437656,-0.4795779467498596
1971-08-01,17150,-0.045995545695927585,-0.2605106396968283,-0.5083184474771278,-0.49652026424533496
1971-09-01,17150,0.16002646681599633,-0.9847689152501304,-0.37216183426112565,-0.5488917138144669
1971-10-01,17150,-0.2259652152592435,-0.6658571389070138,-0.3842292063065275,-0.6656869072995184
1971-11-01,17150,0.03205586033196891,-0.11060733790157323,-0.21293085724391028,-0.4438139612037282
1971-12-01,17150,0.4539525376587177,0.3064794596618057,-0.36339890924257545,-0.04062065194291627
1972-01-01,17150,-0.10837027956261608,-0.35290650585768313,-0.5391402302412267,-0.27532057386003705
1972-02-01,17150,-0.874289012153602,-0.7046987944129643,-0.8037585823320976,-0.7532672798379255
1972-03-01,17150,-1.7156954820236086,-1.0410846595777636,-1.0456532709889277,-1.4242516592781027
1972-04-01,17150,-1.0229081979915136,-0.7353739562857049,-0.8982580639361746,-1.0313566098029352
1972-05-01,17150,0.24235582471262296,-0.6121799883796898,-0.5467434594527989,-0.629196705444049
1972-06-01,17150,0.9881975677229178,-0.8526801687027398,-0.4923122160990897,-0.4880888050412147
1972-07-01,17150,0.8071024857038944,-0.3840040493140933,-0.36862183453997255,-0.5254404052459194
1972-08-01,17150,1.290693017753958,0.9105873933135245,-0.055332048390751586,-0.060535529772763524
1972-09-01,17150,1.6448989160061103,1.5494800646128144,0.09241019786486626,0.22312112103209272
1972-10-01,17150,1.541497042291376,1.785225660508507,1.0145383093087457,0.7220963574089069
1972-11-01,17150,0.7694257680248728,1.301750222459006,1.104885326101261,0.3515424115128614
1972-12-01,17150,-1.1239109786317056,0.18973060934718308,0.6631576888015421,-0.5434038605772363
1973-01-01,17150,-2.2957217642555734,-0.5209053329393617,-0.11987839975761126,-0.6099027949870195
1973-02-01,17150,-1.1217679625961767,-0.3898847371217796,0.1358411371030696,0.21172471249933716
1973-03-01,17150,-0.04683678938837672,-0.7965687558281858,-0.009353818510034305,0.35798950077267966
1973-04-01,17150,1.2616576964103248,-0.8682577705582125,0.42081868314268245,0.6048530053580583
1973-05-01,17150,0.4385404266648319,-0.6739550937423389,-0.1806987106516597,0.23415461891631253
1973-06-01,17150,0.8505470748031687,0.37180757604840037,-0.36677689716896117,0.3357016886635127
1973-07-01,17150,-0.3018338524149761,0.9694477697907832,-0.9686899203524012,0.3216047402077032
1973-08-01,17150,1.0353514434953672,0.8351419762754131,-0.2935050322822346,0.12442537889015451
1973-09-01,17150,0.6986150565373591,0.8658389780417369,0.5132409836690563,-0.21572383804240572
1973-10-01,17150,0.9459633122901229,0.5946655567591173,1.177546316100766,-0.44371486538004457
1973-11-01,17150,1.298488490409876,1.508686572044449,1.3655552345828812,0.4909362806780276
1973-12-01,17150,1.3495626125795068,1.4389879222563975,1.4497711408452583,1.1475681400637217
1974-01-01,17150,0.6250275837723661,0.9566608742886151,0.7800778692199863,1.1232829931308865
1974-02-01,17150,-0.13008287314808664,0.6897123603732637,0.928885962419034,0.8597908492508181
1974-03-01,17150,-0.5942659239909188,0.6012823698754373,0.6869619441530018,0.8405773672156217
1974-04-01,17150,0.0028831597726185964,0.4095560902658584,0.7277155432940684,0.5531837750532144
1974-05-01,17150,0.8630211622980438,0.33885606561579024,0.8839625028194783,1.0361876152520118
1974-06-01,17150,0.7658616077598648,-0.13571661060997534,0.818791314012171,0.8675017798592025
1974-07-01,17150,0.7674091108994691,0.3572541666324157,0.6495215592581766,0.9118839538012617
1974-08-01,17150,-0.4033681027863514,0.49933096275938554,0.13604603664164727,0.7524757720406954
1974-09-01,17150,0.1944825198468393,0.5639541145007061,-0.1681498839047948,0.7687091392296378
1974-10-01,17150,-1.0516027099100027,-0.13760302736082264,-0.1728101211404587,0.2447295244309588
1974-11-01,17150,-0.571078687107988,-0.8722190120484536,-0.012041020630010037,-0.13645053530801207
1974-12-01,17150,-0.3223303900873329,-0.41083482638654556,0.08060718603162689,-0.3657524970646192
1975-01-01,17150,0.6686129720285794,0.10435754376842446,0.4077301658429077,0.3924373995043603
1975-02-01,17150,0.24343901145516045,-0.16564778597592666,-0.38744470489985783,0.12228939532799947
1975-03-01,17150,0.23807085016459342,-0.14996889591568707,-0.18049705681101508,0.09457783682996061
1975-04-01,17150,-0.26814033371117346,0.2963869393479629,-0.1311562369729462,0.10399752630749987
1975-05-01,17150,0.8846340757819099,0.5998817412118118,0.2567318439056021,0.06649402864617839
1975-06-01,17150,0.9622690204288425,0.6772523217373373,0.28667676970466405,0.25872381135008493
1975-07-01,17150,0.8071024857038955,0.17997311507205052,0.5669568960451027,0.19178466545316283
1975-08-01,17150,-0.21275914490415218,0.5886654306992847,0.4571787785904848,0.13482762761595912
1975-09-01,17150,-0.8328785664847762,0.4313450837473899,0.4104532101679045,0.04770692137794782
1975-10-01,17150,-0.8462136530525496,-0.021230860030661988,-0.2901216020652482,0.19865910454217253
1975-11-01,17150,-0.3278577048457164,-0.5406806814753825,0.21894482241576177,0.2751240452027149
1975-12-01,17150,-0.8861153490041104,-1.2688595203673156,-0.38994841390716567,-0.1263537893288932
1976-01-01,17150,-1.0083998887573016,-1.3705787054181824,-0.9348148263063856,-0.9978192765433755
1976-02-01,17150,-1.6073782266683447,-1.4820590009812655,-1.5674922217692557,-0.9168081352626551
1976-03-01,17150,-1.5223188103357883,-1.7419816456224517,-1.9398788595931884,-1.3297387258828122
1976-04-01,17150,1.0433127846732222,-0.019811450583813287,-0.39660904874808023,-0.11540220284850945
1976-05-01,17150,1.4788004346247914,-0.0739520181363055,-0.2621441877866862,-0.39984686907278544
1976-06-01,17150,1.8301017641795705,0.42617000328702126,-0.2099512502818194,-0.4265517672460225
1976-07-01,17150,0.11500076226493622,0.9043061195766471,-0.003408061404868478,-0.33422260100827517
1976-08-01,17150,1.3972471311783385,1.8158666981394267,0.49174112799972747,0.2672538364852869
1976-09-01,17150,1.3212387155335141,1.9780536645714621,0.8765194923460226,0.23161104961856266
1976-10-01,17150,1.4396756294173056,1.440058815892355,1.531159412877574,0.836774640655799
1976-11-01,17150,-0.17089983269829093,0.7971562668418367,1.4779585920448561,0.37107282666211616
1976-12-01,17150,0.0017775824988557458,0.5820589267602323,1.5337800636280663,0.66219566619042
1977-01-01,17150,-1.5609700966223723,-0.024326208473886977,-0.006684703733521859,0.6304192874903594
1977-02-01,17150,-1.5024089327394043,-1.309402159012608,-0.6069852126261027,0.3998441063496567
1977-03-01,17150,-1.5317791660063278,-1.2486867657098963,-0.7027272881071803,0.5380290176608034
1977-04-01,17150,-1.3516170298046855,-2.0007890466382294,-0.7866433529039316,-0.754716177312918
1977-05-01,17150,-1.3327601854699,-1.914594158497124,-1.7332127596287887,-1.0730974218519813
1977-06-01,17150,-1.7658512808515536,-2.198321469097069,-1.8483720907404997,-1.30048167356484
1977-07-01,17150,-1.761919352833109,-2.0945347268749197,-2.496880386571359,-1.3730650420663408
1977-08-01,17150,-1.2366184077752225,-1.880071900616035,-2.2037188216059485,-2.085721760106054
1977-09-01,17150,2.0175831354635605,0.9127599987057486,-0.5786518008668315,-0.5777395824817061
1977-10-01,17150,1.4521875424739596,0.8516424144318298,-0.25149695822675894,-1.3060198815723432
1977-11-01,17150,1.965791173381388,1.5188399523800875,0.7282508775043035,-0.4101012870859715
1977-12-01,17150,0.4117125666350359,1.5303552356761783,0.8187116590633802,-0.2347253133254301
1978-01-01,17150,1.6797741635593535,2.055842032849272,1.6198157679272618,0.9460092979930428
1978-02-01,17150,1.8129565811182107,2.2194826514924455,2.080967926080245,1.4080949015962516
1978-03-01,17150,2.6959266875621926,2.5405254404300006,2.794400619792665,2.3985353637149425
1978-04-01,17150,2.671950070702508,2.8075062354261244,2.8415789958572115,2.5864571009826327
1978-05-01,17150,2.5634733114350428,2.566214238687218,2.744476849046763,2.6396964303024606
1978-06-01,17150,0.48831313340125704,2.708196441268286,2.501672021847126,2.590625341868211
1978-07-01,17150,-0.2474485706596024,2.5449930898820172,2.6860731466152865,2.5986956382571655
1978-08-01,17150,0.6950955454938299,2.5792265432615924,2.695584737743778,2.7621842207190856
1978-09-01,17150,2.14247978758045,1.7853825211857204,3.0750652732255017,2.8099684058202397
1978-10-01,17150,1.728921911714808,1.7785037328967972,2.6496733799105368,2.749587424491054
1978-11-01,17150,1.73097351259532,1.7032742317311236,2.7276741076041007,2.5539190335949318
1978-12-01,17150,-0.7596121070689142,1.1403447909439266,1.0761092429140684,2.323699054627472
1979-01-01,17150,-0.6383611633299331,1.2265785680906776,1.0578041568443097,1.8774208534987837
1979-02-01,17150,-0.8064758302765911,0.6616724384792168,0.7618106412789845,1.8388063558963132
1979-03-01,17150,-0.29515486696143667,-0.8115687615775374,0.567220458783832,0.5929704881962086
1979-04-01,17150,-0.786404802080863,-1.0113977692031415,0.6576401175678243,0.4982658535135419
1979-05-01,17150,-0.5554149339569174,-0.9954887195292219,0.30847014407475437,0.39636068375616357
1979-06-01,17150,0.2364848948527844,-0.247588950723317,-0.7409164758727953,0.561619892719113
1979-07-01,17150,-0.060673106664581186,-0.7746216747841974,-1.0162941424141618,0.6137004258390168
1979-08-01,17150,0.06652451768920471,-0.6105588705845119,-1.0466624435120355,0.2522435489455581
1979-09-01,17150,-0.1687733883942228,-0.06776624277381961,-0.39408547975216174,-0.8312494185851335
1979-10-01,17150,-0.12765415660184984,-0.3472302672371785,-0.8922460158164435,-1.1062722284871946
1979-11-01,17150,0.27700088434822434,0.17587980039050993,-0.2743736454190367,-0.819331583434741
1979-12-01,17150,0.33821592515566506,0.06855389138192922,0.09921883647573346,-0.13992777680664978
1980-01-01,17150,1.1204614522805674,0.7830191090057002,0.6871034802540231,0.2988539107638553
1980-02-01,17150,0.3313491225322943,0.35994572171819583,0.2611996450074688,0.018918264382365543
1980-03-01,17150,2.1445843597530554,1.9461525334307945,1.8389933756588779,1.6563017451449276
1980-04-01,17150,2.1782789648969465,2.172635850126833,1.9084788825145247,1.7809473347162976
1980-05-01,17150,2.497143006278581,2.0103556160791594,1.892215744266612,1.815164899750791
1980-06-01,17150,1.4125542852161859,2.413587961860168,2.196648288154014,1.99904405759031
1980-07-01,17150,1.7195057654801456,2.4751934870977492,2.439164232391226,2.0922717652267453
1980-08-01,17150,1.4692680460387675,2.6776127334623885,2.2962564509930843,2.09924730737456
1980-09-01,17150,0.43413878470615347,1.2777841275334818,2.433936693129713,2.170913209985926
1980-10-01,17150,-1.2770436376440026,0.7877815932482197,1.954536152445759,2.0094815808474475
1980-11-01,17150,0.16014906452307023,1.0775248724197943,2.4616011216998057,2.0004954821122705
1980-12-01,17150,0.7040421286203344,0.6689962404612882,1.2537887884556524,2.0254734493223427
1981-01-01,17150,1.5582207090288116,0.9497552895998045,1.5110467564803578,1.781287417646858
1981-02-01,17150,0.7393470699268955,0.6226023471029201,1.1087576604327385,1.8997026069466487
1981-03-01,17150,0.25263980289184657,0.522139320695622,0.5331845159031635,1.018632897949359
1981-04-01,17150,-1.7960343591019257,0.4076662070280782,-0.058817090016009606,0.6584184308694049
1981-05-01,17150,-0.2853305210570454,0.3860982359753321,0.36422131618103937,0.7925557871917762
1981-06-01,17150,-0.6120136483711053,-0.15742919992233959,0.22702743995386424,0.26521624369570745
1981-07-01,17150,0.5436784305097007,-1.160767579935479,0.5584030983503998,0.14897050099948525
1981-08-01,17150,0.33645029477980054,-0.21860231693660753,0.3868198328040829,0.3783420112328041
1981-09-01,17150,0.8771795148952468,-0.05342085945737901,0.10584582118368589,0.4037799842985242
1981-10-01,17150,0.4464932298281872,0.5321986663003896,-0.8664889735391108,0.5534081082344224
1981-11-01,17150,0.25175899457483636,0.2939571606442434,-0.022658126871175622,0.45691292021196406
1981-12-01,17150,1.9476844361421204,2.1387952535179897,1.6934521617312153,1.4584853355424938
1982-01-01,17150,2.0212026546627917,1.760600449231874,1.733208443493974,0.9524376355739778
1982-02-01,17150,1.5281173186827133,1.3288137351238747,1.311629897119794,0.9529965797799229
1982-03-01,17150,-1.3465914781627604,1.0559931950806196,1.1604231267357452,0.8281579869339774
1982-04-01,17150,-0.5831816237108708,1.3626712114282986,1.2781503838242334,1.2902694021658552
1982-05-01,17150,0.5691221073692048,1.3609802472831922,1.270670722456254,1.2240181738753697
1982-06-01,17150,0.7897188927413049,-0.7359594681311276,1.2224777257362178,1.2625720585025137
1982-07-01,17150,0.7633969521703958,-0.08680287671159159,1.485170005019335,1.3679703333653557
1982-08-01,17150,0.13989717838791327,0.4184459283913373,1.3436531305773305,1.239402352972829
1982-09-01,17150,0.07428680419683907,0.5386577314571479,-0.7957401861931158,1.1481513979420763
1982-10-01,17150,-0.33188069848744856,0.17715288319409783,-0.3631483668508375,1.176760207954547
1982-11-01,17150,-1.8366296992761826,-1.8494936694768453,-0.9576318787557222,0.6288667455829291
1982-12-01,17150,-0.7596121070689131,-0.8323435332557367,-0.2151880531560036,-1.2162565199283557
1983-01-01,17150,-1.1712855685988819,-1.3503763019195651,-0.9424375493019771,-1.2796323269481884
1983-02-01,17150,-0.31918604540240014,-1.3401933579813543,-1.3329091036749303,-0.9122397061346935
1983-03-01,17150,-1.2748835152019766,-1.5122698950994857,-1.5213753571963697,-1.05923980629323
1983-04-01,17150,-1.260389116930254,-1.6599025541853758,-1.8041549929449423,-1.4446073193043465
1983-05-01,17150,-1.6038361581936558,-1.0616525018055154,-1.8540730364120548,-1.7852178189283168
1983-06-01,17150,-0.5946724181485867,-1.5297502709639779,-1.7500964605831508,-1.7713739549296164
1983-07-01,17150,0.5789261047825068,-0.7337753341764081,-1.3784108674341815,-1.5860645950139223
1983-08-01,17150,0.9291988152384091,-0.6809292302505677,-0.7181675365944051,-1.555761415322996
1983-09-01,17150,0.7955657952371445,-0.11118623639329657,-1.2431027603277356,-1.4886249881066351
1983-10-01,17150,-0.16727049997620733,0.11853831013972413,-0.8750655573073914,-1.4705045983786977
1983-11-01,17150,0.355135861355276,0.7527608957425836,-0.26034474362871035,-0.4544022082136573
1983-12-01,17150,0.29047516339184,0.4466668278242486,0.031184443120749118,-0.9142190125522028
1984-01-01,17150,-0.03831751471490282,-0.26625096854570496,-0.013391334206501876,-0.6382325915531152
1984-02-01,17150,-0.4411829861077463,-0.17456325931785738,0.09529215313637567,-0.4884887326211037
1984-03-01,17150,0.0057961499393087475,0.043190561830289576,0.20690045910478935,-0.09225488023593009
1984-04-01,17150,0.927336660194317,0.5466093266301238,0.32203964603437235,0.43454797487202906
1984-05-01,17150,0.613848159042486,-0.04816935167685932,0.08939403846532373,0.2867623235255468
1984-06-01,17150,0.3131757009409628,0.06237894382704863,0.10117512481836036,0.2668371551369294
1984-07-01,17150,-0.7369890433736347,0.4460351559077118,0.26686915691757507,0.1003362463276946
1984-08-01,17150,0.4530720437948322,0.6139077403621709,0.0010685930224472134,0.14347301890985137
1984-09-01,17150,0.31901399390897817,0.22627587881821493,0.06992220410209013,0.10231826726845034
1984-10-01,17150,-0.8011231718785615,-1.308133996514797,-0.022643690520680805,-0.08157281271448018
1984-11-01,17150,-0.8904414284542244,-0.6725046157941049,-0.1086120293137622,-0.42481860911771213
1984-12-01,17150,-1.688683437608301,-1.3922877043139303,-1.0600301378489958,-0.8314855748286403
1985-01-01,17150,-0.5068435156905663,-0.9077369440353322,-1.2391109232493585,-0.2688287262921487
1985-02-01,17150,-0.6745107862175195,-1.0863382166534954,-0.9827417215549027,-0.5336899821341953
1985-03-01,17150,0.1914608372479455,-0.8480137730243541,-0.8114022991009959,-0.6765431716361362
1985-04-01,17150,-1.3266756574099148,-1.198430924714458,-1.4899639967349887,-1.6911383287210677
1985-05-01,17150,-1.0414559387909692,-1.1157375599811374,-1.4324882336325142,-1.299348492341116
1985-06-01,17150,-1.5711670879279551,-0.581587027099949,-1.4214324416653334,-1.358093556418102
1985-07-01,17150,-0.46539893815426836,-1.4211869415315632,-1.3399586136071222,-1.6793090241360005
1985-08-01,17150,-1.0145967066547925,-1.5510684008608369,-1.4390981382839194,-1.7438141831037028
1985-09-01,17150,-1.146567031248026,-1.8209183972468388,-0.9590064131495915,-1.6565225462478395
1985-10-01,17150,-1.3648267863592543,-1.347961676322406,-1.962035487544732,-1.7147201380807928
1985-11-01,17150,-0.20679528257696989,-0.7616335511951623,-1.2954697547772747,-1.5334886542601582
1985-12-01,17150,-0.5418680337525023,-1.071326097846496,-1.8109819465376993,-1.2441379784860214
1986-01-01,17150,0.20331691337288293,-0.40029323554458457,-0.6181583068176926,-1.4819218071891689
1986-02-01,17150,0.3415372362181188,0.10971181103634262,-0.24664250449667868,-0.6280124787508445
1986-03-01,17150,0.3572618627986072,-0.1662003535990854,-0.4788325224404563,-0.99450345385056
1986-04-01,17150,-0.6606931876977938,-0.2924665111519513,-0.7521842056679094,-0.9195008807691175
1986-05-01,17150,-2.7770470807551284,-0.8760954105729526,-0.8914135804712177,-1.1548420655372875
1986-06-01,17150,-1.7180640174536534,-0.4544610406934229,-0.7999591160485328,-1.0632555187545174
1986-07-01,17150,-1.0733803109868476,-1.211584224909343,-0.6817162333260627,-1.1093861542385766
1986-08-01,17150,-0.660321832426477,-2.6800117543514466,-1.1380993336650205,-1.1325072422804003
1986-09-01,17150,-1.8792795900654302,-2.1614338082793347,-0.9564915344539225,-1.16510370115464
1986-10-01,17150,-1.277043637644001,-1.8273711656854361,-1.7305391217470063,-1.0687750847041049
1986-11-01,17150,-1.657148788692852,-2.104690028457764,-3.212181981356505,-2.0959916526939906
1986-12-01,17150,-0.8265878259593689,-1.4783454086217434,-2.2772749692886993,-1.4224692807756516
1987-01-01,17150,0.5386717247664383,-0.06716490190769088,-0.5268575448444728,-0.8248600687348971
1987-02-01,17150,0.8106139075029628,-0.20811370167658844,-0.4902948191383666,-1.5031583087680536
1987-03-01,17150,0.4780814909287724,-0.20082979444571275,-0.6128265678221476,-1.1518269437786754
1987-04-01,17150,-1.2232465800990258,-0.31609557027342683,-0.7602897519659461,-1.1147063265352615
1987-05-01,17150,-0.8827702031731952,0.2202025145180991,-0.6045007570870402,-0.8209340180873116
1987-06-01,17150,-0.5149843860786928,0.110521357523574,-0.46828440797604665,-0.8309846918939097
1987-07-01,17150,-0.23323645518307054,-1.2147605040124119,-0.4160143392485344,-0.8269722883291214
1987-08-01,17150,-0.36043611957414035,-1.1184734017155482,0.02178884704498278,-0.7769727595741818
1987-09-01,17150,-1.292217452552284,-1.1210459725805941,-0.2826398105748614,-0.7730218372197794
1987-10-01,17150,-0.4890794911071112,-0.7235620731914106,-1.4715987034030262,-0.6521579515328767
1987-11-01,17150,0.3091861610374721,0.014570412620624553,-0.5915127203997907,0.17698636746776533
1987-12-01,17150,1.1645620613896486,0.7769387263464353,0.3744302109356265,0.5795095092083117
1988-01-01,17150,0.3858724099765984,-0.007759559553666814,-0.13595928616391836,-0.7581399957446062
1988-02-01,17150,-0.3665727143139699,-0.14785736578104489,-0.35913511414581073,-0.6771868177633561
1988-03-01,17150,-0.45442978944693324,0.47739575297438147,0.15796258824283815,-0.11424527472592033
1988-04-01,17150,0.3586196245162578,0.43965886279603145,0.13045981218491945,-0.009712992636501588
1988-05-01,17150,0.3061109682313926,-0.18971564986418488,-0.05086419293657816,-0.2282570557961684
1988-06-01,17150,-0.8151702042445539,-0.9151645070890185,0.11939711875829354,-0.16824111829021768
1988-07-01,17150,-1.1112880121130457,-0.31741334877742283,0.04168138252029415,-0.205842955440306
1988-08-01,17150,-0.49184378814054064,-0.11394579332296674,-0.43022682258968803,-0.2422621046142982
1988-09-01,17150,-1.3196535578872006,-1.3596368664992522,-1.315851694220035,-0.193475173980053
1988-10-01,17150,-0.774694091568548,-1.5980359122619412,-0.7361660191040362,-0.29031906974769894
1988-11-01,17150,1.132762259967894,0.7945718342616078,0.7180764314226147,0.28186731549928457
1988-12-01,17150,1.335250784898519,1.0028242014933797,0.49225162041730103,0.09639536364396366
1989-01-01,17150,0.8028579290941331,0.29816779702508334,-0.16134078714495498,0.15223257044933144
1989-02-01,17150,-1.3973187373643272,-0.29389344299638637,-0.5342571856902891,-0.30791236823817975
1989-03-01,17150,-2.1008621191252312,-0.33065920384457964,-0.6679502923146745,-0.9612446825068
1989-04-01,17150,-2.4948112551841355,-0.7092001772595499,-1.0281734606268,-1.375130487344772
1989-05-01,17150,-1.672383337886539,-1.9709127167634657,-0.9567737932582552,-1.1168162649617526
1989-06-01,17150,-0.7967501504879237,-2.299135738303289,-0.6921458423362927,-0.9820821803358436
1989-07-01,17150,0.20710119461234652,-1.878071682153259,-0.6213400806539798,-0.9308998493955323
1989-08-01,17150,0.37071079492915476,-1.256047074235112,-1.8218877033895926,-0.9164559813075944
1989-09-01,17150,-0.5651478927858711,-1.0591986245182987,-2.471334563166707,-0.8681512223892232
1989-10-01,17150,0.49047440935240955,0.35732498206887636,-1.4959644061972959,-0.4569590721229239
1989-11-01,17150,0.21538616293195761,0.2810759451430728,-0.7611036758575555,-1.6828964454630047
1989-12-01,17150,0.8728206371092581,0.5507265756514613,0.05010877603703738,-1.5502462922848055
1990-01-01,17150,-0.5869394073576726,-0.37033848497374316,-0.29256787589400307,-2.0588508757218613
1990-02-01,17150,-0.8928095555386982,-0.6036071289490007,-0.5650859471735465,-1.2050680365106132
1990-03-01,17150,-1.9309952358075466,-0.7944262716621325,-0.9860685033059785,-1.242627364386472
1990-04-01,17150,-0.7587376978628718,-0.9572821584306966,-0.7785329383253796,-0.7131434551407283
1990-05-01,17150,-0.5604204922342947,-1.0665631047576638,-0.8262681510862406,-0.7681023358615122
1990-06-01,17150,0.0646107494329762,-1.7336833208646905,-0.8060726813636604,-0.9658929547828314
1990-07-01,17150,-0.6971899215883469,-1.0988537733644628,-1.1902082243238414,-1.0093858610357094
1990-08-01,17150,-0.32252109093518977,-0.8303814253864265,-1.230609280588502,-0.9906506078548235
1990-09-01,17150,-0.37610650080780544,-0.3039102676459098,-1.8875337813726165,-0.939062763403734
1990-10-01,17150,-0.0361193638853631,-0.7437004814649687,-1.1407980740351564,-1.2397042407963137
1990-11-01,17150,1.2440353462757852,0.9545745173348851,0.42597006371620205,-0.2911362041380402
1990-12-01,17150,1.3623044399087205,1.1930484792584377,0.9627293014613052,-0.3067554293476758
1991-01-01,17150,0.7587511964714279,0.4923900478530382,0.1880989944031419,-0.14253043643192487
1991-02-01,17150,0.2460577488189563,0.8805120033871431,0.7027207096198177,0.39342738502297886
1991-03-01,17150,-0.8268446785095713,0.4843238415472793,0.3108054498379785,0.21318323108114998
1991-04-01,17150,0.39448485125526644,0.731341405554406,0.5376502264475769,0.25839057010647154
1991-05-01,17150,1.1156435549472468,0.7560269014656326,1.1470337852164785,0.9919458071534718
1991-06-01,17150,1.38761556312771,0.28731764746451266,1.0806222689065965,0.9098854782255951
1991-07-01,17150,1.349477156455021,1.0199189555074093,1.1728864999439585,0.9717714605020844
1991-08-01,17150,-0.9320244889163791,0.6319472748814626,0.4872170581242497,0.9631041109326287
1991-09-01,17150,-0.4373224786412694,1.0192281498978073,0.07780646140113645,0.9266752531873137
1991-10-01,17150,-0.49631682042571684,0.6292499936208653,0.6129036935260048,0.8490808792855451
1991-11-01,17150,-1.4686132977677548,-2.0210963691742747,-0.47590447529620405,-0.1945447723134684
1991-12-01,17150,-2.2487879906236756,-2.080215211966222,-0.4990626699624669,-1.0630306105997491
1992-01-01,17150,-2.2815178206778226,-2.4947689739782333,-1.68771858009481,-1.2986921610591207
1992-02-01,17150,-2.2658351341190164,-2.627803074563769,-2.739845848588605,-2.1571323195536722
1992-03-01,17150,-1.3872415544858658,-2.218696535438956,-2.319941593613846,-1.3251052284475429
1992-04-01,17150,-0.4686077598498709,-2.1404072533705065,-2.3204104452230943,-1.6138491235522678
1992-05-01,17150,-0.18036505189762,-1.9786106245112285,-2.444466434189703,-2.5613799099469357
1992-06-01,17150,0.06012658560547356,-1.2890353229355798,-2.168677365941181,-2.3496951620582087
1992-07-01,17150,0.552540541503508,-0.1450379904736856,-1.862382310358285,-2.177484269332246
1992-08-01,17150,0.9142882052785969,0.29644081916192067,-1.5617166485560003,-2.1426019762305284
1992-09-01,17150,0.05956534650355778,-0.11118623639329643,-1.3333957236238254,-2.127001274780853
1992-10-01,17150,-0.43939785762711003,-0.058261051593373685,-0.4587415954287484,-2.042208764082911
1992-11-01,17150,-0.3115989238671901,0.22237126287350545,-0.02000115578486904,-1.7368710461248524
1992-12-01,17150,-0.04732848369568827,-0.22302766546785138,-0.24079643475626794,-1.274722284436571
1993-01-01,17150,-0.8598428055510775,-1.1067715576201327,-0.8259223436267314,-1.0315765370537031
1993-02-01,17150,-0.6714532057424151,-0.7542628502028432,-0.4464414036209189,-0.4640865819836227
1993-03-01,17150,-0.7157812345446024,-0.7130994486078968,-0.7601006283308637,-0.7404800237899961
1993-04-01,17150,0.05010019740989134,-0.6873861201552386,-0.9205918794199444,-0.7074790415049785
1993-05-01,17150,0.3245094404761436,-0.40656983579887407,-0.5447580598942564,-0.2909801808142538
1993-06-01,17150,0.321069915086132,-0.5585894173522763,-0.6050416997958031,-0.6245035974265541
1993-07-01,17150,0.19193836186390645,0.052928519048170426,-0.6067749688240908,-0.8269722883291214
1993-08-01,17150,-0.15043367178904143,0.05143516049503308,-0.553188797368207,-0.6647259248732333
1993-09-01,17150,0.40470254821391505,0.27762367881412287,-0.4995312716837441,-0.5450492748912964
1993-10-01,17150,-0.3189948147854608,-0.2825484859461096,-0.23104242052564236,-0.7822099194095276
1993-11-01,17150,-0.7428404082351484,-0.9134819905811729,-0.5152193366535129,-0.9108567725844303
1993-12-01,17150,-1.0077761958516953,-0.8590797012145767,-0.6022623270948454,-1.064258435000242
1994-01-01,17150,-1.174021215611252,-1.347849835235944,-1.262254697358793,-1.1134152022528008
1994-02-01,17150,-0.8033974491575582,-1.1029662402785378,-1.204499576921061,-0.9397249809090685
1994-03-01,17150,-0.8479904774623267,-1.34035713325056,-1.2547375083945773,-1.0703446992201042
1994-04-01,17150,-0.8340399936690615,-1.4439585999850357,-1.5937725378300305,-1.482093797122784
1994-05-01,17150,-1.944069047605444,-1.590661674527617,-1.7561021217419475,-1.7738405048562143
1994-06-01,17150,-0.9853653453891252,-1.3335320259709444,-1.7159539099672985,-1.6314171084432598
1994-07-01,17150,1.9816696846906454,0.864654493322217,-0.1607952544267734,-0.3536568671160918
1994-08-01,17150,1.9474911377234319,0.732956151532941,-0.1571538178797809,-0.5141862611687877
1994-09-01,17150,1.8001546170902398,0.8224988944453989,-0.1351480443146836,-0.7342430856989601
1994-10-01,17150,-0.3448853106556481,1.2834769814838163,0.5078735962106377,-0.3740847173481578
1994-11-01,17150,-0.04505594372821341,1.5120786749188686,0.5110369153982243,-0.15799820783772933
1994-12-01,17150,0.23282322305335856,1.1956861945715058,0.6393405204710607,-0.005216661123163789
1995-01-01,17150,0.3598479763444443,0.01816556649994237,1.093393158930597,0.6292166993117305
1995-02-01,17150,-0.5194337186063023,-0.47997531724323195,0.7171928064280956,0.032517264734411286
1995-03-01,17150,0.4331568606914673,0.3354756488320004,1.0318921106940517,0.6183027718405285
1995-04-01,17150,0.36463246897183427,0.4246393993632207,0.15402446669735453,0.9825281871191285
1995-05-01,17150,0.7474453054487008,-0.009803060589726261,-0.07286595620164571,0.826335081878661
1995-06-01,17150,-0.8028794168696513,-0.04977935355205616,-0.024760861068954674,0.7199426122502991
1995-07-01,17150,-1.7356763276601537,-0.6087406255077288,-0.16684118358941816,-0.3673010327310086
1995-08-01,17150,-0.5839331266494026,0.312427358234818,-0.26949548513013055,-0.28394383648523547
1995-09-01,17150,0.08888290953415716,-0.736635596727405,-0.11871794535665575,-0.07974165183635948
1995-10-01,17150,0.009841230851018155,-1.4844058589802578,-0.6691027606597316,-0.26448107474550625
1995-11-01,17150,0.3761258562222611,-0.006589671693682192,0.4409182082531903,-0.038353430279129984
1995-12-01,17150,0.11874055276841232,-0.053900844180755,-0.5250149104570679,-0.06322407664151945
1996-01-01,17150,0.5111007750754317,0.2937704464718914,-0.3954313793806429,-0.020791359096032788
1996-02-01,17150,0.2355708858429165,0.34223779819224565,0.08101852061391565,0.39699491617973554
1996-03-01,17150,0.9796214069248346,0.7339951967280862,0.6544133074123721,0.2806412838880186
1996-04-01,17150,0.5579521116944609,0.6535865879674411,0.47898013937466327,-0.08170971944025299
1996-05-01,17150,-0.014722877754547045,0.09477253398532391,0.21779303771947675,-0.006360453438858071
1996-06-01,17150,-2.392931425698885,0.10139630994439301,0.025655626904962002,-0.012223258387465795
1996-07-01,17150,-1.7882106012634915,-0.4266823906331171,0.06700578181984025,-0.02795147116860634
1996-08-01,17150,-0.8207779755413308,-0.5613840016836831,-0.21307690773999036,-0.024302860268717037
1996-09-01,17150,1.129885916938296,-0.7240584095398234,0.48338305113025865,0.33363372298018373
1996-10-01,17150,0.7875381776331933,-0.4843533993806011,0.055910968535371273,0.32221717198603106
1996-11-01,17150,-0.675621532915629,-1.1598423562380653,-0.9485010844577735,-0.5313684685162436
1996-12-01,17150,-0.9205196884857966,-0.2662762853575093,-1.3347572593068366,-0.07269771588263393
1997-01-01,17150,-0.7352303996135277,-0.24165956209339362,-0.985689186080502,-0.37314771953896475
1997-02-01,17150,-0.17896910386003256,-0.5731714109845508,-0.8767458070515786,-0.7974189033691063
1997-03-01,17150,-0.135260229495591,-0.7687245767780815,-0.37626460897266656,-1.0758978175887632
1997-04-01,17150,0.7936426406746517,-0.042679641092902454,0.24162412751214904,-0.34710552413549034
1997-05-01,17150,0.8244756720174078,0.27915366914616807,-0.0968232079107687,-0.3615628588064458
1997-06-01,17150,0.2610378293491009,-0.09256161708309468,-0.6880860811019639,-0.29025208801874647
1997-07-01,17150,-1.7553541443032803,-0.14211064064338316,-0.6567276204724661,-0.278255825364806
1997-08-01,17150,-0.6700455945570488,0.36913738479534336,0.013511916193567078,-0.32592227225686543
1997-09-01,17150,-0.7329834023045954,-0.2637959562773415,-0.38189893603235536,-0.895348690141101
1997-10-01,17150,1.0806970138402543,0.07986518396383162,0.5586215055638928,-0.04085034964516108
1997-11-01,17150,0.6647017759626905,0.25838991366760256,0.6706544283577616,0.3499073497436258
1997-12-01,17150,1.56669086305995,1.3959340519589025,1.204119649352946,0.8966964471722005
1998-01-01,17150,0.5386717247664402,1.016175297371723,0.4195121032352037,0.7396726168946827
1998-02-01,17150,0.8899772566274248,0.98399286520825,0.7492598203307514,0.873777676044759
1998-03-01,17150,-0.1433935127801579,1.0899010753925633,0.8808577420678968,0.7879403128207358
1998-04-01,17150,-0.20672308832815334,0.22572436947321606,0.689868797598272,0.14294840072168905
1998-05-01,17150,0.9138731449627829,1.0452077830200561,1.1286597483114464,0.925892962180451
1998-06-01,17150,0.431844244343062,0.004321902613438117,1.1215745395746786,0.9061821547982163
1998-07-01,17150,0.8460270141090996,0.25255229604310453,0.5222182574757853,0.9056015843555991
1998-08-01,17150,-1.8450564584149807,0.16487664122571616,0.7021339174092277,0.8522338516085268
1998-09-01,17150,-0.7005867600607023,-0.08940448575686198,-0.2754270884694479,0.9352497560072189
1998-10-01,17150,0.9665126709590137,1.1747043763196734,0.7093018583053532,0.798767063281406
1998-11-01,17150,1.4548944139819981,0.8531716842854591,1.1182301278023148,1.2173209664325118
1998-12-01,17150,1.2113726891264291,0.9411871258070036,0.8942144041896004,0.6240877430038307
1999-01-01,17150,-0.06347687062323304,0.47994362717965033,0.7580528087099354,0.5688556057952757
1999-02-01,17150,0.6545208444857947,1.2609179012604224,0.9085208662452892,1.007734448133751
1999-03-01,17150,0.7781731064726908,1.2649645523464623,1.0700008435351622,1.0083733586274688
1999-04-01,17150,1.257867728199129,0.8053106282084529,1.0540256366421912,1.1698432807179018
1999-05-01,17150,-0.776241135638391,0.11737457221942538,0.8282583555822844,0.46802042088926193
1999-06-01,17150,-2.0255051792429075,-0.06162509126335762,0.7295112301820811,0.5221433349518056
1999-07-01,17150,-1.4949545931732224,0.5393881343369185,0.3204828728762297,0.6751147607010326
1999-08-01,17150,-0.5008874080816902,-1.1008685581936526,-0.11874694881665854,0.6781408008320556
1999-09-01,17150,-0.36222625034683886,-1.7435640108689046,-0.26102348028685574,0.5763322944725834
1999-10-01,17150,-1.7328192496417234,-2.400187754696485,-0.12040177083622082,-0.1695121056173493
1999-11-01,17150,-1.0341875352704357,-1.3805539759500545,-1.603591857611293,-0.620541651202548
1999-12-01,17150,-1.1511538941806094,-1.3167893118301286,-2.2420761904710846,-0.9046918455702362
2000-01-01,17150,-0.991680614621892,-1.5391023643029933,-2.2026358085251347,-0.7856975718168399
2000-02-01,17150,-0.28972533487058183,-0.8631505712621547,-1.0752121824761023,-1.3921477981746042
2000-03-01,17150,0.47808149092877306,-0.353546382631746,-0.5172787107182496,-1.1333023021670592
2000-04-01,17150,1.1275539972315374,0.07489070053651023,-0.45029276696056325,-0.9479410950758083
2000-05-01,17150,0.7239163210995071,0.13371896155311314,-0.39717814573832605,-0.591877043063169
2000-06-01,17150,0.27319765803232116,0.4652620569635174,-0.28991895796202105,-0.4169874135075588
2000-07-01,17150,-0.483192830977947,0.761159610629385,-0.12461900703809435,-0.5998351820764205
2000-08-01,17150,-0.38609264285611444,0.35664874944764624,-0.07427592048831813,-0.5733315469264795
2000-09-01,17150,-1.2382525917536593,-0.4148246718144842,0.10808088608495568,-0.5912189086864662
2000-10-01,17150,0.21715802425457362,-0.35949053389141183,0.6213475613128505,-0.14422716392930568
2000-11-01,17150,-0.8060225828819959,-1.0967712274676964,-0.29407643014790935,-0.4586445230368466
2000-12-01,17150,-1.5216150789279537,-1.8608094756724083,-1.5019362582917584,-0.7157759569131589
2001-01-01,17150,-2.2173299740354953,-2.1096583124582566,-2.386532598931598,-1.1916705138333963
2001-02-01,17150,-1.5672562167370139,-1.722282697272793,-1.828027549255931,-1.3490381866490053
2001-03-01,17150,-1.3341010770568311,-1.9054015563151596,-2.161817032983555,-1.9264598964739845
2001-04-01,17150,-0.06570173518950999,-1.8638971764614765,-1.7942642968106266,-1.8970488616819672
2001-05-01,17150,0.8020274357675753,-0.7409292916648943,-1.0736267275936688,-1.2023798179188832
2001-06-01,17150,1.4198422570127285,-0.04741378030009493,-0.9142000483894704,-1.1917880860341872
2001-07-01,17150,1.1642395073364393,0.5801238683476991,-1.266805234324786,-1.2429090280507444
2001-08-01,17150,-0.4383350310984621,0.4214935152030022,-0.9552271981065101,-1.2656900114722003
2001-09-01,17150,-0.2719860928525221,1.0944942720191733,-0.22276043066908569,-1.0196697443028675
2001-10-01,17150,-0.9116593360836681,0.29993270976973174,0.07933435256734021,-1.5617622950046641
2001-11-01,17150,0.10411993284909737,-0.2211335366651271,0.34757664583507386,-0.8352542303166
2001-12-01,17150,0.8150916042534898,0.5579937091279662,1.1974622579160228,0.3344403080338095
2002-01-01,17150,0.9047532542701295,0.3634734643911166,0.8168421360243363,0.6601165823782331
2002-02-01,17150,0.2039207011894579,0.166123580658893,-0.06599047279501488,0.32139045201836
2002-03-01,17150,-0.3713887011705227,0.18923006956305205,0.03586748184778021,0.6748719457483351
2002-04-01,17150,0.32224565481156603,0.7986699931109961,0.3972472708813425,0.7276914878117986
2002-05-01,17150,0.8630211622980455,0.559983657895927,0.492802675657957,0.2978154826851724
2002-06-01,17150,0.2852803259907288,-0.284528685058907,0.22525809614759623,0.10044918947857907
2002-07-01,17150,-0.6151065910886905,-0.11583765652461278,0.5618274690810146,0.21043897840761513
2002-08-01,17150,-1.2488600538517205,0.24459883041717015,0.2137486911714855,0.20509165534375426
2002-09-01,17150,0.8977683589019346,0.5499390105847942,-0.0005280256513797094,0.41022920154818626
2002-10-01,17150,0.9945106542658684,0.5118868556260621,0.48604627668990324,0.8471425011081347
2002-11-01,17150,1.0522664491481104,0.509685669663564,0.860054411832506,0.700591909810527
2002-12-01,17150,0.20041779100852755,0.4289007469466425,0.4157551203991195,0.08033962670961069
2003-01-01,17150,-0.5268747702751968,0.15483323886733313,-0.12446725008572623,0.15898202193522024
2003-02-01,17150,-0.26331847311074874,0.424033224146767,0.04001081593633215,0.4266982487531468
2003-03-01,17150,-0.19525984032324212,-0.16823224214651936,0.05645133199666039,0.07187054186605384
2003-04-01,17150,0.42398473800895936,-0.1772353157780315,0.29427365012093043,0.03714271568203895
2003-05-01,17150,-0.24842081672189067,-0.41348069291288136,0.19900555830465355,-0.1327531075448628
2003-06-01,17150,-0.3616706386851712,-0.4746907227387934,-0.38064601393905817,-0.12463266993297938
2003-07-01,17150,-1.6702688399878811,-0.5157596182090944,-0.7629427582472954,-0.19639586003089077
2003-08-01,17150,-2.1174411392669725,-1.2025554912695973,-0.9506569627531296,-0.22341762000174295
2003-09-01,17150,0.3252994582200917,-0.2866681036751608,-0.45035024563411025,-0.35628792292172673
2003-10-01,17150,0.7446648693120712,-0.4801259169497028,-0.054113266011867195,-0.42106179922852194
2003-11-01,17150,0.20073512063547672,-0.6523812200327429,-0.7371283318765927,-0.771808759934893
2003-12-01,17150,-0.33699157256459716,-0.3601453835079732,-0.58838683601422,-0.6275773470637698
2004-01-01,17150,0.1817236921847439,0.46326847075069033,-0.1845310954564441,0.1723938203372048
2004-02-01,17150,0.21185978138882602,0.22580549295805294,-0.2962408891534344,-0.3564933202895676
2004-03-01,17150,-0.07876675936209429,-0.4141584294326419,-0.39429154337939076,-0.5694224496916056
2004-04-01,17150,-1.2397415353509442,-0.6219505023858293,-0.2960029238396168,-0.8512637703785227
2004-05-01,17150,-1.3799311230004487,-0.5180099310216602,-0.379659469833635,-0.8190450785051749
2004-06-01,17150,-0.4373225092498052,-0.40158115341519773,-0.6475312193724507,-0.5892055198065792
2004-07-01,17150,-0.8853315305768961,-1.5735059337724513,-0.9355196156940467,-0.5756270587370182
2004-08-01,17150,-0.11247006316016273,-1.3729716309583253,-0.6501689246900973,-0.48868071956036707
2004-09-01,17150,-1.1082870228670136,-0.9978495158568687,-0.7731845548447404,-0.9186628260631357
2004-10-01,17150,-1.9151217958195508,-1.8933244281092163,-2.2351068625895207,-1.3931881678606817
2004-11-01,17150,0.7543056809516144,0.5477427602027156,-0.3650176321322567,-0.14427020942470337
2004-12-01,17150,0.3270859450630258,-0.2138082802607352,-0.497700444365771,-0.4610017842370398
2005-01-01,17150,0.6541475290364107,-0.055231365723262614,-0.4414062237844178,-1.1554673234740562
2005-02-01,17150,-0.27210916769739735,0.20943718125472438,0.06055602303336428,-0.44791785833525827
2005-03-01,17150,0.7048965980798864,0.612877584570135,0.32565392536645005,0.06535906327859103
2005-04-01,17150,0.5936609589798885,0.7752959055837507,0.24162412751214904,-0.09232767494205346
2005-05-01,17150,0.21170484225914307,-0.17425454376616958,0.20071788452620112,0.07153040218085455
2005-06-01,17150,-0.28282658010379247,0.43650944920341034,0.42302798388858026,0.16133964169727655
2005-07-01,17150,0.004204026762269271,0.4335158738445897,0.7184597010225294,0.24072007836858228
2005-08-01,17150,0.06652451768920833,0.05143516049503252,-0.25860900223576794,0.14347301890985137
2005-09-01,17150,-0.5250307298291325,-0.6532948018425374,0.2139140005372227,0.23669588734403518
2005-10-01,17150,-0.6980518263441429,-0.6526412340757272,-0.0058204374072268125,0.372813939204781
2005-11-01,17150,0.03205586033197086,-0.052864642590134736,0.01700681950570102,-0.21146467542068725
2005-12-01,17150,-0.13820758013116413,-0.5231011117350292,-0.6890521067360368,0.062376768445864615
2006-01-01,17150,-0.4553305047010321,-0.8311140451469448,-0.8360207645310318,-0.21558555583553576
2006-02-01,17150,-0.6745107862175183,-0.5521402319456437,-0.6246445244167957,-0.43785280793434517
2006-03-01,17150,-0.14068069673736516,-0.34521688013896845,-0.5436475325177488,-0.6765431716361362
2006-04-01,17150,-0.19239735808629374,-0.5304427998612358,-0.8434481387749686,-0.847474266405772
2006-05-01,17150,-1.0137411307211657,-1.1034325162510923,-0.9567737932582563,-0.9819276906275666
2006-06-01,17150,-0.05504582856910848,-0.27219168210638817,-0.430347137789755,-0.5872487809467092
2006-07-01,17150,0.48525429468665904,0.02759208402963123,-0.3316474655659198,-0.6241171074582264
2006-08-01,17150,0.9799477057724708,-0.22239397782998813,-0.7249800548559922,-0.6427987688170868
2006-09-01,17150,1.0926596810609617,0.4754995658163674,0.12814196597682506,-0.09611797434461476
2006-10-01,17150,0.9786197247740335,1.0097868307818307,0.5682458153363422,0.13681842938377214
2006-11-01,17150,0.4382621966008925,0.8506601500153873,0.11307022577966228,-0.41010128708597227
2006-12-01,17150,-1.3514751508221343,-0.6043447211867679,-0.6301169929320013,-0.6164017759807013
2007-01-01,17150,-1.921073226851897,-1.147505273644596,-0.9043554605211557,-0.8994549945034281
2007-02-01,17150,-2.256481931348862,-1.4985822343452437,-1.0993756561761616,-1.5346658160432676
2007-03-01,17150,-1.7380336300667023,-2.0996615152864084,-1.678941671821589,-1.6187560411680824
2007-04-01,17150,-1.8870288370022112,-2.5306162549272004,-1.9384125059572104,-1.6929984172464374
2007-05-01,17150,-1.0637345964338163,-2.4298675915243253,-1.8019241512331168,-1.4076686172436985
2007-06-01,17150,-1.365410158913979,-2.230093473715771,-2.5538769607617517,-2.1924113879452274
2007-07-01,17150,-0.9414672093405535,-2.0881486598954515,-2.7632178339460345,-2.358548474180259
2007-08-01,17150,-2.1923062102700652,-1.9621639674665252,-2.806112456093332,-2.2912195630152365
2007-09-01,17150,-2.462196068016044,-2.064112177213999,-2.730930903198528,-2.872405844743496
2007-10-01,17150,0.6094027739402309,-0.2151420591856777,-1.5817151764283102,-2.5305067883179837
2007-11-01,17150,1.0067307945574155,0.26164197810756173,-0.47445249350842483,-2.1652829018476907
2007-12-01,17150,1.3983953294940878,0.965284243104124,0.28089862719383807,-1.0032230040402916
2008-01-01,17150,0.4297564992349409,0.5558743927729269,0.1700534074658973,-0.8107945307382401
2008-02-01,17150,-0.6134771181539087,0.15573768523489415,-0.37872696737819644,-0.7686643187065937
2008-03-01,17150,-1.3903720483107458,0.20054211321992502,-0.25899192309843777,-0.7404800237899967
2008-04-01,17150,-1.3266756574099143,-0.46306201352605725,-0.24907001309092167,-0.5907317945301525
2008-05-01,17150,-1.3151782378365149,-1.1847792643933301,-0.4245153584877719,-0.8700945565787247
2008-06-01,17150,-1.5037289797616762,-1.9902670891842473,-0.3667768971689616,-0.7849839055785536
2008-07-01,17150,-1.6376667500912732,-2.0148091659317773,-1.0286960459829246,-0.7671171806544886
2008-08-01,17150,-0.9592512934587734,-1.751581340829076,-1.49136459268716,-0.7187224009842617
2008-09-01,17150,0.13900003842367145,-1.1566085996688114,-1.9730437877153293,-0.3960605379619284
2008-10-01,17150,0.4360830885051636,-0.914723161335234,-1.6775530068155784,-0.8662419479392198
2008-11-01,17150,-0.16295160242429735,-0.6967194092931923,-1.3946724958628662,-1.5636227890001764
2008-12-01,17150,-0.6856074851857331,-0.7425374259435411,-1.4707346024052026,-2.537673588579751
2009-01-01,17150,-0.15063335853400364,-0.03619171015862323,-0.71282518909043,-1.6310664851767362
2009-02-01,17150,0.8485632630419978,0.5628741699860271,0.2395803840157871,-0.2525355695735868
2009-03-01,17150,1.464232626957862,0.8778507071139388,0.8072268351658721,0.27603251378251675
2009-04-01,17150,1.4670646564976573,0.9456391885778294,0.9016149539654735,0.40805715669581455
2009-05-01,17150,1.255536274051495,1.2115872328385155,1.0033883326252833,0.7556057655582884
2009-06-01,17150,0.6600066056198175,1.5418121947197245,1.0139999496839822,0.924628988599492
2009-07-01,17150,0.3972889919996298,1.4130017921615312,0.9992779562892959,0.9552913958993394
2009-08-01,17150,0.052842418632635245,1.0675924455477523,1.1677935035222555,0.9537287086430457
2009-09-01,17150,0.05215721922048486,0.40742930065962474,1.489777583805653,0.9352497560072176
2009-10-01,17150,0.1519030367575335,0.19750751003540773,1.1596037944690878,0.8354751176313295
2009-11-01,17150,0.3900422834718737,0.2746129006830021,1.0226834768350292,1.1385725978614065
2009-12-01,17150,0.6652344767662052,0.4893092978190028,0.6631576888015415,1.364701933597791
2010-01-01,17150,1.4754862817437329,1.1945306419751316,1.2022809681504953,1.3928257797615902
2010-02-01,17150,1.921841907566175,1.7220665749323376,1.6665957270650527,1.5744059072578298
2010-03-01,17150,1.4786168488006584,1.4455820265310315,1.3580081189663615,1.3276381549635474
2010-04-01,17150,0.8711966253996639,1.4980769018188473,1.3161788027509287,1.2913399525866123
2010-05-01,17150,-0.672119294727925,1.3701709031275853,1.3200787267406215,1.2261331419713453
2010-06-01,17150,1.1107673106810076,1.7401592477772445,1.6781680305725373,1.532362703976861
2010-07-01,17150,1.3451294944874663,1.3387539609737213,1.7801432924739897,1.5526677613527424
2010-08-01,17150,1.2718137461345214,0.3283121314211506,1.6527811614452346,1.5482272869494502
2010-09-01,17150,0.6792791543193488,1.0820202710385327,1.8061675758134927,1.6992714744157165
2010-10-01,17150,1.80242955965356,2.252233730691104,2.0930808135879104,2.2339174937711386
2010-11-01,17150,1.964219691619251,2.0939462288576434,1.590381224216413,1.9744911913460217
2010-12-01,17150,1.7609458404687661,1.8846009874390401,1.8733813483283226,2.0040679642838994
2011-01-01,17150,-0.3838237605370712,1.493109125350692,1.7351584822611583,1.4860234560382817
2011-02-01,17150,-0.03927916293975934,1.2688804456561373,1.544863471312638,1.0613660287549156
2011-03-01,17150,-1.2966789260680356,0.7839488297166389,0.8508217143102055,1.0868021933833871
2011-04-01,17150,-0.47996844020814716,-0.6459403773328405,1.0396543351552614,1.3210709068553723
2011-05-01,17150,0.10917956761305514,-0.05459976859505059,1.0759844688837015,1.289494722630351
2011-06-01,17150,0.14805428490459857,-1.1607788260449339,0.7354682745829281,0.789147857724857
2011-07-01,17150,-0.7308549310783726,-0.8881426171250125,-0.9064633909133135,0.8246606086966984
2011-08-01,17150,-1.2123120541299746,-0.5818222166319064,-0.445797687829307,0.8535504318152344
2011-09-01,17150,1.3726423679935384,0.8418932108018241,-0.4675379851178046,1.0618392166052897
2011-10-01,17150,1.5160030641892452,1.3085063880874617,0.7057132568278934,0.2998129185084945
2011-11-01,17150,1.0785867043127941,0.5477427602027148,0.41093658433593594,0.23426962550167532
2011-12-01,17150,0.9706263438742826,1.3755466663698581,1.1500400316149353,0.29731467980176984
2012-01-01,17150,0.0890680352615545,1.2551308057878638,0.9638519283422669,0.634020199496009
2012-02-01,17150,1.4489190463297748,1.5827676530615542,1.3503859120687252,1.0707287984466887
2012-03-01,17150,0.5612227862329388,0.9378978079100518,1.2409542260004611,1.0824040816652183
2012-04-01,17150,0.866440983049311,0.5826859768769976,1.3590408114890895,1.1037991809985601
2012-05-01,17150,0.854839494174487,1.4097781673896108,1.571691903558636,1.3526798387412131
2012-06-01,17150,0.7748534093423389,0.8125961587066444,1.1140765255427207,1.3233610339905248
2012-07-01,17150,0.21716781701886204,0.7809328081591128,0.6026228127614732,1.3189613993445224
2012-08-01,17150,-1.4137293930652945,0.1917118167785271,1.1852024486618205,1.38570416382859
2012-09-01,17150,-0.8671099996212411,0.21327415380098005,0.5525649259214097,0.9074282254095508
2012-10-01,17150,-0.45342052908773767,-0.3431527587155009,0.3965857834441031,0.3126352549348643
2012-11-01,17150,-1.627874672524198,-2.382414328661498,-1.0216882618421068,0.5198847690277584
2012-12-01,17150,0.037166316203397116,-0.4555219109913652,0.05482130365031947,0.42367416039974165
2013-01-01,17150,0.7376340912735829,0.3266182724236797,0.3620960138752563,0.740772405373324
2013-02-01,17150,1.5397569854220974,0.6439873934973498,0.2533515949936912,0.5657636088780025
2013-03-01,17150,1.2019874975561942,0.900006056379329,0.6622001594870118,0.7879403128207358
2013-04-01,17150,0.8711966253996639,1.0060362605674307,0.6959622563391683,0.6627140632576315
2013-05-01,17150,-0.3746857033803491,1.0740364007696472,0.3528286576560281,0.003878895949035458
2013-06-01,17150,-1.4085231279513688,0.6316409202510614,0.4246960953522003,0.19634787007871207
2013-07-01,17150,-1.6441819444219743,-0.000736621408541721,0.504840996885202,0.24907750621697122
2013-08-01,17150,-0.8731383866642244,-0.9181178207767048,0.8588102631691716,0.11050880305278844
2013-09-01,17150,-1.008992079838694,-1.6623294030935911,0.3294418400189031,0.16316686224000124
2013-10-01,17150,0.5231104120282488,-0.8000765800249314,0.17123228626679052,0.5416423424252897
2013-11-01,17150,1.0229170695575294,0.5737267478106238,0.1664363528724145,1.131109948572342
2013-12-01,17150,0.3929278908718745,-0.11657055356464067,-0.8403142867758686,0.4404478837755123
2014-01-01,17150,-0.8513794886710679,-0.5790726896704861,-1.2751187251751808,-0.35273243068322196
2014-02-01,17150,-2.3283149793420264,-1.0982154990860546,-1.3740536483849912,-1.5399403801819735
2014-03-01,17150,-1.7476173009949854,-1.1118119339051111,-1.3710589078765332,-1.7613875096324076
2014-04-01,17150,-0.1852527102664025,-0.8290876309616422,-0.638926180978168,-1.1695772016669896
2014-05-01,17150,0.8738646751768997,-1.278816910558228,-0.48737425708088195,-0.7492657751605882
2014-06-01,17150,1.757684282370863,0.15131789099980913,0.23762569826517702,-0.010463888427700642
2014-07-01,17150,1.3681814559710312,0.6573918850316414,-0.11660364749947986,0.03498241808933289
2014-08-01,17150,1.6166355086553788,1.5660884303096927,-0.3351608289146281,0.24387376461417654
2014-09-01,17150,1.7501084713525223,2.1192674663165594,0.9882228018276741,0.8927165788747307
2014-10-01,17150,1.594689180506042,2.028757779717197,1.5706923784480673,0.9542434406036993
2014-11-01,17150,1.3422953096816472,1.8784886358934607,1.8442735650261142,0.4909362806780276
2014-12-01,17150,0.6136136300481096,1.3865563747178502,1.86681040330428,1.0080723769893365
2015-01-01,17150,0.06707124550352885,1.3596430552632832,1.6448302486825899,1.2080389688419029
2015-02-01,17150,0.5666927289463877,1.1386956212008565,1.6084208169172767,1.4323020859270752
2015-03-01,17150,0.22342976169662854,0.4337304399002118,1.0660907169865241,1.5866456148455477
2015-04-01,17150,0.3676335924191813,0.21581759863378877,1.2274387977055257,1.4804042865129503
2015-05-01,17150,0.428119246350778,0.5669709869312097,1.0640751675467568,1.4278989181161108
2015-06-01,17150,1.3959877293032104,1.0109066311158386,1.04919590789378,1.440405042782604
2015-07-01,17150,1.2152746923365818,0.9125606013942953,0.6923972022753412,1.4470650631765565
2015-08-01,17150,1.2799466403740438,1.0190998923961565,0.9565466893424657,1.3315296271213546
2015-09-01,17150,0.3624730451066977,1.238721403569024,1.0172613239552286,1.0293109392627142
2015-10-01,17150,1.2685954354263267,1.6390375549189578,1.3829128930402264,1.1380946898700728
2015-11-01,17150,1.364936649908934,1.6845701951960435,1.5124156578841088,1.333725528742017
2015-12-01,17150,-0.011221363525718717,-0.053900844180756816,0.8403760686817165,0.7679027999018051
2016-01-01,17150,0.2435765700187981,1.022874077209046,1.3377062381563982,1.1318450567014564
2016-02-01,17150,0.019391061276363846,0.8285236402127556,1.169775282074816,1.0232690441195744
2016-03-01,17150,1.3984887031108593,1.0696231468171087,1.0424743977572388,1.3676645800699958
2016-04-01,17150,0.01644099613638039,0.12568563691900084,0.7914965026555936,1.0717464967845334
2016-05-01,17150,0.7060519497442037,0.3350417290890331,0.9189973842691535,1.1583307476243145
2016-06-01,17150,-1.0047755779839411,0.9766730219063371,0.708547295537374,0.6872353099877843
2016-07-01,17150,-0.23323645518307143,-0.20391625607726852,0.010352472390829282,0.6961415326991006
2016-08-01,17150,-1.0826392322145226,0.1069874165396804,-0.00724542323862617,0.6951859195778748
2016-09-01,17150,-1.8792795900654276,-1.6670820634130186,0.599018634873921,0.3631783709082113
2016-10-01,17150,-1.4583259390759808,-1.1853631934676219,-0.8067130109598085,-0.4380454671722094
2016-11-01,17150,0.26620518626133305,-0.296373679624552,0.21894482241576177,0.1309480064252047
2016-12-01,17150,0.09394891052214516,-0.630510902627393,-1.146637026971333,0.48695779431067054
2017-01-01,17150,1.3321299381746916,0.6922093006580018,0.5438943558928949,0.496253127066125
2017-02-01,17150,0.636281402875642,0.5920018482358124,0.24942177284193126,0.4942033382183843
2017-03-01,17150,0.8953182226892998,0.6457325000962085,0.26942222777114716,-0.14655685845481353
2017-04-01,17150,-0.5600991085287248,0.7228071748141346,0.23631752551478155,0.09207181230072249
2017-05-01,17150,-0.2576083732700706,0.31012254849090043,0.3462986169190951,0.04290985181084251
2017-06-01,17150,-0.4814535713516902,0.5616234067365946,0.39453177690878327,0.04367815964263035
2017-07-01,17150,-0.34228015988601995,-0.7494748060704112,0.5635382288869634,0.12994964454169022
2017-08-01,17150,-0.2127591449041512,-0.5126383735959787,0.15211349888629652,0.22706857907019587
2017-09-01,17150,-0.5957074787725117,-0.8381868470331282,0.3315447866140772,0.19582662174423096
2017-10-01,17150,-0.04132929459235164,-0.48858533426109185,-0.823744811626605,0.38376773009513315
2017-11-01,17150,-0.8060225828819969,-1.0089570243641424,-1.0064150936682286,-0.2314729935217808
2017-12-01,17150,-0.25723572943202044,-0.6567536846940907,-0.9128459907513249,0.09994906682835741
2018-01-01,17150,-1.019531045165152,-1.083840383844031,-1.2468238534523954,-1.7099786089842366
2018-02-01,17150,-0.6653398208957805,-1.0316988991243334,-1.156384993823115,-1.2221965602613838
2018-03-01,17150,-0.11095393555500703,-0.39321483919670064,-0.6046731881806869,-0.7991450096914684
2018-04-01,17150,-0.017553673119333413,-0.8552060302576967,-0.9429256134982681,-1.0578870722887481
2018-05-01,17150,-0.17140475403705605,-0.6882691344315371,-1.0284681328955299,-1.1206185361348795
2018-06-01,17150,0.07800735350294842,-0.17437734244782596,-0.41839566285582563,-0.5892055198065792
2018-07-01,17150,1.3993414639640407,0.7896659476132153,-0.11860665640694017,-0.22099803036560967
2018-08-01,17150,1.485934284478261,0.86350190124503,0.045501049998666616,-0.35566862701580876
2018-09-01,17150,0.8241068344704259,0.354215272234611,0.06202355817820461,-0.21293882910670112
2018-10-01,17150,-1.046377235861305,0.498716419786604,0.2569476113058656,-0.4958676977686436
2018-11-01,17150,-1.215933489939498,0.167501587409985,-0.058701504113424764,-0.5432383464495183
2018-12-01,17150,-1.3182374011718656,-0.8106615494185211,-0.7244083469519284,-0.6669287413866203
2019-01-01,17150,-0.346683912088264,-0.8298372874690623,0.007808084828048253,0.07868083894577334
2019-02-01,17150,-0.19632443602951297,-0.8892369804251249,-0.13876485422849885,-0.18432825970021824
2019-03-01,17150,-0.4457862781387181,-1.1952753124060886,-0.9459892889272252,-0.8994260978839503
2019-04-01,17150,-0.5256297930349586,-0.6437592587998077,-1.025130146791255,-0.3572223258608647
2019-05-01,17150,-0.22101806770802468,-0.34699817099318275,-0.9281544938672097,-0.27389501061398086
2019-06-01,17150,0.3092159962475173,-0.3341054994794756,-1.0693970683374974,-0.8099628914551333
2019-07-01,17150,0.30624791242415134,-0.34760693052643105,-0.5174274529848609,-0.8861041906574092
2019-08-01,17150,0.4152084911681894,-0.11394579332296674,-0.30225555352818706,-0.8718623848657425
2019-09-01,17150,0.2612563113920149,0.19364780303455423,-0.3381698186557468,-1.0313184771451316
2019-10-01,17150,-0.12208958198401006,-0.0657253891522466,-0.5045174242362674,-0.6347858612894226
2019-11-01,17150,-0.7765205395093253,-0.592326452247185,-0.6744505325559642,-0.6734619953913125
2019-12-01,17150,-0.7430437838424095,-0.7292930789653015,-0.5031515657541462,-0.759399507707021
2020-01-01,17150,-1.2149503649314095,-1.3023299620176902,-1.1569489997052207,-1.5317430762026858
2020-02-01,17150,-0.757270566639523,-1.0863382166534947,-0.9981743477458932,-1.030297658326842
2020-03-01,17150,-0.5825077261519339,-1.0174938585299045,-0.9922338662039183,-0.8395756151185728
2020-04-01,17150,-0.224698027516934,-1.1363329531813107,-1.2367023598560465,-1.1033465444411998
2020-05-01,17150,0.2194067873881174,-0.5367543668385595,-0.8832579327069782,-0.8058266535644205
2020-06-01,17150,1.262710432654147,0.3271723041001251,-0.2352081015875592,-0.21410588100425001
2020-07-01,17150,1.2890188369891828,0.568208651346406,-0.46148040120507283,-0.5796565249994328
2020-08-01,17150,0.9584668724174624,0.6194753620625283,-0.21523792498734656,-0.5832260112013715
2020-09-01,17150,-2.365179153211033,0.5187666619995333,-0.19658290901241302,-0.6645571020760231
2020-10-01,17150,-1.7159754500717457,0.2176892549729622,-0.0883298077567131,-0.9211487873048105
2020-11-01,17150,-1.815784601170705,-1.1051644711780706,-0.7341351009657436,-1.1499343649371176
2020-12-01,17150,-2.400519248629633,-2.675759604917261,-1.1436357892149442,-1.4250989612947014
2021-01-01,17150,-0.1252562320636342,-0.7622003066399164,-0.0178685824963238,-0.05115160827475758
2021-02-01,17150,0.663590617990728,-0.4475390566105715,-0.1377044857817504,-0.015420356764830483
2021-03-01,17150,1.3819593370075633,0.19677508271936786,-0.25504647499715627,0.34598222132277856
2021-04-01,17150,1.2897982410084174,0.7970072201455142,0.28380478438568946,0.6911699278987932
2021-05-01,17150,1.0760253823212216,0.9890164754841304,0.17494160944306084,0.37567175419207743
2021-06-01,17150,1.0727757690487338,1.6434545673207994,0.6492061686265048,0.2684571874028748
2021-07-01,17150,-0.04978320544199009,1.086235072399883,0.7233190734004294,0.2640615378474759
2021-08-01,17150,0.4847570730665173,1.047925873304537,1.037103762669562,0.23716217383640678
2021-09-01,17150,-1.5060821491541752,0.40742930065962474,1.4120255282329943,0.3369292455902256
2021-10-01,17150,0.06384074096649375,-0.19167922526806183,0.8426032222025958,0.5607343048325963
2021-11-01,17150,-0.03728912052535016,0.1286664339269938,0.7902736284431072,0.8978122320634258
2021-12-01,17150,-0.121135611803192,-0.7723958644952986,0.08760056036025306,1.0455472856718329
2022-01-01,17150,-0.9805196461479567,-0.9945621498064999,-1.0239268594159305,0.216816453266947
2022-02-01,17150,-0.05053898915059899,-0.11244258933783322,-0.0555119509702444,0.4792656335857202
2022-03-01,17150,0.01623380250342323,-0.21309535094091167,-0.5782006850653053,-0.04522554516916815
2022-04-01,17150,0.6072421433267468,-0.3807617370046612,-0.4602625316772677,-0.5083527642519532
2022-05-01,17150,-1.2569854600137265,-0.695434015863613,-0.6525481279162013,-0.5676789591263323
2022-06-01,17150,-0.6294488841200476,-0.3965625712895435,-0.5204061403502755,-0.8369973512490364
2022-07-01,17150,0.31597604882199465,0.5943497442505585,-0.26416576190930374,-0.31872455584320625
2022-08-01,17150,1.2663565500339478,-0.04102028959443458,-0.14859654430262292,-0.17473078449952525
2022-09-01,17150,1.075313255581576,0.11703703721014687,0.004050028615749162,-0.18792436335630647
2022-10-01,17150,-1.1157540922414406,-0.5784743294710488,0.046491721964015874,-0.6463644325852455
2022-11-01,17150,-1.5483193765772936,-0.44638830686583947,-1.1689274078206209,-0.9270061779179882
2022-12-01,17150,-1.5765392547418278,-0.7723958644952986,-1.09277600531803,-0.847918420428249
2023-01-01,17150,-0.6383611633299321,-1.1067715576201334,-0.9551488443499471,-0.3059124292204866
2023-02-01,17150,-0.861947683912365,-1.599955822615908,-0.9915612923939906,-1.518882268175418
2023-03-01,17150,-0.42279572990139014,-1.2913569004265493,-0.9059083650880456,-1.1184847879980113
2023-04-01,17150,0.6448212909894687,-0.09284888680713059,-0.5202489613537932,-0.43205583316903207
2023-05-01,17150,1.8698039659974057,0.854648025547728,0.12805530572421536,0.4828805494432526
2023-06-01,17150,1.90712919649707,1.1781358664935344,0.30056676493436657,0.5485324630433267
2023-07-01,17150,1.38242120245666,1.2070798421052298,0.5325993650787023,0.14724592447131965
2023-08-01,17150,-0.26081696524846965,1.6666998112448037,0.7204310873611464,-0.008098345310619526
2023-09-01,17150,-0.9252430127168404,1.5734916047173773,0.9488714727009451,0.04770692137794782
2023-10-01,17150,-0.8011231718785623,0.5551527707369925,0.7271470862752175,0.1737193112983913
2023-11-01,17150,0.9958696742893681,0.728857803187374,1.7666101756946788,1.0249842186246194
2023-12-01,17150,0.85245593504566,0.44413622928528573,1.5422244221550148,1.0964455370000004
2024-01-01,17150,1.2442780567954244,0.7190353917744112,1.1886852942896242,1.1193678631559676
2024-02-01,17150,-0.336920897861512,0.33433627666077453,0.14793723019940339,1.1048254972399782
2024-03-01,17150,-0.012541460681543621,0.46000499371493414,0.19246360374485239,1.1748056301340055
2024-04-01,17150,-0.7547926746046282,0.5538578856382048,0.1720600423720061,0.6469286045508869
2024-05-01,17150,-0.07461685079036903,-0.38129506262067964,0.18699487069999776,0.025983069543450192
2024-06-01,17150,-1.4668124199125827,-0.7514828755063749,-0.07948537566730207,-0.31274780424201504
2024-07-01,17150,-1.2191710631920631,-1.3608614239011627,0.12882278511856196,-0.19450874792090828
2024-08-01,17150,-1.8292231211022743,-0.9569476615728614,-0.8798551891265315,-0.20463847617732622
2024-09-01,17150,-0.2986447516800291,-1.3825124758557776,-0.9263176383468794,-0.2212971745892131
2024-10-01,17150,-1.4445846655933807,-2.0282252662627576,-1.9202925543224165,-0.3218387300183171
2024-11-01,17150,-0.7008042300676067,-1.5265497277589517,-1.2552760611462106,-1.2265685562340112
2024-12-01,17150,0.30745611210361146,-0.0067885558370391706,-0.7571129380156106,-0.6097109283227264
2025-01-01,17150,0.46809497420118834,-0.1659510448420668,-0.6853360293700523,-1.0879189846541155
2025-02-01,17150,0.2434390114551613,-0.2350836918269299,-0.7285349782732429,-0.6814936473355339
2025-03-01,17150,-0.8389230627553863,-0.5533632129493342,-0.6965867211556558,-1.16664855824146
2025-04-01,17150,-0.8659361090689636,-0.18784578557677825,-0.6651752038289445,-1.0692547114050903
2025-05-01,17150,-0.7343012227153031,-0.22524399623200875,-0.5725921394033598,-0.9724385958148918
2025-06-01,17150,-0.6120136483711053,-1.166012880442267,-0.844811995350721,-0.9476993482947692
2025-07-01,17150,-1.3790166149897003,-1.5290912364976448,-0.6796336492491833,-1.1199475779236767
2025-08-01,17150,-2.2309905822881837,-1.681098264092472,-0.7749987159063911,-1.0528211983578957
2025-09-01,17150,-1.3613989487176978,-1.2192282993807662,-1.5633143986667157,-1.1438019588649535
2025-10-01,17150,1.0913333332096053,0.29669978315687445,-0.4587415954287484,-0.04967189365510447
2025-11-01,17150,0.9462905521668462,0.18256579471941733,-0.36787336475267624,-0.12280981622469092
2025-12-01,17150,0.2560788916891226,-0.3506881800272864,-0.705997836823469,-1.2594080734910826
1864-01-01,17220,,,,
1864-02-01,17220,,,,
1864-03-01,17220,-1.5343940839880548,,,
1864-04-01,17220,-0.9471278703787952,,,
1864-05-01,17220,0.013731593934378826,,,
1864-06-01,17220,1.322558725077894,-0.8260235301575239,,
1864-07-01,17220,1.5345976325758972,0.07490073364885583,,
1864-08-01,17220,2.0803145075239815,1.0132555789917386,,
1864-09-01,17220,2.2043035354054994,1.969859905682661,0.35262570268392107,
1864-10-01,17220,1.5114275253072322,1.896751652746786,0.9708691881178678,
1864-11-01,17220,1.5847078756160693,1.9015802552443026,1.6608071113273235,
1864-12-01,17220,0.20337303396124443,1.209911489818316,1.4335467237342514,0.26853391170752106
1865-01-01,17220,0.04863466916785662,0.8659762422072983,1.2655604537194587,0.6976513601064153
1865-02-01,17220,0.3831120278799274,1.3174504501563566,1.6475127054948442,1.4630309167526407
1865-03-01,17220,1.3562142212688102,1.0642026195135401,1.6357015099739507,1.7493761249171365
1865-04-01,17220,1.2734442924222158,0.8067546000806889,1.33602916295908,1.6228180595405037
1865-05-01,17220,0.060821164075033976,0.27405433633602505,1.1834898907040161,1.54173830811741
1865-06-01,17220,-0.37986149176876216,1.1358279824692605,0.8778607910580509,1.5224666573163228
1865-07-01,17220,-0.18343996706339621,1.1368700589364225,0.6968792109081499,1.2700547414834111
1865-08-01,17220,0.507015484692927,0.15173404861696274,0.311748245500589,1.1962722208714203
1865-09-01,17220,-0.03865456505060127,-0.4340267928721833,1.026439819844843,0.8128092824405818
1865-10-01,17220,-0.510356566334461,-0.7114147905771364,0.7565767043244056,0.45603321012052905
1865-11-01,17220,-0.7945789190254837,-0.6334906802862883,-0.5043261873296546,-0.07412130418824699
1865-12-01,17220,-2.4480004094623897,-2.191358785849412,-1.9664682135818736,-0.3040119551249561
1866-01-01,17220,-2.2155518958227933,-2.403447887279365,-2.477596066353304,-1.0681198056395722
1866-02-01,17220,-2.067950879341214,-2.3681661734395965,-2.3266796422507907,-2.085968420974775
1866-03-01,17220,-1.6937814952452404,-2.4069512204968055,-2.514861989283331,-2.426187904578067
1866-04-01,17220,-1.7482206177659012,-2.246082228186098,-2.478378851341097,-2.5109951263962595
1866-05-01,17220,-1.322626622043535,-2.2193892836228963,-2.4182272220826393,-2.3619690026724247
1866-06-01,17220,-0.7002567231657659,-1.7822372155947557,-2.269928824598099,-2.3639701583752295
1866-07-01,17220,0.4194413313567309,-1.413531417460548,-2.114194616274219,-2.3347701690181473
1866-08-01,17220,0.7152073405096548,-0.9931504362473642,-2.1341055829960585,-2.3438415438428946
1866-09-01,17220,0.22378705450343786,-0.5515910411359591,-1.7218641630043914,-2.210813662551713
1866-10-01,17220,-0.9343761765577171,-0.5122461933499459,-1.6427598979330311,-2.2338472259401936
1866-11-01,17220,-0.5219821504109166,-0.2864351701907409,-1.095683638045475,-2.2786173394171843
1866-12-01,17220,-0.7689874743407998,-0.7731582857220259,-0.9999704186599034,-1.7690032214923521
1867-01-01,17220,-0.8704901357076396,-1.215273926873591,-1.10338794005851,-1.8158234943639668
1867-02-01,17220,-0.950801811956292,-1.1784050152294383,-1.0744922032957263,-1.466770662059437
1867-03-01,17220,-1.0826373273666858,-1.3568419501753406,-1.366768622492938,-1.458181763189146
1867-04-01,17220,-0.9352092050233963,-1.2040642442139857,-1.4485985425384231,-1.376443385612579
1867-05-01,17220,-0.9968042690671839,-1.2719855514053344,-1.4379227977124576,-1.3490475969975502
1867-06-01,17220,0.06297488892550887,-1.0613263638376749,-1.2906056629268303,-1.2968405432780987
1867-07-01,17220,0.8618428091040001,-0.5575323519251526,-1.0211422355207618,-1.2556700949870239
1867-08-01,17220,1.3194742585891184,-0.33125785312427364,-1.0414526962081572,-1.225344503311124
1867-09-01,17220,0.6101010062038742,0.2200155555939623,-0.9630006417192084,-1.2199980771052181
1867-10-01,17220,0.24681620228955337,0.5598525926505529,-0.43680677565749515,-0.9712628382446155
1867-11-01,17220,0.6685217199763235,0.96325244441332,0.17812244446496306,-0.6690789200820983
1867-12-01,17220,0.9077938024708675,0.9177881224983002,0.7580615471259737,-0.21392649054528545
1868-01-01,17220,1.3308899441162652,1.2151773510283086,1.2843744644072563,0.7227003502018816
1868-02-01,17220,0.3253132019214275,0.5902697607599537,0.7748706621033357,0.32060053804129757
1868-03-01,17220,1.6327897671054372,1.6671308050178404,1.636443143427845,1.49179775771742
1868-04-01,17220,1.1737813986817645,1.6624375466609664,1.529862533759053,1.5813662918669007
1868-05-01,17220,1.8530734825984951,1.4492102682248253,1.4792966513941694,1.580826315066585
1868-06-01,17220,-0.2278523582233985,1.478472523774111,1.578832951379914,1.5467147834552164
1868-07-01,17220,0.40955837158300257,1.1722914572697465,1.705076511514945,1.562507818330918
1868-08-01,17220,0.8829283174470657,1.821938959308187,1.5139674442991171,1.529485440217361
1868-09-01,17220,0.5532780317323938,-0.01731689271700052,1.4650371147062347,1.6021514741059728
1868-10-01,17220,0.07226925490179066,0.1039410286877352,0.9255111131676628,1.4992855497511481
1868-11-01,17220,0.46151729906503963,0.6440183795789648,1.5903150877494903,1.4428597008981325
1868-12-01,17220,-0.9213714620676676,-0.7930680306540063,-0.8484965754059548,0.6726832598932132
1869-01-01,17220,-1.0068130511205902,-1.0539168556710148,-0.9493519941811903,-0.0011091105953279492
1869-02-01,17220,-1.7755854474487902,-1.497977476902183,-1.360929372104522,0.01338726758148522
1869-03-01,17220,1.0128849824611932,0.2085188648551524,0.2563708764415887,0.11964145223818462
1869-04-01,17220,1.4432326961427178,0.2721120520130989,0.2028215886163029,0.2281550765723783
1869-05-01,17220,1.9602328677927843,-0.171153142588355,0.006829465034356127,0.10724742123561594
1869-06-01,17220,-0.24377714074724222,0.8013648899102915,0.028447084278984396,0.08440785753926537
1869-07-01,17220,-0.4614106471411144,1.2940139465890645,0.10309346716378327,0.046854340674833864
1869-08-01,17220,0.4563436164225003,1.8648364356806244,-0.13313509288959427,0.04013000887996922
1869-09-01,17220,-0.2047809187109543,-0.39442919756149225,0.6666002551036218,-0.05923570955369439
1869-10-01,17220,0.10899961556239918,-0.37093700499682924,1.0369166106576324,0.043708477050432584
1869-11-01,17220,0.018724569073490235,0.11479033796102954,1.472832775711839,-0.1582170602592685
1869-12-01,17220,-1.3157039501071766,-1.3606102788245542,-1.301045817289448,-0.22423594791862692
1870-01-01,17220,-0.8493356498731802,-0.8904101466407804,-1.0254145618119963,0.215593140430414
1870-02-01,17220,-0.9635616438810517,-0.9354023294932478,-0.8810265670267635,0.520329799414986
1870-03-01,17220,-0.1286760610133492,-0.92671021854902,-0.9924235062413574,-1.0196515487906141
1870-04-01,17220,-0.02631555454712205,-0.7730128268177165,-0.8044210286676732,-0.9134943108810281
1870-05-01,17220,-0.24640349385948573,-1.0210249658118562,-0.9984711709155397,-0.9512945555028157
1870-06-01,17220,-0.13925530393831131,-0.2894260899159477,-0.9742838540204936,-1.0277722458356247
1870-07-01,17220,-1.3789366584918934,-0.5504881385329775,-1.0046574354873952,-1.0390832973565693
1870-08-01,17220,0.46490924822655827,-0.13616726230839346,-0.971024663989739,-0.9523235168449972
1870-09-01,17220,1.9795340344829708,1.251716763987843,0.5551203680120238,-0.31909703099699094
1870-10-01,17220,1.824369913725069,1.5945486873696524,1.0296934300557437,0.13678875479514335
1870-11-01,17220,0.983969879727732,1.0031057413160518,0.5653548901317212,-0.3834259556038083
1870-12-01,17220,0.3558242486208894,1.0884094104112514,0.8743805574354919,0.5234613311876272
1871-01-01,17220,0.8452226736139313,1.699713422168936,1.452823918021952,1.208282967979216
1871-02-01,17220,0.9666299749724676,1.2679719484871246,1.2522916744586374,1.011924096420233
1871-03-01,17220,0.4986223550691154,0.4810410653725825,1.049639788268081,0.8890985726753226
1871-04-01,17220,-1.6534534346912515,-0.2207546953349224,0.8839991559620578,0.6469181616926183
1871-05-01,17220,-0.9496805043196069,0.42389354066452706,0.8283887984161705,0.8310645823555467
1871-06-01,17220,-0.25444198615013286,0.2704155234564399,0.29491798956097187,0.8968551527990638
1871-07-01,17220,0.38956922756974444,-1.3612437791249552,-0.21039218741534713,0.8955802028595545
1871-08-01,17220,0.3029393825165958,-0.8356006630950633,0.42633253902518947,0.8250961324707304
1871-09-01,17220,-0.16166197719319464,-0.38570577822541907,0.14909548995922123,0.21019218098389966
1871-10-01,17220,-0.06425897355057052,-0.00880456291946228,-1.3049009941845375,-0.28912813162915363
1871-11-01,17220,0.940394672870098,0.933825927260686,0.16721838863636243,0.8059318349735872
1871-12-01,17220,0.7292395050398485,0.5916890975161745,0.35292323004750814,0.48551872671876894
1872-01-01,17220,0.2685377055831336,0.1041549555767842,0.14405651367865074,-0.7489702663751132
1872-02-01,17220,-0.9778867128146308,-0.33287751323992043,-0.31261140862391107,-0.6891941287309179
1872-03-01,17220,-1.5542705393254548,-0.7301289796788181,-0.7887711484854513,-0.8388409443867963
1872-04-01,17220,-0.6040488931838502,-0.2562921226566689,-0.3421306771538114,-0.30052999382286916
1872-05-01,17220,0.7201893365040032,-0.568886264315905,-0.0456284578144773,-0.03904243614038801
1872-06-01,17220,1.7506870501192864,-0.4429843195183151,0.052076965043271146,-0.0024754055094892767
1872-07-01,17220,1.2668859373119057,0.03738439953624708,0.1017536809748188,0.009647519720971928
1872-08-01,17220,0.7152073405096534,0.7925303548022608,-0.47819820174453675,0.03113263307400257
1872-09-01,17220,-0.24901864852975777,1.3748036067599343,-0.5456757384004891,-0.041105886747491154
1872-10-01,17220,-1.9268901990567366,0.12443332613824933,-0.4973791320294644,-0.27435072004241434
1872-11-01,17220,-0.9148578633600176,-0.651356966492312,-0.02536727282266907,-0.8304430729126642
1872-12-01,17220,-0.630262726227104,-0.7706739842937484,0.3870525455716241,-0.8594951779029978
1873-01-01,17220,-0.7685289352017171,-1.2803613935651332,-0.7207583444587049,-0.9981482022787945
1873-02-01,17220,-0.3277041709740918,-0.7725740061266455,-0.6695452268890161,-0.3060050427238273
1873-03-01,17220,-0.4168815643830057,-0.8064526388351078,-0.8770303194723645,-0.042235004996806984
1873-04-01,17220,0.012736573606187303,-0.6969216243938804,-1.0615869578636912,-0.6726821751328302
1873-05-01,17220,-0.2464034938594863,-0.48718042464397293,-0.863454623780706,-0.7764741409781779
1873-06-01,17220,0.2318449417312385,-0.41304362536989764,-0.7729176597771318,-0.8298564642059426
1873-07-01,17220,0.9407483704374769,0.28157267595076124,-0.49380189760638127,-0.8496669159044126
1873-08-01,17220,0.1543704278587098,-0.23862177530666293,-0.48951386981666656,-0.8596793774467265
1873-09-01,17220,1.5803107305589983,0.9939651955909358,0.0875436488989839,-0.3909817067236721
1873-10-01,17220,1.303473982336702,1.4345707568051442,0.8959612314688039,0.05721390564501426
1873-11-01,17220,0.8973313785768746,0.86786582561642,0.43224189964034315,0.009449076347355756
1873-12-01,17220,-0.5307704457326988,0.12483841406646605,0.0935415157498557,-0.34122816549451357
1874-01-01,17220,-1.8168549883718932,-0.9885287184567637,-0.6510195015168164,-0.615108448981155
1874-02-01,17220,-1.0206698635485763,-0.4108157395428424,-0.4114529440993032,-0.5240239947093002
1874-03-01,17220,-0.6994281647025364,-0.959456211020307,-0.5093722287373537,-0.4566393710510726
1874-04-01,17220,0.22768977689349712,-1.2793509480381346,-0.7335542136180085,-0.5027945814632471
1874-05-01,17220,-1.2044445086178963,-1.3902577018208992,-0.8876123092206294,-0.881808656748332
1874-06-01,17220,-1.8400406082018739,-1.2354591512998856,-1.3146135896562177,-0.9419384434495093
1874-07-01,17220,-1.1263697745436798,-0.2522579600584479,-1.4350477704302655,-0.9487250115749981
1874-08-01,17220,-0.4900376571707501,-1.3325193782519074,-1.440795937339709,-0.9498345094361381
1874-09-01,17220,-0.5667267108150462,-1.8942043719679091,-1.3202603357065157,-1.3837473133046025
1874-10-01,17220,-1.3868881606866377,-1.8180863206613322,-0.6738006387824284,-1.6258864133391147
1874-11-01,17220,1.3009378878089373,1.1807467850894142,0.34423235814464453,-0.6044828100762285
1874-12-01,17220,1.6009773831491558,1.5175801713634565,1.0407787781838616,0.33528104933636277
1875-01-01,17220,1.7366112750952354,1.37520007112456,1.1352216479356918,1.0034756292068612
1875-02-01,17220,1.6734811432569956,1.9349296575425043,1.8286641869624525,1.3929240665961815
1875-03-01,17220,1.7531858491341852,2.2078712997497068,2.0636747792023087,1.7247275974721625
1875-04-01,17220,1.8470477071276217,2.469865865280815,2.0951767226410363,1.913547266428313
1875-05-01,17220,0.9456327386488954,1.8526499011907183,2.083467813549376,1.9898294610601663
1875-06-01,17220,-0.5335668040186143,1.5482331117029235,2.165914727831532,1.9948581631335942
1875-07-01,17220,-0.7078301764325111,1.78186568481011,2.450902813937298,2.0437800490818296
1875-08-01,17220,0.2053565732321888,0.8771431383204221,1.822903800341634,2.052028286960914
1875-09-01,17220,0.4697669941800513,-0.2852609168283839,1.519344151920917,2.191113422321939
1875-10-01,17220,0.8335059197298066,0.31395067708763874,1.637699146085167,2.326378481409048
1875-11-01,17220,0.8891188349470531,0.8687311561949039,1.0695752755065036,1.8502225390219724
1875-12-01,17220,0.5842679730859345,0.5630518819867627,0.24551909758050225,1.431006352385746
1876-01-01,17220,-0.22194230699047013,0.06891728499310194,-0.13524545419212253,1.1759751459509546
1876-02-01,17220,-1.0032747730546592,-0.40086817100100836,-0.3941849215619752,0.05904245962974691
1876-03-01,17220,-1.002269728550031,-0.4333430894484406,-0.3863287255395596,-0.5405313566307546
1876-04-01,17220,-0.12353332763219899,-0.38578073001763424,-0.13337317214838817,-0.298602275970507
1876-05-01,17220,0.41311036581702837,-0.7632484216289728,-0.26546045515965494,-0.2663665828405909
1876-06-01,17220,1.3136889862226773,-0.33715460948863185,0.011361802129747259,0.05191753160258116
1876-07-01,17220,1.1341737271253496,0.30673724519878254,-0.09806986341480514,0.1418712544388122
1876-08-01,17220,1.8009649115431525,1.036003726706291,-0.31576960922607494,0.14047398931044586
1876-09-01,17220,0.7049166693470909,1.1850830010351867,-0.24657942796968782,0.07267632294565514
1876-10-01,17220,-0.25449273149076906,0.5274037061679401,0.09854286241995165,-0.2287447151000642
1876-11-01,17220,0.6043485720208424,1.1346494677511552,0.9992558645947237,-0.022621510623123387
1876-12-01,17220,1.1487138203958063,1.1801336004180971,1.4063021419211177,0.5841376949245681
1877-01-01,17220,0.8480291947527449,0.6172623013338145,0.8714386142359551,0.6134429045182911
1877-02-01,17220,0.15715881941772694,0.4136236497064121,0.7865280132064368,0.791447447911044
1877-03-01,17220,-0.061471098564447886,0.7624632803604117,0.8102303299651794,1.0647667802925362
1877-04-01,17220,0.40540962628384325,0.7740161432887909,0.6032047278640248,0.8260837207721331
1877-05-01,17220,1.322260822929225,0.8445810685944113,0.9527682047165121,1.234217093560142
1877-06-01,17220,1.391370937714413,0.5570717573111852,1.1309405548070839,1.1503660364741783
1877-07-01,17220,1.6149459232618573,1.1538824198895559,1.297590784900422,1.0963134814344335
1877-08-01,17220,1.4413220521684726,1.5054280728307405,1.0741343366040883,1.1412135531604672
1877-09-01,17220,0.5725141878268942,1.209423345808683,0.5707569996332575,1.1541449440413776
1877-10-01,17220,1.1465915489650702,1.6952037014501307,1.3355988431877124,1.4788656842323802
1877-11-01,17220,1.3158681678276436,1.5022396304574281,1.75383948109225,1.5158840427492963
1877-12-01,17220,1.2858385173235285,1.2958585619888567,1.5295713540824247,1.2760113618783644
1878-01-01,17220,1.0623747007725342,1.3284020294744798,1.651712301063685,1.5422948644450738
1878-02-01,17220,0.23763063554928213,0.9896875986758991,1.1636043359106816,1.478115688886372
1878-03-01,17220,0.16640560446223765,1.0378616263118443,1.0446842307060789,1.284518846064212
1878-04-01,17220,0.7567534566621967,1.1697807109588472,1.3945809965304008,1.7069543821518374
1878-05-01,17220,1.0871625056498053,0.7310222910089476,1.287407053698295,1.4302295689108313
1878-06-01,17220,1.3247665820707308,0.7006971163537019,1.3517322204168154,1.332860461514978
1878-07-01,17220,0.16007535315463353,0.6359513881826702,1.1389785619826582,1.3807205419573245
1878-08-01,17220,1.2977304966684404,1.2747217411097687,0.9254711353881485,1.4175147295436399
1878-09-01,17220,1.23790029451559,1.3882089589459976,0.9203391964995381,1.514412202987835
1878-10-01,17220,-0.14293430379306507,-0.22452283942977116,0.41256430068596295,0.936000810145029
1878-11-01,17220,-2.1573755515527786,-1.3695119835501164,-0.038813195961436946,0.10629539436111217
1878-12-01,17220,-0.3349470890518637,0.03406061846595623,0.5684920115918917,0.4337401197276135
1879-01-01,17220,-0.06330050126869179,-0.23872736565270114,-0.24594064808463323,0.1761073355003233
1879-02-01,17220,0.3236998834385398,-0.6117293174818506,-0.35446302970309956,0.18038561175481416
1879-03-01,17220,-0.6465310911284761,-0.8122003733064382,-0.5353679656415664,-0.0360200947605939
1879-04-01,17220,-1.1220337195563341,-0.7455561821452347,-0.8436155809227915,-0.8412982152139659
1879-05-01,17220,-0.3293198868183874,0.04884790233032177,-0.7596541755693759,-0.5407027186786819
1879-06-01,17220,0.05110325182487723,-0.6864314385797062,-0.8276270865713947,-0.5779589106919307
1879-07-01,17220,0.8703332535440104,-0.6974284255740224,-0.5693716038539529,-0.6637362042875078
1879-08-01,17220,-0.059549002156725414,-0.378467868514836,0.008760462666183322,-0.7818740954262327
1879-09-01,17220,0.89329627435077,0.37847951489341586,-0.520013230374433,-0.7052495914241407
1879-10-01,17220,0.9839671043975933,1.1171724218373233,-0.0668108498658304,-0.2342942747729762
1879-11-01,17220,0.8716350136594383,0.8086755634354531,0.334760773161817,0.42470546404902093
1879-12-01,17220,-0.18854671089467817,-0.017609593414258853,-0.0975768622598228,-0.6281798226931511
1880-01-01,17220,-1.1653798145536263,-0.6782419158136568,-0.39419942662218965,-0.9792458948413263
1880-02-01,17220,-1.7728660741688227,-1.2095220772760746,-1.2310374611026007,-1.270214490339793
1880-03-01,17220,-1.2732847978269555,-1.1887877645008462,-1.0427313552626771,-0.9891717346241496
1880-04-01,17220,-0.5899291713457328,-1.2460447911808488,-0.9293445360616409,-0.7233154864271633
1880-05-01,17220,0.9941844836270752,-1.1308827706405202,-0.6390344997402891,-0.6629688572106799
1880-06-01,17220,1.1703474544395027,-0.6941980097149694,-0.7577481938412213,-0.6160865743610909
1880-07-01,17220,1.1953850457456656,-0.018237220165841204,-0.926072438844842,-0.6043740356923094
1880-08-01,17220,0.498689318757971,0.981200317067791,-1.0749960797771676,-0.5901690330476245
1880-09-01,17220,1.1814628067778683,1.2600009907673155,-0.4126478627972305,-0.5498678325762009
1880-10-01,17220,0.34530182888676286,0.8953838763784164,0.05902697127529169,-0.8506610583934787
1880-11-01,17220,0.33990348873666176,0.422911401347246,0.8040283708324217,-0.8849475559704878
1880-12-01,17220,-0.7774664796888912,-0.3615931580884562,0.1857648804733548,-0.8268779337878583
1902-01-01,17220,-0.45401161970394777,-0.41633570831773764,0.028277988833494725,-0.3683131762049456
1902-02-01,17220,-0.9252084920550743,-0.7175077308276203,-0.6574435541028242,-0.13130714729188034
1902-03-01,17220,-0.4934215038838653,-0.9381097578590355,-0.6859071814019154,-0.2504094793546339
1902-04-01,17220,-0.825881174213411,-0.888114201193447,-0.8462237423010842,-0.4963478919341367
1902-05-01,17220,-0.1452585870298398,-0.9490359927676528,-0.7789712108916458,-0.7284286426744251
1902-06-01,17220,-0.06838827259644302,-0.5936326523227258,-0.9669460628333785,-0.7432956539701185
1902-07-01,17220,0.57683637071971,-0.6444996289075523,-0.8043338294313179,-0.7631787886360786
1902-08-01,17220,0.05870845983473273,-0.17305436726813342,-0.9552365239854989,-0.7875904210622119
1902-09-01,17220,-0.5667267108150462,-0.3770099324081333,-0.7290725589407004,-1.0565267293682676
1902-10-01,17220,-0.14832669371077234,0.07630287801168893,-0.6841716755032925,-0.8610979257987857
1902-11-01,17220,-0.5012564327988287,-0.5110835869247112,-0.5652623684065229,-1.1227902060852974
1902-12-01,17220,0.6527430368240339,0.4522264158750971,0.27856561328214646,-0.24742095713127732
1905-01-01,17220,0.32148652215087464,0.12912666873137504,0.22723344677603394,-0.3026053262477559
1905-02-01,17220,0.31281750562553673,-0.014775499919695694,-0.0371048456426299,-0.1540775567373582
1905-03-01,17220,-0.4462250197162791,0.03376927666734787,-0.0761009664292993,-0.1474592471750194
1905-04-01,17220,-0.6560335934954264,-0.23846866030227523,-0.34606539259322155,-0.2529737220993714
1905-05-01,17220,-1.2215312570518906,-0.30577853459043614,-0.5539252041860387,-0.5663346095548237
1905-06-01,17220,-1.8006987286334089,-1.0185185217346826,-0.4549229287104448,-0.5461760789317505
1905-07-01,17220,-1.0677781855392725,-1.0462137147595725,-0.4781492337739867,-0.5748481334648576
1905-08-01,17220,-0.019307543311397175,-1.205438160392859,-0.3343263575979405,-0.574596888522695
1905-09-01,17220,-0.8684069487694375,-2.0070382899470025,-1.153101007978362,-0.5950735734890824
1905-10-01,17220,0.6750188331202838,0.002015708211441826,-0.606267427442934,-0.30138421483941463
1905-11-01,17220,0.32479678997937217,0.2824173626551806,-0.605883887355863,-0.19321191555897427
1905-12-01,17220,-1.037024198345656,-1.256494090380026,-1.7200439989517253,-1.4536397624267259
1906-01-01,17220,-1.3999052601022155,-1.1301298595528357,-1.3679901333954032,-1.5325537023649134
1906-02-01,17220,-0.7925771334365548,-0.6009879557464789,-0.6226541637900501,-1.0498501182148186
1906-03-01,17220,0.26355074650820154,-0.49564562166294757,-0.6337534781237111,-1.0092802750776806
1906-04-01,17220,0.44063545737005355,-0.8791383628982767,-0.7058958366020494,-0.8958021561456071
1906-05-01,17220,-0.24298673184752062,-0.8773750112437855,-0.7183106226753255,-0.7360298475087529
1906-06-01,17220,-0.5103575351386641,-0.04040079575033632,-0.6852613827476214,-0.8019332035201383
1906-07-01,17220,-0.1908081081302278,0.19229015818588188,-0.9595860177504097,-0.7983860260219894
1906-08-01,17220,-0.03706174160062396,-0.2912043879655001,-0.8963328156414494,-0.7386402503481134
1906-09-01,17220,-0.08424111831538414,-0.558764256302632,-0.13811916221484286,-0.7385613923199243
1906-10-01,17220,0.5361524728530969,0.1729536753081653,0.32010040820317204,-0.8198878453600934
1906-11-01,17220,-0.39940433699682654,-0.4383618410153254,-0.5812051977921378,-1.0309668061896382
1906-12-01,17220,0.9199740220453736,0.8074028471730915,0.49638953450831186,0.4380050426669478
1907-01-01,17220,0.17214653369741562,0.2507667802247368,0.13864967121853167,0.2685599153350016
1907-02-01,17220,0.43559184899228415,0.14132299422335534,0.10322029131048574,-0.06563862230763848
1907-03-01,17220,0.5968463008574357,0.966984487831175,0.8935006706153193,0.6695409201932808
1907-04-01,17220,1.2514224938105465,0.870247690512213,0.8951191896230039,0.78691563243246
1907-05-01,17220,1.3011630112839896,1.0465366881850011,0.7213792301139653,0.6705554985941826
1907-06-01,17220,-0.25978890267114646,0.36700090247926787,0.7983225347610226,0.7294193756665829
1907-07-01,17220,-0.7371868993087788,1.0058030456766,0.6817588081200927,0.7306325530989557
1907-08-01,17220,1.6328424439176732,1.5567844282035015,1.3224001186906593,0.9861898187272561
1907-09-01,17220,1.2879529225218163,0.49263403214954604,0.6374351056261409,1.0011968979082837
1907-10-01,17220,0.19676954823279635,-0.41303563833079665,0.8247870665473226,0.5952953238643084
1907-11-01,17220,-1.8274641097808182,-0.7384449488750638,0.4620561555108443,0.5961512979524795
1907-12-01,17220,-0.619376602699378,-0.1647271507345644,-0.33725458843797346,0.055479203432814386
1929-01-01,17220,0.41039553763494785,0.32788777861713164,0.11658446510959805,0.798383115761868
1929-02-01,17220,1.4509387086996728,0.6518492762675213,0.9258171493919488,1.2892304940323296
1929-03-01,17220,1.6805264482690925,0.9929837541861565,1.1569206700998484,0.9716630592035033
1929-04-01,17220,1.5772796464428085,1.3372784881212714,1.2248351589646111,1.0529980599538118
1929-05-01,17220,0.7707882089422758,1.573333585693823,0.8351106431429148,1.0733467853604812
1929-06-01,17220,-0.13925530393831273,1.551790544388918,0.8526789751876936,1.0350220278179623
1929-07-01,17220,-1.2361878423086514,1.3620973343189577,1.1344119854297592,1.0398241609424652
1929-08-01,17220,-0.591242149403062,0.5715824362115463,1.4781017197195685,0.7482951024460449
1929-09-01,17220,1.884514701004913,1.1440245976247163,1.9929011161470696,1.3278546028771476
1929-10-01,17220,1.327401043969176,0.8650713533352442,1.57263696925968,1.4475092419656104
1929-11-01,17220,0.42101366967906045,0.2700127744740734,0.5494922782043151,1.398478280611159
1929-12-01,17220,-1.622868079820155,-0.31370769011339744,-0.42063193699655294,0.9728440450868097
1930-01-01,17220,-1.1253639351439086,-0.29458988664152186,-0.5747454053109955,0.652151079503239
1930-02-01,17220,-0.3597629778916674,-0.14497288080721615,-0.23971548439534135,0.08700676665728613
1930-03-01,17220,-0.0404538708078724,-0.9935326444866042,-0.31981558325640586,-0.38668250715760044
1930-04-01,17220,-0.2627637302064914,-1.0745850710432734,-0.4885300964796348,-0.704743567187366
1930-05-01,17220,0.04833725025426496,-0.3844858361749574,-0.20788543545893695,-0.2941656267102106
1930-06-01,17220,0.7683215761387187,0.17596654404326809,-0.760278700817825,-0.14828308057556502
1930-07-01,17220,1.2962937423336518,0.3338205981171705,-0.6997106293653638,-0.11547469860590936
1930-08-01,17220,0.863922511515093,0.27285996869685747,-0.2641178522764228,-0.09940324678668348
1930-09-01,17220,1.3261675916858593,1.086468428742936,0.4809993939120951,-0.49803088946402674
1930-10-01,17220,2.388199552755983,2.6524506276970334,2.2103395314090992,1.5274534613820523
1930-11-01,17220,2.2742159818375303,2.22293987854111,2.063925697939773,1.608506392401294
1930-12-01,17220,1.8507563992278007,2.003333103114061,1.9835037127106527,1.859354829469814
1931-01-01,17220,0.0019671979453392075,2.0875201191245587,2.1447808449031873,1.85305704047029
1931-02-01,17220,0.36871451512867304,2.024872893197238,2.009556120645634,1.8225885498560772
1931-03-01,17220,0.5985158102203502,1.8633006947589705,1.9252191648947583,1.8806847111925533
1931-04-01,17220,1.007400191588463,0.5377933809140762,2.1917396812413212,2.281320018689937
1931-05-01,17220,1.3619906592180442,1.0415866467325634,2.319907784869509,2.310923706793139
1931-06-01,17220,1.5400290319833498,1.2127732411355239,2.2257632607046025,2.2377721772470465
1931-07-01,17220,0.3692770997225147,0.9760048826239874,0.5362056159330452,2.2500458794132507
1931-08-01,17220,-1.0937707365891443,1.1188317959118685,0.901586968718656,2.2255234964961845
1931-09-01,17220,0.7190631597641232,1.3703004534119887,1.2394031978398308,2.2818404525438156
1931-10-01,17220,0.08615604447597086,0.08670957228079712,0.7662623960177144,0.433673657747969
1931-11-01,17220,0.2710356700366781,0.02983634640689253,0.8781028373396428,0.856695622856144
1931-12-01,17220,-0.5017141778310901,-0.36503463968888905,0.45551693343768956,0.6381674464242929
1932-01-01,17220,-0.7762257702057023,-0.8304731949380803,-0.7469960801245102,-0.0011091105953273926
1932-02-01,17220,-1.0222488211730878,-0.8518873030059345,-0.9832468753532296,-0.14156863166612604
1932-03-01,17220,-0.272145341713233,-0.630397748341951,-0.5245333574580852,0.10391325998934639
1932-04-01,17220,0.668528737277998,-0.28770268383030245,-0.3314888964816865,-0.2953897532572559
1932-05-01,17220,0.7525486506230724,-0.5888384244595021,-0.4750491436185001,-0.5945982844123593
1932-06-01,17220,-0.033662069137143834,-0.3830644561010173,-0.6903706482654334,-0.5908932698409581
1932-07-01,17220,-1.022060016284243,0.24777856072649201,-0.5197268659952085,-0.5556465615249875
1932-08-01,17220,-0.47591692015560905,0.5715824362115469,-0.6617103126652122,-0.5435713839641916
1932-09-01,17220,-0.5800940945185559,-0.3510874642204204,-0.5340936060685654,-0.7953411884907542
1932-10-01,17220,0.2136617707666614,-0.5122461933499435,0.21608959625505145,-0.5032944648124498
1932-11-01,17220,-0.24267141932858236,-0.39329637978014403,0.14163781133263872,-0.7526059303010253
1932-12-01,17220,-1.1804496508048368,-1.328434317229994,-1.1919400300998508,-1.0743280409472864
1933-01-01,17220,-0.9588661780964446,-0.9503718176440025,-1.185012138544785,-0.6081575384229416
1933-02-01,17220,-0.36819541307579146,-0.5150476562326729,-0.5924111217836009,-0.22150785035278203
1933-03-01,17220,0.24718380132460804,-0.5768090123978203,-0.6859071814019148,-0.6899684683185162
1933-04-01,17220,0.32250704505166866,-0.6493010330692436,-0.6491119250612999,-0.8362161109464888
1933-05-01,17220,0.9374016942131418,0.11458747255732053,-0.07192663324665144,-0.15081595477160442
1933-06-01,17220,1.655592274444629,1.0248089470045185,0.1136073718961264,0.012911487764605838
1933-07-01,17220,1.7886192331142134,1.279541480710297,0.12318386174192449,0.10690156024530585
1933-08-01,17220,1.2755391081395109,1.1497602718111257,0.3342359620239374,0.1322072122311276
1933-09-01,17220,0.6405533943061202,1.445966228213472,1.0389547838542639,0.1589308434904335
1933-10-01,17220,-0.18108217663341059,1.301584981853558,0.9533581703574607,-0.009170824762815909
1933-11-01,17220,-0.4806487059346718,0.04376350693579242,0.5351281679011161,0.05927646596710831
1933-12-01,17220,-0.3224698559876452,-0.23737057211575213,0.6321035522473881,0.5429492288216058
1934-01-01,17220,-0.37801349295614434,-0.5502972913223619,0.4170021855117319,0.42770438654062326
1934-02-01,17220,-0.18586703599690535,-0.4598346942553311,-0.21454117844928575,0.20224569770566572
1934-03-01,17220,-0.43061171250966157,-0.6463179059466978,-0.5599409742320605,0.153347468994553
1934-04-01,17220,-0.755884938388437,-0.8055549887145178,-0.9125159370225167,-0.129129045048214
1934-05-01,17220,-1.4592205521830302,-0.8157783895786869,-1.00596545726622,-0.7941160028229495
1934-06-01,17220,-1.4197981759487677,-0.9204895916940636,-0.9913676642274225,-0.915625645471545
1934-07-01,17220,0.45345909368336307,-0.6515559221062077,-0.7585062269167216,-0.86087856432576
1934-08-01,17220,0.9679613621849167,-0.9709132252556278,-0.6700146760796714,-0.8710057873328393
1934-09-01,17220,0.6405533943061202,-0.79118574875245,-0.8207898541336446,-0.9228458332066368
1934-10-01,17220,0.5084558966838947,0.47750980343330346,-0.37480764079136525,-0.6347651050508185
1934-11-01,17220,0.08159566369483848,0.3528097833948727,-0.6670430710985409,-0.6213031390079781
1934-12-01,17220,-0.8805853744454627,-0.723661199584155,-1.1816774276079838,-1.1613104021605083
1935-01-01,17220,-0.3761192114999777,-0.2631162467207473,-0.17843709196277113,-0.6262350157096729
1935-02-01,17220,-0.539576593851294,-0.5058421315386028,-0.3484763779432256,-0.8870976595788743
1935-03-01,17220,0.44502214145889085,-0.2715792436023881,-0.1893816345309845,-0.5385771628013976
1935-04-01,17220,-0.11343136784228716,-0.49139137660916,-0.38737692182356526,-0.3275330831018702
1935-05-01,17220,0.08253935225855229,-0.5231058369981614,-0.5066630490469083,-0.3743362167372696
1935-06-01,17220,-0.5863412387831807,0.1153145712822043,-0.5019578559527992,-0.41890074951788714
1935-07-01,17220,-0.9884152226696937,-0.5575323519251512,-0.7072518332035514,-0.6056538369999133
1935-08-01,17220,-0.8227040871457466,-0.15763318683982241,-0.6297888125014145,-0.6043787597828064
1935-09-01,17220,1.660993546124721,0.7169663970233462,0.6297293694970436,-0.07218766371649543
1935-10-01,17220,1.6226152101432632,1.3385374780695325,0.7384699161812193,0.16483563672323226
1935-11-01,17220,1.4070289761525476,1.259194734864526,0.9706455609910515,0.3074065112187386
1935-12-01,17220,1.1960185132371008,1.5102369413862735,1.2303623696893495,1.2292430479665613
1936-01-01,17220,0.11784600581952688,1.0350153718999338,0.7983496872674521,0.5498986540437341
1936-02-01,17220,0.9832064066472509,1.5490340788403618,1.4279684763004066,1.2701891706453075
1936-03-01,17220,0.8255629429473034,1.3382293063733703,1.5707951941180283,1.3350743538076786
1936-04-01,17220,1.2862482034422298,0.8654917646654156,1.4661937046469649,1.2774917030131976
1936-05-01,17220,0.6392148426662896,1.0932227006212842,1.6063902209266816,1.4943247756529123
1936-06-01,17220,0.2623791436293608,0.7706719380731978,1.313051034182732,1.5591601028642565
1936-07-01,17220,0.747061282592571,1.4076113478746806,0.9723839147730043,1.5642188470091272
1936-08-01,17220,0.2352349417064997,0.5987276915577362,1.075337988429931,1.5836134871178194
1936-09-01,17220,1.0700849310813036,0.6247346687099841,0.9203391964995418,1.433762556143256
1936-10-01,17220,0.5603752706914743,0.700693481639155,1.2622621377109642,0.9644368633101749
1936-11-01,17220,0.7181685478823321,0.7127919223169651,0.7710494544065106,1.1954521528339517
1936-12-01,17220,-0.5175332682925724,-0.2129954908116214,-0.17793902313584556,0.3453104171559403
1937-01-01,17220,-0.7223526469978633,-0.5556842769122704,-0.33769570265959276,0.5276490956832762
1937-02-01,17220,-1.1872632345256888,-0.7175077308276203,-0.7013110286440736,-0.37794991473751555
1937-03-01,17220,-1.1963630032235768,-1.3130814040358838,-1.114371524456522,-0.9937139729659358
1937-04-01,17220,-1.2603419812455772,-1.240071213596013,-1.1313485963831267,-0.9676589317982949
1937-05-01,17220,-1.744122817197419,-1.6665226451453714,-1.2924914906411162,-1.270862208523091
1937-06-01,17220,-1.2651434112927937,-1.5130844131208987,-1.50970270739136,-1.355855929089683
1937-07-01,17220,-1.2741344515031687,-1.5488836552789054,-1.412911269743391,-1.3298375124940105
1937-08-01,17220,-0.7121282613355501,-1.9239187017194221,-1.725465706640898,-1.3642882977642437
1937-09-01,17220,-0.4379650463759642,-1.3392673003720086,-1.5603361527599162,-1.5562615179815085
1937-10-01,17220,0.643013223400632,-0.10102789500706742,-1.0917523952632338,-1.2335239284412949
1937-11-01,17220,1.105777862422554,0.9600135641402446,-0.16965900479082216,-1.0908563551091779
1937-12-01,17220,0.9413829611946031,0.7848614551099843,0.2897645992903525,-0.6983568365963875
1938-01-01,17220,0.09488413796370952,0.235874759490845,-0.050761427964283255,-0.7503678890071775
1938-02-01,17220,-0.2719844350887246,0.432623725074598,0.32057546037361706,-0.35960311237910225
1938-03-01,17220,-0.554296677117739,0.23016648655405025,0.13237799049893942,-0.20834150326379056
1938-04-01,17220,0.1617092114302517,0.012920836695179941,0.15448906713437474,-0.08091844878830275
1938-05-01,17220,-0.31537986109785643,-0.4684476497528116,0.17434986095380406,0.07055200738557663
1938-06-01,17220,0.20086643266007936,-0.5482562232988492,0.16834491594277148,0.08059151063145163
1938-07-01,17220,-0.12561431701381331,-0.06985418141260018,-0.09672989104292587,0.05325789210785654
1938-08-01,17220,-1.09377073658914,-0.6057523052224528,-0.5991286490321088,0.047836098332734445
1938-09-01,17220,0.019487848493032364,0.056412507839627854,-0.6017475883523363,0.10748655326389231
1938-10-01,17220,-0.4507580883424232,-0.632991105320092,-0.2859633038380617,-0.266959221506106
1938-11-01,17220,-0.7539808175099024,-1.081046926654641,-1.00169180579016,-0.8849475559704878
1938-12-01,17220,-0.5281190421952487,-0.6137923043140289,-0.5303161471587469,-0.8546746163300526
1939-01-01,17220,-0.47688897812255804,-0.7252873121247203,-0.7890629956405689,-0.6373676401193022
1939-02-01,17220,-0.6478121611383084,-0.9973581822508436,-1.1266167105806228,-1.1742485331673584
1939-03-01,17220,0.4310683885523029,-0.10143559186917799,-0.1374526294338382,-0.1311179555587492
1939-04-01,17220,0.4529372237604942,-0.2262236111721993,-0.40201934124832006,-0.4692694517628952
1939-05-01,17220,1.045212428008084,-0.05080994075501034,-0.4182963586056209,-0.5394174280994196
1939-06-01,17220,-0.15985037665858426,0.23448762102289336,-0.24459594783555264,-0.27043403861987575
1939-07-01,17220,0.7583287418118947,0.5727008754586608,-0.102089486984277,-0.27368244668489583
1939-08-01,17220,1.0957965884335181,1.176894788371532,0.1214301337381345,-0.2543575376876924
1939-09-01,17220,0.8134668096524758,0.18970868192858067,0.3298999777612474,-0.152490693165583
1939-10-01,17220,-0.26609384253536433,0.15814151077705332,0.32268171048525063,-0.23491084978550733
1939-11-01,17220,-1.003306557631076,-0.5145166319337419,0.32525814106713985,-0.319542799850828
1939-12-01,17220,0.344494805236565,0.4312885448094362,0.2300791273984054,0.34155087576515863
1940-01-01,17220,0.9089653743281272,0.6753160120930929,0.7790853893824982,0.7953601915405627
1940-02-01,17220,1.1429701656651807,0.5824899682904818,0.7122439144393804,0.9988219637636324
1940-03-01,17220,0.09755695088501665,0.178608200952007,0.2861771599243365,0.1629342990150988
1940-04-01,17220,1.097811229333002,1.2747529415917813,1.0767805103553931,1.138433253833142
1940-05-01,17220,1.707079052718755,1.8847589130015316,1.3576452415661087,1.4275957914280517
1940-06-01,17220,2.341429289204462,1.6471475335319496,1.3840644484087092,1.4000640777423015
1940-07-01,17220,1.4405139656379071,1.5660322519437524,1.6504173677819682,1.420833969972645
1940-08-01,17220,1.036381630850388,1.7197850015178127,1.9561271481973737,1.4362336471096642
1940-09-01,17220,0.0755323232122602,1.9800994240049627,1.5609839043938283,1.3439217908656147
1940-10-01,17220,-0.6073327808997563,0.7369789831171041,1.1259967137597542,1.3410945568833335
1940-11-01,17220,-1.2994585915101335,-0.8202230781903809,0.8643288461272142,1.3657650299964534
1940-12-01,17220,0.8411066382572611,0.7477765906367754,1.7467165432469907,1.6190949140293247
1941-01-01,17220,0.8212375119628461,0.5118508708829697,0.9432194628365232,1.2616481544342448
1941-02-01,17220,1.0995035199418781,0.44073804593213317,0.5677175135303343,1.2760025052842154
1941-03-01,17220,-0.42080400679136154,0.22341130967473385,0.18952139267757054,1.2603855866018447
1941-04-01,17220,-0.12859541352598106,0.45911821618080634,0.2331536179604493,0.6469181616926183
1941-05-01,17220,-0.5476070652757228,0.7055425617019125,0.098088734039287,0.22756986982081995
1941-06-01,17220,-0.19626380943422575,-0.5727102675632635,0.05470046297971498,0.030834668798575254
1941-07-01,17220,-0.8073692949941316,-0.5317107569663971,0.24336632732473562,0.030189048002996627
1941-08-01,17220,-0.5473582363897288,-0.7140863708457181,0.6067748719941831,0.01569169637610468
1941-09-01,17220,-0.19389777444262035,-0.3510874642204204,-0.6591211973837356,-0.032042698886082306
1941-10-01,17220,0.31459946880122136,-0.3212417230708237,-0.3807801168831227,0.23162225281609905
1941-11-01,17220,-0.717406802762609,-0.907735925274802,-1.047547340439518,0.2244661874820365
1941-12-01,17220,-0.7887991578437713,-0.901134273867495,-0.9230119608719518,-1.0091890923172275
1942-01-01,17220,0.06291072370313337,0.04995488830395196,-0.1702606719996645,-0.3030688935964328
1942-02-01,17220,0.8005388725481432,0.3519301390757077,0.2554711502653783,-0.03577211352670139
1942-03-01,17220,0.6498609400425528,-0.053318050746083506,-0.11928920735147264,-0.21852211743481728
1942-04-01,17220,-0.4535423623543322,-0.34360800020943755,-0.3142010412159131,-0.48732206913018167
1942-05-01,17220,-2.2200674840016617,-0.1792208116308299,-0.5204776568944406,-0.5952388081349662
1942-06-01,17220,-1.9811714367763216,-0.02545524608981655,-0.5649543947937384,-0.6154410870319884
1942-07-01,17220,-1.832436558912903,-1.005892904244036,-0.6479106038149661,-0.6146086661403241
1942-08-01,17220,-0.04796593163121103,-2.173437236562393,-0.21379273133513862,-0.544867562900325
1942-09-01,17220,0.024236935369770285,-1.661833165771017,-0.10522006754968793,-0.6089050021683576
1942-10-01,17220,-0.24297508884795818,-1.255104693774489,-1.044699707993401,-0.7346978735484815
1942-11-01,17220,0.9649547033601805,0.9012306451556324,-0.4563278509811334,0.3000267572296032
1942-12-01,17220,0.08253910089308301,-0.03537725191054617,-0.7227055353554543,-0.15976477410855477
1943-01-01,17220,0.6361468988222952,0.40998269941930376,0.0672507813735521,-0.2679377004909176
1943-02-01,17220,-0.9123755077879202,-0.24919680061015126,-0.28056867867647867,-1.0534770632756232
1943-03-01,17220,-0.47182450477221105,-0.42320672730903697,-0.4553059948872128,-0.8779577479963866
1943-04-01,17220,-0.8729518299215407,-0.07168879252686845,-0.20670163579854536,-0.48474318528406607
1943-05-01,17220,0.7084951159890602,-0.5173668506185679,0.019911648958284015,-0.017935857093405887
1943-06-01,17220,1.4100645559198648,0.21903775043116874,0.0796017439998389,0.048087672658468424
1943-07-01,17220,1.0633515353239216,-0.35643305401363523,0.1753500646186745,0.037883557946248245
1943-08-01,17220,0.42158792003148854,0.7056635848982681,-0.47961334361092395,0.047836098332734445
1943-09-01,17220,0.31213990585983187,1.1602527922874897,0.18553992775017714,0.0636418980404166
1943-10-01,17220,-0.1375607624269507,0.5136927947141161,-0.428772204668326,0.04862068047261299
1943-11-01,17220,-0.3168094034821153,-0.21125244302822105,0.2106203603857951,-0.6148357643936877
1943-12-01,17220,-0.5254696222301719,-0.5298443910641211,0.24146365135700237,-0.2628676808559788
1944-01-01,17220,-0.3119009813145516,-0.47331252079212044,-0.10208096395770067,-0.6164989295171951
1944-02-01,17220,1.2178279235040799,0.8909887125907316,0.8869486058521138,0.9922438596048506
1944-03-01,17220,2.100942089910635,1.4544885454388732,1.4031919192105466,1.5825712075290332
1944-04-01,17220,2.2218292938290984,1.7205933069402835,1.5149437522064702,1.616838552037028
1944-05-01,17220,1.6523977056069594,1.8978735431718041,1.5436601943554,1.5198398878430868
1944-06-01,17220,0.7285716454850992,2.2164897563674435,1.5523586251752362,1.4860518898508333
1944-07-01,17220,0.306516551785542,2.3960668988048246,1.7473786067671944,1.5297746056680168
1944-08-01,17220,0.5070154846929235,1.5840711491464927,1.8981113812325814,1.5473794790963054
1944-09-01,17220,0.839042603604865,0.8014750414419399,2.2473755736454923,1.621400016989964
1944-10-01,17220,1.4103801169480366,1.3186634338511753,2.2805635865030696,1.9748952218361164
1944-11-01,17220,1.4232625217577095,1.411596501870049,1.8705251605035005,2.143708491570576
1944-12-01,17220,1.020231408776408,1.082263289932263,1.1099273032891226,2.264081912873986
1945-01-01,17220,1.8919651757793015,2.108632035103026,1.9992470127906727,2.590527079309645
1945-02-01,17220,1.3326250308769654,1.7821415328802583,1.746623740664479,2.061301612997735
1945-03-01,17220,1.5095281236662352,1.648676969542779,1.6497421999582407,1.6199861909613478
1945-04-01,17220,-1.2417712437219923,1.1708699090606614,1.539753811374394,1.4896477336425547
1945-05-01,17220,-1.2328151367322546,0.713603713879326,1.3538960972403413,1.3445494734539674
1945-06-01,17220,-1.7617576432257702,1.0190803462388136,1.3309675797185734,1.356363258412127
1945-07-01,17220,-2.2310499517735667,-1.666071364841823,0.8768446234108523,1.3320459769835247
1945-08-01,17220,0.31709055106966844,-1.0923340102593189,0.7126590211271168,1.3426096972622066
1945-09-01,17220,0.31602502020425377,-1.2902328428254095,0.966712189363578,1.3182759426566468
1945-10-01,17220,0.17966214505671985,-0.9207032724636862,-1.4862809140259412,0.7679721474051435
1945-11-01,17220,-0.042801623358795206,0.01441557760667121,-0.8290858718042579,0.5666043124595781
1945-12-01,17220,1.3794475653964784,1.3561503535008657,0.8537830771716486,1.6186453017569882
1946-01-01,17220,0.9103324406968004,0.7954205809984553,0.44134548965595344,-0.2875110513795559
1946-02-01,17220,1.1909492003940367,0.968204617988065,0.9483030335687612,0.430437571080321
1946-03-01,17220,-0.02710715101087095,1.0283111223092236,0.9990902577933894,0.580092601312364
1946-04-01,17220,0.5528317343724716,0.9151329871807906,0.8334548266676314,0.5383508750646812
1946-05-01,17220,-0.08594486236223518,0.9703113222281727,0.780969512008346,0.7669782075435934
1946-06-01,17220,-0.39659583587306857,-0.2805837345803339,0.8354135659340054,0.8144947163696441
1946-07-01,17220,0.22952611849404136,0.4442770617080824,0.8883683779814824,0.8110354821304154
1946-08-01,17220,-0.5329014656562954,-0.2639362908010721,0.8737508958420238,0.6984476816402596
1946-09-01,17220,-1.3962209245158366,-0.9126945370955236,-0.5208419744572542,0.6544748571507456
1946-10-01,17220,0.28314226281594296,0.15479559885858274,0.40290335708694364,0.8058691488633796
1946-11-01,17220,0.41619193235440266,0.2749841862346041,0.00900506295773566,0.8950373113620597
1946-12-01,17220,1.7528607923705148,1.6500364528079934,1.416346365738904,1.1619780382085108
1947-01-01,17220,1.7284694732614996,1.6030053535200377,1.5112112550993366,1.4670376127728693
1947-02-01,17220,1.6128222081078107,1.5002394703016133,1.3961578042800302,1.1948677249514104
1947-03-01,17220,-0.3502710143194343,1.3176147441584527,1.147466799317387,0.9391627029765997
1947-04-01,17220,-1.2510516242736247,0.9548366997596013,0.8967688638449202,0.8559821692544272
1947-05-01,17220,-2.0873271380161786,0.7709689879016906,0.8002400912177089,0.7050803648889798
1947-06-01,17220,-2.163040324755975,-1.0103345963974752,0.8732947719493644,0.698607271191726
1947-07-01,17220,-1.0107848831437036,-1.492672363301912,0.7394983394296681,0.7027629341657056
1947-08-01,17220,0.18514242280482654,-1.9500017369157037,0.7513653606590237,0.7841223095681578
1947-09-01,17220,0.3429146331008963,-1.5611431052846025,-0.9754767031829004,0.8590106021226676
1947-10-01,17220,0.39729361018540427,-0.30895759761041774,-1.1991304508496108,0.7051708845855865
1947-11-01,17220,-0.03983815796126575,-0.021026986453189875,-1.2912633542131569,0.6019190611271048
1947-12-01,17220,0.8037285027620161,0.7567455870472796,0.06451475283393791,-0.31942073727545955
1948-01-01,17220,1.2129268073877852,1.1465852951825592,0.910484032497316,0.19219625287712863
1948-02-01,17220,1.631393848131196,1.3581653186451794,1.3106703008500442,0.6094768589182162
1948-03-01,17220,0.8960157091278904,1.0788332966244985,1.0506296069546468,0.5827638351471043
1948-04-01,17220,0.2985935204161322,1.0465413588341475,1.0112693757264926,0.8094579421453009
1948-05-01,17220,-0.21576402864765268,1.3672580792111795,1.140198754805773,1.1032938782185706
1948-06-01,17220,1.2333653705543495,1.2666896519462316,1.3507467842795247,1.3017920165806334
1948-07-01,17220,1.3587783948348173,0.8371810413032582,1.3946190388571127,1.3231425216722523
1948-08-01,17220,1.2665337849397296,0.25705895731083134,1.5118696847507547,1.273997050128885
1948-09-01,17220,-0.6071086990569868,0.8154797324562355,1.0926479949633747,1.2473151331641632
1948-10-01,17220,-1.6468513273226952,0.3247169428369502,0.28758039688604375,0.9843143743848176
1948-11-01,17220,-1.5448991097715234,-0.8656226285859921,-0.8193703702231862,0.8609790211751309
1948-12-01,17220,-2.166979171383354,-2.1366641976773915,-1.0304584526563554,-0.155894379496127
1949-01-01,17220,-1.1615721254815625,-1.6126263581341327,-0.9723304153228401,-0.6972983060411087
1949-02-01,17220,-1.1069034221233611,-1.700571128954932,-1.4641141608787898,-1.431404360457145
1949-03-01,17220,0.2852877525225737,-0.9551898556122399,-1.0685543645432085,-0.5594283416310321
1949-04-01,17220,0.40958239047805545,-0.7350681335523093,-1.0730447908777512,-0.6302915331893642
1949-05-01,17220,0.9353376310645853,-0.5460257952970357,-1.1087498438269672,-0.9004815762161518
1949-06-01,17220,-0.4021931325776286,0.014040779973075589,-1.0579638089343582,-1.1527937619293955
1949-07-01,17220,0.11188964452687333,0.2562526607813426,-0.7696912677060965,-1.090995155433809
1949-08-01,17220,0.5152948083444157,0.9318664622969807,-0.4923408153883158,-1.0548451760324642
1949-09-01,17220,0.3580433633370403,-0.2539952811375984,-0.0010835085831889173,-1.0368270245532507
1949-10-01,17220,0.21785166365397737,0.030614576106704074,0.22468998284811292,-0.7382418894311759
1949-11-01,17220,-0.45335586017011076,-0.30556334154704967,0.339069890189805,-0.6793883345223853
1949-12-01,17220,-0.9038446887671503,-0.848139173360423,-0.9573897794033714,-0.5787366765270763
1950-01-01,17220,-1.140617129483552,-1.121062345474396,-1.1104819889303785,-0.7335999090807642
1950-02-01,17220,-1.302604429441752,-1.480757359746963,-1.4177234276767896,-0.8383815398539812
1950-03-01,17220,-1.2993974056069022,-1.5747923487141537,-1.5688836481061874,-1.5759163116576131
1950-04-01,17220,-1.5791182818331087,-1.605481509918777,-1.6338739890106722,-1.6255959480435234
1950-05-01,17220,-0.840930609402477,-1.4991819703554927,-1.627433432215308,-1.5681756578894768
1950-06-01,17220,-0.1443895827357518,-1.3126069106013536,-1.5184107281756383,-1.5144905276732483
1950-07-01,17220,0.29036957268126795,-1.3521278228239815,-1.548681074254134,-1.5822093478002304
1950-08-01,17220,0.02566972603435921,-0.831987531660239,-1.499242255510364,-1.6306387163592582
1950-09-01,17220,-1.2229340298852804,-0.6357745422070199,-1.4504471714470344,-1.6170744042853515
1950-10-01,17220,-0.9174000477110865,-0.6148090534103785,-1.5791552080322093,-1.6851591497821878
1950-11-01,17220,-0.8543142096323206,-0.8770607366649996,-1.2010111774350407,-1.7476256851450345
1950-12-01,17220,-2.2233895183113894,-2.2996015331823845,-1.9471882373492782,-1.9935833609811713
1951-01-01,17220,-1.5140522597682202,-1.8190636662280046,-1.7467798044341996,-2.2371678456290067
1951-02-01,17220,-1.8497480644111461,-2.1685730764405866,-2.1892050820086313,-2.2713772373297116
1951-03-01,17220,-1.4379179242552158,-2.1690000561688447,-2.374029185758216,-2.2463849983785398
1951-04-01,17220,-2.342216670936648,-2.0431318678303128,-2.3134119841681384,-2.2675954273745553
1951-05-01,17220,-1.8578425197930997,-2.1794026690903534,-2.3943489636456654,-2.3858806405111412
1951-06-01,17220,-2.4274957924759244,-1.908986810653681,-2.3041708707648407,-2.486461201961183
1951-07-01,17220,-1.8671840969632378,-2.3436693760485032,-2.148863356698826,-2.4229003266717055
1951-08-01,17220,-0.8715285145449799,-2.082673265099976,-2.232387926561498,-2.4564452562898063
1951-09-01,17220,-0.3059484575270995,-2.2408437868020035,-1.908841503983791,-2.2884473017372002
1951-10-01,17220,-1.2398561911365669,-2.071655424785482,-2.6961100565374294,-2.2954008669939396
1951-11-01,17220,-0.9955488344974622,-1.2921658282943442,-1.9795135327975677,-2.507108174338714
1951-12-01,17220,-1.2053147180252348,-1.2910536562576618,-1.902317356233209,-2.0427059863108665
1952-01-01,17220,-0.6492899287059194,-1.066625567764535,-1.4070914465868218,-2.2820125307659387
1952-02-01,17220,-0.025960114404357564,-0.530392190510164,-0.6468548278731591,-1.2657226512074893
1952-03-01,17220,0.2325899729741377,-0.5999887829287833,-0.6772134475790038,-1.1423822445984517
1952-04-01,17220,-0.05592412718959582,-0.6519540618592025,-0.9461436126754682,-1.1960446024169875
1952-05-01,17220,-0.06316173073054561,-0.14620989490116265,-0.5880663629636804,-0.6877986231742287
1952-06-01,17220,0.26237914362936027,0.19666844564415495,-0.5811297488963025,-0.6444607021095096
1952-07-01,17220,1.1420345247265766,0.3689528625996872,-0.35766258486774377,-0.6478094641210431
1952-08-01,17220,-0.49003765717075226,-0.23232200794599336,-0.23105697153373714,-0.655924834069346
1952-09-01,17220,-1.2229340298852804,-0.2539952811375989,-0.04974747287198258,-0.7415657470233832
1952-10-01,17220,-0.09003183347969732,0.6151223043097197,0.20400861233879325,-0.43143566125081634
1952-11-01,17220,0.615211044023061,0.48593769406467535,0.18899087583881707,0.059276465967110815
1952-12-01,17220,-0.2853402649883899,-0.6113751102179265,-0.5012796251430114,-0.3232710100467594
1953-01-01,17220,0.5213907660812717,0.34017945466150623,0.6446281650145055,0.43577595389799506
1953-02-01,17220,-0.36819541307579146,-0.025529296250226822,-0.11161826421818213,-0.18789941346952213
1953-03-01,17220,-0.07678887280397832,-0.36100070231228504,-0.529588986758394,-0.46572841697631884
1953-04-01,17220,-1.951862949693584,-0.6360231608839175,-0.7217069468323175,-0.4009376260886818
1953-05-01,17220,-1.0879642470100948,-0.8391274780773204,-0.5198200605897897,-0.58947311958389
1953-06-01,17220,0.6425091696805983,0.07874681154571665,-0.2379953990219946,-0.38634974883198653
1953-07-01,17220,1.1854426474354187,-1.0501715141471757,-0.31935328131009705,-0.4046753961756869
1953-08-01,17220,1.008348331094032,-0.6195955461416496,-0.683833645159794,-0.37573098146210454
1953-09-01,17220,-0.19389777444262035,0.3584418775709081,-0.04135051070878636,-0.31909703099699094
1953-10-01,17220,0.12252818322235172,0.7653878160250307,-0.9318935969991532,-0.3420078308813024
1953-11-01,17220,-0.5185196848242676,-0.14118511429163974,-0.8669290740381709,-0.8786263083157555
1953-12-01,17220,-0.5096147827744373,-0.6477457713606982,-0.3447848115292818,-0.4294289478488404
1954-01-01,17220,-0.27993980441606814,-0.34908331607452425,0.08118911989389592,-0.932330111166507
1954-02-01,17220,0.06596551234524768,-0.24767974768514425,-0.08827697009428931,-0.5345828075960698
1954-03-01,17220,0.514041682085694,-0.023731940351906244,-0.09004357360879583,0.04909598362938291
1954-04-01,17220,0.6500154360952277,0.05375050496020104,0.0087802546599217,0.3123194258770675
1954-05-01,17220,1.0833942161546979,0.5871584261901592,0.25116632375021597,0.3677178168093356
1954-06-01,17220,0.9149422289563622,0.7552309759317966,0.18263681095822565,0.1212118013553747
1954-07-01,17220,0.7086912474924312,0.7384135244660851,0.15529940735876402,0.11072265330704832
1954-08-01,17220,-1.2968546181543699,0.8045935809042076,0.42633253902518947,0.11054869052513396
1954-09-01,17220,-1.1863861038453447,0.3982917749417678,0.511085725745253,0.002900209243105443
1954-10-01,17220,-0.07451499438057688,0.23037120666620947,0.5195858232384073,0.044936647407360225
1954-11-01,17220,0.687312241715816,0.4524564637954442,0.88632261961181,0.6591255486011773
1954-12-01,17220,1.1680622863618026,0.9727013396013109,1.080142154251265,1.1241249863669214
1955-01-01,17220,1.2495134815283575,1.058280696164574,1.104511870236887,1.159408703364842
1955-02-01,17220,0.6703624886744856,0.8745645147310768,0.7205967344164815,1.0240260290935743
1955-03-01,17220,-0.004279413525855443,0.8170135676623104,0.6549989255464175,0.789826600983776
1955-04-01,17220,-0.15912263546098604,0.8583467994962378,0.7208669005517947,0.7948345192178942
1955-05-01,17220,-0.19885101498252722,0.42389354066452706,0.6479015127592104,0.49961301678360065
1955-06-01,17220,-0.08341508217374374,-0.15502943905023772,0.6801946623600603,0.5209339624518555
1955-07-01,17220,-0.9012549878355309,-0.5810224300356336,0.6488614512572296,0.5262904717285191
1955-08-01,17220,-0.4340496331372348,-0.35072174773227865,0.33704274509935733,0.573293194255933
1955-09-01,17220,-0.22675755063864456,-0.27062295780364565,-0.2701229842599136,0.5904175908623277
1955-10-01,17220,0.436666622731768,-0.22452283942977116,-0.35692648109157993,0.6363688846522216
1955-11-01,17220,1.869998649357608,1.7516775501505935,1.4188421625159395,1.4796525316231093
1955-12-01,17220,1.6495208064139462,1.597573359753466,1.4136133354810207,1.1713744823601357
1956-01-01,17220,1.282002020099985,1.2226528713132974,0.9995455051545187,0.719582765161627
1956-02-01,17220,0.4592793245538323,1.6306522631530822,1.5313020395523973,1.2982768697057248
1956-03-01,17220,0.5480745923645053,1.6194541284550594,1.5138947531641103,1.3498440586096538
1956-04-01,17220,0.8476856284112956,1.4146193104460547,1.3512495903352768,1.166887642829239
1956-05-01,17220,-0.4965913977119071,0.10437628820446103,1.3576452415661087,1.2680875121630648
1956-06-01,17220,-0.3356592607203348,0.29426852542554727,1.506103180842291,1.3920949444803354
1956-07-01,17220,0.5504423986158119,0.8704482032199868,1.476556461727539,1.4054083965988333
1956-08-01,17220,0.5560008284321657,-0.3247923805633182,0.1543097573107471,1.3714694635183582
1956-09-01,17220,-0.9635897540194037,-0.7369232515836032,0.07085872630651974,1.386698861225002
1956-10-01,17220,-1.4884114086819267,-0.6375526723891464,0.340895822706872,1.0779869420557306
1956-11-01,17220,-1.2665633874343825,-1.0689782025488888,-1.1066366166251815,-0.37560349662867754
1956-12-01,17220,-0.5949980285302409,-0.8708009442072321,-0.9513169704074156,-0.3847571464155418
1957-01-01,17220,0.32761750102482323,-0.15232075898483127,-0.041201655453799196,0.39170891708295175
1957-02-01,17220,-0.05616989764636476,-0.6623475714730723,-0.5924111217836009,-0.7763875039887458
1957-03-01,17220,0.10503832436785766,-0.39570614600274756,-0.5425933037745468,-0.6364147918150406
1957-04-01,17220,-0.8700005945342466,-0.33407258880920637,-0.6676203458636858,-0.5723844670291712
1957-05-01,17220,1.1678507952282406,0.5498733864710449,-0.040374016389780346,0.0031354439792705352
1957-06-01,17220,1.177772438554864,0.5473294622127358,-0.03075387798177361,-0.16254774350465634
1957-07-01,17220,1.5224950744681374,0.11652153655375826,0.19671626273267442,-0.14136936191000013
1957-08-01,17220,-0.7121282613355526,0.9576373032626067,0.4360328860879392,-0.13578233464105924
1957-09-01,17220,-0.1092802267210054,0.8589373228756237,0.42836602884902963,-0.10586624847948417
1957-10-01,17220,-0.8347942077582973,0.772405771997104,-0.22561041459135184,-0.06215604761408869
1957-11-01,17220,-0.52891688403802,-0.7494863553475463,0.32525814106714074,0.13412492794831396
1957-12-01,17220,-0.7268561822096634,-0.8255539937979414,-0.14344570172887858,-0.16621506966521854
1958-01-01,17220,0.027146551887502066,-0.33498697477713474,0.334834213388719,-0.22357868120311664
1958-02-01,17220,-0.3125115068625024,-0.5963842305679264,-0.6967733096482907,-0.047169210682207564
1958-03-01,17220,0.9275885246271012,0.22205921060520653,0.16302956709834387,0.47741281567452576
1958-04-01,17220,0.9579028628587063,0.514692067994625,0.24951815452683362,0.7099167699083808
1958-05-01,17220,1.530234121833627,0.6568910432518156,0.31201258107666663,0.2064032869531578
1958-06-01,17220,0.5592568424692663,0.9815912537126771,0.27437736829443676,0.2205894947154059
1958-07-01,17220,0.2795002784939895,0.8929598579919983,0.49087892031115493,0.2308809681960002
1958-08-01,17220,-0.2609377085568576,1.3731139717300291,0.5865495703385931,0.2546616718657345
1958-09-01,17220,0.48691771032965503,0.5238760525686879,0.9631665001558228,0.2866652474406686
1958-10-01,17220,0.0582446300146746,0.005610837440055897,0.6889440631219261,0.385159265497125
1958-11-01,17220,0.06744855329893377,-0.02674900140991435,1.0031244615315802,0.5003685373790488
1958-12-01,17220,0.451330356158262,0.43654165058199185,0.48833158452380343,0.9049099816691901
1959-01-01,17220,1.2045741292898726,1.0455168011041363,0.9940924565494645,1.223207993618668
1959-02-01,17220,0.6067022391673478,0.5036984405606624,0.433281160939515,1.0663547271132001
1959-03-01,17220,0.333829146933055,0.4271366443647828,0.45290713278812833,0.5016124716426752
1959-04-01,17220,-1.3726095634144815,0.274778836187295,0.20155442871140594,0.1965520897872984
1959-05-01,17220,-0.5147506761625359,0.23511221151814435,0.17048861230146967,0.10724742123561873
1959-06-01,17220,-0.4873001462611727,0.035062069829453736,0.1865312009985543,0.2243357613426309
1959-07-01,17220,0.32247785321588757,-1.1892531781578537,0.2606584487009026,0.1931238671553213
1959-08-01,17220,0.4390651225200412,-0.386666696613469,0.2623595349738539,0.19810439164741803
1959-09-01,17220,-0.3647674079860766,-0.6595691281248088,-0.10858438299930213,0.07912720266596006
1959-10-01,17220,0.6341229609266648,0.5164440354517291,-0.7633529476685335,0.3601764869836136
1959-11-01,17220,0.22118887284831715,0.2971978913749734,-0.21543184807119384,0.28523836882590536
1959-12-01,17220,1.178193989576482,1.0561871611542089,0.759376416173184,0.7128374754076852
1960-01-01,17220,0.9021182036094154,0.9478664149874869,0.9116214936350636,0.1449858626934564
1960-02-01,17220,0.6492497732500879,0.6134996459129144,0.6236604807288657,0.32177927166022785
1960-03-01,17220,-0.6876810295276536,0.39730514783481347,0.30549865667922954,0.10875796128421315
1960-04-01,17220,-0.5899291713457328,0.30936886952326875,0.4250180000360918,0.4207387218169266
1960-05-01,17220,-0.29455965300632125,0.36429131353193217,0.3560078042843776,0.37014663451050367
1960-06-01,17220,0.47187848490582257,-0.5535002740062791,0.413188696433083,0.3270959019546554
1960-07-01,17220,-0.19080810813022864,-0.7691673205277595,0.1860360490025189,0.31573658363915846
1960-08-01,17220,-0.042200150953142,-0.3409771701084817,0.3215938634183051,0.3206558193428954
1960-09-01,17220,-0.24901864852976108,0.1930995454536852,-0.6493123706109399,0.31835761384604305
1960-10-01,17220,-1.5718209790454685,-1.3207735990896858,-1.1754575201083828,-0.16458013295794863
1960-11-01,17220,0.2710356700366781,0.2246904741310486,-0.14989009053006133,0.36000490310166006
1960-12-01,17220,1.3871029710502567,1.301201514009255,1.2364719301445761,0.5672150596793201
1961-01-01,17220,1.5573418389920644,1.1620346956575762,1.0255139967658118,0.5741732211050656
1961-02-01,17220,1.144277377604392,1.0541504688963876,0.9942675331298974,0.7472954589943536
1961-03-01,17220,-0.6328040194064084,0.6853513186371625,0.6012917762123787,0.6093471782674749
1961-04-01,17220,-0.07083042220852896,1.2205692734722446,0.8604451645590298,0.7526635569238641
1961-05-01,17220,-0.26353342569270066,0.8562933581688796,0.8081446177978342,0.7553493039709854
1961-06-01,17220,1.122351677917363,-0.1426625825116053,0.9333412680316662,0.8421822471803039
1961-07-01,17220,0.24078415583340268,-0.15826426490186202,1.2079486634469918,0.8409163412770391
1961-08-01,17220,0.8829283174470627,0.018727187941258185,0.9454712328432711,0.8872627547480789
1961-09-01,17220,0.0755323232122588,0.8521641129974817,-0.207879657244255,0.8830637641187399
1961-10-01,17220,-0.07451499438057688,-0.1199173184897783,-0.23529583087012726,1.0134066425610566
1961-11-01,17220,-0.7871689275366379,-0.4465712161668071,-0.5990679058979997,0.5180550440116074
1961-12-01,17220,-0.7633445689941327,-0.8105402072792224,-0.17247504739851457,-0.6711109906595928
1962-01-01,17220,-1.2318937975142146,-1.3218779936706881,-1.2684826918675909,-1.1519697909173567
1962-02-01,17220,-0.3783116873593383,-0.7664611313766333,-0.6256790160935957,-0.7182704563706005
1962-03-01,17220,0.5242853081587275,-0.14694557883933831,-0.17390842828831385,0.16891611403196427
1962-04-01,17220,1.3547507633217992,0.01155839200293207,-0.08535123630996351,-0.08851625558974777
1962-05-01,17220,0.8614749038959277,0.05323701752991545,-0.336292838364559,-0.22565741569985748
1962-06-01,17220,-0.38543001138963784,0.25503917759770567,-0.3421477973750685,-0.3589976178540042
1962-07-01,17220,-1.6069333969680715,1.022195396663018,-0.2915322008235548,-0.3735813381108256
1962-08-01,17220,-0.7276445816493239,0.6431237900588678,-0.05819437415240478,-0.42918430967577936
1962-09-01,17220,0.4732156467251031,-0.17648085599475552,0.2563858423353695,-0.321670219030558
1962-10-01,17220,0.19676954823279635,-0.7348369025260592,0.8381603658978044,-0.2952830310874703
1962-11-01,17220,0.08159566369483905,-0.10835459202264348,0.3885858079509401,-0.06251522795317158
1962-12-01,17220,1.20594091196628,1.1962403040668759,0.9294757375145151,0.9904609676632679
1963-01-01,17220,1.410118232027421,1.2783332278826407,0.9962754624693446,1.4480851582069485
1963-02-01,17220,1.5337347916479354,1.3135328457203441,1.1981463323244972,1.3121814603944453
1963-03-01,17220,0.3818462041304316,1.0840377103680847,1.07327695680737,0.8680139760882144
1963-04-01,17220,-0.12606344633527375,1.0397473163698083,0.9525113203312242,0.7002196909432125
1963-05-01,17220,-0.33980613176536567,1.2249072134437047,1.055791310492312,0.946215372938983
1963-06-01,17220,-0.20150439712298124,0.17251140925233574,0.9367106984373763,0.9327824924012198
1963-07-01,17220,0.2009896552261793,-0.2246472023526945,1.011435028107485,0.9279579879837012
1963-08-01,17220,-1.2777606888314894,-0.6648647873984899,1.076541229525625,0.9269931118075174
1963-09-01,17220,-1.4784613684528096,-0.7516341619047671,-0.09512844844242496,0.7555352009290845
1963-10-01,17220,0.5635447067775095,0.3880151080921384,0.008094430094659693,0.999929318890765
1963-11-01,17220,-0.3960605441443926,-0.727438181287018,-0.8172122653649274,0.7665099094343033
1963-12-01,17220,-1.261755906821957,-1.5453828895995252,-1.4252431092320084,-0.794079375319416
1964-01-01,17220,-1.9226507823282555,-1.7053289077994989,-1.6613518048292866,-1.4893968852022759
1964-02-01,17220,-1.4183376998184616,-1.567938272820535,-1.7059745117805114,-1.6876898489492191
1964-03-01,17220,-0.8826239671269108,-1.439615806551213,-1.6323217297770258,-1.5871307214551404
1964-04-01,17220,-0.8317474845454698,-1.794971040147667,-1.729080927416044,-1.7025078168800856
1964-05-01,17220,-0.9732043563891031,-1.6290936526414088,-1.7320706290352472,-1.823092769770974
1964-06-01,17220,-0.7307960250432974,-1.1297037415010824,-1.5216715568676356,-1.6830756463199443
1964-07-01,17220,0.3996012689271231,-0.7385950293740318,-1.703383257992444,-1.6484172607912404
1964-08-01,17220,0.8510906886032212,-0.6092093046321547,-1.5166037038585196,-1.6284293286702243
1964-09-01,17220,1.5093429940281236,0.478235717354835,-0.6640213310027899,-1.1954199043643983
1964-10-01,17220,0.4576190758140948,0.40276313126864655,-0.47915052176281625,-1.5894944241784108
1964-11-01,17220,-0.8844850382783834,-0.5525292791210673,-1.080357325400049,-1.772913687064156
1964-12-01,17220,-0.7408510894563933,-0.09354934274624219,-0.4301803420342268,-0.9927679389831863
1965-01-01,17220,-0.6935018854078975,-0.584446362418718,-0.5007223564369048,-0.9309295153449267
1965-02-01,17220,0.9276188491791433,0.4122629482221623,0.5018155121877219,0.05717322256998449
1965-03-01,17220,0.6711552133832197,-0.011085359084344732,0.35782827526792343,0.10875796128421315
1965-04-01,17220,1.7908425575405031,0.9139586819133309,0.9094835933466197,0.9007654481291483
1965-05-01,17220,1.6960782410560562,1.7223960516066268,1.2261213974929115,1.2652814595804167
1965-06-01,17220,1.97792698107001,1.6253707496638008,0.8744367981682196,1.1308179184260942
1965-07-01,17220,1.1341737271253485,2.0857002481252485,1.162864370288145,1.134726337043348
1965-08-01,17220,-0.591242149403062,1.507919861085977,1.6291023136335627,1.14220634636098
1965-09-01,17220,-0.5402670187477421,1.5660230271151316,1.4722596153933172,0.7578872883058064
1965-10-01,17220,-1.0127678295568259,0.21093203623506426,1.5542773843801017,0.8233265868971845
1965-11-01,17220,-0.6416400119015337,-0.8390711102448776,0.8448881106035169,1.2068496674174922
1965-12-01,17220,0.451330356158262,0.23948467645372662,1.1817260909782874,1.3171188735126376
1966-01-01,17220,0.9843160749751828,0.6088640814183438,0.8644727646838907,1.6579438698850002
1966-02-01,17220,0.5312381051132984,0.12831507069238945,0.030112063543832706,0.9089676594955455
1966-03-01,17220,0.7357884675189876,0.7211818338549683,0.6083526224437965,1.2522783656916814
1966-04-01,17220,0.13392725367972685,0.7459218705130831,0.45043075534734384,0.6894112145133969
1966-05-01,17220,0.8807731960674582,0.8380599677655308,0.4417473313807538,0.34459018650749845
1966-06-01,17220,-0.37430257252382737,0.47363065327182313,0.513201800191147,0.40748823783517285
1966-07-01,17220,0.11799818514605129,-0.013768475379577058,0.6905839432956977,0.3982493197134747
1966-08-01,17220,0.5640062924108784,0.8943230399577639,0.871210776180302,0.4817349544919876
1966-09-01,17220,1.0243865858545205,0.20660429587794366,0.6266435255687425,0.6448557166804616
1966-10-01,17220,-0.059157266790134444,-0.1891635025541505,-0.10715125289435908,0.5400114021435987
1966-11-01,17220,-0.3528941272911815,-0.19278772586134466,0.35624214172150104,0.5938418171564191
1966-12-01,17220,1.1197483973329438,1.2257064867045306,0.962975356328406,1.1577932703398146
1967-01-01,17220,1.375303755699135,1.186072231031181,1.097274191434761,0.9305219289584157
1967-02-01,17220,0.9079387359519261,0.5928589764376269,0.6224283453075815,0.8488791328925095
1967-03-01,17220,-1.0291244450016075,0.09207305036886552,0.2628688693068758,0.09299574622974346
1967-04-01,17220,-1.7219567235741953,0.32793197276661257,0.22179722295336618,0.18190665306989356
1967-05-01,17220,-1.3062239079511637,0.23655711057739592,-0.006266226303962585,0.03753332244075794
1967-06-01,17220,-0.5335668040186143,-1.1988433087218804,-0.15214808174373853,0.02443710286785913
1967-07-01,17220,-0.8073692949941286,-1.7799340931736924,0.10979163576700851,0.018638438278106413
1967-08-01,17220,-0.5473582363897245,-1.4470444049473299,0.1400231609841245,-0.08772464553859886
1967-09-01,17220,-0.26025740208514375,-0.6547958588886912,-1.250016794942312,-0.24302916108567563
1967-10-01,17220,-0.8673920221880758,-1.3207735990896858,-1.9889581847823519,-0.1472990608499585
1967-11-01,17220,-1.8976999494157876,-2.217794002655398,-2.1180016525902334,-0.5759812328669597
1967-12-01,17220,-1.0581020134386412,-1.1536815975069226,-1.2474498215548664,-1.5290330606004083
1968-01-01,17220,0.7244300262725006,0.3615820841884753,0.1394919225223019,-0.7825263177888769
1968-02-01,17220,1.1922349068992428,0.3519301390757077,0.2554711502653783,-0.28645027066882434
1968-03-01,17220,1.231473636837619,0.35807032003089334,0.27842249309178563,0.07352962593962738
1968-04-01,17220,-0.420711723557558,0.22397139971576466,-0.03948512608802295,-0.21971795687214485
1968-05-01,17220,-1.2450042914872363,0.5567966299387238,-0.2237633872202523,-0.30580408649416596
1968-06-01,17220,-2.3149666603755534,0.5764953101748876,-0.2208306680231804,-0.2821512704060131
1968-07-01,17220,-1.2112745210372093,-0.8772088534400281,-0.04309914659588587,-0.29055659844848936
1968-08-01,17220,0.03674808030879064,-1.2084380343407215,0.521330502921841,-0.24261479873860853
1968-09-01,17220,0.8884744372711905,-1.1360512204902036,0.677298278333274,-0.10975223075504442
1968-10-01,17220,0.3028929326467917,-0.4860434768883153,-0.6862472590976835,-0.03380437683706744
1968-11-01,17220,-0.23948841298730017,-0.2579927353080355,-1.0344361259846044,0.31968442009373854
1968-12-01,17220,-0.36762323058555435,-0.17564039569591722,-0.9310931892716402,0.2114867778997699
1969-01-01,17220,-0.045097526442474674,-0.055277730277536644,-0.3343365290799924,-0.5914858181398011
1969-02-01,17220,0.1604586407690878,-0.03591092396396302,-0.060656546263936455,-0.560991462897529
1969-03-01,17220,0.06378121360468235,-0.3018224662646941,-0.1542574610895351,-0.6520862307811757
1969-04-01,17220,-0.03369211684018749,-0.20571282691115897,-0.18420591548159435,-0.4073820750338682
1969-05-01,17220,-0.25324625497067665,-0.06548416612513609,-0.23302754851603477,-0.2553787197346051
1969-06-01,17220,-0.08844326809391301,-0.0932416321756498,-0.41046136486195023,-0.2678305373224705
1969-07-01,17220,0.2181791074986368,-0.13322218112560685,-0.23837533849987674,-0.2126812972232245
1969-08-01,17220,0.21537468263836274,-0.22603382273832107,-0.06683976096042067,-0.22956998327837722
1969-09-01,17220,-0.23785223719392662,-0.2789773484091235,-0.2129285125579719,-0.4916893803341572
1969-10-01,17220,-1.9899464675367113,-1.1428970951300967,-0.6613707119454245,-0.589142943999477
1969-11-01,17220,-2.0128924370952967,-2.005044111264673,-1.4082698435710004,-0.7922344970786637
1969-12-01,17220,1.2395589126778557,1.1379223764703288,0.9367041332594415,0.7057763278226593
1970-01-01,17220,1.0508390746756608,0.5622048172706151,0.5265780462199675,0.34111020376047324
1970-02-01,17220,1.8208848734340304,1.0121054526706559,0.979223028877931,0.7452245331090384
1970-03-01,17220,0.2014389952037949,1.011243453743904,0.9214225488204576,0.7758977028926838
1970-04-01,17220,0.6977880774162214,1.1236955296873496,0.7298399007451345,0.6926575052640724
1970-05-01,17220,-0.44969818971152514,1.4926008449166157,0.7040107495893199,0.6802523747379048
1970-06-01,17220,-0.4930502365942814,-0.09500516080302741,0.7971578091445477,0.7121111192021247
1970-07-01,17220,-0.03572494407451666,0.5120822390398194,1.0547892666928065,0.6555747292615464
1970-08-01,17220,-0.21029222594362398,-0.5337488442706178,1.4267220877587694,0.6490881147736152
1970-09-01,17220,-0.6483451176401547,-0.7713511725794788,-0.2701229842599136,0.6688695920497104
1970-10-01,17220,0.8615809654556933,0.5837726140243741,0.7356704630200281,1.147323788001835
1970-11-01,17220,0.2993692995552289,0.2170344645708902,-0.2434956510941468,1.31177624598735
1970-12-01,17220,-0.0766536928202857,-0.32051448852322123,-0.5516838858016274,-0.3783635859156198
1971-01-01,17220,-1.1272711796628858,-0.7397784354424782,-0.7802907242320208,-0.2719833481887319
1971-02-01,17220,0.04262783506249716,0.13554542696282315,0.07711755594901863,-0.16470320659508142
1971-03-01,17220,0.8594798390457258,0.4988423992000871,0.3780547488576631,0.17608411871012034
1971-04-01,17220,1.325251109682209,0.05375050496020104,0.29583330660856966,0.22451772648992266
1971-05-01,17220,0.25905510216842964,0.06786130030082912,0.13307020123497143,0.07562204701083296
1971-06-01,17220,-1.0226895708771635,0.4272317690598491,0.1462202886419614,0.03850639430774755
1971-07-01,17220,-0.6788918226699352,1.108745235820216,-0.14627178459495743,0.11072265330704832
1971-08-01,17220,0.8702897934156181,0.45184061062277153,0.18141365483885813,0.23460523384396284
1971-09-01,17220,0.6525201875953803,-0.5058133898482319,0.4666916539663949,0.19355447386247895
1971-10-01,17220,-0.043956344014757794,-0.6148090534103797,0.8408244092920606,-0.22504463892743315
1971-11-01,17220,-0.054689194653315384,0.19647405958757366,0.15992929229627414,0.09107466897799471
1971-12-01,17220,0.17068827662123065,0.21656945828698995,-0.22924889414919095,0.3377895657801869
1972-01-01,17220,-0.7031176353364768,-0.8105051221599691,-0.9900167601000199,0.11740489434170785
1972-02-01,17220,-1.074125615441613,-1.0785090348998343,-0.9397105208359833,-0.7750673843601208
1972-03-01,17220,-1.5956680869070925,-1.2082377464391048,-1.1272356886724006,-1.3088269227706544
1972-04-01,17220,-0.9143975089929542,-1.0894177441504718,-1.165364333935063,-1.2910165704084169
1972-05-01,17220,-0.5183906563946551,-1.2115407397150113,-1.209819781832365,-1.0931445327084393
1972-06-01,17220,-0.05344800469201868,-1.5325236087868557,-1.1932895732528155,-1.1223650197207378
1972-07-01,17220,0.08097260292564104,-0.9381256647274335,-1.1083376520523944,-1.1840019326393287
1972-08-01,17220,-0.5329014656562912,-0.682388412457978,-1.2711345955735183,-1.269285057221983
1972-09-01,17220,0.009945917706180127,-0.15250212478693564,-1.5217168565853887,-1.213309196864993
1972-10-01,17220,0.908654341902333,0.6809806690474841,-0.32922136738460217,-0.8087343023600866
1972-11-01,17220,-0.08464429285265426,-0.24232061239560063,-0.6181382337346297,-1.2670249550670516
1972-12-01,17220,-1.6710651354882662,-1.5950237068041582,-1.4024203657463519,-1.9036844169386211
1973-01-01,17220,-1.5364082888619979,-1.0974793833468115,-1.0962947136715857,-1.4438165847163709
1973-02-01,17220,-0.211188508710725,-0.29478503022871666,-0.3814329577703509,-0.5993068473578274
1973-03-01,17220,0.6151656094449488,-0.4883989401517506,-0.5223669456963035,-0.5476978306732478
1973-04-01,17220,0.7230289233921291,-0.7834436129323769,-0.48719977477311593,-0.511819358843055
1973-05-01,17220,-0.7757564968349058,-0.5973744261305659,-0.6494636406381754,-0.7195536732972406
1973-06-01,17220,0.04872182367310656,0.4868125502161507,-0.5422657170545164,-0.5669573215694692
1973-07-01,17220,-0.16152384694047617,0.5041764118273158,-0.8655974442278027,-0.5838793302638907
1973-08-01,17220,0.5719672935703652,-0.5678941284155709,-0.5332392712259854,-0.5888765470921665
1973-09-01,17220,-0.24901864852975777,-0.1684614673106611,0.34776201544081653,-0.620159692979275
1973-10-01,17220,-0.2544927314907694,-0.5122461933499447,0.26732921898835066,-0.9404979258190983
1973-11-01,17220,-1.0305587775128078,-0.8315201884186855,-1.1373289333375736,-0.9177453952769343
1973-12-01,17220,-0.9213714620676683,-1.031509847881949,-0.9270519764109306,-0.31813713817031797
1974-01-01,17220,-1.629209825030551,-1.760464808212427,-1.8162556005399604,-1.0625247714960449
1974-02-01,17220,-0.6709910783087076,-1.1278262834848904,-1.0520998823980796,-1.2721390503523553
1974-03-01,17220,-0.00807935030727692,-0.6506586182913033,-0.7206837168495117,-0.699113620694164
1974-04-01,17220,0.9452970281616079,-0.6757923427991223,-0.8004943435981693,-0.8616067129664703
1974-05-01,17220,0.5799611430027699,-0.3801274866069579,-0.8072269988728188,-0.7448909114392237
1974-06-01,17220,-0.5335668040186137,-0.3053399204433482,-0.825748029725814,-0.8829312524786025
1974-07-01,17220,-0.19080810813022553,0.7475447582725467,-0.7696912677060965,-0.8882140962946172
1974-08-01,17220,-0.6813696970340796,0.36543791757374766,-0.47819820174453675,-0.8873380441671379
1974-09-01,17220,-0.02881406186776401,-0.5515910411359571,-0.3808716860439027,-0.8666784651135352
1974-10-01,17220,0.45067511257960885,0.08670957228079657,0.7103089157581437,-0.6658366238784158
1974-11-01,17220,0.5977985478802984,0.43888179089868046,0.5351281679011161,-0.17378761022562247
1974-12-01,17220,0.8268373576217143,0.7160392847998104,0.3978212623235781,0.1720128573132404
1975-01-01,17220,0.9697074457858593,0.9393223779543536,0.8079194208061875,1.0766999624967915
1975-02-01,17220,0.5791272903778188,0.7518537885617266,0.6408575127088202,0.7317258990640618
1975-03-01,17220,0.11437729278435504,0.5716826301017274,0.5152690218971402,0.2985013327150645
1975-04-01,17220,-0.24442048348342507,0.5403541205236395,0.5682011874743842,0.46474497707931695
1975-05-01,17220,-0.3119023210377171,0.29131297812527457,0.48592447370032404,0.3810627732543795
1975-06-01,17220,0.9059940905637542,0.3904985468833831,0.7361275275230864,0.6759891504628266
1975-07-01,17220,0.7768655194661994,-0.04511660853861474,0.6590033700606582,0.6809645090926886
1975-08-01,17220,1.353369853485992,0.2358245023594782,0.5281586336216076,0.6847365631874928
1975-09-01,17220,-0.4756801580225795,0.526686961995634,0.22185435136314033,0.6219385424584107
1975-10-01,17220,-0.32538255978785363,0.14135672371314123,-0.22561041459135184,0.45485838972318926
1975-11-01,17220,0.3273223483905319,0.716631254480125,0.25698924599036055,0.5636957981101116
1975-12-01,17220,0.3463875633201415,0.13870037974449076,0.40395517239770484,0.25968121844938497
1976-01-01,17220,-0.13848517324620427,-0.36673508980301867,-0.14906060019120837,-0.3465120232881737
1976-02-01,17220,-0.5729799515395003,-0.39551331040097726,-0.12624324209278248,-0.29687562809596557
1976-03-01,17220,-0.6465310911284754,-0.36244592915533175,-0.4603462616972003,-0.1753368402224836
1976-04-01,17220,0.5114419644884717,0.05918753853525328,-0.09848977574383513,0.04728931796761222
1976-05-01,17220,0.7548385322175365,-0.1872871637905022,-0.07982405704949407,0.14001760323541457
1976-06-01,17220,1.160383350244436,-0.12853413496354874,-0.009686199439263996,-0.09779627682464838
1976-07-01,17220,0.8854527999891058,0.6960159986139851,0.22605446195305,0.06861185967386067
1976-08-01,17220,1.302114577274795,1.0185348208472922,0.04973282882545126,0.1322072122311276
1976-09-01,17220,1.4209751110879223,1.3718034474702163,0.2514610775738599,0.28285498372884244
1976-10-01,17220,1.985300793600434,2.1176354648872846,1.7913342840858184,1.4085126930643028
1976-11-01,17220,1.7602668340333034,1.8292924606057388,1.807805325573997,1.1868714219870062
1976-12-01,17220,1.4763444318448218,1.6706179543988473,1.764171008592514,1.2760113618783644
1977-01-01,17220,-0.49597746755011496,1.1620346956575762,1.2446339510556572,1.2174173225430718
1977-02-01,17220,-0.6809088733256686,0.8114736589887985,0.9695014793730168,1.0799925674619744
1977-03-01,17220,-1.3142832430475324,0.3606972266743409,0.64920870694351,0.8728216362814852
1977-04-01,17220,-1.1342367587479245,-1.0460329653277367,0.4250180000360918,0.57378673999915
1977-05-01,17220,-1.43837609787768,-1.200110062552076,0.17949529863598468,0.3713606344401999
1977-06-01,17220,-1.0688481940918713,-1.5637539746228513,-0.003106467139864851,0.3111185418247939
1977-07-01,17220,-1.7650068309397013,-1.5331711987745529,-1.278136658613342,0.1323469736091177
1977-08-01,17220,-0.9212459610285865,-1.6742826503972057,-1.2907502362388446,0.06579494199222087
1977-09-01,17220,0.16454711674344477,-0.8666220150809216,-1.5272558607831153,-0.041105886747491154
1977-10-01,17220,0.8248087035819643,0.01993337657411594,-0.9340142750926002,-1.0221452580545045
1977-11-01,17220,0.3323641260660133,0.12283666937466839,-0.8517804506657625,-1.1031559803934394
1977-12-01,17220,-0.031398061311965535,-0.11281418086189916,-0.5497388168943912,-1.3204607426909964
1978-01-01,17220,0.6422223489411605,0.8097024045201869,0.4900852799855829,-0.1928235698676674
1978-02-01,17220,1.2832993307472997,1.1957738851283715,1.0680830698286747,0.5013050138161785
1978-03-01,17220,1.8102716440973272,1.354955082464639,1.2930314002017287,0.9845394611125596
1978-04-01,17220,1.4489406309588375,1.3670327533410431,1.4250492816739704,1.1832602130836674
1978-05-01,17220,1.1926648982593286,1.647810472254367,1.5165306495469641,1.3984396239387071
1978-06-01,17220,0.875774870867363,1.963688219464285,1.4930113632177568,1.4150468946479142
1978-07-01,17220,0.263037109708354,1.4467677485378685,1.3657925912356532,1.4289636048187693
1978-08-01,17220,-0.43404963313723266,1.0167770626842982,1.564900138675776,1.4450986056765394
1978-09-01,17220,1.2582386512113912,1.110924368772016,2.0964293047996994,1.655910442437257
1978-10-01,17220,1.1465915489650702,1.0084168274921737,1.5294503241960127,1.5344517408997302
1978-11-01,17220,0.7918882552598666,0.6738642879473887,1.099793433317461,1.611718102399533
1978-12-01,17220,-1.0250236858460784,-0.5084797602264847,-0.10742831173271135,1.2830680824359781
1979-01-01,17220,0.014571483132141246,0.5002163597014339,0.4791768566767827,1.178934093405425
1979-02-01,17220,-0.140322185605268,0.2935180751421361,0.20874818982716203,0.6897825759065599
1979-03-01,17220,0.43630682083837985,-0.3494417770240919,-0.0720002468401256,0.15094771488588288
1979-04-01,17220,-1.0824974953191433,-0.6718242235882244,-0.21862206279275548,-0.2120403005829847
1979-05-01,17220,-0.460478147796032,-0.4149538529359512,-0.010197479992490476,-0.08648795301689592
1979-06-01,17220,0.37197864524412083,0.4338847221743274,-0.3210829092928031,-0.06035843808350564
1979-07-01,17220,0.8652468368152633,-0.6703744546601789,-0.49899404490283683,-0.056027099182249795
1979-08-01,17220,-0.23546507522482119,-0.5507889647469485,-0.466870160519123,-0.06180093984030977
1979-09-01,17220,-0.7190484961702345,-0.028594424082902106,0.23502501265150536,-0.4535553022968125
1979-10-01,17220,-0.23154005263362548,0.2749844001403896,-0.7382814554404168,-0.5939565569260126
1979-11-01,17220,0.940394672870098,0.8504488457340061,0.311380792253201,0.06055061344811074
1979-12-01,17220,0.839685664008955,0.6398498377662084,0.5955653914517478,0.6393616623025633
1980-01-01,17220,1.2785460772719068,1.0536483117678483,1.1443378994072215,0.5142163844118304
1980-02-01,17220,0.18845644706920875,0.663264331995286,0.5927063460978816,0.3099764756918304
1980-03-01,17220,0.3623482101365568,0.7471957646020516,0.618912670536949,0.5987420077794425
1980-04-01,17220,-0.32363545116757786,0.8127883658473376,0.6447762716111711,0.7696011734701221
1980-05-01,17220,0.4103986211181836,0.27405433633602505,0.6795617969876706,0.6105603620395285
1980-06-01,17220,0.5959479416759509,0.4604150981047754,0.7959927438063767,0.66803997952796
1980-07-01,17220,0.42925093501841266,-0.30075629958318434,0.8298515691786162,0.6625150295310556
1980-08-01,17220,0.19527928503064754,0.37799663108221937,0.26377419769825694,0.6663782489814505
1980-09-01,17220,-0.5935544330169978,0.20996585281796795,0.27605615458711513,0.6724618598665502
1980-10-01,17220,-1.4200660451211689,-0.7301394591100697,-0.72368437777608,0.45720780629566893
1980-11-01,17220,0.21587444741001827,0.22723594243012588,0.2781600226914706,0.2840042810767421
1980-12-01,17220,0.8566507757914158,0.6728733420345242,0.704783142020844,0.683345491409875
1981-01-01,17220,2.050295809402007,1.7127425295717633,1.6441770707232646,1.3080501110862164
1981-02-01,17220,1.646584597319799,1.4566918111148983,1.4068173461217646,1.3429314543702904
1981-03-01,17220,1.4203111385897487,1.4826037869081234,1.3557355822859962,1.323337413238839
1981-04-01,17220,-0.7500857579959183,1.544169988882306,1.1964727093397634,1.1805390306251669
1981-05-01,17220,-0.35382917858377566,1.3379373160012853,1.2053832923259176,1.168079580554445
1981-06-01,17220,-1.1625770692801227,1.0305271668230311,1.214596233191616,1.0843261721638882
1981-07-01,17220,-0.34506710420428627,-0.9474849262912688,1.4588664166151293,1.100380579442456
1981-08-01,17220,-0.8388811370999262,-0.5919498051113076,1.221411996015811,1.1052387481238282
1981-09-01,17220,-0.607108699056981,-1.3276686065803491,0.8492867035197004,1.1049679815865097
1981-10-01,17220,-1.021687771959976,-1.1428970951300954,-1.2249860147671985,1.1073058503259103
1981-11-01,17220,-1.8321072798486786,-2.2463787644484006,-1.5700264403615516,0.49090611815853386
1981-12-01,17220,1.1174043451043076,0.963452306760792,0.5089897656617948,1.3071425249514863
1982-01-01,17220,0.7551655096072297,0.3661504360245365,0.22077844739570282,-0.27333236620815105
1982-02-01,17220,0.8909776078555313,0.054051333030796456,-0.06646236804848177,-0.2591275415740994
1982-03-01,17220,-1.5162808359861164,-0.2802148730527749,-0.39278272160530237,-0.6769045201689559
1982-04-01,17220,-0.3935307897226377,0.265441442597946,-0.022499652387389803,-0.13803250309506557
1982-05-01,17220,0.41852404081898453,0.9028097222767737,0.13436322127800301,0.020984649914882865
1982-06-01,17220,1.3092309823816488,-0.819228409734006,0.1475229456071997,0.043617580280078186
1982-07-01,17220,0.6048078902553431,-0.2718617631213212,0.330264261055844,0.0474948529979842
1982-08-01,17220,-0.4409762998908243,0.24779232123649622,0.8142846176507608,0.06130817731228736
1982-09-01,17220,-0.5868125841140112,0.8934170718774205,-0.9403173447602133,0.017774035963707
1982-10-01,17220,0.5792626920125645,0.6267209336413009,-0.020402867634824153,0.4011724809597462
1982-11-01,17220,0.19985362830431172,0.06998571632278894,0.17721513200150865,0.7527129260407501
1982-12-01,17220,0.31588539050885206,0.08987792050725094,0.5976893334890527,-0.659313873862462
1983-01-01,17220,-0.8262521149607873,-0.6421147553507791,-0.4793109277563518,-0.6966006282396723
1983-02-01,17220,-0.5512770217994908,-0.45063848648899785,-0.5251789756630204,-0.338008438028687
1983-03-01,17220,-1.169947092479644,-0.7776861921630415,-0.8878683986313031,-0.3537593462430238
1983-04-01,17220,-0.5758460387152086,-1.0235761267089625,-0.896956206226671,-0.780826890188235
1983-05-01,17220,-1.7571450853987172,-1.1962930172694586,-1.085369291442174,-1.1359580402543106
1983-06-01,17220,-0.6159904814316274,-1.3375432772449998,-0.9522416053611523,-1.0444498915808866
1983-07-01,17220,-0.31313016208422045,-0.7950262048726744,-1.111786134786849,-0.9989450281288947
1983-08-01,17220,0.7505241893100395,-1.3678456227117517,-1.0980770881085844,-0.9932677512486001
1983-09-01,17220,0.10279930724737363,-0.5515910411359577,-1.3260648155153094,-0.9713473539132106
1983-10-01,17220,-1.3329600567114985,-1.2932701231308752,-1.1539604683104892,-1.3219605824398037
1983-11-01,17220,0.38455675464179934,0.5360376117591366,-0.6436241248344601,-0.8849475559704868
1983-12-01,17220,0.6527430368240346,0.5556225494531358,0.21537861282571732,-0.7377970994900762
1984-01-01,17220,1.5006536768629566,1.1231855971357467,0.9699213626635927,0.5231784344988571
1984-02-01,17220,1.0795342861749921,1.0497583472433154,1.082568278806471,0.4321552174630814
1984-03-01,17220,1.2380737363715917,1.2234347319088668,1.1606907179427286,0.9166195518784296
1984-04-01,17220,0.7967746109796461,1.5813249018851145,1.2407653532584755,1.1143152896403028
1984-05-01,17220,0.5471224422130201,1.1344735814626281,1.096241098431757,1.1270263078753746
1984-06-01,17220,-0.01402947720816814,1.105315663002767,1.1277597843823046,1.0643053146542003
1984-07-01,17220,-0.6981380447336201,0.4603541748854109,1.4578229267638396,1.1074845962261612
1984-08-01,17220,0.6264769617512754,0.6166120756821918,1.169129052659958,1.1262795128444423
1984-09-01,17220,0.3804208254356321,0.04551302516775615,1.0638449290965541,1.121080676702357
1984-10-01,17220,-1.8665175795498294,-1.8053329938715112,-0.0977348690796589,1.02992313524678
1984-11-01,17220,-0.9148578633600176,-0.6946252479322482,-0.18752013971723272,0.6919077845919532
1984-12-01,17220,-1.4419311597754358,-1.2910536562576622,-1.1550201922637289,0.0773117290710079
1985-01-01,17220,-0.48070498510190685,-1.0012460855340666,-1.1796863168543192,-0.5042349445554519
1985-02-01,17220,-0.9203989367051035,-1.309611712186761,-1.2243964929660023,-0.8870976595788737
1985-03-01,17220,-0.046180598948183514,-0.9210066826750486,-0.8929249449271355,-0.8714410733224008
1985-04-01,17220,-0.7240552191061415,-0.861146247947355,-1.2154701992723473,-1.3416700576584142
1985-05-01,17220,0.09795191014298786,-0.8418681570731759,-1.1771341974520806,-1.102817803496547
1985-06-01,17220,-0.8869849911125668,-0.4429843195183151,-1.1260901403086159,-1.1028167701031002
1985-07-01,17220,0.21247193626443464,-0.7338907649564392,-0.8680317419280571,-1.2052484098945753
1985-08-01,17220,-0.7276445816493198,-0.12396603217320028,-0.9301380631025721,-1.25269878696457
1985-09-01,17220,-0.8996447672239098,-1.2025170249887052,-0.6263816237019584,-1.2322332387195116
1985-10-01,17220,-0.412151223936712,-0.37511874759259123,-0.8578758368143318,-0.9723989162982933
1985-11-01,17220,0.4449431388439316,0.2725000788770773,0.1158658285335507,-0.6884027111473959
1985-12-01,17220,-0.7661650451039123,-1.018625577208488,-1.2598059323558215,-0.9762929043471494
1986-01-01,17220,0.7624304736295016,0.4943816940034645,0.4613573383045107,-0.038668640095588395
1986-02-01,17220,0.7389606270347912,0.799407178243769,0.6846244967636544,0.585510977009995
1986-03-01,17220,1.3386329022031807,0.5915153537552003,0.4492023622812956,0.16652431034627746
1986-04-01,17220,0.21417322032204072,0.5900399999437228,0.39579705547598115,0.3692099472850586
1986-05-01,17220,-1.1079253915386047,0.1379035117671268,0.2702416509663975,0.16388260566145665
1986-06-01,17220,-0.20675465311388105,1.1605619540487155,0.41822931247146533,0.28397793730717397
1986-07-01,17220,-0.2356884060346723,-0.0518540621225665,0.46355300673235,0.2784305175352001
1986-08-01,17220,0.3217801910553045,-0.9746137718734886,0.1485968187549511,0.2796467498667685
1986-09-01,17220,-1.0464337458634758,-0.6452708601648731,0.9418171764168363,0.24977165453026104
1986-10-01,17220,-0.9005791150232392,-0.998350526414835,-0.3907475217570441,0.17579258832190958
1986-11-01,17220,-1.628191569123762,-1.547279907662784,-1.7080091422687618,-0.4915492222127117
1986-12-01,17220,-1.019035384364592,-1.2697690819725251,-1.2165921194319549,0.13880901702588444
1987-01-01,17220,-1.653247375675401,-1.9484124086481664,-2.023525227782863,-1.5734373911037376
1987-02-01,17220,-1.305605491518298,-1.9067468314234546,-1.8816150405003258,-2.0871638267930814
1987-03-01,17220,-0.9580165576989966,-1.385433763563899,-1.5453565286516517,-1.5096704871491018
1987-04-01,17220,0.2678183813751548,-1.1507425836419996,-1.3904760998809842,-1.4466761867598266
1987-05-01,17220,0.5522089343752234,-0.9584269630547572,-1.4839739740084645,-1.4500810078829816
1987-06-01,17220,-0.48730014626117146,-1.126466469157813,-1.432728218016673,-1.5667504892666133
1987-07-01,17220,-1.2112745210372124,-0.22694508096672872,-1.3283376550760577,-1.5592013524209531
1987-08-01,17220,-0.6967035149320354,0.3350006274771042,-1.0401577735779,-1.5504872003132095
1987-09-01,17220,-1.0295949172515113,-0.8921420666798932,-1.2662104181853115,-1.526506697994946
1987-10-01,17220,-1.8813754011385164,-2.1281721479044227,-0.732023003520431,-1.565708818020166
1987-11-01,17220,0.39190258680395457,0.2221417407208017,0.368201506289768,-0.8240850533187132
1987-12-01,17220,0.5859305518179426,0.3235910182162968,0.02832481594693283,-0.7377970994900762
1988-01-01,17220,0.175627295889126,-0.3596702667463189,-0.6353782453637901,-0.4504951612384057
1988-02-01,17220,-0.4641480394634438,-0.25678464476518015,-0.3604521638539426,-0.13002537105281203
1988-03-01,17220,0.2780530543378719,0.48740835317255987,0.3349420837847155,0.13652379991712646
1988-04-01,17220,0.8939215026285755,0.5709865587479097,0.18124452368862762,-0.04806150879547635
1988-05-01,17220,0.7364394624667636,-0.1036456145350693,0.029060828327833556,-0.07108384032004025
1988-06-01,17220,-1.4341199863408198,-0.2788151702239266,0.056012052301088175,-0.0822930580425076
1988-07-01,17220,-1.7485531483429935,0.4057943519327185,0.2606584487009026,-0.11806302503525924
1988-08-01,17220,-1.5795838794137154,0.40289749753701326,-0.27991391848155706,-0.12928135530617016
1988-09-01,17220,-1.520954417694417,-1.9150098494247316,-0.5291260830416612,-0.14472154049813016
1988-10-01,17220,-1.7665012030160951,-2.352514637101956,-0.1355254370259362,-0.11397275469068187
1988-11-01,17220,-0.15173474326289657,-0.5110835869247119,0.06375573937301596,-0.365173204395443
1988-12-01,17220,0.2849143533266497,-0.05746465770308209,-0.6024292773551161,-0.3578858336394361
1989-01-01,17220,-0.5706021764124628,-1.0738866454805485,-1.4017592280435252,-0.5970413804611977
1989-02-01,17220,-1.4911161454334465,-1.5308870925730473,-1.6903902288815362,-1.205243550473341
1989-03-01,17220,-1.4214186198437582,-0.9935326444866054,-1.184286363896959,-1.4355102998120335
1989-04-01,17220,-0.9770072921748602,-1.0298239199305437,-1.3709850190440944,-1.590876555656801
1989-05-01,17220,0.17972917495329552,-1.2956701860306472,-1.3280474242578781,-1.448943483796592
1989-06-01,17220,-0.20675465311388105,-1.4329853471932072,-1.0471234863005332,-1.2072052501738224
1989-07-01,17220,0.8821108641544704,-0.5763233417034803,-0.8436321446407685,-1.1733479725097746
1989-08-01,17220,1.0957965884335181,0.48066320398504664,-1.1261290997160542,-1.1690423419424658
1989-09-01,17220,0.5597235627306668,0.0013517953261736153,-1.3289642204617143,-0.9924917996775202
1989-10-01,17220,0.5216529378261232,0.7630410663718672,-0.30361794171219675,-0.7122110647067127
1989-11-01,17220,0.3070304452460149,0.5909224848839306,0.41050113513705155,-0.9516719061531601
1989-12-01,17220,0.273178191845136,0.28469943280625837,0.07991214745200859,-0.9974652115119353
1990-01-01,17220,-0.7204289625483024,-0.5754526602232306,-0.2924880529605556,-0.8273028452802857
1990-02-01,17220,-0.7516862935433397,-0.573363902895281,-0.3799333873986106,-0.3216706207526995
1990-03-01,17220,-1.4944898467290366,-1.058561764130656,-0.995301479802951,-1.013170099443682
1990-04-01,17220,-0.47831577467614644,-0.9098558714321625,-0.8031122758945506,-0.594272103970513
1990-05-01,17220,-0.9928656968032757,-1.1140528811925732,-0.9545880429381653,-0.7890788283487973
1990-06-01,17220,-0.1341306818860371,-1.4724497869342459,-1.0855638287551257,-1.0290089579259116
1990-07-01,17220,-1.4334718143272653,-0.9661923283618221,-1.1324132385063974,-1.042719474072173
1990-08-01,17220,-0.6509723483850516,-1.1701408751182731,-1.1867256468524674,-1.0290513021610153
1990-09-01,17220,-0.2829544437436232,-0.33394300062297466,-1.5050557137465095,-1.142431105092328
1990-10-01,17220,-0.5512619919640444,-1.3820138163442732,-1.1131804938540313,-1.243199906458754
1990-11-01,17220,-1.731173732017071,-2.058013430623763,-1.8758759372430838,-1.6967008605435907
1990-12-01,17220,0.5792706549565957,0.4136881573768846,0.2219209508676874,-0.9443689261142098
1991-01-01,17220,-0.11455305718778136,-0.4056860473231893,-0.7102757068670098,-0.9267277113771265
1991-02-01,17220,0.1323717601036152,-0.6546808202885293,-0.7481899042182013,-1.0834388766297132
1991-03-01,17220,-1.6760341006924182,-0.9622996218350673,-1.0384241328220238,-1.0339035940699635
1991-04-01,17220,-1.0401331392783026,-0.7468660984719759,-0.9319309469695375,-1.1481308746972845
1991-05-01,17220,0.4903367113134219,0.26829457811714286,-0.4460287502894048,-0.5317038299545895
1991-06-01,17220,1.2752947537963522,-0.9937930863421811,-0.4941401071875809,-0.5553015238717733
1991-07-01,17220,1.5781492343371721,0.06389311423205114,-0.17167633612979386,-0.3606173337271954
1991-08-01,17220,0.68626751953183,0.5852031131318866,0.33844578198608566,-0.36790342582912877
1991-09-01,17220,0.6101010062038725,1.125743083303031,-0.8986307796808632,-0.4433626088963719
1991-10-01,17220,-1.076136396031268,0.7840285271262218,-0.32724763662863754,-0.43509944657616667
1991-11-01,17220,-1.6726644956350314,-1.3956454120482578,-0.594835322337101,-0.32997160227737254
1991-12-01,17220,-0.9714147302050878,-0.8130401012343051,-0.06106403184626863,-1.2510754322203756
1992-01-01,17220,-1.6772481802508696,-2.006795105443841,-1.1548366500403973,-1.547290455322667
1992-02-01,17220,-1.577011900878114,-2.171238273109459,-2.0919610050002384,-1.6950997848164349
1992-03-01,17220,-1.7854273964761447,-1.9529050601624183,-1.9166592417484023,-1.326636042321284
1992-04-01,17220,-0.8877264341157994,-1.672887991535851,-1.943099542727142,-1.3919776026219972
1992-05-01,17220,-0.2361624658659185,-1.5250571637738988,-1.9857931390981904,-1.9039367643622023
1992-06-01,17220,-0.6338928654994523,-1.8397843140402161,-1.912027900741523,-1.8924930972271323
1992-07-01,17220,-0.678891822669938,-1.1453426468904744,-1.7418830647597496,-2.0053064094481843
1992-08-01,17220,-0.4479233753704364,-0.3899510688349729,-1.5682160568087606,-2.025599348600447
1992-09-01,17220,-0.6904640764512452,-0.9075450029256021,-1.8835601133420292,-1.950089001909164
1992-10-01,17220,-1.8085468499053303,-1.7673864330107687,-1.5638312184341514,-1.9453173858799424
1992-11-01,17220,-0.37274711945989775,-0.5213940388167868,-0.6287493202635834,-1.6632350376254124
1992-12-01,17220,-0.48334903632522286,-0.7211968858662007,-0.9351355924616663,-1.7884062784557406
1993-01-01,17220,-0.6992711791416953,-1.2007939172045057,-1.371544634005818,-1.644863567712889
1993-02-01,17220,-0.3816830955069966,-0.5887110520623823,-0.66198166450516,-0.7394106222247679
1993-03-01,17220,0.09755695088501665,-0.340776108128746,-0.46178657804200524,-0.6311917052613104
1993-04-01,17220,0.8971777562251531,-0.05256247383366318,-0.4273118107950939,-0.5801109334905632
1993-05-01,17220,0.4666610419409977,-0.19168638704834123,-0.4011157414193301,-0.4698920303007051
1993-06-01,17220,0.09590156615515096,0.005272674531531852,-0.3960316209972022,-0.4995233842235407
1993-07-01,17220,-0.125614317013815,0.7089881181414941,-0.16098310152911113,-0.5196329836833058
1993-08-01,17220,-1.1116290634520964,0.1819024026611312,-0.3315242120104601,-0.5228196640249994
1993-09-01,17220,-0.8073332115102653,-0.30420322157129087,-0.1927319121233961,-0.5334641455728378
1993-10-01,17220,-1.6341014384931352,-1.2987544948157255,0.1674838531796438,-0.48871423551772725
1993-11-01,17220,-0.32007309560208236,-0.6121767359320945,-0.20345083699209304,-0.48113910558187906
1993-12-01,17220,0.3782888705135301,0.12483841406646605,0.042154592546817284,-0.03591847882883931
1994-01-01,17220,0.07181289872935208,-0.432330644743734,-0.5058685611924241,0.08711364187936489
1994-02-01,17220,-0.16899260273447722,-0.3710486681804926,-0.5108411579546476,-0.3020916231438918
1994-03-01,17220,-0.5307321294129992,-0.2528842683488703,-0.38561178970545584,-0.3840974845431793
1994-04-01,17220,0.1617092114302517,-0.004797511024603021,-0.3634199338732835,-0.4318758117181369
1994-05-01,17220,0.18866421232090014,-0.15207968504319364,-0.3442344884708725,-0.468602557029321
1994-06-01,17220,0.01029614948716146,-0.5988574901599805,-0.33951570951682203,-0.4540331187863843
1994-07-01,17220,-0.1908081081302278,-0.09016137992869722,-0.12619715813170834,-0.4693384937068627
1994-08-01,17220,-1.2212647674035741,-0.12092312874135429,-0.301435235391963,-0.4747473294831728
1994-09-01,17220,-2.013861383293718,-0.6547958588886904,-0.8574476452338493,-0.5549088470741466
1994-10-01,17220,0.13147438124593952,-0.21268154565559128,-0.09585411461189615,-0.16087710787634352
1994-11-01,17220,0.08159566369483905,-0.19585602202554384,-0.1498900905300605,-0.2817497872003993
1994-12-01,17220,0.5302136941753747,0.17402425775210822,0.05421216275597681,-0.4447090779434222
1995-01-01,17220,0.8522329655389573,0.7253980193433571,0.599374661782714,0.49959416635428816
1995-02-01,17220,0.2523212474047981,0.20161665110482868,0.04867579683457893,0.055926725063781775
1995-03-01,17220,1.0287492833883014,0.9908270404321008,0.7893813766103586,0.6711510517287765
1995-04-01,17220,0.5134313742397605,0.8416236586802589,0.7532790112245142,0.6469181616926183
1995-05-01,17220,1.369806726109281,0.957665312999331,0.8182814393352125,0.675720568532935
1995-06-01,17220,-0.09852853498932462,0.8604844986834228,0.8595633815569287,0.6555142080973325
1995-07-01,17220,-0.17610332614580815,0.2731498165324977,0.7345016116421171,0.6567322665198668
1995-08-01,17220,-0.5042416704161979,1.1863529531999217,0.8635808872954744,0.7381539038382856
1995-09-01,17220,0.5788597997855007,0.08877639036286397,0.8653554332899133,0.8842056449537513
1995-10-01,17220,-0.3435974244585737,-0.5877282304044643,0.04273328288306614,0.521455983446016
1995-11-01,17220,0.8150892866571543,0.6876003507678942,1.2341086751163393,1.0767272211550407
1995-12-01,17220,0.16244037917899473,0.18569605299606962,0.026592381771360966,0.6524792026405511
1996-01-01,17220,-0.44829747747108584,-0.6673976604887599,-0.7452455539220043,-0.3765016397113646
1996-02-01,17220,-0.2736732973163808,0.19876123601632653,0.10823339755956388,0.7265167524573877
1996-03-01,17220,-0.09213304473922843,-0.0886737701894209,-0.025041846998461546,-0.10847671451312027
1996-04-01,17220,1.2760138965243304,0.47338557342068843,0.2970795784113933,0.2014256496043909
1996-05-01,17220,0.14670832724767321,-0.26345949499376403,0.14082545757871145,0.055326042984521887
1996-06-01,17220,0.6495605498918245,0.0682768050999471,0.015305908139256714,0.07677352170097454
1996-07-01,17220,-1.022060016284241,0.9926059141567786,0.23138321342686802,0.06989040826651227
1996-08-01,17220,-1.0937707365891427,-0.14228562475591944,-0.40008576380100963,0.014404013928018319
1996-09-01,17220,1.8910017743788954,1.4445573569582901,0.77688709387406,0.5831176556220958
1996-10-01,17220,1.3913958605928856,0.9965337339137981,1.3902321005309086,0.7696270187253951
1996-11-01,17220,0.9718977440670614,0.7804575185100373,0.5510831552049793,0.14295870963978352
1996-12-01,17220,0.46915623825208574,1.0933091868969695,1.0945455204895378,0.7700963574578288
1997-01-01,17220,0.2617276663440208,0.9010832264459622,0.6574054939696514,1.1721643095512104
1997-02-01,17220,-0.231451632421817,0.3546919052078511,0.2115101686667106,0.18160270978461254
1997-03-01,17220,-0.27409445897972456,0.00434353347410738,0.6024697395667398,0.6607682272610843
1997-04-01,17220,0.5074575766948703,0.35832899499945153,0.8978305241052152,0.6926575052640724
1997-05-01,17220,1.1767593205002935,0.41116219108200375,0.8103997880392926,0.675720568532935
1997-06-01,17220,0.9959359719562321,0.0961754195159451,0.24476058823171234,0.7920670197629935
1997-07-01,17220,-0.2817482181011717,0.23716220940518007,0.21939107956431833,0.7920920617643381
1997-08-01,17220,0.3217801910553045,1.1138890952445417,0.41661868071380603,0.8096496965909796
1997-09-01,17220,-0.607108699056983,0.5846139547206052,-0.08167643680933766,0.11263819771432403
1997-10-01,17220,0.1314743812459401,-0.260377118314222,0.17447342423077908,0.15630645668609405
1997-11-01,17220,-0.0876583725014819,-0.026749001409914906,0.6900919253310102,0.28647219309291944
1997-12-01,17220,0.7594561244873357,0.563875703877999,0.7803020501124593,0.3390435315242093
1998-01-01,17220,0.9021182036094167,0.7731794441994871,0.6304950782704395,0.7007960342670174
1998-02-01,17220,0.7003343366563868,0.5156314343898558,0.5133172803122692,0.9128586376922692
1998-03-01,17220,0.7293856371499865,0.9319142769654711,0.8113230353253212,0.9503556463516332
1998-04-01,17220,0.37175209809861137,0.8019210597374149,0.7163713560364716,0.5972207181965061
1998-05-01,17220,1.5860530459415394,1.4698992525987802,1.217252729713771,1.1922290462376863
1998-06-01,17220,1.273000365755606,1.1454713573310935,1.230033061714591,1.0982563408423354
1998-07-01,17220,1.474209186289305,0.995912155917238,1.2314014798645345,1.1125484578738232
1998-08-01,17220,-1.434427717907773,1.3283477243561732,1.3190477874588955,1.0840420838126463
1998-09-01,17220,0.7872893636566547,1.179804004008909,1.1908077001402977,1.2914031904842125
1998-10-01,17220,1.069698452444907,1.5487744339785288,1.187774743857073,1.3874375090360014
1998-11-01,17220,1.94001022524355,1.772441009876188,2.096671102384867,2.1113338462153615
1998-12-01,17220,1.6715488982223696,1.7297140733711818,1.849086070756128,2.0412299251128183
1999-01-01,17220,1.282002020099985,1.4644218094066508,1.693995227904656,1.570567256762901
1999-02-01,17220,1.0808696971199476,2.0193759755552017,1.8735445206173864,2.1291672981996395
1999-03-01,17220,1.0316230830082094,1.8784456705960308,1.852984658150134,1.922196539137921
1999-04-01,17220,1.2197738355611794,1.6541578700033295,1.7521041101434771,1.9495351302443813
1999-05-01,17220,-0.7643242214851214,0.6077639742058337,1.7384522327597853,1.5997246233750055
1999-06-01,17220,-1.754016018874637,0.44882421035780556,1.6167229476871952,1.6066713710780114
1999-07-01,17220,-1.4196962336797618,0.865224404276275,1.4734414461068506,1.6141729319278397
1999-08-01,17220,-1.7336587572968378,-1.1701408751182738,0.41800719449841794,1.6077468906261383
1999-09-01,17220,-1.7014834695834724,-2.2969872842819017,0.16070480744043605,1.4676287707917213
1999-10-01,17220,-0.9174000477110839,-1.6561970787053863,0.4301841358641665,1.1333730819771723
1999-11-01,17220,-1.2054733731815066,-1.7342825280748628,-1.6011315097179537,-0.11287873342676406
1999-12-01,17220,-0.7520821984572809,-1.1144839990828679,-1.5940588665754736,-0.38859192224361977
2000-01-01,17220,-0.7069642875332562,-1.0575481443191237,-1.3466639123005397,-0.25177645992069003
2000-02-01,17220,-0.33783038217276956,-0.8944575975373319,-1.073000347619805,-1.286243028262192
2000-03-01,17220,-0.1982670920629025,-0.7084783508380487,-0.9102554451146039,-1.2475914437444104
2000-04-01,17220,0.14089903885122837,-0.5827074767593958,-0.8331768199909165,-1.0527333940274202
2000-05-01,17220,-0.24640349385948573,-0.49581466060827134,-0.9646432686537714,-1.1076489755989574
2000-06-01,17220,-0.8933535589327283,-0.5831760064190095,-0.9485595051360312,-1.1187040887600561
2000-07-01,17220,-2.1980000451751183,-0.5012228448075625,-0.8910943135088993,-1.1245561375874424
2000-08-01,17220,-1.7795652594679425,-0.6543804447471109,-0.6727806436346897,-1.1134199332519372
2000-09-01,17220,-1.6546257321435283,-1.4394353169156797,-0.8207898541336446,-1.1116955566455342
2000-10-01,17220,0.7336563110624337,-0.1969785121613944,-0.10526629799265488,-0.6741811975516604
2000-11-01,17220,0.6893871788592946,0.402165055111221,0.01850048598103609,-0.2986888052199631
2000-12-01,17220,-0.2584001826794821,-0.6355954873312226,-0.9492932776831312,-0.8895307036425942
2001-01-01,17220,-1.129178255340963,-0.8322888029791176,-1.2080939688320094,-0.9813463017735433
2001-02-01,17220,-1.0584525976778516,-0.6117293174818506,-0.7980565643975884,-0.8620922786180001
2001-03-01,17220,-0.9116711496306006,-0.9622996218350673,-1.1614907880532703,-1.3139176367765173
2001-04-01,17220,-0.33966436296337044,-1.1128123108770107,-0.9215811198865146,-1.1935943115234888
2001-05-01,17220,-0.9692784138525139,-1.347540658438348,-0.9784453352729788,-1.123325005065365
2001-06-01,17220,0.4365181515889199,-0.768074033261235,-0.8482606211964441,-1.0166323195984022
2001-07-01,17220,-0.25090864013741104,-0.5739739891442298,-1.1846295394387512,-1.0123528615559712
2001-08-01,17220,1.1472801440035938,-0.42957804272218236,-1.166619735280252,-0.8015486295528539
2001-09-01,17220,1.0781776738711193,0.7367168288512514,-0.5291260830416612,-0.6736950308394503
2001-10-01,17220,0.020156741594067593,-0.3418392852220665,-0.5543881372445221,-1.185917052497545
2001-11-01,17220,1.517610910892801,1.5978840202709823,0.9797949777508634,-0.08702874869236887
2001-12-01,17220,1.833288716859883,1.9408206919824627,1.8612976308139566,1.2790376108716504
2002-01-01,17220,1.6806823720982473,1.5033107065465412,1.352294597254228,1.0007145210068369
2002-02-01,17220,-0.14875227339214586,0.9096362526894504,1.023015645079154,0.5822285788607774
2002-03-01,17220,-1.362481372381398,0.9008464469057859,1.0187409363806745,0.9790296244996164
2002-04-01,17220,-0.47831577467614694,1.1914935950482515,1.0527759617356975,0.93489302691841
2002-05-01,17220,0.11633631741455176,-0.16968616316351312,0.7957152436944419,0.9114675981687885
2002-06-01,17220,-0.5045789361883919,-1.4663997662926895,0.6754013034029839,0.8150398528393247
2002-07-01,17220,-1.419696233679764,-0.9638547358260446,0.9569015832330849,0.8354019568278265
2002-08-01,17220,-1.3064519604797669,-0.2088011815248812,-0.3250808795405511,0.6600474034802336
2002-09-01,17220,1.3703435632435692,0.441689912983752,-1.084196988292849,0.9143486170560667
2002-10-01,17220,1.3542801721205464,0.8748860697895784,0.11369020296071246,1.3247022858091504
2002-11-01,17220,1.3622597223583714,1.1759358143088123,0.9019842388777555,0.5245218173090612
2002-12-01,17220,0.9347260453751246,1.1679411462402156,0.873759543312561,-0.28923430194160454
2003-01-01,17220,0.23951416004363707,0.8513994298047084,0.5645575562301013,0.16928097401987277
2003-02-01,17220,0.7918044509119376,1.394352077620072,1.2470340775414692,1.1092659412207273
2003-03-01,17220,0.3783077803412184,0.837636418331705,1.047163356803006,0.8218782485159184
2003-04-01,17220,1.291339049370352,0.9525131867350558,1.3382735628064948,1.11384920699937
2003-05-01,17220,0.07014902671462528,0.6528150385847789,1.2651933365469203,1.1235777559990523
2003-06-01,17220,0.7218501723112323,0.5343084143716456,0.926592920372664,1.1264002727091587
2003-07-01,17220,-1.7650068309397013,0.9203892536860013,0.6665983996276397,1.1281912491725476
2003-08-01,17220,-1.7564990222665327,-0.3247923805633203,0.4622927549578725,1.1182823246246032
2003-09-01,17220,-1.241459565645418,0.19309954545368466,0.2826024903029895,0.7590628776945939
2003-10-01,17220,0.26712200987180645,-0.7020914519818834,0.7786498272321448,0.6010202807786261
2003-11-01,17220,-1.038373806676243,-1.5427297335830041,-0.982069402629738,-0.017483843869577513
2003-12-01,17220,-0.743655935350385,-1.0495845627243914,-0.6083055071643501,-0.2898770190757887
2004-01-01,17220,0.1459532436295336,0.10741850541863565,-0.23601240174194055,0.5993269767844833
2004-02-01,17220,0.14890393008813385,-0.3863361578477527,-0.5742716308882543,-0.5385430939058258
2004-03-01,17220,-0.16341759589433524,-0.6781369577826474,-0.8481125843959546,-0.5959480470391103
2004-04-01,17220,-1.884395169416623,-0.9034696627688996,-0.8878685472449166,-1.1333324393537896
2004-05-01,17220,-1.5473694921387007,-0.5646045729942153,-0.9721751106604726,-1.1160947291432586
2004-06-01,17220,-0.9575526738780007,-0.5692197093073388,-0.9350381166130767,-1.0783014424872053
2004-07-01,17220,-0.9335155766368421,-1.9134956455400525,-1.0794823533927633,-1.0717312839049045
2004-08-01,17220,-0.7432531391380957,-1.7366595349593719,-0.6630950434456507,-1.0536191803912114
2004-09-01,17220,-1.0128933208669229,-1.3045845519045411,-0.7549384393978762,-1.0611497876980296
2004-10-01,17220,-2.45040443390663,-2.1786757400146515,-2.4160377552647905,-1.37124641541975
2004-11-01,17220,-0.7356540568028683,-0.9776863896358812,-1.6456184321164573,-0.9366104858713653
2004-12-01,17220,-1.0671654246215099,-1.3070532094201524,-1.5105229806445601,-1.186180221008914
2005-01-01,17220,-0.4444892472385699,-1.0248606685330308,-1.24361355136569,-1.9791718393367432
2005-02-01,17220,1.006543181881368,0.5420054702426038,0.4267456035154669,-0.19564466811943185
2005-03-01,17220,1.5692460350917512,0.7009283609756138,0.550203176544334,0.2518353146968566
2005-04-01,17220,1.5616129697710668,0.7849581310615755,0.3577793099843787,0.15741658607538872
2005-05-01,17220,-0.01168846741764435,0.8210576043911985,0.3934528591758925,0.28450992287540816
2005-06-01,17220,-0.10865234987766251,1.4366918350752658,0.5539415828701373,0.4086966908360989
2005-07-01,17220,0.5097784013160671,1.6399874484546493,0.8224863259841574,0.39580315400686616
2005-08-01,17220,0.2352349417065011,0.0012683275746630193,0.8071949595520963,0.3895936490227571
2005-09-01,17220,-0.7480480428940293,-0.4696967252316702,1.2562943996798817,0.4114810309570959
2005-10-01,17220,-0.6002256454150188,-0.25236658007347657,1.1943828068427909,0.5585038359991877
2005-11-01,17220,0.6130439559442505,0.6136003843057541,0.323527057256941,0.9308171267053066
2005-12-01,17220,-0.06299286983537018,-0.3227859536770717,-0.4168166713789257,0.8619794359205313
2006-01-01,17220,-0.3628676724411218,-0.6565585351961604,-0.529921253459507,0.6638666999497125
2006-02-01,17220,-0.9619680203124081,-0.5733639028952818,-0.5591601281849208,-0.5596706782109988
2006-03-01,17220,0.5480745923645053,0.25441092050391084,0.12568877714376336,0.027012083891580756
2006-04-01,17220,0.9230092762844834,0.20786899947418985,-0.009453778373894417,0.05102998250171749
2006-05-01,17220,0.8222282461854775,-0.4900593349013487,-0.19333526399288456,-0.19208485371749567
2006-06-01,17220,-1.3137921060696225,0.022803535960267032,-0.15611063514587945,-0.2678305373224705
2006-07-01,17220,-1.2614072096310367,0.5101075747097471,-0.06455786607394495,-0.2658941513780432
2006-08-01,17220,-0.5042416704161938,0.6365310522649005,-0.5683504084345989,-0.2687122326465366
2006-09-01,17220,2.208584768056599,1.2366603404394931,1.0871812312677185,0.7189241082826252
2006-10-01,17220,1.9581969995588575,1.8043146638228125,1.6840022308706595,1.163194303312702
2006-11-01,17220,1.745183244657503,1.623644483347336,1.631751760908464,0.7232788115049286
2006-12-01,17220,-0.8115582299516952,0.6587891805027045,0.14249231110587848,0.3603306517015587
2007-01-01,17220,-2.240740385416047,-0.2283001262005706,-0.5127345734185198,0.10228545801101438
2007-02-01,17220,-2.229908435444336,-0.7450545546687164,-0.8222143943019566,-0.3792612039486197
2007-03-01,17220,-2.033936688572198,-2.0647311469737657,-1.122948734339455,-1.359647365201361
2007-04-01,17220,-2.044162585968693,-2.3402557883677284,-1.2017257382717714,-1.38958989683606
2007-05-01,17220,-0.9968042690671839,-2.2656635080164977,-1.0952246414129219,-1.1509640949856452
2007-06-01,17220,-0.5863412387831778,-2.025606933527409,-1.991193526072831,-1.2372307895916923
2007-07-01,17220,-0.13273528243679497,-1.817293073518774,-2.2757929255943914,-1.2556700949870223
2007-08-01,17220,-2.215028500064843,-1.4789998632891521,-2.375150131650045,-1.2598131478277006
2007-09-01,17220,-1.8502251712316518,-1.1969310001427855,-2.1271790882138313,-2.0788244795786763
2007-10-01,17220,0.8830323743768137,0.5705273454486612,-1.156109138210549,-2.0538206527450225
2007-11-01,17220,0.8900335270291885,0.59092248488393,-0.20943783124301385,-1.9796634089416842
2007-12-01,17220,0.778793881342192,0.47124536758929947,0.1408163259652273,-1.3487610688827556
2008-01-01,17220,-0.7435152681671855,-0.3649683751586587,-0.4426049021089336,-1.4175365598735914
2008-02-01,17220,-1.5456975646484101,-0.9505388142056136,-1.1563199794112402,-1.4339343253576549
2008-03-01,17220,-1.8794952944319983,-0.9466527212315964,-1.1572129045489785,-1.2463128668440127
2008-04-01,17220,-1.167886958673691,-1.2172997157269907,-0.9564665589785427,-1.0077861534355497
2008-05-01,17220,-0.442525536404997,-1.5681785381685782,-1.0804356942568527,-1.241410763407202
2008-06-01,17220,-0.46439496692234483,-1.874517742781397,-1.063976437564708,-1.240824015460468
2008-07-01,17220,-1.884833479279717,-1.5735328151040706,-1.4360983067831925,-1.2181918852195013
2008-08-01,17220,-1.711037782970139,-0.8428339499185719,-1.6903594824240167,-1.2217669247787262
2008-09-01,17220,1.082199880265472,0.19986364333136813,-1.6108228718854751,-0.8870632887727162
2008-10-01,17220,0.27114560375306185,-0.7301394591100725,-1.3482163603706838,-1.37124641541975
2008-11-01,17220,0.1944874462561388,-0.1441914428500724,-0.5064198837615818,-1.5729942478872911
2008-12-01,17220,-0.6990130692254198,-0.35700886011788024,-0.5731126833712594,-1.6624496584030704
2009-01-01,17220,0.3775169929802132,0.32480788905795016,-0.02531357013294108,-0.6861375735149907
2009-02-01,17220,0.8410217277528189,0.7641219697618984,0.5839830095406173,0.30761180507526553
2009-03-01,17220,1.7839716635111018,1.0673450124414052,1.1691493848088421,0.9494248969223827
2009-04-01,17220,1.7059301525132373,1.4485598884827766,1.3423081725787072,1.0899645293520215
2009-05-01,17220,1.6549331570661574,1.6273142198093886,1.4514559449832714,1.295059315527947
2009-06-01,17220,1.0511265881239171,1.9985239693351688,1.2677779337457165,1.34825255678795
2009-07-01,17220,0.34867543729600897,1.770640482475966,1.4682433228346172,1.3576533437008824
2009-08-01,17220,-0.5765280578709296,1.467475382909763,1.5338219946606524,1.370558245125073
2009-09-01,17220,1.0700849310813039,1.1294207247909238,2.08121269900444,1.3896614890183936
2009-10-01,17220,0.4883802285318156,0.3998233232515091,1.5258706427429556,1.3809931196749847
2009-11-01,17220,1.0279554192469493,0.8952994869074598,1.559893941352061,1.6913525605464867
2009-12-01,17220,0.6812587124483442,0.8298167131373714,1.0167438921299767,1.9470200420731396
2010-01-01,17220,0.7998807015859843,0.7980236628233536,0.7778758260783611,1.5464607822332093
2010-02-01,17220,1.5797078892797267,1.7323994159305374,1.6238785577072237,1.9723561007261705
2010-03-01,17220,1.2354359614138908,1.2390778384587318,1.3202662122167275,1.4033388674997307
2010-04-01,17220,1.1348490665760216,1.2194972322071855,1.1917143691408585,1.161405807117485
2010-05-01,17220,-1.6365364737198551,0.8653800044138764,1.1994294326004518,1.1003132717888293
2010-06-01,17220,0.8134719357399173,1.3790937946987332,1.356654380947881,1.4246931500285687
2010-07-01,17220,1.2389154477362871,1.4772784674967951,1.502402863697072,1.4415592828048813
2010-08-01,17220,1.6391564867317847,-0.5610442854833976,1.1609218042963203,1.419303492269695
2010-09-01,17220,-0.7334957642285046,0.3830714807766951,1.1974198666023996,1.2442167967643503
2010-10-01,17220,1.8048196866801993,2.025000123708662,1.9674677531751497,2.0696885688693167
2010-11-01,17220,1.2775229899236227,1.532301847468341,0.6568684017881448,1.5532122091773117
2010-12-01,17220,1.1993342241561495,1.0448802992999695,1.1055461328811824,1.6127938590981947
2011-01-01,17220,-0.6646636440292416,0.7573555999129942,1.0330243246271436,1.347160047581939
2011-02-01,17220,-0.002502454766075288,0.7872890000031973,1.0451346326447286,0.42298497184026274
2011-03-01,17220,-0.6759291882542615,0.4297203405368573,0.30164184063896954,0.4508110227080574
2011-04-01,17220,-0.15656860855518143,-0.7153617896243586,0.43834774054438314,0.7238724670597578
2011-05-01,17220,-0.4210751762180849,-0.27954515094534266,0.483480600161743,0.758675747163706
2011-06-01,17220,0.4679825676700355,-0.5447590391098748,0.44337106809256666,0.32218463194983693
2011-07-01,17220,-0.2817482181011737,-0.41934017240335886,-0.8215657251153353,0.31449650188825323
2011-08-01,17220,-1.2399679199653904,-0.7388772227418686,-0.42712936820315134,0.3478392819418636
2011-09-01,17220,-0.7923478250553834,0.04186740372112186,-0.7096140008873486,0.29554998376137787
2011-10-01,17220,0.8347424827708994,0.4605455771869679,0.03182989503267403,-0.5590004144661868
2011-11-01,17220,-0.5848638123599924,-0.9270367201292405,-0.9820694026297383,-0.6690789200820959
2011-12-01,17220,-0.18616824407225177,-0.4519651509232335,-0.2792467721815756,-0.7696701608539327
2012-01-01,17220,-0.6377632454656008,-0.30335501013091426,-0.41709143799020565,-0.5208150250299171
2012-02-01,17220,0.3847095507961774,0.015849793147296454,-0.13796294033746112,-0.3478202612419524
2012-03-01,17220,0.05625172062917531,-0.20123657959558308,-0.332662142899525,-0.22489085286540877
2012-04-01,17220,0.6923356528807565,-0.1715180209688811,0.07230143914146839,-0.03545443491259213
2012-05-01,17220,1.0509981184400041,0.8262963911708622,0.4503681166750353,0.3054233996907547
2012-06-01,17220,1.773650511119978,0.9830412593646577,0.5391634624867756,0.4111127127684502
2012-07-01,17220,1.3635334235622898,1.1650799850657352,0.24374839738556786,0.4593938838624101
2012-08-01,17220,0.37054442621430156,1.0066969028147599,0.8307219832852807,0.46282487544905104
2012-09-01,17220,-0.6374422193381494,1.3502569511280107,0.7973926460943828,0.4062090604269372
2012-10-01,17220,-1.2550396452369417,0.43416649779051975,0.6540114233834142,-0.07598521085268939
2012-11-01,17220,-1.2891550816635706,-1.1798514183230515,0.010501302512197818,0.2528034538707173
2012-12-01,17220,0.31780545355870254,0.08441915797685307,0.9255937467174663,0.6901888373016071
2013-01-01,17220,1.2911888227153168,0.9041914332652975,1.2076990770963019,1.2639038176223976
2013-02-01,17220,1.9502623622327757,1.3198953946741514,1.2918158348551634,1.4621123924670936
2013-03-01,17220,1.489630773351668,1.2342007036598852,1.1080674597085898,1.4966825979072351
2013-04-01,17220,0.6369515953002899,1.3009644153005462,0.970682051196048,1.2412936200661355
2013-05-01,17220,-0.36085835129328636,1.6569863225621657,1.056313411886239,1.0408405281460977
2013-06-01,17220,0.3842455870097645,1.4845608899859757,1.232085411439352,1.0980449946886763
2013-07-01,17220,0.7394880371758827,0.7402422159716076,1.408412914247903,1.0671738348578568
2013-08-01,17220,1.1269641543812192,0.061899841453683734,1.7552739019466794,1.1674043000614158
2013-09-01,17220,0.26464246275989756,0.298552870212837,1.4225304845555207,1.2109850168565068
2013-10-01,17220,1.0735973585656646,1.1307082026117512,1.0200180996384514,1.5353253035391452
2013-11-01,17220,0.9925324394294784,1.1586038646044683,0.6765590756055919,1.8411854874830327
2013-12-01,17220,-0.20525248437237764,-0.2507330329903353,-0.1561227396516815,0.9418121512682496
2014-01-01,17220,-0.5744357598344333,-0.058654416547932825,0.11658446510959805,0.3706222150434989
2014-02-01,17220,-1.517048678308563,-0.8320879815893899,-0.6256790160935957,-0.7552610981243159
2014-03-01,17220,-0.34831430005782377,-0.5159376460452273,-0.5079287810173951,-0.4086734057042599
2014-04-01,17220,0.4406354573700526,-0.304078134664224,0.08778209778014136,0.2111602416849947
2014-05-01,17220,1.254664456130085,-0.6920454767652466,-0.12067944156596594,0.03880524186753224
2014-06-01,17220,1.6788792810912068,0.5684121035533612,0.1865312009985543,0.186779078981458
2014-07-01,17220,0.7280345050211332,0.5454680734302924,-0.18904131205036315,0.194385384064635
2014-08-01,17220,1.3407851665551311,1.42045556424777,-0.43991840555245965,0.10416841881485354
2014-09-01,17220,-0.04855626519590154,1.3351853099787352,0.45872756113827057,0.11650094407168587
2014-10-01,17220,0.9086543419023322,0.976491797545653,0.7868672825387447,0.08051706791512842
2014-11-01,17220,-0.11189264365539812,0.374125888033088,0.969334966083944,-0.49415122369402775
2014-12-01,17220,0.9729207866102768,0.8694657265089148,1.3570003727122313,0.9127673261953191
2015-01-01,17220,0.8634078068477306,1.0396891650275488,1.0931260231687059,1.0561654834205156
2015-02-01,17220,1.2406652670280718,0.9863076259117415,1.1355746348325209,1.4255845029295373
2015-03-01,17220,0.8487323234757951,1.1728615291546718,1.0966684486113603,1.444380370943233
2015-04-01,17220,0.5114419644884703,0.8499942381580707,1.0194178329347325,1.0777012939706336
2015-05-01,17220,0.5085716623165278,1.2634156178734193,1.0211301497975365,1.1632240665115567
2015-06-01,17220,0.8039056755146737,1.009030307619267,1.2869775413347377,1.1995834315382243
2015-07-01,17220,1.0230821700493034,0.7765595164039956,1.0547892666928065,1.2002580119301727
2015-08-01,17220,1.899176338860332,1.1609940403143804,1.6179947162062167,1.3476720582344517
2015-09-01,17220,0.7712847760381154,0.824740348376074,1.0555689201660228,1.344923275881562
2015-10-01,17220,1.0813478254120492,1.2810836975406816,1.0488921822291912,1.2471685091449807
2015-11-01,17220,0.5780009181478349,1.1724882262972252,1.0788784169006616,1.570429708529453
2015-12-01,17220,-0.9038446887671503,-0.6868036677600117,-0.2848327254914144,0.29125957397958224
2016-01-01,17220,-0.10170166320302476,0.35242637530945015,0.599374661782713,0.6776450151460013
2016-02-01,17220,-0.3816830955069966,-0.06267117497002059,0.4228185299677736,0.5158631307522352
2016-03-01,17220,1.105205338412214,0.30387239524604726,0.3944070361746227,0.5278084805518253
2016-04-01,17220,0.13857705742019652,-0.14963085648112776,0.23693418133851732,0.4508987996648707
2016-05-01,17220,0.511163897369854,-0.16675209103251304,0.0772980989533349,0.49961301678360065
2016-06-01,17220,-0.504578936188393,0.8287716150489469,0.05994617448025894,0.16162879185712542
2016-07-01,17220,-0.09743016192339368,-0.08338570933462985,-0.2503529864498639,0.14123661168617643
2016-08-01,17220,-1.579583879413718,0.16274643564378632,-0.3415422278263151,-0.08123990192436086
2016-09-01,17220,-0.8073332115102676,-0.8362462203967829,0.6220109702016356,-0.0890267061919104
2016-10-01,17220,-1.8665175795498339,-1.3708028757324768,-0.5994818140918683,-0.5903465896118607
2016-11-01,17220,-0.16101021731698492,-0.5213940388167898,-0.11843117866272193,-0.425136885611724
2016-12-01,17220,-1.441931159775437,-1.5950237068041615,-1.5773240872384409,-0.3117178554021167
2017-01-01,17220,0.7768993688724064,0.2735905251282196,0.18036834279728706,0.13247135762202283
2017-02-01,17220,0.02091748208882132,-0.12395152157922112,-0.30216952651114726,-0.10060174045186762
2017-03-01,17220,1.2733901117296962,0.23826093331732018,0.10422244963911116,-0.08340358675313288
2017-04-01,17220,-0.29970725624763656,0.3319039076441323,-0.05518896309573849,-0.1278576698870399
2017-05-01,17220,0.584966563084676,0.22499256150626543,0.06167710075681899,-0.10190648229172769
2017-06-01,17220,-0.31924220266663184,1.0603776518966734,0.03895324578806598,-0.08100184921193584
2017-07-01,17220,0.2009896552261776,-0.3797013643992623,0.2885468006038577,-0.08960705862957133
2017-08-01,17220,-1.3746023391685513,0.2676048321508699,0.05835009320682141,-0.08383350375881206
2017-09-01,17220,-1.774222548013699,-0.9281889801677365,0.7843356933282698,-0.17579206522833069
2017-10-01,17220,0.1403629307375865,0.019933376574112604,-0.33514675377933634,0.2219345560008197
2017-11-01,17220,-0.3135490630511761,-0.6549416563145306,-0.13610063399263375,-0.1258201496401469
2017-12-01,17220,-0.2028598907055565,-0.5920766384132738,-0.7187368871001178,0.38529895235295464
2018-01-01,17220,-0.6838875256398221,-0.7216655961329314,-0.6963104009495107,-0.8231036809376399
2018-02-01,17220,-0.16561848237570742,-0.36493654910621864,-0.525933772192074,-0.25522967808847385
2018-03-01,17220,-0.26824780328896897,-0.4550705315576515,-0.6612760917679684,-0.7396134865150644
2018-04-01,17220,-0.481076243173521,-0.886832769170432,-0.9099243427048853,-0.8970667785921153
2018-05-01,17220,-1.5896987646438814,-0.8418681570731759,-0.9671547978311661,-1.089513311832784
2018-06-01,17220,-1.587347821212175,-0.8192284097340079,-0.8569940660431616,-1.0314817452683644
2018-07-01,17220,-0.381675876513093,-0.7350668476961789,-0.9957995301297415,-1.021478336268541
2018-08-01,17220,-0.39291503393986676,-1.6784198709422666,-0.8995927616461832,-1.0191987620698244
2018-09-01,17220,-1.2045773785238092,-1.9500366797968456,-1.0018955160142662,-1.000689830287059
2018-10-01,17220,-1.2449030658718938,-1.29327012313088,-1.081047688861022,-1.2065360345330547
2018-11-01,17220,-1.7859172771732668,-2.0261118034584085,-2.193540254921777,-1.458111668727506
2018-12-01,17220,-1.9810728246275102,-2.1065407398254434,-2.313271841369332,-1.643387336272305
2019-01-01,17220,0.11784600581952688,-0.3253090131530712,-0.45965789550105934,-0.7252189198922545
2019-02-01,17220,0.44033785831978045,-0.38174886500686644,-0.4520583574440144,-1.018232031308583
2019-03-01,17220,0.6955500219387152,-0.5420277997446219,-0.7090915227814889,-1.0403784795719007
2019-04-01,17220,-0.4755568728442732,-0.31226211873606025,-0.6166791525014276,-0.7201147464784081
2019-05-01,17220,-0.7529129938320431,-0.014139934401433466,-0.7157208082256697,-0.7714276219881009
2019-06-01,17220,0.09122600640581176,0.5813383791370842,-0.5785434643758756,-0.7215441663876826
2019-07-01,17220,-0.19450404617697442,-0.6739031373789698,-0.42534031842396797,-0.7139037776990256
2019-08-01,17220,0.09651763933314947,-0.7264669070175882,-0.03298494964909856,-0.7206870879643468
2019-09-01,17220,0.5238506765383585,0.1947927718791258,0.5824527271819817,-0.5429315894956612
2019-10-01,17220,-0.0540729824329923,-0.3730270963867453,-0.6727641699132552,-0.4856743199003919
2019-11-01,17220,-0.6238087556620663,-0.6210409092096172,-0.9984201139474614,-0.3267124998812316
2019-12-01,17220,-1.2146737703949184,-1.050877248593174,-0.9240218521235363,-0.2532144819786047
2020-01-01,17220,-1.5215078916743452,-1.591192193155596,-1.6551252179726705,-1.666117182479355
2020-02-01,17220,-1.2770242600584267,-1.526601654395584,-1.5283099751347433,-1.6734733269582849
2020-03-01,17220,-1.2770200091429174,-1.694599600049096,-1.6618614149364372,-1.540337311392328
2020-04-01,17220,-0.3773009660974369,-1.3777837084191025,-1.464249405944053,-1.5121125691011674
2020-05-01,17220,0.587464629321589,-0.9140037336040587,-1.1454829370364346,-1.1419648136382399
2020-06-01,17220,1.4325370204656096,-0.493952493971359,-1.0759806781036005,-1.0259167802215219
2020-07-01,17220,1.3691425026879323,0.3150904617692476,-0.9679243849511254,-1.042719474072173
2020-08-01,17220,0.8575228918666591,0.722542538092044,-0.793360546727923,-1.03397215494889
2020-09-01,17220,-2.1335605034405454,0.8453580355072314,-0.7678367652798885,-1.2499656337281535
2020-10-01,17220,-0.11097252933257563,0.8407898465153477,0.15170171322731402,-1.0074968228942138
2020-11-01,17220,-1.6370501202390462,-1.2540666854172375,-0.44593427311963213,-1.3266584522881102
2020-12-01,17220,0.6607131973833914,0.31623126707224686,0.8329696065267672,-0.2718741368142236
2021-01-01,17220,0.9226005933786305,0.7267378585877362,1.071199746363162,0.7028903309593074
2021-02-01,17220,1.9049963370760032,1.1906019258159546,1.2302185560711747,1.2417250340477684
2021-03-01,17220,1.4588338830575882,1.3944059273591018,1.197107174807066,1.4228470742392998
2021-04-01,17220,1.1516536448075552,1.3248779136934627,1.1513885148699357,1.398075259761624
2021-05-01,17220,-0.03731993984376104,1.706433962039507,1.022186355744227,1.0723431422651664
2021-06-01,17220,-0.4643949669223482,1.2295236233547833,1.227979326478645,1.0177162010851797
2021-07-01,17220,-0.7175687894685671,0.8843254975894277,1.1741861602049344,1.0085649069042473
2021-08-01,17220,0.13355061421101655,-0.05175746254608851,1.6711219486695912,0.9976853855672346
2021-09-01,17220,-2.8441620509330208,-1.233396568206556,0.9196210524946253,1.0150208248410906
2021-10-01,17220,-0.8227179718339784,-1.24156849909809,0.46585456028566835,0.8585542943717375
2021-11-01,17220,-1.6039214627730487,-1.6092791103595707,-1.0880193217190177,1.0097902732900763
2021-12-01,17220,0.2770976765620718,-0.15493400438807933,-0.3987264823239015,0.7637058722569345
2022-01-01,17220,-0.38938535524707335,-0.7352492450286688,-0.9237422582346578,-0.0030450696981650996
2022-02-01,17220,0.5637337898163901,-0.19998607524372244,-0.20788828285205288,-0.2623768114229185
2022-03-01,17220,-0.6798469720538339,-0.4391362428382307,-0.6895296615566988,-0.7990369357485678
2022-04-01,17220,-0.2864740480806903,-0.5907249549593424,-0.8259945636033418,-0.9695434380297373
2022-05-01,17220,-1.8226397608858078,-0.28246854545472366,-0.8983949600863766,-0.8948842658329741
2022-06-01,17220,-1.1558189462969366,-1.0678739194840545,-0.7666010180827777,-0.9799995317371006
2022-07-01,17220,-0.5223830545916981,-0.6045248336261471,-0.7410597015737345,-0.9628497006102316
2022-08-01,17220,0.7365098201120365,-1.4351022933727853,-0.1907606422979501,-0.8085196265612438
2022-09-01,17220,-0.0288140618677693,-1.0439493523044636,-1.0956309649539722,-0.8099233099084011
2022-10-01,17220,-1.2398561911365698,-1.3820138163442786,-0.9616113020912734,-0.9735347527339159
2022-11-01,17220,-1.1491344094214129,-0.861817789417971,-1.7213963643780836,-0.6497285932456658
2022-12-01,17220,-1.140327795174685,-1.1667902013196514,-1.462641305865603,-1.4494557241070611
2023-01-01,17220,-0.3761192114999777,-0.8068753323061222,-0.956420540634244,-1.023345618026534
2023-02-01,17220,-0.9731152078913441,-1.4447722130584053,-1.3390116301963801,-1.8349531406468438
2023-03-01,17220,-0.5994498406687694,-1.1873968900303264,-1.2326129552236482,-1.4279441341231167
2023-04-01,17220,-0.3908216961467724,-0.6333650659325354,-0.9280510684107193,-1.0415165593280296
2023-05-01,17220,0.487718927932977,-0.697657963239225,-1.1234702023627472,-1.0311396912290147
2023-06-01,17220,1.3723936763686901,0.07525785758543445,-0.6442715260202414,-0.6740640296352219
2023-07-01,17220,1.3525041012637888,0.28787849015487915,-0.21972516659223515,-0.5144813245936415
2023-08-01,17220,2.0155680029565115,1.2296938089973524,-0.11728174010865412,-0.604378759782805
2023-09-01,17220,1.1138113068908688,1.3703004534119874,0.28914349706800724,-0.4599208153897908
2023-10-01,17220,-0.6144685464186989,0.6254363944190137,-0.019480278775866947,-0.4094326312034013
2023-11-01,17220,1.0819144331453876,1.548554162429169,1.4269549376065052,0.46597038847415134
2023-12-01,17220,0.6670620187477837,0.8326785656545529,1.1669669434666545,0.5405168650191264
2024-01-01,17220,0.870366118800974,0.5607785093407027,0.9319899166983161,0.5598544920439784
2024-02-01,17220,-0.5963117528576998,0.14132299422335393,0.664038295459846,0.7139754351629771
2024-03-01,17220,-0.6896392207206439,-0.12843262037080772,0.0840148970162924,0.505993263918185
2024-04-01,17220,-1.303829195910951,-0.04573413455622428,-0.2584049474899736,0.154962110434499
2024-05-01,17220,-0.9535958348012201,-0.9771564553226613,-0.32437895082480184,0.1914239530035855
2024-06-01,17220,-1.2686014818025502,-1.1029397386541344,-0.5104213075007477,-0.29973094337008693
2024-07-01,17220,-0.7820281281254157,-1.4825261716045628,-0.2576679044734282,-0.45577456130781313
2024-08-01,17220,-2.144772275864758,-1.425167508688153,-1.1508472574812307,-0.5091888196504689
2024-09-01,17220,0.5597235627306645,-0.7491777764435164,-1.0150571563510937,-0.46946183723686835
2024-10-01,17220,-0.694907265372482,-1.1879094065474511,-1.643858272288886,-0.4576702822650049
2024-11-01,17220,-1.1611526045205718,-1.7608174159368084,-1.72251226358772,-1.5129719737562712
2024-12-01,17220,-0.22205715435173137,-0.1756403956959182,-0.664336060198275,-1.0179638475446633
2025-01-01,17220,-0.03783181062434685,-0.3667350898030202,-0.5756092961731449,-1.2098655431319998
2025-02-01,17220,-0.31082321780581307,-0.8534094551871848,-1.0573275089481122,-1.3354741646449324
2025-03-01,17220,-1.6297013751590277,-1.4746373934688068,-1.4242490300862405,-1.618850302533213
2025-04-01,17220,-1.854266599043681,-1.0223256679974584,-1.2304338948464808,-1.366268358905778
2025-05-01,17220,-1.1963567883107173,-0.8295246664051291,-1.2423171782672204,-1.3934816591867818
2025-06-01,17220,-0.12901571464685044,-1.5829815258309694,-1.432728218016673,-1.3909780267909073
2025-07-01,17220,-1.1866587637611774,-1.94179019892665,-1.2115888364974547,-1.4120118135450312
2025-08-01,17220,-2.460504902611469,-1.7157904635208006,-1.0245911552740508,-1.4105968125278976
2025-09-01,17220,-1.2045773785238092,-0.6168677662964449,-1.6927250060272012,-1.5367938599712119
2025-10-01,17220,0.6459610563398676,-0.0711147491122739,-1.4742899542656238,-1.0288919997221333
2025-11-01,17220,0.03315545062599209,-0.4164861106049645,-1.1154022902946288,-0.9792122143904776
2025-12-01,17220,-0.6248157289051893,-0.9341450144254281,-0.9230119608719518,-1.696322180186256
1961-01-01,17234,,,,
1961-02-01,17234,,,,
1961-03-01,17234,-0.5993333889168658,,,
1961-04-01,17234,-0.6815721288133709,,,
1961-05-01,17234,-0.9780874719577197,,,
1961-06-01,17234,0.5190347233581966,-0.37366291827970854,,
1961-07-01,17234,0.39711255532552997,-0.5672086364766786,,
1961-08-01,17234,1.1012795280202987,-0.3186588278036933,,
1961-09-01,17234,0.34634866164891154,0.5262070992145799,-0.3292241614468754,
1961-10-01,17234,-0.06295292633144968,0.05541263169665967,-0.5741828383892031,
1961-11-01,17234,-0.9577653139428306,-0.38751008143725635,-0.822424927429294,
1961-12-01,17234,-0.358864409043919,-0.23194529857428375,-0.007794139546417456,-0.47349551778158155
1962-01-01,17234,-0.4586859579637789,-0.5212686682590808,-0.4249186599983211,-0.7546503195634144
1962-02-01,17234,0.496864440336585,-0.012360381860785249,0.2007979203956939,-0.18535172383988435
1962-03-01,17234,0.06660423415638853,-0.20946657739555344,-0.18320626858583428,-0.030852901146463767
1962-04-01,17234,0.8308849519505276,0.10753676116804797,0.025885625971637804,0.06592453590793795
1962-05-01,17234,-0.5862648980310922,0.2020254955791208,-0.17795909208005756,0.01853860948867109
1962-06-01,17234,-0.6469627350320327,-0.25132627006912667,-0.3961470368147955,-0.3300787287961299
1962-07-01,17234,-1.631777663010257,0.08458226163855782,-0.29434015111579453,-0.33411456913764986
1962-08-01,17234,-0.7983170639640869,-0.9572690845473323,0.020689273476540603,-0.35268915744541135
1962-09-01,17234,-0.22674435032148388,-0.7054115650296428,-0.3422686263926394,-0.46287779346903657
1962-10-01,17234,0.16442784995494608,-0.9497114728929302,0.07615524834944641,-0.26712526159107847
1962-11-01,17234,-0.23054250402219376,-0.533217354417258,-0.7292133421338333,-0.03567637219147287
1962-12-01,17234,1.1134171113426738,0.9327099329596676,0.5137294874963437,0.4008568171960015
1963-01-01,17234,1.0557952173691092,0.9921589085407145,0.43835265946323204,0.7673827546318195
1963-02-01,17234,1.2654242445945691,1.13125915749281,0.9422013813769134,0.6304067147219978
1963-03-01,17234,0.684893503766266,1.1525523498279402,1.02626765402299,0.7367168183650594
1963-04-01,17234,0.7933376306378741,1.1756455860131507,1.1128016367129854,0.7198527060225244
1963-05-01,17234,0.5014373644889094,1.2156946714024035,1.1027541783951607,0.9656391578648595
1963-06-01,17234,0.48563892767407757,0.7906505713014372,1.1679499679198664,1.0558887773788004
1963-07-01,17234,0.17192882753880984,0.7231946972841259,1.1417302364343862,1.0733585865887731
1963-08-01,17234,0.07127029639854802,0.44023716057648227,1.2138812699335975,1.0931503177103594
1963-09-01,17234,0.27106901556750457,0.46440569122323144,0.7811054490964012,1.1778607677434212
1963-10-01,17234,1.147924314741238,0.8677682958831847,1.0945783146022037,1.3279675399025987
1963-11-01,17234,-0.0724538796652267,-0.09090531809296344,0.1965189328681984,1.0776406044499796
1963-12-01,17234,-0.8388386142944728,-0.6858141474478302,-0.3747043098212968,0.16011749097150763
1964-01-01,17234,-1.873517495269274,-1.3528411511216127,-1.2759127882866836,-0.7468433934973117
1964-02-01,17234,-1.2496092864878068,-1.1944557143942456,-1.1821623466192288,-0.9496036014611201
1964-03-01,17234,-1.2400469466389397,-1.4088728405297197,-1.3234793149766282,-1.1026745768784458
1964-04-01,17234,-1.0016984919296752,-1.9474618093885445,-1.5354857465873306,-1.5018121973757828
1964-05-01,17234,-2.012663199924631,-1.7631289269299595,-1.7726755664048464,-1.7259639382245209
1964-06-01,17234,-1.2619515849566345,-1.6090155410975036,-1.7086623929243219,-1.6393926015825222
1964-07-01,17234,0.14676836784326364,-0.9636614445912743,-1.9771084526282483,-1.5715467903961353
1964-08-01,17234,0.9716274510469108,-1.3037359691342552,-1.5401222356737314,-1.5580271848502427
1964-09-01,17234,1.9361765350642668,0.3999923663337117,-0.9897665479143211,-1.2241968736395714
1964-10-01,17234,0.6384342553837101,0.3959274410790545,-0.5583140838009053,-1.8061059016626957
1964-11-01,17234,-0.08844136537267845,0.2978915777645063,-0.8351640002235451,-1.5233119260997696
1964-12-01,17234,0.577716234280294,1.1935747042101825,0.5734230556429775,-0.496973009160839
1965-01-01,17234,0.17272142728149642,0.3460645611645924,0.28576764242497266,-0.30745294743634405
1965-02-01,17234,0.7430296687461593,0.6280558243853446,0.7737104621380652,0.032868153228072475
1965-03-01,17234,0.015512931833601626,0.3156776820271281,0.800501538360704,0.3636418983521482
1965-04-01,17234,1.69522055411512,1.3274016048089148,1.3816828285023959,1.3279152983312437
1965-05-01,17234,2.502242137423564,1.857909859574772,1.7576507925664373,1.8162694462098294
1965-06-01,17234,2.5795903197843764,1.7561442798665459,1.5493564139536522,1.7624036277682245
1965-07-01,17234,1.804741077952806,2.4314317005398185,1.7956250751613667,1.774036181858909
1965-08-01,17234,0.21065068210448412,2.508793999451203,1.9231916173479697,1.8015630258578852
1965-09-01,17234,0.8961682082225484,2.5506361565456745,1.864281914265905,1.6443426880143
1965-10-01,17234,0.3613744681847583,1.6335003004889626,2.262681487611447,1.707518260977806
1965-11-01,17234,0.1662027703132988,0.17180309074214903,2.016905213982505,1.7327491017364236
1965-12-01,17234,0.6386872490056634,0.7995915338388954,1.9375665728820144,1.6954024686178826
1966-01-01,17234,1.3432301558470618,1.3418490333940878,1.9159911909333323,2.474242438996055
1966-02-01,17234,0.9119463037965823,0.9091655044253586,0.8817601237434826,2.1079197619206655
1966-03-01,17234,1.1138380193552135,1.153934415199829,1.2243910339480775,2.1293023050890287
1966-04-01,17234,0.45604211956168944,1.2048513366076472,1.1906054714255978,1.705336700060795
1966-05-01,17234,0.804191816370609,1.032403351158625,1.041074128469854,1.0212336204751675
1966-06-01,17234,-0.2444232148750062,0.9012263704992721,0.9790916643458877,1.0452681147635798
1966-07-01,17234,-0.2940372543201334,0.14531953053535127,1.072218427290601,1.0537463624629344
1966-08-01,17234,-0.20629231102707762,0.6399667950337837,0.9804098654704588,0.9928660373702235
1966-09-01,17234,0.9074420529757375,0.22143451595573352,1.050051462153873,1.1014749983731935
1966-10-01,17234,-0.5784957213745546,-0.7368209421804395,-0.1769819684495925,0.8579519617052218
1966-11-01,17234,-0.20745474044514958,-0.3115743331148047,0.25259293105942165,0.8359672721124312
1966-12-01,17234,0.6651126383102034,0.8248254377331538,0.5521231889378532,1.1145363249736897
1967-01-01,17234,0.9535827983873124,0.6549019792260106,0.43895353875952337,0.530075691422106
1967-02-01,17234,0.36194614263563724,0.1911944958161125,0.1075931864003757,0.38103169034519646
1967-03-01,17234,-0.584375756789509,-0.07762224897118143,0.06952588104159975,-0.03698873951731189
1967-04-01,17234,-0.18197676967564352,0.5765072231044129,0.34574233671869475,0.1950942315431324
1967-05-01,17234,0.5817597629511573,0.5033685481579939,0.41474639621159143,0.34169592642707075
1967-06-01,17234,0.7033660444899295,-0.265646720266101,0.1751417579242621,0.32391415644750177
1967-07-01,17234,-0.16141827920249552,-0.43099675611863814,0.4940670797570143,0.2886695341714384
1967-08-01,17234,-0.13520214182247026,0.44023716057648227,0.4334354489337448,0.3483422855881933
1967-09-01,17234,0.5364902033292827,0.765487635135491,-0.1752424478748646,0.2454293417007275
1967-10-01,17234,0.14908539701833787,-0.178904337384667,-0.36437295237560297,0.46969773180615804
1967-11-01,17234,-0.6447375296615528,-0.6654056327148001,-0.146578945151683,0.1958351206928617
1967-12-01,17234,0.35052591672485706,0.44420323083738955,0.6047450534121621,0.031649191198197486
1968-01-01,17234,0.9390023133074967,0.8721993958844213,0.6832407804964292,0.40219418416559766
1968-02-01,17234,0.7618916167513311,0.40803917580807386,0.33118387217724227,0.47977014572325627
1968-03-01,17234,0.3158125471436442,0.3922970968459226,0.42459682126596643,0.5742120607833573
1968-04-01,17234,-1.129864914308623,0.13477282032079357,0.11164145107826666,-0.0023971129512554727
1968-05-01,17234,-1.4955060083535527,0.16106571215440602,-0.09073340008519303,-0.1445072730902549
1968-06-01,17234,-1.9691940104779684,-0.5288314011807553,-0.21905077210229018,-0.1239210855971752
1968-07-01,17234,-0.8043389442337724,-1.479174458967845,-0.0911678136375571,-0.08293230400522154
1968-08-01,17234,0.17318086169674565,-1.3267686664838294,0.1371448539466784,-0.10956373823067055
1968-09-01,17234,0.8058398668099166,-1.2055998618806443,-0.3523377136378361,-0.08218063211974823
1968-10-01,17234,0.9609984847793137,0.1604246916748357,-0.803151945488702,0.20317018731333383
1968-11-01,17234,0.807454858504596,0.7263415297533217,-0.25548683116467946,0.4544117405213696
1968-12-01,17234,0.733600875005331,0.8490665695623181,-0.05644929076902094,0.12920044099116657
1969-01-01,17234,0.9444767395864586,1.2065725947909742,0.8441162620832067,0.13015504592269103
1969-02-01,17234,0.9593995352372116,1.2265467175996316,1.1850084320751688,0.6003311368503246
1969-03-01,17234,0.9214900572381411,1.0700500781311972,1.125394038828854,0.49931714515713854
1969-04-01,17234,0.2694498204973264,0.7960029273168736,0.9956613434853305,0.7437797082602353
1969-05-01,17234,-0.39833001319948375,0.679444309148248,0.9305252694028945,0.906845161800549
1969-06-01,17234,-0.6969533252905881,0.5468918508741041,0.7889218984609613,0.8579901768011076
1969-07-01,17234,-0.5869664224448665,-0.18018695238244853,0.6128184507402425,0.8182553326410972
1969-08-01,17234,-0.3710834065101144,-0.6023731817434131,0.5814534822376282,0.8545540933421091
1969-09-01,17234,-0.5008742896248921,-0.8669308789292044,0.3774742164818198,0.6872407757105267
1969-10-01,17234,-1.4335280862693234,-1.3638830705339853,-0.7623604646969484,0.23204191781204017
1969-11-01,17234,-1.7325817663828702,-1.6813182471292334,-1.4975964027007977,-0.09431030889059819
1969-12-01,17234,0.35052591672485706,0.16150850531581082,-0.20914850263935353,0.45217416325178317
1970-01-01,17234,0.4315768174473667,-0.11563604491212902,-0.3568812047622052,-0.2474341887953914
1970-02-01,17234,1.501789209860254,0.7822701435497169,0.6584742319043877,0.4215375575452227
1970-03-01,17234,1.0704323374988847,0.9595447689525843,0.7935631417936597,0.5036291343992482
1970-04-01,17234,1.134844053851491,0.9809569133639642,0.5715519569097088,0.3544677452786527
1970-05-01,17234,-0.749976000746915,1.0942754006708046,0.4652689875043963,0.36844820332984657
1970-06-01,17234,-1.4686068657562383,0.4116247343198692,0.4811811155649235,0.3655226561174657
1970-07-01,17234,-0.813361153620807,0.7697243557411587,0.751129867840654,0.3668707390256392
1970-08-01,17234,-0.342213159412679,-0.9106022007593703,1.029001413360028,0.36946338127518713
1970-09-01,17234,-0.1252504848089119,-1.3136106860892625,0.3208938718277088,0.43052869282025014
1970-10-01,17234,0.969394486446337,0.16456484288482812,1.0321522155251635,0.9420434918223807
1970-11-01,17234,0.4189327635731622,0.1964380635248586,-0.29067562296645405,1.0560982560557874
1970-12-01,17234,-0.2577899704488037,-0.28919781650950643,-0.8909400697723465,0.0852172638160198
1971-01-01,17234,-0.5110675536205103,-0.11563604491212902,-0.41549844498588456,0.30771401688155736
1971-02-01,17234,0.4016295371673416,0.5114212596979204,0.3963997658919163,0.06541815931790447
1971-03-01,17234,1.3144971858264412,0.8368949045101721,0.7300810735601394,0.24186875223754112
1971-04-01,17234,1.042580084984437,0.2414304066442952,0.49715573817032,0.23226424919906993
1971-05-01,17234,-0.3667364849537197,0.18992119447585115,0.34954099872348937,0.2571085076153675
1971-06-01,17234,-1.5267516069942157,0.6505471267587141,0.34427257400588945,0.2900682831176305
1971-07-01,17234,-0.49413542035527924,0.7581593860375373,0.0863282886513742,0.3599346030488398
1971-08-01,17234,0.2378867808076511,-0.29400159777907425,0.17782560898831992,0.3420625042023644
1971-09-01,17234,0.817762535512857,-0.8425843880549289,0.7857788896915681,0.471839952996646
1971-10-01,17234,0.09589385083401297,-0.4159510872936869,0.6290485875464167,0.07364181852398839
1971-11-01,17234,0.5855719581346317,0.5512905198186984,0.1618029848258102,0.40416302468332926
1971-12-01,17234,0.015379885928928734,0.2584173439124309,-0.453976688335055,0.5873215522653956
1972-01-01,17234,-0.7380667011822395,-0.7188626298045417,-0.8729516276680646,-0.17803187668640227
1972-02-01,17234,-1.1732922165920672,-0.8601824180163277,-0.8285987597032602,-0.9110808809802845
1972-03-01,17234,-1.4508545637525212,-1.1696764417579315,-0.9939567961491946,-1.2856045192641405
1972-04-01,17234,-1.0527332179321656,-1.126246402897544,-1.0776118425220835,-1.2057017137003267
1972-05-01,17234,-0.9112048370871121,-1.3638554929483226,-1.090671640946365,-1.0448462839726558
1972-06-01,17234,-0.11971854557315863,-1.4427661506735217,-1.1682647471183163,-0.9853972953940179
1972-07-01,17234,0.5478750672749397,-0.7717767654424985,-0.9861313152986025,-0.9478396217633444
1972-08-01,17234,0.8513335115372347,-0.43161645088597267,-1.1944173389936308,-0.9398930887538051
1972-09-01,17234,0.7096070112279772,0.19720517406311108,-1.2772099804645167,-1.0551259685249903
1972-10-01,17234,1.094482218803346,1.0397045165630423,-0.09477324846213338,-0.5873836095848902
1972-11-01,17234,-0.05783757027819575,0.26145391588402145,-0.32393360412987,-1.1481173304171262
1972-12-01,17234,-1.4544201590380648,-1.0873070337598982,-0.9647964505965126,-1.7069682894595322
1973-01-01,17234,-1.6744944580352001,-1.1813320878253477,-0.9940254253460176,-1.3394007111785404
1973-02-01,17234,-0.9447186611783402,-0.9316035363908942,-0.7717004245355636,-1.0178283390465273
1973-03-01,17234,-0.3807648729415966,-1.1072192657647393,-0.9573278818616848,-0.925861855288953
1973-04-01,17234,0.13687475800509102,-1.3327917885107075,-0.9422804522428793,-0.8276591770607532
1973-05-01,17234,-1.1414516928729805,-1.2400696358579713,-1.236962197705847,-1.0609305412383714
1973-06-01,17234,-0.5840378666582349,-0.6340335022648381,-1.2376423314765792,-1.0794271591845561
1973-07-01,17234,-0.8535911461753078,-0.427308977499334,-1.555084770869242,-1.1578649136382277
1973-08-01,17234,0.38151289248295145,-0.9093846482148945,-1.172591952049752,-1.1757391281860272
1973-09-01,17234,0.8829938501688922,-0.05344442387067238,-0.4311226438137352,-1.085459377370802
1973-10-01,17234,0.11294110617324825,-0.6020183613439208,-0.37809131590428313,-1.5261366617103802
1973-11-01,17234,-0.742984532718345,-0.5521832187598809,-1.01819406847247,-1.3868162101143247
1973-12-01,17234,-1.301087080250843,-0.8693771306805308,-0.9894458969828486,-1.0144221872276287
1974-01-01,17234,-1.5238177248521343,-1.4220523784944101,-1.5731362946870053,-1.3758192372968443
1974-02-01,17234,-0.3631095499864207,-0.716551935891646,-0.6611230905392949,-0.9869161420873439
1974-03-01,17234,0.36158911615593814,-0.504890071752405,-0.34135451766318897,-0.496096374312799
1974-04-01,17234,1.278054156581709,-0.3844243624655841,-0.38451477295464187,-0.6312732115621942
1974-05-01,17234,0.6090861915265476,-0.08407727695950093,-0.3761136041890136,-0.33027397028650146
1974-06-01,17234,-0.4461744364302877,0.1028392718946508,-0.6154757320006321,-0.424405874748209
1974-07-01,17234,-0.10336802264215042,1.1896671500359464,-0.4309445300260771,-0.413473224947126
1974-08-01,17234,0.23611853173195063,0.6078630089943134,-0.09502982616507932,-0.3784721604352923
1974-09-01,17234,0.5923094465860855,-0.12613992748943903,0.19578061139457215,-0.525984247704949
1974-10-01,17234,-0.044378184803715255,-0.2784645950913216,0.9710011019496387,-0.45871052340145246
1974-11-01,17234,-0.39608950602640025,-0.30822087808416104,0.12019518666362736,-0.20521422606393533
1974-12-01,17234,0.13357259590941106,0.27765294588352585,-0.010514261935660844,0.1952200596579078
1975-01-01,17234,0.31868164639573193,0.20462295566044011,0.07484148510201055,0.8309644557541588
1975-02-01,17234,0.18413141342016912,-0.06584095250961768,-0.058335722170847044,0.14376184246348203
1975-03-01,17234,-0.12454024549087883,-0.06926980014914821,0.0010331524377610434,-0.15429582391495622
1975-04-01,17234,-0.035031325355353506,0.14596897637887418,0.06724860871989863,-0.03121056581052467
1975-05-01,17234,0.7185169434042804,0.41777822909783324,0.26182475159624863,0.26036593579758216
1975-06-01,17234,2.0154847183591547,1.0895583826486477,0.8669960874482603,0.8906565507221558
1975-07-01,17234,1.9591775547885164,1.290590317359136,1.0043028353675179,0.8981651528511678
1975-08-01,17234,2.262489608827396,1.7405324038134078,0.9968347913195947,0.8315765273456984
1975-09-01,17234,-0.26107086932129825,1.751939886025519,0.9699225285704641,0.8001180140630655
1975-10-01,17234,-0.36935690768820423,1.525272923705179,0.963641050343317,0.8328031280614943
1975-11-01,17234,0.19169031083392957,1.4235100935209815,1.309145875895423,0.9647237189451255
1975-12-01,17234,-0.08507327292522147,-0.17257872425387716,0.985225773669881,0.6825574877758319
1976-01-01,17234,-0.6665332666021297,-0.8060161693017671,0.29123934418614567,0.13700630894360216
1976-02-01,17234,-1.0625285740450965,-0.9316035363908942,-0.21558343857412282,0.050939620837711315
1976-03-01,17234,-1.4508545637525212,-1.2198287662551694,-1.2264378093956212,-0.29210978855147524
1976-04-01,17234,-0.3610196078286991,-0.7723438387735376,-0.867721206935671,-0.007759637196961273
1976-05-01,17234,0.03174645793227514,-0.9414667196658837,-0.8346945620598859,-0.14548933534144046
1976-06-01,17234,1.3328221346960376,-0.7705318577347176,-0.6565521844547586,-0.6858967637963034
1976-07-01,17234,1.0831573942022357,0.18507165434817588,-0.39533572533513317,-0.5101102071759056
1976-08-01,17234,1.740035010624387,0.9414866360571122,-0.5180844953137117,-0.41882834202642016
1976-09-01,17234,1.6122343649069006,1.7595532247304781,-0.27338570389510913,-0.2633260395982157
1976-10-01,17234,1.8833052589287007,2.0770057450565718,1.2689074806708285,0.45912574206566853
1976-11-01,17234,1.5881177413618082,2.0094148403241383,1.4523925039623005,0.259673283986427
1976-12-01,17234,0.698389252624152,1.1181679545455432,1.4034868778994058,0.16770510549459208
1977-01-01,17234,-0.6521433706702091,0.47750969755871836,0.7898513540012707,0.4129004799304858
1977-02-01,17234,-0.45063412157301486,0.3730416945834312,0.7842741603151567,0.6800679531291766
1977-03-01,17234,-0.31488813694400813,0.15240971013907859,0.5120197598773824,0.897099733890781
1977-04-01,17234,0.27751755091244823,-0.4215382640389188,0.4395491544841002,0.7039302383667007
1977-05-01,17234,-0.5700456970711405,-0.6237081597626324,0.1674226169183998,0.5273488101135031
1977-06-01,17234,0.028610905363121195,-0.32994168923724326,0.14856550755641484,0.49962944181871355
1977-07-01,17234,-0.6680861254411451,-0.20566154097818748,-0.6096552116221935,0.2676642650931263
1977-08-01,17234,0.6095275320075663,-0.2799971783932901,-0.5444325179114229,0.22862067465454353
1977-09-01,17234,0.8842863487788064,0.4134620270600423,-0.13372282588690154,0.2974475697357965
1977-10-01,17234,0.5238351226437129,-0.178904337384667,0.01100327544208221,-0.45306539384456496
1977-11-01,17234,-0.5303986089333987,-0.2640792499006694,-0.5290031607693306,-0.6843774460154701
1977-12-01,17234,-1.185044528120323,-0.7616685353128192,-0.6489563844495614,-0.7369206446758841
1978-01-01,17234,0.01007943089249681,0.14262620246224522,-0.14312622702668487,-0.06182502092728896
1978-02-01,17234,1.269360372900135,1.0200612754711695,1.0641085749769754,0.752420994842282
1978-03-01,17234,1.8753059351902397,0.8934959627875779,0.9756770460372237,0.8624598042416801
1978-04-01,17234,1.8401126255731688,1.3921273998539774,1.4124396720885737,1.2040231230779428
1978-05-01,17234,0.9884085457331484,1.3805692293600678,1.1847628883913357,1.2155976872418386
1978-06-01,17234,0.737907141515215,1.9520766281291795,1.0262503453815632,1.0851780207667252
1978-07-01,17234,-0.9750465984325186,1.7220064052511501,1.1349286578602629,1.1504899831088746
1978-08-01,17234,0.09119509011480545,0.9253999908219929,1.3930535718430703,1.181884266158141
1978-09-01,17234,1.6653808579118958,1.3972538513803732,2.2563800133597245,1.329307347209241
1978-10-01,17234,1.8449961000142658,1.1838292536883066,2.202670438567501,1.5940623254265935
1978-11-01,17234,1.0288399814946736,0.9004351798489659,1.1239756314004594,1.5095822368966563
1978-12-01,17234,0.33200458071586203,0.8805799864049897,0.9667032755307791,1.8763142385505889
1979-01-01,17234,0.039765674963150185,1.0371586652439002,0.6341073950821655,1.7604116042955036
1979-02-01,17234,0.1321173538568271,0.5609493674337275,0.5210871194290214,0.8284956510450552
1979-03-01,17234,-0.215501104281712,-0.01582088230774069,0.37881209838313273,0.5461845487808613
1979-04-01,17234,-1.0893767234803442,-0.5738354329231126,0.2687544266088037,-0.02835657987801125
1979-05-01,17234,-0.36673648495372063,-0.04631415466395343,0.39129278851725546,0.36340942237711243
1979-06-01,17234,0.44759531795285756,-0.048063864631791506,0.1356240408438067,0.5070850997256625
1979-07-01,17234,0.8367350185722869,-0.6001829166442986,-0.30555680843030214,0.500613280245404
1979-08-01,17234,0.8189129293524436,0.017109877091896555,0.06383444941303945,0.49274640781589835
1979-09-01,17234,0.7437172057361514,0.6578955575269851,0.09459670928738897,0.2516604619493636
1979-10-01,17234,0.9319315543348726,1.0979809382331112,-0.0683892485758402,-0.005563922824330726
1979-11-01,17234,1.37656044219889,1.4558305190321517,0.8569524529352258,0.6322932046534306
1979-12-01,17234,1.009516216487093,1.0611696786535005,1.007835056305006,0.6459386831570538
1980-01-01,17234,0.6100647899283491,0.8903588265021867,1.0386862660182254,0.32904950403287575
1980-02-01,17234,-0.5343121674986973,0.15732424441536455,0.2872346996445747,0.08965419911011716
1980-03-01,17234,-0.35006643124695025,0.35651633343292094,0.4371569104454602,0.4997773822826596
1980-04-01,17234,-0.751449305385379,0.025489391456621255,0.283860612265716,0.46110009518242867
1980-05-01,17234,0.4331022241760123,-0.31025046329951633,0.32874338439597495,0.43191002925757116
1980-06-01,17234,0.7719561135293501,-0.0069514030693194106,0.5847993270627999,0.6616676176217468
1980-07-01,17234,1.2702308174449275,0.038650200906182715,0.47265910484324863,0.6858035749333267
1980-08-01,17234,1.7523987263133982,1.219972669912572,0.09805540981367601,0.6836342122967874
1980-09-01,17234,0.14872466428838302,0.6616034237254218,-0.024163107249182338,0.5787317450116173
1980-10-01,17234,-0.11400418785823539,0.8081696721197709,-0.08464571757457928,0.3827305254515986
1980-11-01,17234,0.006987851777537049,0.872216077835522,0.7966560101483968,0.12204689746720788
1980-12-01,17234,1.3521130822232057,1.2261098852433459,1.2646990714834667,0.8088021750019603
1981-01-01,17234,2.2370191579357805,2.128381353044647,2.295634914297776,1.7104035885160938
1981-02-01,17234,1.7741337335428295,1.7881547176886234,2.0457741835835725,1.9625390352322158
1981-03-01,17234,1.2931614404360299,1.7125112688329627,1.6396414199095288,1.6614492714646265
1981-04-01,17234,-0.8114346221196298,1.4899344350741526,1.36215507223615,1.6180768900616445
1981-05-01,17234,-0.7217305247233514,1.3652323496003698,1.310044439241921,1.5347863600151588
1981-06-01,17234,-0.351044220112325,1.038941695344642,1.4601045218569368,1.3748680604434815
1981-07-01,17234,0.6278869980149541,-0.5276645802592889,1.5323456070531127,1.3899428466244355
1981-08-01,17234,0.516534362001826,-0.46539949688712295,1.4338352600303723,1.3673808825263496
1981-09-01,17234,-0.027797693593426938,-0.37216138645522046,0.9637631221239296,1.4309816207751966
1981-10-01,17234,-1.451023145170405,-0.5623313690304563,-1.0544675759128705,1.175416027134839
1981-11-01,17234,0.9733719627508882,0.9961421911292926,0.33063555727334454,1.5255858014422816
1981-12-01,17234,2.140087038014587,1.9295969208885044,1.6170155303859828,1.9970831420388508
1982-01-01,17234,1.9084192905526005,1.477834036432447,1.4904697120342576,0.880169500280872
1982-02-01,17234,0.6954141852199176,1.0515078601951522,1.0760896878508042,0.7188124823970272
1982-03-01,17234,-0.3632327973883119,1.419563911341132,1.3217582744897793,1.0902794807194374
1982-04-01,17234,0.6236997471321181,1.7304846056379282,1.3765869313967776,1.435344330033582
1982-05-01,17234,1.326542909552056,1.0942754006708046,1.3361530181817316,1.3508622242540453
1982-06-01,17234,0.8747854781204889,0.03824022542383611,1.4984657036007278,1.390940026687032
1982-07-01,17234,0.4750539114729768,0.6854539395521908,1.7134812034178841,1.3686172561752783
1982-08-01,17234,0.7457310391785379,1.4575520749690396,1.1891993607919562,1.4260629656630617
1982-09-01,17234,0.11252218631979825,0.7396600938466408,0.010971723144101862,1.4863740245052697
1982-10-01,17234,1.6007181798802494,1.4834203911385717,1.356768056665579,1.9311341897679428
1982-11-01,17234,1.016600995726069,1.1196415089320788,1.4565153426322321,1.3528398043823466
1982-12-01,17234,0.9006712615704766,0.8104730292396438,0.9678027525986228,0.51315948275788
1983-01-01,17234,-0.6808961299035229,0.17408628452404729,0.24575838584363682,0.47354256714909615
1983-02-01,17234,-0.0333373845769999,0.40300490476891865,0.5046030872558193,0.9903515457522217
1983-03-01,17234,-0.12454024549087883,0.43921917081308004,0.38608910395554485,0.6025046480051398
1983-04-01,17234,0.5486983430757943,-0.2710948301724338,0.36771599493095763,0.41989567024370095
1983-05-01,17234,0.03588532629924422,-0.043174699251900685,0.3885236945154665,0.4741172085654057
1983-06-01,17234,0.2725244768795322,-0.046007889304772495,0.485487663701482,0.45995078151727814
1983-07-01,17234,0.44234546270867997,0.5915506206766626,-0.15365929490813082,0.46554921320574505
1983-08-01,17234,0.4842130442657003,0.18910952635622216,-0.00627181816082244,0.4246904476602447
1983-09-01,17234,-0.4806298755819606,-0.040304419523307614,-0.1978409708357674,0.3805399296644592
1983-10-01,17234,-1.0060557125985614,-0.4768411742723406,0.0751199544125253,-0.4321671671612683
1983-11-01,17234,-0.32680679368382526,-0.14318904508645097,-0.117133728926418,-0.09638863745199207
1983-12-01,17234,0.5875566771050924,0.3864294858878303,0.3707412290512758,0.1561329606867702
1984-01-01,17234,1.1516285317514687,0.7409246400800188,0.751918006564103,0.8437835160067957
1984-02-01,17234,1.1153726548317318,0.9273618987975769,0.9504180993166921,0.8343162828572961
1984-03-01,17234,1.6220570771985385,1.508830725148104,1.350584160658538,1.2697780947625974
1984-04-01,17234,1.689362253141669,1.8767375988951893,1.6059952576813146,1.6141914936892774
1984-05-01,17234,1.5762008918054413,1.5110562408908912,1.3676205083334056,1.3777029559913105
1984-06-01,17234,0.3656455024185775,1.5956839854414147,1.4391150619714996,1.286743449001154
1984-07-01,17234,-1.3493189354003081,1.41441590560093,1.5693128764684705,1.2832598784950444
1984-08-01,17234,-0.5317562551313489,1.3775488511127834,1.4635209447266528,1.3070372071128218
1984-09-01,17234,-0.6807308984531707,-0.03628698437199432,1.4214927651017597,1.3361731299790724
1984-10-01,17234,-1.5809971034292478,-1.7950592861980332,0.7458958811944085,1.1949753403517216
1984-11-01,17234,0.11298341622827636,-0.14318904508645097,0.9730353474145494,1.3372569859932604
1984-12-01,17234,-0.5753671486988602,-0.7313534950897712,-0.4692018107048375,0.8293836249699426
1985-01-01,17234,0.5684645516945381,-0.02188296175598532,-0.4604433006759258,0.838222056249187
1985-02-01,17234,0.034304663354252835,0.01993459478284873,-0.11436138447798894,0.6326083670708641
1985-03-01,17234,0.430899162150355,-0.05256505951896497,-0.21316393453142218,-0.10880530149811057
1985-04-01,17234,-0.6227919447789084,0.051279218154277606,-0.3821799159740967,-0.7234048492557439
1985-05-01,17234,-1.4273075646159161,-0.4906227602829467,-0.4232974074796699,-0.5305002595781404
1985-06-01,17234,-1.309706243043371,-0.16726865357190795,-0.44469794240740196,-0.5463423468887374
1985-07-01,17234,-0.7160493084914914,-1.0569774423286693,-0.15365929490813082,-0.5563356079880379
1985-08-01,17234,-0.8845728490582843,-1.7360479256012822,-0.6745720172577638,-0.6063380760066126
1985-09-01,17234,-0.9808503002174035,-1.5470032847941542,-0.40930146396166706,-0.627651358975644
1985-10-01,17234,-0.7025892717958655,-1.046651443292726,-1.2296792415079412,-0.3613471510036647
1985-11-01,17234,-0.4575782590249014,-0.7551557987212176,-1.2954076956447143,-0.7821804460153404
1985-12-01,17234,-0.7812886251468256,-0.9978671089262551,-1.370343683857298,-0.7464931797835986
1986-01-01,17234,0.4943786256085704,0.15748292985107995,-0.1421264082645145,-0.5012252895059389
1986-02-01,17234,1.1567860575193234,0.9212136885091623,0.7170300149628852,0.15603352107516907
1986-03-01,17234,1.384649867171512,0.6315485415428463,0.3977401171979474,-0.02678444667037542
1986-04-01,17234,0.29890617505495964,0.4658602480944425,0.2084873467892343,-0.03383043484723276
1986-05-01,17234,-2.0276474121190864,0.40043580562778636,0.22160160953782743,0.05176735477248786
1986-06-01,17234,0.19982665147622827,1.3177479733994641,0.6335835982424732,0.4485857506169328
1986-07-01,17234,0.8443258658719844,0.5817677937602206,0.6854058218431888,0.4486543665116896
1986-08-01,17234,1.529399202098375,-0.8554895255012968,0.6917115838059238,0.5104516537478937
1986-09-01,17234,-0.378768564208416,-0.06266261417078728,1.1818108138330006,0.5460646662208753
1986-10-01,17234,-0.8101225439745094,-0.012680160667152959,0.13382989938560658,0.43171890310644784
1986-11-01,17234,-1.3421492174458625,-0.4599629131033555,-1.3686822750907164,0.18218493307379788
1986-12-01,17234,-0.2046989804999144,-0.3130924150606024,-0.2216705919619117,0.7962279469625212
1987-01-01,17234,0.5863341294275405,0.21530531642079265,0.44011866661014626,0.4409160491405997
1987-02-01,17234,0.575197413438573,-0.11725388378045211,0.24255099788167317,-0.4660731630000607
1987-03-01,17234,-0.020055866342320785,-0.18779948526827317,-0.29208633071791834,-0.2322514767546792
1987-04-01,17234,-0.44675695889670825,0.14916579309994543,-0.12137223411251953,0.07662714584931397
1987-05-01,17234,-0.5307845649852817,0.29042472010576564,-0.2541614722933016,0.07265992538776546
1987-06-01,17234,-0.40233830908671636,-0.23494753623723422,-0.3020904063065946,-0.3640693574845543
1987-07-01,17234,-1.1233396741571435,-1.0709268958644516,-0.14728558426064586,-0.38132440058092487
1987-08-01,17234,-0.4292437259615677,-0.749707325429531,0.16786409063758512,-0.3713352678170759
1987-09-01,17234,-0.7067127155834084,-0.713912210869229,-0.4220007073288765,-0.44577895652845595
1987-10-01,17234,-1.2570210202279546,-1.540904953872007,-1.4260337309523547,-0.48238016286855373
1987-11-01,17234,-1.3042060629467485,-1.3301255322891044,-1.2876109451312447,-0.31556548755735725
1987-12-01,17234,-1.2327540777400152,-1.3364074183589327,-1.2710819954519028,-0.9748757530374295
1988-01-01,17234,-1.294837264014328,-1.5632874639241052,-1.745875986546814,-1.7442252205327353
1988-02-01,17234,-0.8161692476892203,-1.3163227287584924,-1.372742479780902,-1.4423694244114846
1988-03-01,17234,0.5166791167497555,-0.34892543846897983,-0.4925187287886772,-0.5824155046290966
1988-04-01,17234,1.1706433368690672,-0.28244637664760874,-0.6210361391976718,-0.9023581587398135
1988-05-01,17234,0.8381263440758274,-0.3616821620237617,-0.8962802383537495,-0.9692543048593694
1988-06-01,17234,-1.2791146772514321,-0.07321734188928543,-0.712505779012437,-0.8072821614986311
1988-07-01,17234,-0.5069253598138542,0.9182848676276281,-0.4337234134078241,-0.7518688403555056
1988-08-01,17234,0.42318047900547506,0.8950025279181131,-0.3302353184199937,-0.8447151710353222
1988-09-01,17234,0.31760441850778404,-0.9442477407383632,-0.04697714790146007,-0.6795653696289299
1988-10-01,17234,-0.4257435460977948,-0.7687845636250981,0.5857070709832751,-0.5630066931596158
1988-11-01,17234,0.6543508726607332,0.6816871487755131,0.9007714616365063,-0.01466282391009797
1988-12-01,17234,0.7031105363129602,0.685764371954051,0.043064182735790664,0.34285776702743875
1989-01-01,17234,-0.166416126619621,-0.3762242997393668,-0.5702196362133514,0.20607705557409442
1989-02-01,17234,-1.2668311994359458,-0.9128777350062969,-0.845186903143347,-0.4809821146049742
1989-03-01,17234,-1.5740475468690656,-0.8837636760139503,-0.8222720648725503,-1.084805347894771
1989-04-01,17234,-2.022890413489767,-1.093908055733005,-1.1717269373578034,-1.2955206277163673
1989-05-01,17234,-0.6561038819713436,-1.3638554929483226,-1.0594153840494502,-0.9801290421730615
1989-06-01,17234,-1.0972607164630621,-1.84676188844627,-1.1624477740902646,-1.0822917916099652
1989-07-01,17234,0.2707951562462494,-1.6197636895813639,-1.04132176074255,-1.13548775622322
1989-08-01,17234,-0.4044281295733245,-0.8531457449317116,-1.4101228672382,-1.1386399061720243
1989-09-01,17234,-0.9126856842458483,-1.3549989399068667,-1.932161148798216,-1.3166761475765028
1989-10-01,17234,0.06075047579072098,0.0458823460905077,-1.4059740829020224,-1.0242529983995725
1989-11-01,17234,0.7959858240963555,0.5245413740482907,-0.001919389988084897,-1.025535685688281
1989-12-01,17234,0.15853579881021246,-0.11879427844278038,-0.6041633730539215,-1.5842186222213197
1990-01-01,17234,-1.1046744507256196,-1.0615922143482754,-0.9731171037223305,-1.620695450788005
1990-02-01,17234,-1.733359993557804,-1.2666156081334183,-1.3220027068565847,-1.4292748071204333
1990-03-01,17234,-1.9082485614772784,-1.482720449419476,-1.5467747304947448,-1.6684189224237587
1990-04-01,17234,-0.6124795517282097,-1.2162729070640732,-1.169966647229187,-1.1262966419538278
1990-05-01,17234,-0.09446464465359401,-1.5985158031414772,-1.23773467057467,-1.2908555012728438
1990-06-01,17234,0.7033660444899295,-1.5900395918572938,-1.2261344042308249,-1.3326784885190652
1990-07-01,17234,-0.6749092898963476,-1.0318228087156511,-1.4013462458373422,-1.3596327196063318
1990-08-01,17234,-0.8743305267900334,-0.5248053648400496,-1.6816280653337476,-1.3713519975151442
1990-09-01,17234,-0.9074622826726306,0.19932455903360968,-1.6993737804590778,-1.3775190942981077
1990-10-01,17234,-1.281118882302584,-1.3337780134512771,-1.4026449578487319,-1.6937099601042847
1990-11-01,17234,-1.8520977150232452,-1.9184083931361906,-1.5403467377087818,-2.3553466288851244
1990-12-01,17234,-1.1730958840876282,-1.3348988428861108,-0.7625959667173373,-1.9227819930383565
1991-01-01,17234,-1.1539101054963625,-1.4536182488122917,-1.5659571306659679,-1.6483552525481064
1991-02-01,17234,-0.7833145768024704,-1.5175316919867212,-1.6195771445454188,-1.5534184471086097
1991-03-01,17234,-1.459672610094098,-1.710606250112114,-1.7507674025612021,-1.45621843394368
1991-04-01,17234,-1.583750091933434,-1.616672173685187,-1.7939760543186902,-1.8988620878321312
1991-05-01,17234,-0.30403175306072344,-0.8188635283769203,-1.5915961280841677,-1.6930748886540712
1991-06-01,17234,0.361271318485023,-1.2772938639686102,-1.5886520030026798,-1.6869643227579019
1991-07-01,17234,1.2949465814466148,-0.574378044236842,-1.2029439842519067,-1.472226515089313
1991-08-01,17234,0.4689899078333971,-0.12136523973625621,-0.7600368583923275,-1.491420278533245
1991-09-01,17234,0.5404750391775939,0.4870609803177555,-1.1556746445035992,-1.5135162042321346
1991-10-01,17234,-0.8130521805984469,0.4710873953251098,-0.8748567029724156,-1.40124173982883
1991-11-01,17234,-1.4845739300646204,-1.1812236490888255,-1.0594150629015504,-1.2834275904594339
1991-12-01,17234,-1.092233892070545,-0.8191801479816347,-0.5392949332888181,-1.4610847968206306
1992-01-01,17234,-1.6361093139356981,-1.7502617867914125,-1.2455148837995145,-1.6941232416873788
1992-02-01,17234,-1.6112408512283878,-1.962625281396469,-1.8758634418935383,-1.843675476336798
1992-03-01,17234,-1.7469077929286143,-1.884486569856649,-1.7305457582859969,-1.527546077706754
1992-04-01,17234,-0.9980651826675874,-1.7651293293353818,-1.845937763630252,-1.4767179056743245
1992-05-01,17234,-0.5492373328799577,-1.6367032738475986,-2.2022381314727806,-2.06795246208635
1992-06-01,17234,-0.9457955160630307,-1.9562036481311809,-2.109011114411894,-2.004915016783632
1992-07-01,17234,-0.5105668116412199,-1.2655383174203862,-1.9282178938370238,-2.0669647061196823
1992-08-01,17234,0.8708759642208086,-0.10752720386091577,-1.4448901194761508,-1.9752193348348306
1992-09-01,17234,0.8846088322386537,-0.33364778827217484,-1.7427954032159287,-1.9722061617616902
1992-10-01,17234,-0.02251133545453628,-0.5088406493607852,-1.1417125299333637,-1.945857350170827
1992-11-01,17234,1.3299084574459974,1.4345632732225895,0.7635437189560074,-0.7993549382957541
1992-12-01,17234,0.6579301012712288,0.8115576497138008,0.28993339313542804,-1.1467505069794548
1993-01-01,17234,-0.04939390196530683,-0.13226683851900695,-0.3514404912392895,-0.8217634007593747
1993-02-01,17234,-1.0643000008785544,-0.3689752253056116,-0.20945796418034512,-0.41766159358627125
1993-03-01,17234,-0.3412809195710896,0.10422400232895603,0.23465240028030077,-0.07841277873013673
1993-04-01,17234,0.21775813069443195,0.0061212481708850545,-0.058352791293824174,-0.2484937258803074
1993-05-01,17234,0.676809445921504,-0.6660192837061031,-0.01900352501813527,0.11335258705091886
1993-06-01,17234,-0.4786142252084278,-0.5582856712599967,-0.05178939634225234,0.1096256730859312
1993-07-01,17234,0.278536655521375,0.17300205983249106,0.06370969509038216,0.014517464361093075
1993-08-01,17234,0.1257685472070935,0.630958397049821,-0.6792171499000653,-0.046773479215882416
1993-09-01,17234,0.8718931783959315,0.020246155928814492,-0.36041197958748145,0.09873171066069905
1993-10-01,17234,-0.5152283850406428,-0.31835771044570116,-0.1286249260468966,-0.10661109918972785
1993-11-01,17234,-0.4532066374009368,-0.40173754371894405,0.10273416619880388,-0.7850075175381649
1993-12-01,17234,-1.2923062207031437,-0.8662471578977572,-0.9444401458916611,-0.9581532101987285
1994-01-01,17234,-0.7557281907108961,-0.9269509081418154,-0.8445030479394536,-0.6942815259355708
1994-02-01,17234,-0.7901468335794996,-0.9585288812779654,-0.9441124272574948,-0.6494386283280958
1994-03-01,17234,-0.3367925333635429,-0.9960791910159805,-0.8144058340837806,-0.8879126532077184
1994-04-01,17234,-0.37181272497989604,-0.845094218562691,-0.967091315937394,-0.9283169945502847
1994-05-01,17234,-0.06135606394017662,-0.7354706935610634,-0.8975718904652706,-0.8793707748293823
1994-06-01,17234,0.15720302585733378,-0.2946446387981929,-0.9077661295387276,-0.7129128003876165
1994-07-01,17234,0.8062294859492494,-0.037676748105527985,-0.5952248267875371,-0.7350564682181497
1994-08-01,17234,1.5101865473602563,0.7093534291861151,-0.40507834360693057,-0.566219468794559
1994-09-01,17234,2.473320770127507,1.7564400805147202,0.80206962761691,-0.02852064466408994
1994-10-01,17234,2.0989301805287903,2.168615097963151,1.3509521153117232,0.46917146156961476
1994-11-01,17234,2.256128978468297,2.4422439942620495,1.7695554033572185,0.7428612860371551
1994-12-01,17234,1.0116003603762902,1.7686889480931574,1.572968011636843,1.1334331631218353
1995-01-01,17234,0.8089915567655366,1.8549004709316457,1.8916053158746344,1.4384969159050864
1995-02-01,17234,0.640662591478082,1.7297438904855535,1.927832522722436,1.724169528552097
1995-03-01,17234,1.164151641289516,1.4106234444029964,1.9911609787980702,1.8353512428920808
1995-04-01,17234,0.9486981700348543,1.1007474727406552,1.8182909513358991,1.90431135907271
1995-05-01,17234,0.5748790023439144,0.7273154406901193,1.551904248838198,1.7031299668109812
1995-06-01,17234,-0.6417090582480717,0.8092730943021643,1.120712978313056,1.618762254554456
1995-07-01,17234,-0.5535858150529585,0.61830864703173,0.9202547933743186,1.5881308665670155
1995-08-01,17234,-1.002893200788283,0.11635208206076521,0.5431797912917489,1.463985995641736
1995-09-01,17234,-0.6452664646278983,-0.8836936620753673,0.6135028797011363,1.0101153890226136
1995-10-01,17234,-1.3056652080358555,-1.282471356969665,-0.0005637334820534854,0.5695822539423131
1995-11-01,17234,-1.1958523109013992,-1.4063847178962114,-0.7172038964230599,0.0939595624514721
1995-12-01,17234,-1.807650704211714,-1.8523919082644626,-1.747719312384775,-0.4820799723611303
1996-01-01,17234,-1.7174324796638039,-1.916322294125858,-1.9579851997014268,-1.3220441598274155
1996-02-01,17234,-0.7209992613726927,-1.1990216823767716,-1.3380829002117396,-1.0729486928433694
1996-03-01,17234,-0.06056636323631537,-1.0737557990877957,-1.1450921141975234,-1.2197371723392134
1996-04-01,17234,1.1753238487846984,-0.6692864279188294,-0.975899854675345,-1.1227186203661403
1996-05-01,17234,0.5014936220239353,-0.4422044507402238,-0.926206572785108,-1.0832789125296918
1996-06-01,17234,0.11270645146744206,-0.05831141158957543,-1.000389297771236,-1.076436387599161
1996-07-01,17234,-0.3762495366099094,0.9681023261915879,-0.7853694880738328,-1.0898980837631262
1996-08-01,17234,-1.122081048390222,-0.007728552558907021,-0.6638137124838466,-1.1183902739679126
1996-09-01,17234,1.399106876293167,0.8094042395332133,0.323962579857929,-0.693693747878034
1996-10-01,17234,0.6448284731189945,0.08839882875050496,1.0367621945413925,-0.5803272748461488
1996-11-01,17234,0.4795259822424355,-0.0030617936013509384,0.2552297036868366,-0.40045031307769613
1996-12-01,17234,0.4106251632490603,0.8114817066272894,0.6687386576086833,0.4456450684396886
1997-01-01,17234,0.23546640577008787,0.4070590670390295,0.18226517113900076,0.8256531691837603
1997-02-01,17234,0.13736999248181578,0.28801857643704115,0.04970072862504189,0.19467746512413905
1997-03-01,17234,-0.19352304190692352,0.0507271433368265,0.3387994157380231,0.30852908013256536
1997-04-01,17234,1.03144024289867,0.7672144780130914,0.8590745326143089,0.689732605160853
1997-05-01,17234,1.0878499385154055,0.5578602946325429,0.7078668034131204,0.516626350581356
1997-06-01,17234,0.5846354721150906,0.04012674932269923,0.24585504710856404,0.5165622848182603
1997-07-01,17234,-1.5046127519751196,0.40078815636736903,0.40149926494989574,0.5239496829863631
1997-08-01,17234,-0.7419543165840682,0.7741754624563848,0.3989947959872748,0.569025256037029
1997-09-01,17234,0.4686493547064076,0.6362567320901172,0.10147490135021403,0.30131013205366075
1997-10-01,17234,0.4560691039257063,-0.664195243317127,0.4777065374711652,0.4705218345264189
1997-11-01,17234,0.22198200281148153,-0.11594201288096413,0.5859499825969052,0.4643093583529035
1997-12-01,17234,1.69099880764424,1.5904041248298213,1.521123445477075,1.159125212516693
1998-01-01,17234,1.3404886027888434,1.3716547420366922,0.8576346983477154,1.2331660264409101
1998-02-01,17234,1.0566741621661473,1.0818246163142577,0.9004676981695631,1.195414384203348
1998-03-01,17234,-0.2817325756356528,1.001543711101619,0.9927019974169281,1.0352323885538348
1998-04-01,17234,0.08748447168021245,1.0240528349932556,1.0432441295849066,0.6667704609129753
1998-05-01,17234,1.8557739134421203,1.6149266258906172,1.5955388528313925,1.4855446912268788
1998-06-01,17234,1.8878002000635243,0.8463664100683483,1.5644188564940134,1.5095470350239797
1998-07-01,17234,1.7695867440964483,1.1677818116673417,1.5512658397523829,1.5147668435601815
1998-08-01,17234,-1.2786342539572964,1.5481687083938227,1.5037148084016732,1.4876264401119006
1998-09-01,17234,0.7132791810606103,1.860303511693476,0.9439151405375347,1.6308910115002477
1998-10-01,17234,0.33475441748812934,1.5815097104943823,1.084170386320936,1.4815726459868936
1998-11-01,17234,0.287860092679858,-0.23048363904473898,1.190606635433425,1.412067121690938
1998-12-01,17234,-0.13455078269390855,0.09268886002339194,1.0444665232842003,0.6380328592630705
1999-01-01,17234,-0.22181062867872256,-0.1539855266077404,0.7062228603373614,0.5548175601281554
1999-02-01,17234,0.30796391768450093,0.3608840480704992,0.09627878080679324,1.014356916668192
1999-03-01,17234,0.3026949467426449,0.09583967337790825,0.18449704646388684,0.9203214277488828
1999-04-01,17234,0.7506981547660995,0.22552358953771037,0.25316265420909184,0.8971889065501162
1999-05-01,17234,-0.646770851770032,0.013122923728354666,0.13267018798220576,-0.09329128520983865
1999-06-01,17234,-1.1291621328362424,-0.21856024154761533,-0.2520017013975175,-0.11724419228264418
1999-07-01,17234,-1.6599703631738536,-0.030033285449360854,-0.18163498528934752,-0.11167063877365146
1999-08-01,17234,-1.273397800518755,-1.2073582919243289,-0.24206151403868248,-0.1093032909939673
1999-09-01,17234,-0.9022418057190836,-1.3757698081284042,-0.44317727076434704,-0.4255402191476426
1999-10-01,17234,-1.6468682914196444,-1.9538508885279717,-0.7050123121480552,-0.5997186187134476
1999-11-01,17234,-1.9990823247922926,-2.1391103551224346,-1.9864480161147302,-1.029980974853164
1999-12-01,17234,-1.7309422152296707,-1.8476870384466444,-1.9236030527995474,-1.2282019668566249
2005-01-01,17234,-1.337044380367723,-1.6768014191580107,-1.930397727977268,-1.412787418531316
2005-02-01,17234,0.153248131238706,-0.8577221894962908,-1.0578729158794693,-1.1941287059891885
2005-03-01,17234,0.5485756212914921,-0.6024427727466418,-0.7528771965501254,-0.9905302235837993
2005-04-01,17234,1.2622551013888166,-0.22931076797132321,-0.6528358347736151,-1.0238506295114702
2005-05-01,17234,1.0249246867784825,0.5381220169723246,-0.30443449945654544,-0.5255394136288332
2005-06-01,17234,0.5744827568045885,0.7087687652461439,-0.3691062567184488,-0.5061944849269581
2005-07-01,17234,0.7206450818071912,1.4783512210611953,-0.012107710488063774,-0.43466843661338633
2005-08-01,17234,0.045431174461881677,0.947233790036981,0.4983927301285088,-0.342541560748265
2005-09-01,17234,-0.0170570385325745,0.4190743334894359,0.6370386270274782,-0.4001831745278344
2005-10-01,17234,0.08185530859925333,0.4070376086272178,1.2825433897457248,-0.02324484260866572
2005-11-01,17234,1.3612340392425761,1.1961175539173476,1.3234716030240443,0.9561695844772524
2005-12-01,17234,0.4288449578999949,0.35535173754821375,0.47652679418419863,0.688423351017955
2006-01-01,17234,-0.14939052107116776,-0.1863354783751097,0.017245303400182745,0.7723921413252971
2006-02-01,17234,-0.6970914177041883,-0.0032280478250519343,-0.0347501505228068,0.36518316217152924
2006-03-01,17234,0.3919818487876793,0.4970503994982589,0.4185282222407267,0.5248137474582167
2006-04-01,17234,0.651128770637822,0.20812829671475414,0.16132004794136476,0.3022587858884059
2006-05-01,17234,-0.30848862626698664,-0.7451710839306335,-0.07624685848260535,-0.10063172063414207
2006-06-01,17234,-1.979717579853681,-0.46263188545444617,-0.12060941646155231,-0.1327259265379554
2006-07-01,17234,-1.4889062140215834,-0.09569210268625986,-0.16481875385629036,-0.17148039508418017
2006-08-01,17234,-0.9977296836106335,-0.7811813617411952,-0.9299518257850748,-0.28100241884794075
2006-09-01,17234,-0.31589843988900385,-1.7951916531814835,-0.5610880730682908,-0.20360730352764284
2006-10-01,17234,0.8907364529742525,-0.2514681360206445,0.31151256422707174,0.1070993354180921
2006-11-01,17234,0.8850784499900838,0.42620116026393623,0.10021270696268673,-0.48357122064136837
2006-12-01,17234,-0.7479571580211246,-0.7862243540729349,-1.4718197358483014,-0.8466881815933706
2007-01-01,17234,-1.7501390530964502,-1.353828826019582,-1.6294802417658516,-1.174865249600669
2007-02-01,17234,-2.099982265396006,-1.5514438817704577,-1.6659652378349954,-1.6515549811604187
2007-03-01,17234,-1.8047437713850885,-1.7907246663529548,-1.7574795399319298,-2.0132321812534326
2007-04-01,17234,-2.258820671413482,-2.233565595923415,-1.9082344292878743,-2.1153080675904348
2007-05-01,17234,-1.4711335175421993,-2.347839925262525,-1.99360081110206,-2.0869717327585513
2007-06-01,17234,-0.7999508504502771,-1.9683094928760172,-1.9784507102852171,-2.000462588465583
2007-07-01,17234,-0.18545477163307905,-1.9726565031250325,-2.3603925011137457,-2.072700906334033
2007-08-01,17234,-1.247233515363272,-1.9200750527796537,-2.3675632587605557,-2.0978343321905966
2007-09-01,17234,-1.5970698429374641,-1.3861335824614769,-2.1227221349273386,-2.181128207301173
2007-10-01,17234,1.1942283806940657,0.7230314292631874,-1.0806186162885376,-2.0039041665285535
2007-11-01,17234,2.1519646107073496,1.6936468475362116,0.6121140173135642,-1.3748672966205502
2007-12-01,17234,2.235805455302309,1.8541833477741192,1.4329149564055923,-0.11980694006604367
2008-01-01,17234,0.8278288040182004,1.2230171211508434,1.01391326682515,-0.14635055666897556
2008-02-01,17234,-0.6454614171495306,0.6264274686698871,0.36474554849139335,-0.1885263059331684
2008-03-01,17234,-1.5569570857055488,0.6860138298833229,0.36376550724841816,0.07787035552599472
2008-04-01,17234,-0.7059417914861627,0.2271734128899773,0.5851123975496023,0.45740405515906374
2008-05-01,17234,0.010984821882724826,-0.5809785006328554,0.5628004719209619,0.350169421899907
2008-06-01,17234,-0.2899251496352768,-1.5963762209292698,0.54110000342996,0.2796669453115914
2008-07-01,17234,-1.2202731069504278,-1.3159244182821097,-0.09003623807775844,0.3020382583838517
2008-08-01,17234,-1.563136599600786,-0.6967395262864459,-0.8582251938898845,0.30375728104557764
2008-09-01,17234,-0.22157996701987534,-0.41110827046984927,-1.6048314104937271,0.47587927792619256
2008-10-01,17234,-0.17880218809486262,-0.9881113715177909,-1.2478363886257293,-0.16881170900925166
2008-11-01,17234,-0.050195660440435774,-0.6207837789327896,-0.4703815962334834,-0.8045808962346045
2008-12-01,17234,-0.3409602973980053,-0.39173728455247375,-0.4967981870390437,-1.5074380067452706
2009-01-01,17234,1.323783121242301,1.1534589594379925,0.6943965021065318,0.1738369804805976
2009-02-01,17234,1.6065255419548674,1.5788870963614587,1.2999462366019885,1.1509707257062245
2009-03-01,17234,2.246630254743957,1.623157122460596,1.5002138800045717,1.2743928942973892
2009-04-01,17234,1.341129382416586,1.7147622560969666,1.5772222147192203,1.2891010392525883
2009-05-01,17234,0.5954622511828157,1.528247936065549,1.451039183213876,1.258298939786771
2009-06-01,17234,-0.21426011674216633,2.0209917929390397,1.408359133437912,1.284718209022376
2009-07-01,17234,-1.079104066880321,0.9723630903631565,1.4430809593571394,1.2924475653574212
2009-08-01,17234,-0.7622202802548859,0.22589327168767478,1.4581904820894125,1.3751172481799072
2009-09-01,17234,0.8601803711329032,0.21461921794268163,2.1141461448798546,1.5033696214289314
2009-10-01,17234,0.3204296104133278,-0.5634113771789064,0.9063260119555587,1.38064714234817
2009-11-01,17234,0.557121167813696,0.18517866118084467,0.43767571198638117,1.4395158041814824
2009-12-01,17234,0.8962994875578707,0.9996408013081862,0.7247269846934651,1.9842419077631486
2010-01-01,17234,1.1049257798984784,1.0945090734034195,0.6671206404224949,1.3237262256064175
2010-02-01,17234,1.223053094546422,1.3854904257007377,1.205471331463394,1.2567866204139087
2010-03-01,17234,0.4782037991975258,0.8623089391832262,0.9407514898378649,0.7662395779057066
2010-04-01,17234,-0.10160909603170597,0.7400110197450841,0.734556851784137,0.42067904344072127
2010-05-01,17234,-1.9081867958903915,0.5047789231623923,0.6878848735751035,0.5414424651054185
2010-06-01,17234,-0.4384237148404896,0.21614669388122215,0.6625665733215685,0.7549447437507402
2010-07-01,17234,0.3311379863783288,-0.10130305364654202,0.7754550489022717,0.7702149800479267
2010-08-01,17234,0.2461774449217605,-1.6438356318633778,0.4980275100524936,0.6876326205189458
2010-09-01,17234,-1.4427451833733793,-1.0383732512724426,-0.1266910543405916,0.4298833878023472
2010-10-01,17234,0.8871452897140358,0.7230314292631874,0.30483475663155507,0.935744950527674
2010-11-01,17234,0.08281135319568153,0.11297312863451979,-0.919338729925859,0.5034359448556409
2010-12-01,17234,0.6698908328658871,0.2508530015119505,-0.030457390113267837,0.26185989154672173
2011-01-01,17234,0.26265098322424896,0.5524791879716668,0.539361865282532,0.3160756585888496
2011-02-01,17234,0.43416578754111407,0.3912477090059283,0.3859173920065107,-0.3017385407988614
2011-03-01,17234,-0.22657162557688787,0.19880137206798432,-0.08915584310948399,-0.2328796641695875
2011-04-01,17234,-0.6815721288133715,-0.21917275521630147,0.038549120644850984,0.05843215662165798
2011-05-01,17234,-0.28623912754969744,0.24567105145744167,0.27324866192639025,0.27316674959530907
2011-06-01,17234,0.5846354721150896,0.009487040873375686,0.37811305848858845,0.13945829563559858
2011-07-01,17234,0.40431965300919986,-0.5629067682376842,-0.11545370748399636,0.14515126612415388
2011-08-01,17234,-0.32732347328238137,-0.4790394878720912,0.13823306107385663,0.17400932128714866
2011-09-01,17234,0.2579814414932425,0.5432108581378791,0.0180195780765201,0.39219286374162277
2011-10-01,17234,1.0803423044072278,0.9391451826620822,0.06584582174557495,0.23283173350448297
2011-11-01,17234,-0.2690415145189615,-0.4080014207860972,-0.4823179342095275,0.05834561569867425
2011-12-01,17234,-0.7358358771294373,-0.5973753943905804,-0.25607072215783233,-0.3956155321686118
2012-01-01,17234,-0.1408773582736028,0.2946073722229046,0.3291889778749187,-0.13416799518576322
2012-02-01,17234,1.0704832994647144,0.9011737009517249,0.7833180186724032,0.5742200619626527
2012-03-01,17234,1.2752786678051233,0.5575517748085949,0.526261565586793,0.6233763319546485
2012-04-01,17234,0.9037069326791148,0.40118550827066507,0.6889583571756523,0.7098295334741229
2012-05-01,17234,0.35173030917190357,1.0050737165065284,0.8851789504334278,0.7970746352003849
2012-06-01,17234,1.3413494981028256,1.6978774465831061,0.9815924049401402,0.9441405648665016
2012-07-01,17234,1.016610795781511,1.255937342465716,0.6936890512228111,0.930923967634614
2012-08-01,17234,0.46898990783339645,0.46602681482742436,1.0508122879861925,0.9243090158054812
2012-09-01,17234,-1.731057645653654,0.6187584632688717,1.3775440559502155,0.7325740005377147
2012-10-01,17234,-0.8525224007982715,0.13793135158613518,0.7833831788801783,0.43110971503833645
2012-11-01,17234,-1.4273931694401005,-1.129165832869064,-0.6445992178815529,0.5097152626409188
2012-12-01,17234,0.6483249309092796,0.16651285396899057,0.7314805115772919,1.3425556790346729
2013-01-01,17234,1.0804494356044876,0.70778233864643,0.9578829110037518,1.2263382950317694
2013-02-01,17234,1.7120724356547825,1.2022331753878785,1.212399895432746,1.1786541144319251
2013-03-01,17234,1.5288895491025702,1.4689145457334702,1.1557997343715725,1.4332537765325106
2013-04-01,17234,1.1940626275214472,1.4530808312784738,1.181312675690656,1.3646043791064206
2013-05-01,17234,0.8072997124301584,1.6751260072376986,1.248826540903773,1.2592809592449
2013-06-01,17234,0.1489959678487062,1.4356468117544898,1.3533325162988263,1.0775320932906538
2013-07-01,17234,0.046727882927565495,1.1384495037429656,1.3746348643741004,1.1093744333165523
2013-08-01,17234,-0.9874076007010567,0.37981184453502054,1.6013135103073683,1.1283951575705824
2013-09-01,17234,-0.917911997420386,-0.32738963230175955,1.2159366452127756,1.2209450761711547
2013-10-01,17234,0.6324585967759864,0.3281940910385071,1.1746049041599953,1.3863818300404371
2013-11-01,17234,1.1367615408622007,0.6809993640747998,0.8818659507744134,1.6929779741743556
2013-12-01,17234,-0.26074860191669136,-0.507684250527427,-0.3971638839517024,0.7983336455300308
2014-01-01,17234,-1.0317909638562917,-0.7796653494929335,-0.7803985544572217,0.03976038932525342
2014-02-01,17234,-1.646858781030142,-1.0287148192613131,-1.1774479326843705,-0.8196770307980185
2014-03-01,17234,-1.0171182693786298,-0.9674942172578296,-1.0848315703150089,-0.9719989545084377
2014-04-01,17234,-0.29617119767590167,-1.021155260859528,-0.8186997381003356,-0.8446547624983438
2014-05-01,17234,0.16988534805211983,-1.4228009769296448,-0.8820801524571869,-1.0391119281422103
2014-06-01,17234,1.0238614185514794,-0.5108262651629144,-0.5446892412453779,-0.676618062510679
2014-07-01,17234,0.5299199243786689,-0.1575889649620732,-0.8824169703516184,-0.6758122256753626
2014-08-01,17234,1.0617121899309283,0.605319408147588,-1.2007502633767038,-0.6872000505554748
2014-09-01,17234,-0.9388461102515048,0.5152621724122862,-0.7225554019548557,-0.7197376779730595
2014-10-01,17234,-0.22481673854934742,0.054961720630782945,-0.298284466336277,-0.946059960868964
2014-11-01,17234,0.8594025930979629,1.1210913881544866,0.8388888904713102,-0.7732179269340702
2014-12-01,17234,1.8045240996718768,1.488150317843814,1.5729060228757625,0.7092555743070872
2015-01-01,17234,1.7254856230010562,1.5592146305842094,1.5344568616981265,1.1262866289902518
2015-02-01,17234,1.3946133108415952,1.676494507718353,1.7768966199131613,1.642427641207104
2015-03-01,17234,1.0893660293574663,1.91065262235804,1.7121656326101338,1.7962431998978245
2015-04-01,17234,0.8676688814994099,1.7084466252503343,1.5621878745617481,1.591194435944349
2015-05-01,17234,1.4464264419227897,1.6501673799053644,1.7738164000915704,1.8430477846967286
2015-06-01,17234,1.0003007693279058,1.3788312018099407,1.9242968638486364,1.714843659846848
2015-07-01,17234,1.3117154288153823,1.400144771495437,1.9028704196441435,1.7305030176596956
2015-08-01,17234,-0.5813361773579524,1.220622880900765,1.6133775216120325,1.7475961317334863
2015-09-01,17234,-0.05707209398058628,0.7928196176544167,1.3008854468862054,1.8963689109018882
2015-10-01,17234,0.7719656535466006,1.3615664042963955,1.451561765078079,1.8777617477122346
2015-11-01,17234,0.843254136882401,0.5137094889443299,1.2122808086251,1.6300258174169697
2015-12-01,17234,-1.0050179274169955,-0.9428800447550876,-0.28543429238972057,0.5254956702188315
2016-01-01,17234,-0.6665332666021297,-0.36882252871218574,0.165665963845469,0.5743119859743501
2016-02-01,17234,-1.1715476134222516,-0.7373575184238618,-0.845535719159316,-0.13317312764988215
2016-03-01,17234,0.247870948910998,-0.4280156003668392,-0.4626549084589081,-0.10456570689048424
2016-04-01,17234,-0.8505268095736439,-0.9911772408499667,-0.7397198851550875,-0.3192518135517824
2016-05-01,17234,0.12578343600731942,-1.00313077718437,-0.6018844004703124,-0.7104905902039509
2016-06-01,17234,-1.3839172165250109,-0.36757117362117364,-0.8163926739327931,-0.8075978557807744
2016-07-01,17234,-0.3841210170130137,-1.0987701481482461,-1.1097460312403713,-0.8455085629578857
2016-08-01,17234,-1.4257288464483064,-0.5248053648400509,-1.2248944222415612,-0.8568433786874062
2016-09-01,17234,-0.29687530848366767,-1.3238019240613732,-0.4672864177899271,-0.8894823912981493
2016-10-01,17234,-1.1080266475039582,-1.0866966165949934,-1.4004246765461779,-1.374955745698676
2016-11-01,17234,-1.038542260621476,-1.3961667056339382,-0.9919256661350635,-1.5543231598959646
2016-12-01,17234,-2.2399033487316773,-2.1665862613211875,-2.242834482796515,-1.4830361744518261
2017-01-01,17234,-0.011147471927885065,-0.43830187674188414,-0.593141765002058,-0.954963407029629
2017-02-01,17234,-0.4003599662261989,-0.8744653652757435,-1.0940997839205542,-0.9985358325632696
2017-03-01,17234,0.968508075331428,-0.5600924740730275,-0.6245881226801523,-0.9416714444985314
2017-04-01,17234,-0.2769095762373421,-0.23377953943293425,-0.5449663171909869,-0.684314711319186
2017-05-01,17234,0.9884085457331484,0.07517976144389395,-0.3416010886485259,-0.583886526140181
2017-06-01,17234,0.2815064941106093,0.9626259966204332,-0.43530539446143984,-0.4788030360358215
2017-07-01,17234,0.255456803850372,-0.3023240450155832,-0.17758053810587357,-0.4775108260575221
2017-08-01,17234,0.5367699358961421,1.076110988264642,0.12142810770862922,-0.2863487645674123
2017-09-01,17234,-0.16597149431624983,0.09860241387551429,0.8599110398060988,-0.4915290523394705
2017-10-01,17234,0.48661691262683476,0.34545240396127275,-0.08874066028353644,-0.0542572591138262
2017-11-01,17234,0.21775156751820884,0.3500527792307231,0.7952534364420364,0.21969616956817703
2017-12-01,17234,0.2107889277334253,0.11996809400894334,0.15842430742404193,0.7423718275714161
2018-01-01,17234,0.06094419962597497,0.17320825974252094,0.16386014516762248,-0.0899663635142675
2018-02-01,17234,0.12311108815411018,0.1518902930883785,0.21544450329697534,0.5656296267894126
2018-03-01,17234,0.4931916270076329,0.44083198735105683,0.3389852028158482,0.3598482775684285
2018-04-01,17234,-0.02306901577572281,-0.04561928644983252,0.04912718102020914,0.04673057493138559
2018-05-01,17234,0.15391465787879255,0.1351224187841158,0.22015827078110192,0.27316674959530907
2018-06-01,17234,0.045338369602294946,0.42556645066506604,0.4161065606307373,0.3518410024505836
2018-07-01,17234,1.0928919872612697,0.47485656188149106,0.32104453392132376,0.4007766726687249
2018-08-01,17234,0.8930440216699667,0.49982511508462124,0.2594244244421872,0.3406491751818705
2018-09-01,17234,0.9325108293124846,0.4550347586729558,0.6068959754235135,0.5679106131809576
2018-10-01,17234,-0.16170047707445692,0.5993261432402458,0.27579349255625707,0.22711744642629428
2018-11-01,17234,-0.17284786521086556,0.18517866118084467,0.17716318374390136,0.20339761409977883
2018-12-01,17234,-1.1072346496266725,-0.6683694635267665,-0.5690641892760829,-0.11980694006604367
2019-01-01,17234,0.0015907283516880413,-0.13423507802446447,0.2503474597911939,0.10839179101846987
2019-02-01,17234,-0.5343121674986973,-0.6244122669570311,-0.4553986077121431,-0.40075831459709627
2019-03-01,17234,-0.4961595276195264,-1.0125573118942706,-0.8157272755043788,-0.7528492921087385
2019-04-01,17234,-1.1114379054022518,-0.6119929560262019,-0.6700097772360928,-0.3556103273144029
2019-05-01,17234,-0.9589525000050169,-0.8284532654806499,-0.8741879313148353,-0.6998201208446709
2019-06-01,17234,0.19982665147622827,-0.4243043166982992,-0.9104361484204399,-0.700504787371116
2019-07-01,17234,-0.20967067216443458,-1.2203533010304055,-0.6859266844968905,-0.7315677015088733
2019-08-01,17234,0.1451988350559033,-0.8700969241044845,-0.829645011058507,-0.8748926300972711
2019-09-01,17234,-0.4413981699214469,-0.0887203550569425,-0.5496672960752069,-1.004220817187252
2019-10-01,17234,-0.21325750625109147,-0.45801842335850645,-1.1818162183750176,-0.7515558986796863
2019-11-01,17234,-0.38839572184084115,-0.33768150365959315,-0.7777389965778742,-0.9074678337082679
2019-12-01,17234,-0.14902257067177363,-0.2797839435675898,-0.1954896315101298,-0.5391690260047193
2020-01-01,17234,-0.25786052527605346,-0.39010699416958344,-0.5008559422525427,-0.9807331961400559
2020-02-01,17234,0.02154311045120283,-0.21638108276260498,-0.22182895823508064,-0.5553241153332819
2020-03-01,17234,-0.06675027618179404,-0.19113393263627249,-0.3052290972709802,-0.24412217969998565
2020-04-01,17234,0.15099114822373902,-0.19157833110101086,-0.29474971910125924,-0.4063519164334922
2020-05-01,17234,-0.0015256326351608264,-0.010283369424042533,-0.1581935678322595,-0.1630519225634122
2020-06-01,17234,0.09277812431215905,-0.07273648907448545,-0.14869278057896634,-0.2271128197299313
2020-07-01,17234,0.1452275844161522,0.037858504526688076,-0.16960343470826528,-0.2564873789376746
2020-08-01,17234,-0.31775761661696184,-0.20509403987851785,-0.11804035166050725,-0.2588662847075716
2020-09-01,17234,-1.7987137184990925,-0.7200622060959144,-0.4653600103225133,-0.45113789248915326
2020-10-01,17234,-0.6577127365650607,-0.4994292726722224,-0.30068040318232236,-0.3659596403573661
2020-11-01,17234,-1.6620479780643367,-1.6048920040757089,-1.2318638816904897,-0.750806870678565
2020-12-01,17234,-1.1581484937055617,-1.5441129827911237,-1.2225020378184899,-0.9712183723813564
2021-01-01,17234,-0.9813026154305721,-1.160445456005264,-1.1035235493771234,-0.9536028767092135
2021-02-01,17234,-0.8289188940466703,-1.4713272612463735,-1.5057329759102136,-1.4215512444120955
2021-03-01,17234,-0.6715185847781754,-1.15812663277943,-1.3597510410634255,-1.242505693226855
2021-04-01,17234,-1.4681287769445832,-1.4559586966470544,-1.5435443964250317,-1.515387893896869
2021-05-01,17234,0.889491835578025,-0.3455975651689393,-1.0487390765807159,-1.097502079443146
2021-06-01,17234,0.31275673104319396,-0.5388175197972747,-1.0212511722374467,-1.2503172356135597
2021-07-01,17234,1.0749968070294917,-0.696113005284029,-1.1316558461914614,-1.2745628621748963
2021-08-01,17234,-1.6747416138174838,0.24232662242129016,-0.6523256494978478,-1.3073152758211832
2021-09-01,17234,-1.8554654431945241,-0.5376067935174837,-0.9008748682393093,-1.3033004768358751
2021-10-01,17234,-0.47273216595734147,0.4070376086272178,-0.8488601371330131,-1.2527572697159677
2021-11-01,17234,-1.0294847246036278,-1.4571543253854276,-0.5252947962509911,-0.9877331937238587
2021-12-01,17234,-0.12570110716870553,-0.6164642086736611,-0.40562675335519166,-0.8114911641073727
2022-01-01,17234,-0.1621598670712312,-0.38720729396217024,0.006370337946730838,-0.7192502153707239
2022-02-01,17234,0.1626553613842849,-0.3731854861751448,-0.6669694842638964,-0.28540353661883977
2022-03-01,17234,-0.1423094039939274,-0.23444482201393835,-0.5493846413672699,-0.43100076615759436
2022-04-01,17234,-0.6989693175649648,-0.5515113514084726,-0.6911413228558444,-0.38463010845438966
2022-05-01,17234,-1.2574149493461797,-0.31988483986778593,-0.7326114747008932,-0.9955332767022084
2022-06-01,17234,0.14434135552068175,-0.12001900758043957,-0.17212417896164656,-0.4487763390386685
2022-07-01,17234,0.8098930678326899,-0.3080279397205771,-0.29434015111579453,-0.44035980334568886
2022-08-01,17234,1.5011259654026876,-0.229226448161561,-0.00627181816082244,-0.4095526320493826
2022-09-01,17234,-1.4866323332262945,-0.5545366559169951,-0.4557211336094889,-0.4309218890655969
2022-10-01,17234,-1.9517893982630463,-0.6479744453793322,-1.0330665773392993,-0.770784337804082
2022-11-01,17234,-0.9967751685428902,-0.15491359469941568,-0.7955079753926926,-0.35530101771695394
2022-12-01,17234,-1.3528729569628513,-1.6454238175604743,-1.277145478703066,-1.0572433700539539
2023-01-01,17234,-0.37441655729876605,-0.9681415363886747,-0.6832815253596626,-0.9678673981217444
2023-02-01,17234,-1.0819911730450849,-1.4008101832802762,-1.0733407735518814,-1.3657971781915816
2023-03-01,17234,-0.4961595276195264,-1.1342038006374406,-1.303199898335592,-1.176593385431246
2023-04-01,17234,-0.6850476627887738,-0.7035597662252241,-1.1258216388234965,-0.9238195828405705
2023-05-01,17234,1.4066873652107275,-0.25094956617923536,-0.6502111330240719,-0.30946403240389714
2023-06-01,17234,1.7863871151466664,0.5693294238521167,-0.2793611158091284,-0.5020719237991433
2023-07-01,17234,1.6679835328276886,0.5150071734545455,0.029979084923693385,-0.4555231513278813
2023-08-01,17234,1.0789062067521071,1.6378893443504494,-0.0698303197540231,-0.4585932982197202
2023-09-01,17234,0.3139335105290397,1.656393770771114,0.5747083921528787,-0.2495071041578373
2023-10-01,17234,-0.7608136309569918,0.9707591798149626,0.08900854003901519,-0.19766353250778365
2023-11-01,17234,0.6057145810273039,0.9235851873259333,1.401169425540689,0.19795153553431097
2023-12-01,17234,0.3053865888680611,0.3379594852820869,1.1238201988977945,0.5756708567473797
2024-01-01,17234,0.7231615926918028,0.36653109555999025,1.058203031818371,0.5156855615845104
2024-02-01,17234,-0.43760307798927417,-0.18395915342985825,0.02832488374250731,0.6411058880900259
2024-03-01,17234,-0.6461319934617789,-0.3621429768093226,-0.3331878776839798,0.4193386408080014
2024-04-01,17234,-1.7246147222776635,-0.30351921535348475,-0.5316190627098181,0.10372043214075244
2024-05-01,17234,-1.7403083760181015,-1.001553682722098,-0.7128073143435133,-0.4969654896178737
2024-06-01,17234,-2.333625156353405,-1.4576014921576357,-1.0271937429327966,-0.9490977016020871
2024-07-01,17234,-2.4356602330729897,-2.381611775851971,-0.8449716742189991,-1.027719858986707
2024-08-01,17234,-2.3125076435522973,-2.567848106870757,-1.338480117586851,-1.0831773927369122
2024-09-01,17234,-2.098143815680617,-2.7250028685533936,-1.7364259260165298,-1.338431859509626
2024-10-01,17234,-2.3080353175094346,-2.4980153736217807,-2.735533667571278,-1.3588539914315865
2024-11-01,17234,-1.1746405338265795,-1.7345068731109334,-2.13322694358891,-1.7227142942458724
2024-12-01,17234,0.31339149430561236,-0.2507128532668622,-1.2038850869638416,-1.3256757058436746
2025-01-01,17234,0.21046157477172656,-0.5452455300176465,-1.1205963224529183,-1.6427294151071399
2025-02-01,17234,-0.3947725608183194,-0.9285334218941136,-1.2576285368205227,-1.633722368620683
2025-03-01,17234,-1.5927499475099767,-1.1320222370527597,-1.3698214186233673,-1.7602779290579667
2025-04-01,17234,-0.46008675943221294,-0.15424526456351592,-0.7093078784456132,-1.188218425993226
2025-05-01,17234,0.29487125650118107,-0.24934977651630064,-0.7270667308960872,-1.0780673075512448
2025-06-01,17234,0.899771723991344,-1.174154766718814,-0.7720654250116815,-1.0511231080086267
2025-07-01,17234,-1.5440588291313715,-1.2340699211152293,-0.5362576699868008,-1.0541153449370342
2025-08-01,17234,-1.992123804876778,-0.5665593160525302,-0.6053904053780143,-1.0537027220837725
2025-09-01,17234,-1.5638276835055538,0.16857148092453447,-1.4196697852940763,-1.0278392239929743
2025-10-01,17234,1.3542766479608528,0.26904192609751715,-0.2743384194933177,-0.013935677127688662
2025-11-01,17234,0.8529525264048826,0.08988476052840538,0.19287881441930016,-0.18308476110488825
2025-12-01,17234,0.361068018707872,-0.0814303782268997,0.30239551544098214,-1.0069290741739503
1961-01-01,17237,,,,
1961-02-01,17237,,,,
1961-03-01,17237,0.6380993191948985,,,
1961-04-01,17237,0.5853310908285473,,,
1961-05-01,17237,-0.3525866314450647,,,
1961-06-01,17237,-1.1593434495541564,-0.1074299693820096,,
1961-07-01,17237,-0.8317394077732859,-0.05966818608274874,,
1961-08-01,17237,0.2895382476187156,-0.3426849851935417,,
1961-09-01,17237,0.8408784206545636,-0.7267850839192939,0.04209632710668017,
1961-10-01,17237,0.9509986671129005,-0.012868695563707164,0.2959206100529058,
1961-11-01,17237,-0.995086078987643,-0.7051877376911895,-0.7941228054094647,
1961-12-01,17237,0.03503370697062931,0.34836927997343753,-0.388858404983081,0.06814044100729164
1962-01-01,17237,-0.16793947745689672,0.19775953479582598,-0.1561649609441332,0.12100603387597306
1962-02-01,17237,0.7910514982131912,0.41448619378707696,0.40745176445898756,0.17752815003756597
1962-03-01,17237,0.5645904759270841,0.47489779090290374,0.5712957236730029,0.14371312698542196
1962-04-01,17237,0.7718256332373192,0.25393228678208984,0.4813349241639784,0.2728373051594423
1962-05-01,17237,0.02268138449428071,0.5793126477446763,0.35080606476036497,0.3751813992674045
1962-06-01,17237,0.06223768840715362,0.345835780362594,0.31190812096205417,0.4142809173594017
1962-07-01,17237,0.14355178111996528,0.5637163841067523,0.16210835238655896,0.39152653176096536
1962-08-01,17237,0.14991680273829938,-0.11171000721921258,0.49127438540858615,0.2285162377625108
1962-09-01,17237,1.0650936551278076,0.43035509437187336,0.5738360599987303,0.505228685563125
1962-10-01,17237,1.3368247463920457,0.8285523665296172,1.0251594848948837,0.5210091781717843
1962-11-01,17237,1.3025034787798826,1.091850370995263,0.648004357697178,0.9153188809990805
1962-12-01,17237,1.9124464248127317,2.016262196847924,1.4457325410765474,1.3421932638141714
1963-01-01,17237,1.509464355675429,1.6754339080920715,1.4922750180557591,1.5429355383152703
1963-02-01,17237,1.1866217846166198,1.474446423646133,1.4655607420821612,1.311233036376271
1963-03-01,17237,0.49450403949786376,1.2048103629105924,1.3008581247108975,1.237028484702455
1963-04-01,17237,0.3343439012260631,1.271248822997412,1.4335271098559752,1.3326379863484292
1963-05-01,17237,1.672471389517963,1.6277094809085684,1.66412033918725,1.6142674093895124
1963-06-01,17237,1.5659673212973455,1.2402386909024017,1.706627272372026,1.829586601050413
1963-07-01,17237,1.5274157316391077,1.2063422461347102,1.7364677484131308,1.817892461060817
1963-08-01,17237,0.20585151541191887,1.5068201871773694,1.6570093596959476,1.8110044855334027
1963-09-01,17237,-0.7909910825963343,1.4408485613876036,1.098407997878449,1.648450663404498
1963-10-01,17237,-0.09189297341999657,1.256337116002134,1.086099325054067,1.682150087245782
1963-11-01,17237,-0.6646565780598086,-0.5595702456327016,1.0035128033096674,1.4520812417274511
1963-12-01,17237,-1.4060254735546596,-1.5177032742020682,0.21110550575313775,0.3157984517020825
1964-01-01,17237,-2.48885517578891,-2.166818814468486,-0.9742084231455237,-0.6102339091077157
1964-02-01,17237,-1.7484419502589423,-1.8104329412983016,-1.790612446377431,-0.6382987742943735
1964-03-01,17237,-1.0435324610221128,-1.7081125732497457,-1.727514363304804,-0.5631922508464964
1964-04-01,17237,-0.781546103763175,-1.8547300982216433,-1.815072970628041,-1.210793827719788
1964-05-01,17237,-0.3644487297908543,-1.4407659491895528,-1.692231460917716,-1.765562141297725
1964-06-01,17237,-0.005736791835586175,-0.9304810889437269,-1.4125781188482636,-1.4647998983070756
1964-07-01,17237,0.6768817158688819,-0.35275091638010597,-1.5242322154313197,-1.4863264961570377
1964-08-01,17237,0.5727224311718101,-0.1868403738542513,-1.3449615819326162,-1.4347451782528586
1964-09-01,17237,0.0416391243579128,-0.1973645615027166,-0.9709796503294661,-1.4128870466514227
1964-10-01,17237,0.41673468721393736,0.6927081635159491,-0.20393826092389528,-1.436158774730071
1964-11-01,17237,0.6719617620290422,0.7202949379693321,0.07246297981033437,-1.1915741936204696
1964-12-01,17237,1.2685710257686975,1.0842790339618316,0.8075999271798368,-0.21576314432547977
1965-01-01,17237,0.5722883836206719,0.6152229295321634,0.7921694298416986,0.26169499685005343
1965-02-01,17237,1.4086335565077386,1.4420160733383096,1.520648265673175,1.250951321423015
1965-03-01,17237,1.0908263330563006,1.3121077185210528,1.2478431417786957,1.169308864879862
1965-04-01,17237,2.1961854165387815,1.692371821019408,1.6119630172826283,1.569493955482875
1965-05-01,17237,1.5491784138555984,1.7391554503319104,1.6013919347080436,1.60589914509311
1965-06-01,17237,1.2613308603701272,1.4825772956886711,1.6515803254610293,1.6185801822607297
1965-07-01,17237,0.5480791723412444,2.150487414632079,1.7513903196968146,1.6571662135343546
1965-08-01,17237,-0.6503020338147202,1.094191195035369,1.6526610490177642,1.6184137492165451
1965-09-01,17237,0.39287083130026274,1.3543896121478696,1.5631415552438268,1.7216570728002627
1965-10-01,17237,-0.3244909754468095,0.2285336644849632,1.9721263768181578,1.6578338372336356
1965-11-01,17237,0.5387739358598406,-0.10804170877995513,1.0892345927490215,1.6964819839699423
1965-12-01,17237,1.044416786350384,1.0065784743361161,1.440046050486064,1.6915249413328028
1966-01-01,17237,2.023292606403379,1.8381260229845744,1.70936394572416,2.2347682607031123
1966-02-01,17237,1.437788573044626,1.432596211213109,1.2905934005487856,1.7043364614311294
1966-03-01,17237,1.4241491637306884,1.4763541735405048,1.4600645790897016,1.7139377179586266
1966-04-01,17237,-0.5072044246595355,1.498210228884842,1.3205986415713094,1.3232219590306944
1966-05-01,17237,0.5106560309709138,1.355179467607303,1.2879587724544632,1.1641249759825631
1966-06-01,17237,-0.6098551908805254,1.0159445851161932,1.2289540255897076,1.226010264489176
1966-07-01,17237,0.10231443351371705,-0.4985950466546187,1.417337346658404,1.2374439367323857
1966-08-01,17237,-0.08457001085424823,0.2044010082855157,1.2924057841578778,1.2796294261938108
1966-09-01,17237,1.427775127600588,0.16943041376128937,1.3732577175693006,1.505942923845902
1966-10-01,17237,0.13476231512217457,0.10233465972915243,-0.4467303920143228,1.4065068899911852
1966-11-01,17237,-0.6574860105354109,-0.7690270391871898,-0.23538055674492864,1.074928101726848
1966-12-01,17237,0.3534973996333439,0.9944289814737229,0.451999399926447,1.302333597319289
1967-01-01,17237,0.41002784655763025,0.3822845647594943,0.3686299755196547,-0.019325392281902765
1967-02-01,17237,0.34425030654465183,0.04489928330635999,-0.07392861429375344,0.13226200782215392
1967-03-01,17237,-0.987126487433087,-0.5111251839274847,-0.08006492668513993,-0.34234349019551236
1967-04-01,17237,-0.500591233894182,-0.059396564348803936,-0.017648830262891636,0.04089406297704199
1967-05-01,17237,-0.07220028261304835,0.1606266274686997,0.02299642937631669,-0.03499880433906637
1967-06-01,17237,0.24299456318521645,-0.7673332076306631,-0.4669593821653711,-0.12512316614806676
1967-07-01,17237,-0.04478292323053136,-0.5702345171594203,-0.19355314318864283,-0.14191980220693623
1967-08-01,17237,-0.3682834572796082,-0.4157112798762836,-0.05717234095330588,-0.21373075534060526
1967-09-01,17237,0.47658337779837295,0.24778534913310177,-0.7153821582401786,-0.4224297876729368
1967-10-01,17237,-0.13485744135242106,-0.16442939853641492,-0.6081042660929368,-0.24067720390914973
1967-11-01,17237,-0.3566444343785938,-0.7370559898926686,-0.6331737480900351,-0.2135441957762668
1967-12-01,17237,-0.17126268226825886,-0.016231826245899274,0.16723483446677564,-0.6605429332679911
1968-01-01,17237,1.322881778108854,1.1632023534868643,1.00674719299101,0.6097520915011565
1968-02-01,17237,1.2030655212298433,0.9855954254698526,0.8465585012503557,0.6942092347783871
1968-03-01,17237,1.463801838945073,1.168223798140023,1.1606431496292051,1.1529958459296017
1968-04-01,17237,0.610301282867184,1.2259117090358653,1.100179204814557,1.021074729556926
1968-05-01,17237,0.1601430609502588,1.0095927674323015,0.8438753013538232,0.7475331949704704
1968-06-01,17237,-1.149769663242703,0.8882713033956383,0.6857747065679118,0.6948979385547819
1968-07-01,17237,-1.402548657438785,-0.2679397148526871,0.7488505514786309,0.6634534496872833
1968-08-01,17237,0.01451119986148327,-0.0608881054657692,0.9247296122008108,0.7519534766644601
1968-09-01,17237,1.3200361252266832,-0.35095948027197177,1.2063026885091375,0.9505679212883879
1968-10-01,17237,1.3284903125794827,-0.04494126676310102,0.2965783406191338,1.0645780321718608
1968-11-01,17237,0.9522142389853929,0.6563998870700023,0.3800092173803933,1.1448814684407806
1968-12-01,17237,0.7162371117570946,1.199520216030719,0.36515421696446365,1.295379551109368
1969-01-01,17237,0.47342294279332625,0.8588056427959246,0.34561745652730086,0.5112522058561866
1969-02-01,17237,0.47705264173838413,0.7231799223421551,0.6500181029721581,0.604483965779925
1969-03-01,17237,0.368675560306433,0.6192269766822484,0.8364513508077333,0.43826241892029416
1969-04-01,17237,0.8998235440674535,0.7421624645032403,1.00198311953922,0.6713079100946606
1969-05-01,17237,1.107858095378475,0.8044976592373635,0.9769240191729175,0.9351302948251433
1969-06-01,17237,0.6580399543941963,0.4913035691057529,0.7060427821103759,0.9260160519911504
1969-07-01,17237,0.19750924744947723,0.7075281014931329,0.6568889053160476,0.92927371010401
1969-08-01,17237,0.049135857516569646,0.84261145061181,0.7082006800739878,0.9171414845831811
1969-09-01,17237,-0.21234120076042728,0.396492057617485,0.37802825549503655,0.6315986292984932
1969-10-01,17237,-1.1818305566715308,-0.5740236992694069,0.24064875552304266,0.3656581433954244
1969-11-01,17237,-1.2419667932514198,-1.048376822308081,0.1422772751104656,0.36079866871270583
1969-12-01,17237,0.5781646040346246,0.3757321312724262,0.717354697139557,0.5811358901515696
1970-01-01,17237,0.30514091936100035,-0.14517905343056428,-0.062017526681686024,0.37078172675877685
1970-02-01,17237,0.5249566956978404,0.08339893884627796,0.002026163426427107,0.5077241230196919
1970-03-01,17237,-0.06961900195623404,0.2554602017923143,0.1439293616641214,0.40458176515497807
1970-04-01,17237,-0.19505787574402503,0.022427615223019653,-0.2538961196266852,-0.164813134273491
1970-05-01,17237,-1.3281906574774387,-0.19437369067247745,-0.44433742267030857,-0.48233679097095356
1970-06-01,17237,-1.6521698613844857,-0.924970440505044,-0.498686947470099,-0.5671948208437713
1970-07-01,17237,-1.167800342668887,-0.8293083188819701,-0.42982636379531225,-0.6472576348746396
1970-08-01,17237,0.00577974529896847,-1.2037233549764101,-0.3281034337134349,-0.575569831549389
1970-09-01,17237,-0.07750827091800755,-1.495992172798026,-0.9897036059930103,-0.5642850379342581
1970-10-01,17237,0.5573302598916843,-0.5159382135574528,-0.5978914861129672,-0.302756864632061
1970-11-01,17237,0.11835036523126208,-0.12341235684363226,-1.0780763565925233,-0.3533035780366723
1970-12-01,17237,0.19847696801878223,0.08525543539913052,-0.9191784643464147,-0.7404008172124211
1971-01-01,17237,-0.514387114257974,-0.2551104194371761,-0.7503618777453808,-0.7529695175333592
1971-02-01,17237,-0.008579297452710221,-0.0500896621791195,-0.1448881356366142,-0.7346592524583991
1971-03-01,17237,0.29474660869605335,0.3387926151021965,0.2488308892654054,-0.3731829013202298
1971-04-01,17237,0.8747027477934833,0.110403171618754,0.2453439293945931,-0.05628723291144161
1971-05-01,17237,0.1601430609502588,-0.018110175029755003,0.04095924387311282,0.003004094381825049
1971-06-01,17237,0.39550347448473194,0.27704342811128313,0.3237599956619997,0.23775605388125726
1971-07-01,17237,0.5203072712507579,0.8601214976376066,0.1683890910913879,0.29271667572208926
1971-08-01,17237,1.4782031104633964,0.9984706899162792,0.42445836922756025,0.40795407990388366
1971-09-01,17237,0.7906400311675202,0.5693542611266826,0.4092996973259948,0.4393037358423182
1971-10-01,17237,-0.28522866383227335,0.2235709849311125,0.6879194851116374,0.07994882281068026
1971-11-01,17237,-0.04335318071928723,1.0781703285667916,0.727020050512372,0.33784058189619587
1971-12-01,17237,0.10264184947122447,0.37894770461309013,0.5509031835666786,0.40295996471671575
1972-01-01,17237,-0.34446205093710003,-0.42946502102476514,-0.15182335077499193,0.29309894566060435
1972-02-01,17237,-0.3542376576416112,-0.4179576665580838,0.18861449964920024,0.19682327252468557
1972-03-01,17237,-0.7673652434852921,-0.49490017437006334,-0.31210586685204744,-0.13139977543612563
1972-04-01,17237,0.07070741938878018,-0.26730581457798974,-0.3135010653403925,-0.09696523408504931
1972-05-01,17237,-0.27381725257056494,-0.46069718523846015,-0.4336736290627626,0.09688637784235767
1972-06-01,17237,0.6782354243018216,-0.3575188494625838,-0.2369957994859568,-0.11916602829935968
1972-07-01,17237,1.1680597792454508,0.6846243872712462,0.14168427019018548,0.0755828143983671
1972-08-01,17237,1.6635453216384481,0.9247801030713215,0.12893765812105049,0.09786904866362268
1972-09-01,17237,1.4169364586807045,1.249304722028716,0.038321515059431085,0.09761382145537838
1972-10-01,17237,2.065993337443715,1.7920756145105594,1.512940918927637,0.8127049467755179
1972-11-01,17237,0.8849541291292635,1.7313177582909853,1.1443928610286132,0.36701558157325076
1972-12-01,17237,1.0622263292909,1.527728800895579,1.395811766094834,0.5319684362137601
1973-01-01,17237,-0.8635434439650358,0.30331587371650587,0.7986072407826087,0.6424771256624552
1973-02-01,17237,0.5208517550241063,0.7290633761739301,1.306244431302781,1.0647419091496604
1973-03-01,17237,0.07432250987856626,0.5814920360932037,0.8357908176106147,1.0041614001259977
1973-04-01,17237,0.7560623635822559,-0.1764616716060892,0.5435918543572789,0.9210950382610509
1973-05-01,17237,-1.2497000389594666,-0.1655662114419934,0.16686335129031796,0.7138963947762074
1973-06-01,17237,-0.9512602121048557,-0.5407652302323859,0.05850179093238472,0.3598777823432626
1973-07-01,17237,0.2719537137822592,0.6175611251255865,-0.19236866211335324,0.4926531374364382
1973-08-01,17237,1.0470803850871286,-0.5178535227912436,0.03984402278963364,0.3148247704926108
1973-09-01,17237,1.2565121856589396,-0.2567545873986612,-0.22163693166649007,0.32200191816792845
1973-10-01,17237,0.4143730339144811,0.3830262140412952,0.6931822115794968,-0.10546424518179709
1973-11-01,17237,-0.24803415568496193,0.4875551209256306,-0.6730500852271448,-0.09261236752685742
1973-12-01,17237,-0.5656260613937354,0.08976761345608734,-0.49889087522886094,-0.4219981256914338
1974-01-01,17237,-0.9293662129479133,-0.664779017308962,-0.5096000892120991,-0.02843384007078705
1974-02-01,17237,-0.5089977485463234,-0.6237031317261452,-0.295120845245029,-0.8314310896074346
1974-03-01,17237,-0.23193270025708823,-0.46863223472178617,-0.12039994659593574,-0.5130979514490384
1974-04-01,17237,0.013875918389345989,-0.6517840668773975,-0.4990542772170041,-0.39583483530863983
1974-05-01,17237,-0.30132153299057135,-0.5834238717090103,-0.6160743882336708,-0.30992562387465317
1974-06-01,17237,-0.5569690886000238,-0.6167026576241972,-0.7527165964528028,-0.46051286499579636
1974-07-01,17237,-0.8897210196686206,-0.5621403850998548,-0.943303390162238,-0.7971175912972362
1974-08-01,17237,-0.33801099285220915,-0.5858494648377217,-0.7674384819547388,-0.791540463609078
1974-09-01,17237,0.04447657013965758,-0.6763640755995933,-0.6743285750407827,-0.7880359756185914
1974-10-01,17237,-0.8572750356472164,-1.261933981496855,-0.8383509353175895,-1.1167359485501773
1974-11-01,17237,-2.098557874757778,-1.7907710964188261,-1.2549361143584021,-1.182470322665837
1974-12-01,17237,-1.326370438867942,-1.226186283765809,-1.5648726663391996,-1.147467696213283
1975-01-01,17237,-1.123990200311526,-1.3090384833985937,-1.7684341093333416,-1.328377768087018
1975-02-01,17237,-0.7933497590192553,-1.324276237558702,-1.4727715813889652,-1.4407468943797652
1975-03-01,17237,-0.3771892317105555,-1.0966073023623115,-1.039571499310192,-1.2684753855509001
1975-04-01,17237,0.6432958328658357,-0.4034504851448134,-0.5776024930047777,-0.8987787137907747
1975-05-01,17237,1.2035958599969774,-0.04387530120417662,-0.44187516435996205,-0.5704722554758468
1975-06-01,17237,0.9793646655560427,0.13532764366543207,-0.5082013586788895,-0.5329506298393838
1975-07-01,17237,0.09306085637751575,0.42313400443175764,-0.4589845238002824,-0.6057787060413098
1975-08-01,17237,-0.6261208682010693,0.7030170013005378,-0.3091848259180557,-0.6905401810822122
1975-09-01,17237,-0.8561550573593981,0.5856223380019596,-0.11101148837234821,-0.6945864492007849
1975-10-01,17237,-0.8232050777142181,-0.45050739235235193,0.0830799705340622,-0.6507010784920317
1975-11-01,17237,0.9587667802297403,0.3660063637271423,1.0104432845847966,-0.0258151440498062
1975-12-01,17237,0.8735634838823321,0.45189858262286503,0.977768078829216,0.3219480754997955
1976-01-01,17237,0.7748371821576662,0.4388748766627037,0.4149909913937763,0.5817674929144632
1976-02-01,17237,-0.019152315840978484,0.3090962930752449,0.0699075756539231,0.6157365397783351
1976-03-01,17237,-0.23946466013094145,0.28845292058795213,0.07236726465954359,0.5097184336536307
1976-04-01,17237,0.2773284179942668,0.6181781687781288,0.3957889278125499,0.4334182126589951
1976-05-01,17237,0.4939260547843989,0.12577778270668138,0.447064292337881,0.3024362769061098
1976-06-01,17237,0.4729525087597784,-0.10552968940636287,0.31339109094841927,0.1120079656338848
1976-07-01,17237,0.4380524193824893,0.3088988605942372,0.6195630357260333,0.40552597311671007
1976-08-01,17237,0.7349022493998509,0.6235094131934702,0.20059667269538498,0.48748600108765155
1976-09-01,17237,1.4355835881781762,1.0777129710657225,0.2953690316378089,0.6361750450558853
1976-10-01,17237,0.7246600612314993,0.6670999739020259,0.5309759695799754,0.7672960585375833
1976-11-01,17237,0.5430735164993964,0.7329202044083425,0.6782022662905252,0.299608932566477
1976-12-01,17237,1.2380352910460886,1.6727268156788293,1.3898809431067134,0.8145142462052449
1977-01-01,17237,0.1646031413730996,0.37652203417140073,0.5001270776722658,0.47280507860190346
1977-02-01,17237,-0.30760732323791035,-0.1461240883054254,0.013804823024301478,0.19871294941927972
1977-03-01,17237,-1.6310657286983767,-0.41247723644759104,0.006347040177280713,0.1953208174364563
1977-04-01,17237,-0.5336636820226871,-0.2535193531808909,-0.03789424634386745,0.14142177382462434
1977-05-01,17237,-0.6035127965908265,-0.5608821425534202,-0.3438056128060748,-0.17334615396805453
1977-06-01,17237,-0.07522345660693766,-1.3247441488941858,-0.5256387636078442,-0.17700769700878397
1977-07-01,17237,-0.7317154638290594,-0.9025278085814292,-0.5654789747236304,-0.34797082090463743
1977-08-01,17237,0.2089092030042183,-0.5790791582448669,-0.6292645482053746,-0.4393021646325585
1977-09-01,17237,0.7821100460494932,0.11851871223343259,-1.1630527789476375,-0.403735781681991
1977-10-01,17237,0.2754980308107767,-0.4160642716294368,-0.7740137155017586,-0.509355422471274
1977-11-01,17237,-1.0663546783782294,-0.8159295375098482,-0.9966695566469291,-0.9034778503333659
1977-12-01,17237,-1.4535027902085393,-1.0617792567094637,-1.0247579426583773,-1.5848807907200066
1978-01-01,17237,-0.267784862954143,-0.1578334780555706,-0.47645301274756435,-0.7341739306223589
1978-02-01,17237,1.3951140970877405,1.0552924879406425,1.0412569009010906,0.6899373001627125
1978-03-01,17237,1.8377700539867456,1.138351398525692,1.1826221370496768,1.0885862758766998
1978-04-01,17237,2.0022140194904443,1.1263270480688437,1.0849553614001064,0.8749280503254991
1978-05-01,17237,0.20751710506383444,1.2114527301902562,0.912571540625137,0.9036108679542205
1978-06-01,17237,-1.0263037951865996,1.4521049021498678,0.6830632645376139,0.7573429002558997
1978-07-01,17237,-1.5327330778835695,1.2646080673933504,0.6053197440928811,0.6195913802576263
1978-08-01,17237,-0.7351733025987051,-0.3148171072999774,1.0191399106350099,0.7107788395958338
1978-09-01,17237,0.6043528189448157,-0.7691251567631674,1.5733666856756021,0.7558919358757566
1978-10-01,17237,1.9535966660153539,0.48456203544824283,1.886073586345009,1.1700434944150881
1978-11-01,17237,1.4332925942468133,0.9203334312015128,0.6229587126905344,1.4544492511830638
1978-12-01,17237,0.7328516375814492,0.8246475188689231,0.10313798633997955,1.5948382626345379
1979-01-01,17237,1.0750504720011798,1.5465686150718145,1.0493480213055835,1.7148915271047591
1979-02-01,17237,0.6131163292498569,1.0907170514762354,0.8972621224311756,0.8448610443313775
1979-03-01,17237,0.5722447684955269,0.7663564209200436,0.7908303313421419,0.4240072027530542
1979-04-01,17237,-1.4695544354475616,0.000319042997121391,0.6337202894993318,0.26842730059393444
1979-05-01,17237,0.657262034510665,0.692133979508216,1.0750497026708732,0.937827701180703
1979-06-01,17237,0.9125382261633307,0.8200267302789128,0.9659354432751274,0.9979377504743486
1979-07-01,17237,1.4429423512892814,-0.19243517108127065,0.5628340698794373,1.0681007452697184
1979-08-01,17237,0.17955086357610725,0.4596986035627813,0.6181649796634265,1.0607086302329425
1979-09-01,17237,0.5849978446273655,1.0143582481141757,0.9034697888873643,1.0400689508445788
1979-10-01,17237,0.7270673493051852,1.4367237076608492,0.07354595750519811,0.7136102691552687
1979-11-01,17237,1.530862316871447,1.3562909815027622,1.3122410335569183,1.164223028053946
1979-12-01,17237,0.9344430531683444,0.9887322547878244,1.2240071486837802,1.1425608793413815
1980-01-01,17237,1.1190180182355842,1.1823819195592526,1.5116403960988107,0.8234729426557924
1980-02-01,17237,0.12883628657040763,0.791599958162244,0.7617834886375897,0.9038344027177394
1980-03-01,17237,0.762170210069101,0.9745340477677125,0.9880448944499753,1.2173753030494616
1980-04-01,17237,0.37882056742405856,0.9457122301610553,1.0196654523276347,1.3615724143587864
1980-05-01,17237,1.0731912838440185,0.5306494244385171,1.0090161625954615,0.9916916786162728
1980-06-01,17237,0.21487441900899198,0.6085317589201362,0.8830107785705387,0.9116486454024872
1980-07-01,17237,-0.06783101336356206,0.11161699868797655,0.7809617245786156,0.8764758589249637
1980-08-01,17237,-0.4150996558220429,0.6313338953505679,0.3173666006276147,0.8774884482629146
1980-09-01,17237,0.9249792434279523,0.4762567686089737,0.7867025237609641,1.0309557691712044
1980-10-01,17237,0.46746906671449256,0.16785350353402442,0.24706895478888488,0.8575755142200437
1980-11-01,17237,0.8606433677181171,0.3495985505520332,0.8833282462066888,0.5367114630323115
1980-12-01,17237,0.4336934696136258,0.7324329556309228,0.6823282362145954,0.8501588145915329
1981-01-01,17237,1.500073538715642,1.4624800011138066,1.263741879797891,1.1971935521355812
1981-02-01,17237,1.2475881684421113,1.3538980447481643,1.239242366245154,1.466037875567453
1981-03-01,17237,1.115408865198774,1.058974250484055,1.1343785920404494,1.1208207170143314
1981-04-01,17237,-0.4642343587283409,0.9288723910285325,0.9486099806529803,0.8859607984524667
1981-05-01,17237,-0.6796584917814131,0.7627674169658989,0.9168557969711129,0.8150162353199972
1981-06-01,17237,-0.2226896066399427,0.7877987413067313,0.8290105474561361,0.9328746287138603
1981-07-01,17237,0.39479545571649793,-0.2980965027623702,0.9116098424271316,0.9326768043630806
1981-08-01,17237,0.3086189427913836,-0.5858494648377238,0.7258861454022653,0.8981347797419889
1981-09-01,17237,-0.7664057285586565,-0.6975684105890084,0.595720181741493,0.6842010036525191
1981-10-01,17237,-2.0440698262459316,-0.9476573712631029,-1.0022986447734987,0.428316162031504
1981-11-01,17237,-0.8037390586502182,-0.5678147995923186,-0.9224181028591822,0.46355999832771605
1981-12-01,17237,0.8346968604429859,0.4406555051595739,0.22586643091686645,0.8634014003715282
1982-01-01,17237,0.806280678010596,0.07753128420066674,0.22821093846949406,-0.12317264918966311
1982-02-01,17237,0.22609490890206502,-0.10776280588579389,-0.10974935080406548,-0.4272672292687767
1982-03-01,17237,-0.8446651256348872,-0.13365324631266015,-0.3258602058187548,-0.4279061312453718
1982-04-01,17237,-0.22436436868366263,0.3927931686938722,-0.11118221184183097,0.053866762980611896
1982-05-01,17237,-0.16073561847341597,0.02846088981866675,-0.13447090993622704,-0.09933228853936688
1982-06-01,17237,0.46022957628155026,-0.5483737251615753,-0.05920159226880324,-0.23795092300562767
1982-07-01,17237,0.1930574543008372,-0.2334427313428012,0.31221662877511075,-0.15363606483266865
1982-08-01,17237,0.5875878296999275,-0.015047851482522428,0.05230452119219644,-0.14198990790499755
1982-09-01,17237,-0.1215747164375355,0.20784092484603167,-0.6440572811868478,-0.13875818142740595
1982-10-01,17237,-0.1183045074764162,0.03442755630980672,-0.29120167717907386,0.26032653536796735
1982-11-01,17237,-0.894387133352241,-0.37447595289464125,-0.5009986560977984,-0.22517962444445347
1982-12-01,17237,-0.6872800963231256,-0.7073751688098231,-0.2395754820046145,-0.8260637419601878
1983-01-01,17237,-0.5849986058070309,-0.5776467768956388,-0.46823315603589416,-0.5605811635508472
1983-02-01,17237,0.11651547950194975,-0.2361882598215308,-0.13526812012040348,-0.22780605110829452
1983-03-01,17237,0.3582426991208062,-0.0447644770552926,-0.1263316111171578,0.06984951254148855
1983-04-01,17237,0.526326449879992,-0.1536916473007659,-0.1670818033279034,-0.07737883511131348
1983-05-01,17237,-0.2542177074176725,-0.09715171331433395,-0.2765253872631464,-0.15779736822524165
1983-06-01,17237,0.30855764738332075,0.2843228381027492,-0.05607600094708906,-0.13703950979990887
1983-07-01,17237,0.9822020008176338,0.8755090978044235,0.14011249012528212,0.11038564339240912
1983-08-01,17237,1.6109318370717178,0.8684991060609965,0.4416019506555313,0.2010836051660223
1983-09-01,17237,1.4632408141187203,0.9565620480852948,0.6868698564478266,0.2930876855765858
1983-10-01,17237,-0.7959237429871364,0.42589555072397545,0.5394439148538883,-0.06401318744205593
1983-11-01,17237,0.7888670522880358,1.6314147433645094,1.0357567365274767,0.6251778014092788
1983-12-01,17237,1.2054505429461235,1.6656212133258563,1.3192748568156658,1.092406908504794
1984-01-01,17237,1.3451415174142607,1.0381777757872797,1.228611020965591,1.2170615879356028
1984-02-01,17237,0.7376234329550959,0.8755933867336845,1.393622523719358,1.1571341090118132
1984-03-01,17237,0.8508181624333854,1.132959473014397,1.3298111372993549,1.3263305872910431
1984-04-01,17237,1.4372507914001766,1.6530679449360655,1.394739309765486,1.4788346718309997
1984-05-01,17237,1.0812397614715434,0.9887533974722523,1.068136192112289,1.3893103129688473
1984-06-01,17237,0.03786709780632443,0.6144769157532366,0.9973440820622445,1.244359802780596
1984-07-01,17237,-1.028065385687585,0.7337235298810114,1.3312884157690308,1.0773746553991816
1984-08-01,17237,0.1340738106313171,0.8509042964430987,0.9278969062036863,1.043614861442384
1984-09-01,17237,0.3788576986393261,-0.00014975956113996854,0.6377119643293027,1.0338358341683132
1984-10-01,17237,-0.25901934872279797,-0.9733711695085109,0.5734267107220833,1.2456132187525624
1984-11-01,17237,0.2124494269137783,0.03945981167530322,0.7058868371005724,0.9032443315498044
1984-12-01,17237,-0.8181612753012534,-0.6395305221792162,-0.5102725550469838,0.18939268400075762
1985-01-01,17237,0.3985559502764831,0.24672582046632574,-0.1770849547286571,0.6352842765949405
1985-02-01,17237,0.559470651803268,0.5049016020711039,0.45509766938846463,0.8495335210668574
1985-03-01,17237,1.1870564279955784,0.671862379892066,0.6561120102388484,0.6173737333979321
1985-04-01,17237,0.2622018414319312,0.3311218989134758,0.24972605352937602,-0.01546571678627947
1985-05-01,17237,-0.6596109591887453,0.1067103099780438,0.18146097041026304,0.17287428300613536
1985-06-01,17237,-0.35504904657552394,0.8184226425485823,0.35679492744739677,0.35293431884355625
1985-07-01,17237,0.06041622081802788,0.0809094966077657,0.2076001619648879,0.14205696898080902
1985-08-01,17237,0.4822679910222809,-0.47297619090524945,0.09702524699813042,0.13709155317587884
1985-09-01,17237,-0.8890979189155642,-0.8491843566691363,0.6094139979764943,0.16589936228132965
1985-10-01,17237,-0.2717717647050489,-0.15870521417849914,-0.05249868661145181,0.1216956730806397
1985-11-01,17237,-0.8186951259127411,-0.4261466884630345,-0.8399016322689805,-0.16615023431026052
1985-12-01,17237,-1.0885886475502582,-1.2687984034953528,-1.4697842430345263,0.030346061170043806
1986-01-01,17237,-1.0599784860093524,-1.0416643165217485,-1.0023772322942444,-0.672538933982665
1986-02-01,17237,-0.318687158514201,-0.6196969172563533,-0.5523696903521912,-0.8036615386787048
1986-03-01,17237,-0.4396441805149509,-0.9750327483513596,-1.11608346270567,-1.2559624534098703
1986-04-01,17237,-1.1177395674538295,-1.2910522893531033,-1.2906074575410251,-1.4409645374451945
1986-05-01,17237,-2.212424320394551,-1.214052081046416,-1.4562897391548046,-1.4145442780564248
1986-06-01,17237,-1.0451773428679165,-0.9671191985095678,-1.2842897268466107,-1.3645303805260767
1986-07-01,17237,-0.4052630009501514,-1.1768745397723026,-1.352259640945427,-1.3471167373775277
1986-08-01,17237,0.44018476499775866,-1.6283614784974278,-1.1738370502148872,-1.2953612743562206
1986-09-01,17237,1.7621391527883996,0.21132316605792248,-0.365334120740063,-0.777923373599552
1986-10-01,17237,1.546046553760843,0.6750192986379181,-0.4582634625026564,-0.9494913361831799
1986-11-01,17237,0.35660740593774465,0.36983812568763286,-1.3284806605179718,-1.1153020257067516
1986-12-01,17237,-0.6872800963231256,0.4458444289306651,-0.2369041223891677,-0.5968269630126641
1987-01-01,17237,-0.20820395532810337,0.45285885831744893,0.24667888384261144,-0.4478599314159831
1987-02-01,17237,-0.03823854146297949,0.01277098500919198,0.05490393800024752,-0.9489395773809276
1987-03-01,17237,0.2515596008498905,-0.13740304889708105,0.39687733488887195,-0.0071789049989094455
1987-04-01,17237,0.3492228157966174,-0.025240786594699086,0.4409614326325938,0.3397636286205835
1987-05-01,17237,0.9799067455771054,0.35858914594184005,0.44312007891397737,0.49942461531488835
1987-06-01,17237,0.7010611825499611,0.4208767284282014,0.06196572820765408,0.5181388111823523
1987-07-01,17237,0.7205263648830819,0.5495778395676687,0.12910744686805864,0.5532788418450524
1987-08-01,17237,0.8256337599790851,1.1072199334535937,0.4687219242354231,0.5129792614387584
1987-09-01,17237,-0.6018580883376199,0.31137004156162595,0.22981737518506443,-0.09509443602327707
1987-10-01,17237,-1.4528484167051587,-0.2049352020286559,-0.012824827444451048,-0.2261581973811933
1987-11-01,17237,-0.9677162500866587,-0.17282050140991903,0.4918560096704728,0.17063528505484787
1987-12-01,17237,-0.6132194456510035,-0.7894410464130353,-0.10296742408667738,-0.06606919125726123
1988-01-01,17237,-1.0919740871787305,-1.5014369848401383,-1.0617548012373947,-0.6619356553863396
1988-02-01,17237,-0.7134028977496704,-1.0085109348717078,-0.7873318468182675,-0.22114837561255798
1988-03-01,17237,0.16538123393965082,-0.16942237102058486,-0.3318259792850433,0.011750181610352028
1988-04-01,17237,1.1920183221208613,-0.0030859261682493096,-0.3443024025805674,-0.03862976031121368
1988-05-01,17237,1.0242825703683505,-0.09715171331433395,-0.291741240603163,-0.08898431893997945
1988-06-01,17237,-0.23083390004499327,-0.15119120342970874,-0.38918288900553516,-0.5246315464319606
1988-07-01,17237,-0.1741643127226492,0.8113660315365391,-0.1825739047915657,-0.4777128619664865
1988-08-01,17237,0.07919139615198137,0.7700279176680053,-0.21576638061609318,-0.4219211807811635
1988-09-01,17237,0.23426189188363855,-0.31598597706220793,-0.17717201330779575,-0.3982802918662579
1988-10-01,17237,0.4882114065860729,0.10586823203404128,0.8981152779122692,-0.07639169521980485
1988-11-01,17237,1.3371635834468751,1.1000081007405562,1.3590378436139119,0.27462795348222585
1988-12-01,17237,1.196513841109307,1.0833617601878875,0.7002223546552413,0.42723368710931264
1989-01-01,17237,-0.22709506941936458,-0.0416041723680051,-0.1323528957080572,0.5023824339503112
1989-02-01,17237,-1.5377506107796275,-0.7359146199548223,-0.800868838790632,-0.2058877249963427
1989-03-01,17237,-2.122805281905711,-0.7743220592486345,-0.7123999221762753,-0.8067968028860901
1989-04-01,17237,-2.1210355340664147,-1.3437576645058589,-1.1579535450179184,-1.363605633019286
1989-05-01,17237,-1.599499068513213,-1.7417481208587609,-1.2736492292495485,-1.3470834550548616
1989-06-01,17237,-1.6775972839276232,-2.1470941013905307,-1.3356152176340528,-1.254120157469869
1989-07-01,17237,-0.5824556536399158,-1.9089938367344164,-1.4347095299938566,-1.278697907138451
1989-08-01,17237,-1.050552396814438,-1.7140603354704513,-1.8687468129610396,-1.4138589275050282
1989-09-01,17237,-1.051717683555386,-1.8024521681491341,-2.2048523051184947,-1.489546813910847
1989-10-01,17237,0.8164747915195542,0.04704605222936296,-1.5591376610124033,-1.2555857359911826
1989-11-01,17237,1.6905619017964302,1.1860288170629585,-0.3276885569413608,-1.267850116230866
1989-12-01,17237,1.059893335818984,0.5763763240929229,-0.47072561037606847,-1.5480042880286278
1990-01-01,17237,-0.5878332230459765,-0.2045285260565272,-0.46237059089727867,-1.6329568543022013
1990-02-01,17237,-1.4475731380815717,-0.3188396727753702,-0.659211629074152,-1.2838986307472027
1990-03-01,17237,-1.3643838454802928,-0.34903363238825363,-0.5760757562840423,-1.2475783451283458
1990-04-01,17237,-0.9489359146449239,-0.9448345096771488,-0.6658221045767715,-0.9022143764222403
1990-05-01,17237,-1.1905680265701153,-1.543580176597257,-0.7339962031892627,-1.0199117675942495
1990-06-01,17237,-1.0783128121305636,-1.5599312850661387,-0.8370070860685807,-0.990350924690102
1990-07-01,17237,-1.041671196340802,-1.3033799515621372,-1.2152809089111207,-0.9733381212809399
1990-08-01,17237,-0.7505213750785233,-1.3660757945176405,-1.6701601042718708,-0.9569534923153589
1990-09-01,17237,0.20695240364375372,-1.0022595155152747,-1.5165221314109085,-0.838780351992857
1990-10-01,17237,-0.3650702221326548,-1.0520795040126139,-1.351153445013815,-1.2823330630584748
1990-11-01,17237,-0.47505874750939203,-1.0457714040196775,-1.4196998496442041,-1.7725237191693937
1990-12-01,17237,0.13462727785815962,0.13655565970263003,-0.5326302360259082,-1.2417266658865718
2004-01-01,17237,0.44946257395230643,0.26076457662454017,-0.16746348275353243,-0.7157401770864148
2004-02-01,17237,0.5581365098262056,0.3027490332942546,0.037467647791581335,-0.5131838816605108
2004-03-01,17237,0.27117021597041513,0.2917994762589347,0.25742901204918556,-0.16673520288772742
2004-04-01,17237,0.5956201201104848,0.5500894844615317,0.4296706308593052,0.16906965129777657
2004-05-01,17237,0.5702099255626941,0.6089437768679229,0.47250125508182134,0.3102692253729031
2004-06-01,17237,0.10388890519004182,0.10232225148445376,0.15440000215165592,0.12339068099506471
2004-07-01,17237,-0.7654266656279085,-0.02210024385120433,0.17824164591769825,0.09220434692728074
2004-08-01,17237,-1.6421207222134502,-0.25221319435619843,0.20898366722372594,0.07074965632123145
2004-09-01,17237,-1.5372772826183887,-0.6340212270136178,-0.25400588199309354,-0.12894625294584094
2004-10-01,17237,-1.6531624057485232,-1.7153367751129198,-0.6252437824083591,-0.22565037927845127
2004-11-01,17237,-0.5795912379604663,-1.5479737612955062,-0.584344613512302,-0.005082504748121376
2004-12-01,17237,-1.2624948240119378,-1.551532534264313,-1.459806726009511,-0.7852113219348505
2005-01-01,17237,-1.503227088855155,-1.9224903014751609,-2.4575852297295975,-1.390131660582571
2005-02-01,17237,-1.2071009530755636,-1.330111138609585,-1.714653169265891,-1.2750810589808546
2005-03-01,17237,-0.36225574932801374,-1.0361207979364542,-1.2745571805288882,-1.194523921371165
2005-04-01,17237,0.4163288056091305,-0.7620828328481845,-1.1052867103187234,-1.5148305916919296
2005-05-01,17237,0.5792439914657947,-0.6863405395103044,-0.8090836036278646,-1.197052523100381
2005-06-01,17237,0.3322740682244178,-0.2795240760246946,-0.818671296880901,-1.0299366465434707
2005-07-01,17237,0.5164654915709931,0.4706377608396156,-0.6259376874037804,-0.9283875462308502
2005-08-01,17237,-0.34825734672244624,0.160756625319508,-0.8634386702261544,-0.9535036810674674
2005-09-01,17237,0.2585149508874418,0.2327911939653815,-0.2978916461627401,-0.811079545392407
2005-10-01,17237,-0.13036893358522925,0.2977723250937681,0.36428744459874773,-0.6624630068956955
2005-11-01,17237,1.2621173138754518,0.8416707824407459,0.824082629538352,-0.42831942908647863
2005-12-01,17237,0.5268907282204067,0.5006891350127861,0.594108673285889,0.005043147483173245
2006-01-01,17237,0.551384000753389,0.42788108722610485,0.5757226762767058,0.6013188331931791
2006-02-01,17237,-0.0887358516203483,0.4343792336349419,0.2624476723076067,0.44931321316913875
2006-03-01,17237,0.6126397428569228,0.7130621989406529,0.6743819681463873,0.736854121512617
2006-04-01,17237,0.5573623911021981,0.6002288225980011,0.5262863756142212,0.6764061894562484
2006-05-01,17237,0.6260572761172509,0.13779619901413687,0.5898711321184755,0.4928023428721117
2006-06-01,17237,0.28540947164149516,0.5010385753523141,0.6374384377582157,0.6059950340945549
2006-07-01,17237,0.47968106442278136,0.5649440267654373,0.6178616433871258,0.5451547198683939
2006-08-01,17237,0.3429062156642288,0.5120384811992194,0.08722881749201125,0.5330601441996978
2006-09-01,17237,-0.5169510840929226,-0.12702485066828992,0.3299647824447226,0.5137586100258276
2006-10-01,17237,-0.05245284586723708,0.305496804927741,0.4805415252660344,0.577316215730811
2006-11-01,17237,0.013721740485488878,0.03045198902552999,0.30819018934482323,0.022380613543761023
2006-12-01,17237,-1.394757743503804,-1.4433747673831208,-1.16893116805026,-0.37741069821460543
2007-01-01,17237,-1.2551266631032623,-1.125929443445318,-0.8412117758972635,-0.3823617273550889
2007-02-01,17237,-0.7453619150389366,-0.7439286645126674,-0.7242008641966384,-0.3657340424876311
2007-03-01,17237,-0.2874648271072529,-1.0726174505713157,-1.1345530339117538,-0.9645555074995913
2007-04-01,17237,-0.616377622072531,-1.155513888708165,-1.1065053332218706,-1.008651829375223
2007-05-01,17237,-1.4722705525992972,-1.2036564481149834,-1.2233414065235761,-1.2127377464848035
2007-06-01,17237,-1.1258826240964683,-0.8899815609891122,-1.3749373646603007,-1.3986875673230914
2007-07-01,17237,-1.7390653049951945,-1.3169432717770548,-1.5140010086637137,-1.4686347141147351
2007-08-01,17237,-1.8633869955060613,-1.8028100592666387,-1.5079985611760562,-1.4647899821998962
2007-09-01,17237,-1.3638748337554742,-1.5455784650076183,-1.1638738073615327,-1.5597964943766645
2007-10-01,17237,-0.03281633854102453,-1.308206667083428,-1.2649009402988405,-1.5120787804670872
2007-11-01,17237,1.2032156658980513,0.24051928875847556,-0.965290199442252,-1.1498856215967241
2007-12-01,17237,1.1875557065680886,0.6222604980902448,-0.12617444898773275,-0.43991913073908756
2008-01-01,17237,-0.0804488344996274,-0.10804552216473688,-0.8099900537688876,-1.0262702606174874
2008-02-01,17237,-0.951234190487617,-0.3247664813517387,-0.800868838790632,-1.3467450645243413
2008-03-01,17237,-1.4926349778573498,-0.35297526298524007,-0.6287403036567298,-1.0926075102944988
2008-04-01,17237,-0.7848413965944073,-0.5494345488985237,-0.5176181582384313,-1.0840590524582132
2008-05-01,17237,-1.1787157615491368,-1.225909666713735,-0.7339962031892627,-1.1469170653620797
2008-06-01,17237,-1.6066089854438523,-1.805799516560917,-1.006645645964826,-1.17594402883301
2008-07-01,17237,-2.3966572339198926,-1.6080188697152455,-1.1640850971796588,-1.1136998601842842
2008-08-01,17237,-1.323409702150641,-1.5060899137561439,-1.4722874335137741,-1.0343297418854105
2008-09-01,17237,-0.06878077069514249,-1.4647512733475931,-1.7845916749885613,-1.0498206987327108
2008-10-01,17237,-0.2583307729415158,-1.8766992514499268,-1.5988737245290507,-1.212579715216541
2008-11-01,17237,0.4222229917923215,-0.5403529696747437,-1.1943835834401635,-1.3944858401621514
2008-12-01,17237,-0.932283252329689,-0.9069862336851015,-1.8963660352235407,-1.8720820197939059
2009-01-01,17237,0.515620213470858,0.35565693548682703,-0.510657794343726,-0.8966021917407166
2009-02-01,17237,1.0470617699325544,1.0290533449948744,0.7381897649456706,0.1630150491930544
2009-03-01,17237,1.6953241085470192,1.1618682566094352,1.0782849446067324,0.5898870945265492
2009-04-01,17237,1.7265301071271344,1.3084466007815454,1.1550237617085926,0.6600751555140031
2009-05-01,17237,1.1131432418945089,1.2487111501170485,1.1822711006033089,0.9917788629679177
2009-06-01,17237,0.17571048519045865,1.6163092870492695,1.0752346698191408,0.9980033499809832
2009-07-01,17237,-0.3460928199276903,1.3121750954942162,1.0928101623574777,0.95285728547664
2009-08-01,17237,-2.4696411457487963,0.14604744929926672,0.8623251941722185,0.877600585626455
2009-09-01,17237,-1.1033387098912226,-0.43471549701035456,1.4918528818243517,0.9121883588814339
2009-10-01,17237,-1.28798002998809,-1.1204340073404837,0.8382141852933515,0.7942040737132599
2009-11-01,17237,0.9587667802297389,-0.28171454931370354,0.555332680980249,1.0897483724097181
2009-12-01,17237,0.7062441535657747,0.22824792600459023,0.3060054581568405,1.5202701483694319
2010-01-01,17237,0.7529592339556899,0.27444833916922134,0.09858818751871695,0.9944754252547079
2010-02-01,17237,0.346186258716941,0.6161087749567975,0.12028198687399624,0.6040644517012982
2010-03-01,17237,0.06043342510835176,0.4054473191927521,0.15528473008279897,0.1995458186021828
2010-04-01,17237,0.4547516394681125,0.6927507439525447,0.3663877050307207,0.2829193993327695
2010-05-01,17237,-0.340735993169775,0.05247740474466277,0.38595005172679986,0.016581974442798266
2010-06-01,17237,1.5260312869351078,0.9070605904226893,1.023554391518494,0.814286141742483
2010-07-01,17237,1.533430610754626,1.2928495954378025,1.2300258575974166,0.8917185328171672
2010-08-01,17237,1.7611865550596848,1.0166508149469051,0.7030415271951236,0.9153319127928751
2010-09-01,17237,-1.2437292519706227,1.2782843263734207,0.6535637928217196,0.8389491405127786
2010-10-01,17237,0.844981597364564,1.5505860738126551,1.4579258120021688,1.377035800056916
2010-11-01,17237,-0.1316117471326361,1.3865016044653116,0.7073696445809764,0.590987027983023
2010-12-01,17237,1.2965446837124872,0.7591376093961704,1.507038367129121,1.1079550923540156
2011-01-01,17237,0.19906640554099397,0.4508651687834059,1.1074286668263014,1.0799430763343743
2011-02-01,17237,0.53953971280722,0.3796848563197045,1.095356119544916,0.8354316873387247
2011-03-01,17237,-0.3385339142910439,0.44582110400540576,0.17771626496321988,0.9179212167639328
2011-04-01,17237,0.30442861642515195,0.21581875162552044,0.41770790306249284,0.9955558290318549
2011-05-01,17237,1.5828666020242936,1.1154255400953024,0.971727581192136,1.3761811219614695
2011-06-01,17237,1.5039063920404654,0.6204131938986321,1.0392824804632181,0.8155854114233464
2011-07-01,17237,1.1203362736601425,0.8158229184393945,0.5533294725926394,0.7074543571933593
2011-08-01,17237,-1.3741875731146616,0.9499559205696801,0.8178505752263058,0.7022574629447897
2011-09-01,17237,-1.8714969146032785,1.1094156305126839,0.24390458773596055,0.7895142574933507
2011-10-01,17237,1.1477151329982906,1.3454778599013286,1.1546033687689152,0.8261812171005651
2011-11-01,17237,0.27370235181819813,-0.7125325851771603,0.8253894133119121,0.8125620396941525
2011-12-01,17237,-0.021936847235358308,-0.6078690170579305,0.8278308119105525,0.21135721153538314
2012-01-01,17237,1.4314067346806603,1.560846399039042,1.6468387931122928,1.5510336295808025
2012-02-01,17237,1.7303540097251937,1.6566941274462799,1.4567002243152771,1.84222248997807
2012-03-01,17237,1.7109247834008086,1.4359667552146793,1.2043378671960592,1.616494099492147
2012-04-01,17237,0.13323523306247723,1.1131287677543122,1.2583825160056135,1.419132639476052
2012-05-01,17237,-0.250302616807706,1.4186023280747442,1.2869281385818834,1.0980458470561032
2012-06-01,17237,-0.2226896066399427,1.5089303406995702,1.2789231664010567,1.0158518918732293
2012-07-01,17237,-0.5374675411578422,-0.3163920684352082,0.8297781811381945,1.023272397338886
2012-08-01,17237,-1.3685031972247486,-0.872189494887595,1.17848551779656,1.1156428303396841
2012-09-01,17237,-1.220049789300329,-0.8387607147912979,1.3513356205856262,1.1264636198228557
2012-10-01,17237,-1.060633315569152,-1.1248689823589395,-0.6859493099545106,0.5701087005120066
2012-11-01,17237,-1.246144131220661,-1.8815607310762958,-1.2642145607616238,0.8503811613953332
2012-12-01,17237,0.7692227733743646,0.2560776028899604,0.08124424829846154,1.4296834070728601
2013-01-01,17237,1.0630380373147674,0.6712985089439236,0.4114581486964701,0.3292211257284168
2013-02-01,17237,1.2342034228312897,0.8443165708900041,0.5212323907955222,0.3237248254730788
2013-03-01,17237,0.5375915796111017,0.7570531830331586,0.5091944340169609,0.3864898180024423
2013-04-01,17237,0.3194123199052976,0.8706549813793155,0.5888048756850718,0.4495593207228365
2013-05-01,17237,-0.9001301933963892,0.6706836313569362,0.3939986248602198,0.14207529828206628
2013-06-01,17237,-0.6901318617907639,-0.016488382725554064,0.3355845015494047,0.0869742901872204
2013-07-01,17237,-1.2946260363548827,-0.47874681197430785,0.37734974150830475,0.12919820606801777
2013-08-01,17237,-1.2027351367460333,-1.2914468920755682,0.33669059753190084,0.03930685402182798
2013-09-01,17237,-1.3638748337554756,-1.247183048249076,-0.34660835490286585,0.08062851853175194
2013-10-01,17237,-0.0721456409752172,-1.0365137515969984,-0.501975834993233,0.3352832087273044
2013-11-01,17237,0.8143878873944744,-0.04853244821854111,-0.7844312233722732,0.5356086516447695
2013-12-01,17237,-0.2738201150788377,-0.7014792157632407,-1.0831586449501962,-0.39447235791672547
2014-01-01,17237,-0.946750299584632,-0.8706942038039726,-1.4590548548144389,-0.9488017860991728
2014-02-01,17237,-1.7439757326983658,-1.2677352895501295,-1.589465736915944,-1.768126496242241
2014-03-01,17237,-1.513155508717057,-1.2792508037035446,-1.4593562694745907,-1.7399800170063977
2014-04-01,17237,-1.5747343225962562,-1.4537056930321963,-1.40604270058612,-2.1190095800557103
2014-05-01,17237,-0.19956057686840803,-1.3777879230984384,-1.124661442579697,-1.469160330844955
2014-06-01,17237,1.263359518972071,-0.39576364601979697,-0.4368050441097856,-0.6676939558298476
2014-07-01,17237,1.5274157316391077,-0.1755263300487373,-0.7294175295582483,-0.6968877226819733
2014-08-01,17237,1.4250321833755715,0.6804441074936353,-0.9536422229974862,-0.6603062388119187
2014-09-01,17237,0.7963014809545834,1.5136331227957391,-0.25829535668521025,-0.3124044105934199
2014-10-01,17237,1.6446352465720233,1.8251064218781479,0.5637421569961499,-0.24144528092543752
2014-11-01,17237,1.071658199002059,1.6372537149409512,1.0745722270701785,-0.6252721275371015
2014-12-01,17237,0.9850703132772171,1.1257505228796556,1.4961867775310271,0.2556009894468542
2015-01-01,17237,1.4397971460996972,1.7070908080452534,1.878306835198463,1.2944259306176145
2015-02-01,17237,1.6510598531748015,1.784051287521113,2.089006131428131,1.868973635542276
2015-03-01,17237,1.9184421943815329,1.841119731040626,1.8806389054372739,2.044962950852471
2015-04-01,17237,1.728243728338446,1.8814715847509784,1.993138043790962,2.015350720056927
2015-05-01,17237,1.7098484197627504,2.0083722243574558,1.870115735289799,1.9817986497534046
2015-06-01,17237,1.14755330003472,2.2292776931573055,2.1539557056955108,2.246424964334594
2015-07-01,17237,1.2393265319862294,2.0265719087190908,2.181967893852623,2.2438707160246816
2015-08-01,17237,1.2567029499817883,2.039209916716734,2.339794319437826,2.2808825818245895
2015-09-01,17237,0.1321546342825605,1.1191456810985296,2.3538667886445857,2.2308043166315374
2015-10-01,17237,-0.04590100363706302,0.9895925123419296,1.908467069015963,2.134264982653719
2015-11-01,17237,-1.1634165484641636,0.25650853941640894,1.4463131173541062,2.0965347189215313
2015-12-01,17237,-1.8963378526752757,-1.7295456632704445,-0.6049165266666165,1.399238728386589
2016-01-01,17237,-1.4740210414927148,-1.3090384833985955,-0.4331681477585588,0.6945426893652821
2016-02-01,17237,-1.5647412336144715,-1.7786257178580094,-1.3090009066892327,-0.15543216894586828
2016-03-01,17237,-0.47114176433144067,-1.6599165368673698,-1.4995123324500534,-0.7453242489782678
2016-04-01,17237,-1.5900980754227911,-1.7274133002796748,-1.6754496556121312,-1.274829479137427
2016-05-01,17237,-0.14139548689903117,-1.2392198648780934,-1.5627322822397747,-1.1561099809380297
2016-06-01,17237,-0.8538912212886288,-0.9139376643172271,-1.6657400895529437,-1.5652879738908703
2016-07-01,17237,0.0035236542546355242,-1.3298473787513332,-1.610230965672335,-1.565332354864394
2016-08-01,17237,-0.5908478399609749,-0.553031790373545,-1.3908453808568937,-1.5600419106966488
2016-09-01,17237,1.5671189574810291,0.12379936609188298,-0.43437930202425934,-1.2610460763083715
2016-10-01,17237,0.8034146962067279,0.41647157126303075,-0.9858959865650492,-1.4402101205299584
2016-11-01,17237,0.7591577284478144,0.15516972322499073,-0.1778882139954107,-1.2090103625445203
2016-12-01,17237,-1.023653046644202,-0.08029507086682346,-0.5935106508010604,-0.8111177069311024
2017-01-01,17237,0.7906148449762419,0.924123205926714,0.8105787388379014,-0.12365282854006991
2017-02-01,17237,-0.14982599922193576,0.09368143194957845,-0.14681323099669993,-0.22949331080184876
2017-03-01,17237,-0.02176276543483175,-0.5785227980079913,-0.06644450574100555,-0.42147419885067505
2017-04-01,17237,-1.3126404341246056,-0.17948091300394273,0.05299547378731891,0.07831174865882641
2017-05-01,17237,0.08258307344901174,-0.15868343114092787,0.1222139346994287,-0.030416327035467608
2017-06-01,17237,0.2811615169582,-0.046735836953183243,-0.501858642750338,-0.09683403958270426
2017-07-01,17237,-0.2356996612926118,-1.2408922679329755,-0.36193712401515865,-0.1316691756364256
2017-08-01,17237,-0.27750688970722714,-0.25226267748564574,-0.35485039187893075,-0.09765446130494346
2017-09-01,17237,-0.8506879574538943,-0.24576099849538446,-0.29311062541861455,-0.6877316588528775
2017-10-01,17237,0.9186594060121974,0.3348689015486457,-0.8488263699540257,-0.13127565214896308
2017-11-01,17237,0.43369426872949707,-0.015938969542018382,-0.12941620450843172,-0.28167992723386515
2017-12-01,17237,-0.2738201150788377,-0.568846575770254,-0.25966099647424856,-0.3496765376883925
2018-01-01,17237,-1.0483493671415023,-0.5398195845863286,-0.6437553717562451,-1.2902141856418896
2018-02-01,17237,-1.1546694249311602,-0.9368662933706328,-1.0912015870713883,-0.9497693459126788
2018-03-01,17237,-0.6284424449622409,-0.6073367025840615,-0.7806532887295793,-0.6279387293210265
2018-04-01,17237,-1.296804621500896,-1.3714566732399005,-1.0618417469936774,-1.2637917662802332
2018-05-01,17237,-0.6596109591887453,-1.1648795881844496,-1.0357734520243667,-1.1846543829978473
2018-06-01,17237,1.2954486987472342,0.22584930556655572,0.08045892067745834,-0.11544320206373913
2018-07-01,17237,1.9599832979060392,0.6708269953749465,-0.2561596513924131,0.0006329630254670618
2018-08-01,17237,2.048293726254915,1.2825098473911047,-0.20623383308335802,-0.0747694636448544
2018-09-01,17237,-0.514808499739076,1.1177576855782012,0.04303995446453781,-0.06302382861624013
2018-10-01,17237,-0.4307392626806359,1.6240555411784063,0.45585789277640676,-0.3690847826656573
2018-11-01,17237,-0.49325163656805854,1.6594262139291787,0.8301977150045224,-0.38932217763224936
2018-12-01,17237,-0.6872800963231256,-0.8283437194826614,0.45736562728920216,-0.25820028435551606
2019-01-01,17237,-0.5680067600705083,-0.6769377945429711,0.7836043472724803,0.0011132246747971794
2019-02-01,17237,-1.061036599769129,-1.1805079184513627,0.08207228745382707,-0.24721958817345294
2019-03-01,17237,-1.3354088532485813,-1.4107814925331443,-1.4259083078603263,-0.549952665740508
2019-04-01,17237,-1.8622446857326,-1.3974870506658799,-1.4308763077536635,-0.24311216464389904
2019-05-01,17237,-1.8805933233436467,-1.5561125398804607,-1.7932011640979664,-0.6566015739495804
2019-06-01,17237,-0.895460970077019,-1.4781746997955831,-1.5241728557816634,-1.5289595969908072
2019-07-01,17237,-0.6737656160312125,-1.772977049695721,-1.4970806701276025,-1.5202820451861858
2019-08-01,17237,-0.05634755920453854,-1.6082312963566745,-1.5794870378565504,-1.6370616185217761
2019-09-01,17237,-0.17539878233879938,-1.0242042228284858,-1.5112140951764363,-1.5493613487633395
2019-10-01,17237,-1.060633315569152,-1.2318360664351151,-1.9527327310348888,-1.6716726558895654
2019-11-01,17237,-1.9420993542772695,-1.5170166019378186,-1.9378274999266867,-1.882492269043952
2019-12-01,17237,-0.9099382047562038,-0.92114928450042,-1.4512823276419788,-1.6345599353647369
2020-01-01,17237,-0.9380568943595969,-1.2249752414234958,-1.571139987479904,-2.2509489482243437
2020-02-01,17237,-0.4751768345521393,-1.019434962839023,-1.1131049502760757,-1.7606607356770536
2020-03-01,17237,-0.8891364535065647,-1.212909183170149,-1.1883859428813026,-1.5560507827450332
2020-04-01,17237,-0.2635525218845829,-0.8020014959160173,-1.001182886185699,-1.347401451560356
2020-05-01,17237,0.26511898146756224,-0.31622825401535637,-0.696802196594481,-0.7715430407662482
2020-06-01,17237,0.4151167184745016,-0.6053344471460279,-0.905221022380902,-0.9326660765846294
2020-07-01,17237,-0.035056575444967056,-0.38653825519311835,-0.8470925640622019,-1.010920084484161
2020-08-01,17237,-1.0969857369373277,-0.38000976209149223,-0.6451668508205014,-0.9753116139108924
2020-09-01,17237,-0.25806528772865883,0.10618525582531795,-0.7252519427560071,-0.9843950613425517
2020-10-01,17237,0.2662513077124938,0.07391988256555095,-0.2935340969582001,-0.7909247568779332
2020-11-01,17237,-0.27321020117321376,-1.0682572011697986,-0.571814665153105,-0.7600875446493732
2020-12-01,17237,-1.434033519960539,-1.4117029572805466,-1.0143053825986348,-1.23961433808523
2021-01-01,17237,-1.2434618306269651,-0.9920873774627837,-1.0023772322942444,-0.9704144007662002
2021-02-01,17237,-1.3887856434347203,-1.396050454621172,-1.6897695025009254,-1.394123956876382
2021-03-01,17237,-0.5319938988863055,-1.3103344139871975,-1.2893977884572998,-1.042761257491656
2021-04-01,17237,-1.3252904531698058,-1.4868505590439334,-1.3591648045113276,-1.574833693860373
2021-05-01,17237,-1.371181059946563,-1.5713874808542458,-1.7536502442355124,-2.15442114890332
2021-06-01,17237,-2.136069366904394,-1.410507034826368,-1.8054481340480664,-1.7418372371336364
2021-07-01,17237,-1.9932234973750642,-1.8302333862732982,-1.802244271293484,-1.7062855772695513
2021-08-01,17237,-1.3798827251766852,-1.6433948355317183,-1.7635330868283603,-1.7841803170809885
2021-09-01,17237,-2.2839965556281663,-2.3074539677446055,-1.7156944131663732,-2.023152178888754
2021-10-01,17237,-1.141308841181389,-2.252284817609225,-2.0222034219147327,-1.968833970251306
2021-11-01,17237,-1.2294609600923412,-1.8762926888083657,-1.8230064281361522,-1.9665736815394759
2021-12-01,17237,0.44756880398005044,-0.2889640562611725,-1.5626580220104094,-1.3065216966197037
2022-01-01,17237,0.2210416226034815,-0.21273628284194723,-1.015216376749266,-1.5640319538075487
2022-02-01,17237,0.6674562776249204,0.23360975675367535,-0.15259066996245066,-0.7599381883192435
2022-03-01,17237,0.47465004552788903,0.5803961139803302,0.19682808468971727,-0.5915113367064996
2022-04-01,17237,0.5064300138272397,0.3441621075571438,0.062364006829843624,-0.46956233869288594
2022-05-01,17237,-0.49557908865545974,0.267356564352435,0.013984127191479609,-0.2699049155208263
2022-06-01,17237,-0.12633456753170788,0.17241053192985606,0.34443472798356184,-0.022510221550273025
2022-07-01,17237,0.12072367943013758,0.31868966663882536,0.2404712745480443,-0.016144880087720477
2022-08-01,17237,0.8955871333241735,-0.05866511894585083,0.40415492609692355,0.10517037131976813
2022-09-01,17237,-1.1730308696307388,-0.740856978528722,-0.12613962134446638,0.11457387772421787
2022-10-01,17237,-1.3869784864460073,-0.7761566999493235,-0.21410315794382972,-0.10113859890652335
2022-11-01,17237,-1.122686432746744,-0.18158026645201666,-0.6094515596380032,0.07566775441000749
2022-12-01,17237,-0.9766363654082435,-1.2400710962088577,-1.2645052257539864,-0.5380736935969471
2023-01-01,17237,-0.16526590006487604,-0.6658770022319889,-0.5917947705350604,-0.23853699593804387
2023-02-01,17237,-0.6200197776723567,-0.9657513851518618,-0.7110763891798665,-0.8706677864757676
2023-03-01,17237,-0.2798520179869486,-0.7658837492132605,-0.9775775165790773,-1.0169710760751294
2023-04-01,17237,-0.24394308959968794,-0.32246538270179875,-0.6294282205485179,-0.6020824888581658
2023-05-01,17237,1.8981643251479459,0.5851743577267502,0.33443982672590006,0.5232512819320353
2023-06-01,17237,2.215173407451555,1.4686580811761818,0.9109145558502397,0.6861880886956256
2023-07-01,17237,2.2160945229456432,1.7101866762166225,1.0154464527173723,0.6657334628462778
2023-08-01,17237,1.3573148692689192,2.276456521592105,0.9364731833573349,0.623472069524908
2023-09-01,17237,-0.6271300915965727,2.479051553943375,1.3827102471841184,0.790877383299126
2023-10-01,17237,-1.3276807988642783,1.7300776987015305,1.2617450130058496,0.7043201650761556
2023-11-01,17237,-0.3959872259194494,0.7633147686249816,1.9094310254087647,0.7636131685187924
2023-12-01,17237,-1.3292467858839219,-1.4129539398461577,1.2434763641217244,0.637666742135723
2024-01-01,17237,-0.9786481710008482,-1.3584200352777795,0.6731362879102517,0.38780363526271083
2024-02-01,17237,-1.207100953075563,-1.2775012467922129,-0.7374637575264897,0.4874985267905804
2024-03-01,17237,-0.6771822472356134,-1.3481848371328393,-1.3934293132473998,0.5170573250499967
2024-04-01,17237,-1.0951476485391287,-1.2362734034895368,-1.4735777816577982,0.04167833858704351
2024-05-01,17237,-0.8801164485792028,-1.2804281029231601,-1.4301535659940732,-0.9511089258601998
2024-06-01,17237,-1.7492544298293164,-1.3780713715060107,-1.72914249310535,-1.7200198617088853
2024-07-01,17237,-0.15895885898283743,-1.0552685814780078,-1.2470427090557776,-1.4391894547753163
2024-08-01,17237,-0.4708953883161824,-1.0633631326103465,-1.4085519311650918,-1.4485045832563594
2024-09-01,17237,0.4037552767251735,-1.363481576398224,-1.3090596646576134,-1.6462445066811955
2024-10-01,17237,-1.9693797832399744,-1.4350757980529947,-1.5988737245290507,-1.6043933371276533
2024-11-01,17237,-1.8917304653353972,-1.7713445124919456,-1.5484407447232669,-1.7252647521727495
2024-12-01,17237,-0.6166055315859658,-0.44597904869964144,-1.494490725141688,-1.3496610322433042
2025-01-01,17237,-0.6247494740746159,-1.3016267184281238,-1.396854656986136,-1.6946607041562476
2025-02-01,17237,-1.1204359971862912,-1.5612501830973797,-1.7235218379341188,-1.8718230221781456
2025-03-01,17237,-2.1321899408449476,-1.974054129868747,-1.6891305534558374,-2.4052884720521712
2025-04-01,17237,-0.5502046904061382,-0.7650757712889892,-1.1858912580779826,-1.3940648184876563
2025-05-01,17237,0.6027205605046878,-0.6139595632387084,-1.0021956959579021,-1.1929545228222573
2025-06-01,17237,1.0248448108504247,-0.985372084854009,-1.0811813960976229,-0.992425255994619
2025-07-01,17237,-0.2512606441147515,-0.7069652281595286,-0.8771465957547988,-1.2234723553785098
2025-08-01,17237,0.06604638802524301,0.35615391736183294,-0.7128362847664336,-1.0302319460373655
2025-09-01,17237,0.2948060873020375,1.0260928162550835,-0.967459732571536,-1.055600662597661
2025-10-01,17237,0.7451867947905148,0.21337705204896962,-0.40280067263201313,-0.7017101933241725
2025-11-01,17237,-0.4627345949976056,-0.5259729744242625,-0.03093997604179147,-0.86608264934086
2025-12-01,17237,-0.5860657158501227,-0.46429608855950844,0.451999399926447,-1.0499863596850443
