station_id,country,region,Name,Name2,lat,lon,elevation,year,Tem1,Tem2,Tem3,Tem4,Tem5,Tem6,Tem7,Tem8,Tem9,Tem10,Tem11,Tem12,Os1,Os2,Os3,Os4,Os5,Os6,Os7,Os8,Os9,Os10,Os11,Os12
17150,TR,BAL,LTBF,Balikesir,39.6167,27.9167,101,1937,,,,,,,,,,,,,56,68,13,59,15.0,0.8,16.0,34.0,10.0,91.0,122.0,99.0
17150,TR,BAL,LTBF,Balikesir,39.6167,27.9167,101,1938,,,,,,,,,,,,,62,67,38,45,68.0,5.0,7.0,0.0,43.0,59.0,22.0,96.0
17150,TR,BAL,LTBF,Balikesir,39.6167,27.9167,101,1939,,,,,,,,,,,,,66,17,132,1,27.0,54.0,5.0,11.0,31.0,40.0,120.0,208.0
17150,TR,BAL,LTBF,Balikesir,39.6167,27.9167,101,1940,,,,,,,,,,,,,71,65,72,166,39.0,100.0,33.0,,8.0,55.0,62.0,238.0
17150,TR,BAL,LTBF,Balikesir,39.6167,27.9167,101,1941,,,,,,,,,,,,,120,128,17,44,40.0,16.0,4.0,,9.0,83.0,28.0,68.0
17150,TR,BAL,LTBF,Balikesir,39.6167,27.9167,101,1942,,,,,,,,,,,,,157,95,30,30,46.0,6.0,23.0,19.0,18.0,60.0,136.0,36.0
17150,TR,BAL,LTBF,Balikesir,39.6167,27.9167,101,1943,,,,,,,,,,,,,156,20,11,73,102.0,19.0,0.6,,43.0,15.0,89.0,98.0
17150,TR,BAL,LTBF,Balikesir,39.6167,27.9167,101,1944,,,,,,,,,,,,,60,215,204,24,50.0,6.0,14.0,15.0,18.0,107.0,69.0,26.0
17150,TR,BAL,LTBF,Balikesir,39.6167,27.9167,101,1945,,,,,,,,,,,,,216,34,40,52,2.0,0.0,0.2,,1.0,32.0,37.0,131.0
17150,TR,BAL,LTBF,Balikesir,39.6167,27.9167,101,1946,,,,,,,,,,,,,37,102,89,16,30.0,6.0,0.3,,1.0,58.0,93.0,104.0
17150,TR,BAL,LTBF,Balikesir,39.6167,27.9167,101,1947,,,,,,,,,,,,,80,73,50,13,6.0,6.0,5.0,42.0,5.0,80.0,82.0,148.0
17150,TR,BAL,LTBF,Balikesir,39.6167,27.9167,101,1948,,,,,,,,,,,,,88,107,56,51,54.0,63.0,,,0.0,17.0,9.0,14.0
17150,TR,BAL,LTBF,Balikesir,39.6167,27.9167,101,1949,,,,,,,,,,,,,39,14,118,59,26.0,48.0,49.0,10.0,28.0,,47.0,82.0
17150,TR,BAL,LTBF,Balikesir,39.6167,27.9167,101,1950,1.4,5.0,7.8,15.6,17.2,22.1,24.9,23.7,22.1,13.5,9.0,8.7,112,39,35,36,65.0,13.0,2.0,8.0,21.0,21.0,65.0,107.0
17150,TR,BAL,LTBF,Balikesir,39.6167,27.9167,101,1951,6.7,8.1,10.5,13.7,19.0,21.2,24.3,25.3,21.8,13.5,11.8,5.1,69,80,70,23,69.0,3.0,28.0,4.0,5.0,55.0,45.0,62.0
17150,TR,BAL,LTBF,Balikesir,39.6167,27.9167,101,1952,7.0,7.0,8.4,13.4,16.3,20.4,23.1,26.2,24.6,17.4,13.3,11.7,126,194,27,5,55.0,15.0,,,11.0,111.0,138.0,39.0
17150,TR,BAL,LTBF,Balikesir,39.6167,27.9167,101,1953,7.4,6.9,4.6,12.9,16.6,22.0,24.8,24.7,19.9,15.5,7.5,2.8,107,114,43,29,52.0,78.0,,,17.0,58.0,21.0,43.0
17150,TR,BAL,LTBF,Balikesir,39.6167,27.9167,101,1954,1.4,2.9,9.1,10.7,17.8,24.1,26.0,26.0,21.9,17.2,11.3,7.2,90,88,45,57,42.0,4.0,11.0,0.3,12.0,10.0,72.0,103.0
17150,TR,BAL,LTBF,Balikesir,39.6167,27.9167,101,1955,8.7,11.2,9.5,10.6,17.9,21.6,24.8,23.7,21.6,18.3,10.6,8.0,77,82,47,80,1.0,6.0,9.0,6.0,0.5,53.0,293.0,49.0
17150,TR,BAL,LTBF,Balikesir,39.6167,27.9167,101,1956,6.6,4.8,5.2,13.2,17.1,21.3,24.4,25.5,20.4,14.5,10.0,5.1,63,102,78,32,26.0,17.0,13.0,7.0,0.7,10.0,61.0,42.0
17150,TR,BAL,LTBF,Balikesir,39.6167,27.9167,101,1957,4.1,7.9,7.5,12.2,16.4,22.3,24.1,25.6,22.2,17.8,11.1,6.4,47,29,24,21,42.0,30.0,0.3,,18.0,7.0,83.0,59.0
17150,TR,BAL,LTBF,Balikesir,39.6167,27.9167,101,1958,5.7,9.4,9.1,12.8,19.2,21.8,24.5,24.4,19.5,14.8,11.1,8.9,89,18,124,61,23.0,15.0,0.4,6.0,30.0,68.0,45.0,103.0
17150,TR,BAL,LTBF,Balikesir,39.6167,27.9167,101,1959,5.8,3.0,7.5,12.9,16.7,20.8,24.5,24.6,18.4,13.1,10.0,9.4,143,11,44,28,29.0,42.0,45.0,0.0,4.0,37.0,55.0,121.0
17150,TR,BAL,LTBF,Balikesir,39.6167,27.9167,101,1960,6.9,6.8,8.0,11.8,17.3,20.6,23.5,24.4,20.1,18.7,13.1,11.1,122,93,45,37,84.0,74.0,4.0,0.0,26.0,24.0,63.0,144.0
17150,TR,BAL,LTBF,Balikesir,39.6167,27.9167,101,1961,5.1,5.2,8.6,14.6,17.7,21.9,23.5,24.5,18.9,15.7,13.6,8.3,62,64,15,53,29.0,45.0,3.0,5.0,8.0,23.0,54.0,60.0
17150,TR,BAL,LTBF,Balikesir,39.6167,27.9167,101,1962,6.5,5.1,10.7,12.1,18.2,21.1,23.8,25.6,21.4,17.0,15.3,8.4,62,95,103,42,22.0,13.0,4.0,,7.0,59.0,112.0,294.0
17150,TR,BAL,LTBF,Balikesir,39.6167,27.9167,101,1963,5.6,8.7,7.0,10.9,16.7,21.7,25.1,25.7,22.4,16.5,11.4,7.8,187,78,47,48,30.0,31.0,10.0,,7.0,66.0,49.0,177.0
17150,TR,BAL,LTBF,Balikesir,39.6167,27.9167,101,1964,0.3,4.5,8.1,12.6,15.9,22.0,23.6,22.7,19.1,16.5,10.0,8.1,16,73,116,8,45.0,2.0,0.0,10.0,65.0,0.0,74.0,153.0
17150,TR,BAL,LTBF,Balikesir,39.6167,27.9167,101,1965,5.3,2.9,8.3,11.5,16.7,22.4,24.4,22.4,21.2,13.6,11.4,9.0,43,200,33,148,48.0,3.0,0.0,13.0,0.0,16.0,111.0,89.0
17150,TR,BAL,LTBF,Balikesir,39.6167,27.9167,101,1966,6.5,9.6,8.6,13.9,16.6,20.4,24.9,25.2,20.0,18.8,13.7,8.2,137,13,139,120,55.0,24.0,0.0,20.0,36.0,12.0,53.0,115.0
17150,TR,BAL,LTBF,Balikesir,39.6167,27.9167,101,1967,3.3,3.2,8.1,13.1,17.4,20.3,24.3,24.6,20.7,16.2,10.9,7.8,161,21,46,69,18.0,48.0,0.0,0.3,59.0,66.0,16.0,97.0
17150,TR,BAL,LTBF,Balikesir,39.6167,27.9167,101,1968,3.8,6.3,7.4,13.9,20.4,21.7,24.3,22.7,19.9,14.3,10.7,7.9,264,63,56,17,60.0,24.0,,49.0,67.0,14.0,43.0,59.0
17150,TR,BAL,LTBF,Balikesir,39.6167,27.9167,101,1969,3.6,8.2,7.6,10.9,19.5,23.3,22.0,24.1,22.0,15.7,12.5,9.5,120,70,56,46,10.0,64.0,53.0,4.0,0.9,2.0,5.0,150.0
17150,TR,BAL,LTBF,Balikesir,39.6167,27.9167,101,1970,7.7,9.5,10.2,15.5,16.8,21.9,24.7,24.3,20.0,14.4,10.8,6.4,72,156,59,56,44.0,10.0,6.0,4.0,19.0,35.0,72.0,65.0
17150,TR,BAL,LTBF,Balikesir,39.6167,27.9167,101,1971,8.6,6.1,8.8,12.0,18.5,21.7,23.0,24.3,20.5,13.7,10.8,5.2,76,70,93,20,30.0,13.0,11.0,3.0,16.0,20.0,94.0,99.0
17150,TR,BAL,LTBF,Balikesir,39.6167,27.9167,101,1972,2.8,5.2,8.6,15.9,17.6,22.5,24.8,24.0,21.3,14.5,10.7,4.6,35,27,22,76,66.0,29.0,11.0,52.0,52.0,88.0,36.0,0.2
17150,TR,BAL,LTBF,Balikesir,39.6167,27.9167,101,1973,4.0,8.2,7.0,12.2,18.0,20.4,24.8,22.6,21.1,16.3,8.2,6.9,29,123,49,100,16.0,34.0,7.0,27.0,16.0,66.0,132.0,111.0
17150,TR,BAL,LTBF,Balikesir,39.6167,27.9167,101,1974,1.5,6.0,8.2,11.3,16.9,21.8,23.7,23.5,20.6,18.9,10.5,5.2,36,66,53,52,86.0,5.0,8.0,5.0,18.0,4.0,88.0,81.0
17150,TR,BAL,LTBF,Balikesir,39.6167,27.9167,101,1975,3.6,4.0,10.4,14.3,17.4,21.8,24.7,23.7,21.0,15.7,9.4,3.2,119,37,65,60,79.0,25.0,0.0,0.0,11.0,15.0,88.0,29.0
17150,TR,BAL,LTBF,Balikesir,39.6167,27.9167,101,1976,3.4,2.8,6.8,12.6,16.3,20.3,23.5,20.8,19.1,15.9,11.2,5.6,42,35,12,193,41.0,18.0,7.0,62.0,5.0,98.0,19.0,71.0
17150,TR,BAL,LTBF,Balikesir,39.6167,27.9167,101,1977,5.2,9.2,8.4,12.1,17.5,22.1,24.0,25.0,19.9,12.8,12.0,5.5,40,23,45,41,5.0,2.0,4.0,0.0,155.0,16.0,111.0,84.0
17150,TR,BAL,LTBF,Balikesir,39.6167,27.9167,101,1978,4.6,8.4,9.7,12.4,17.7,22.0,23.7,22.0,18.4,15.1,8.6,7.6,201,135,330,71,59.0,0.3,0.0,50.0,120.0,56.0,73.0,15.0
17150,TR,BAL,LTBF,Balikesir,39.6167,27.9167,101,1979,6.2,7.7,10.4,12.2,17.1,22.7,23.6,24.1,20.4,15.8,10.7,7.0,110,57,26,55,42.0,20.0,4.0,9.0,9.0,28.0,110.0,74.0
17150,TR,BAL,LTBF,Balikesir,39.6167,27.9167,101,1980,3.3,5.1,7.1,11.7,16.7,21.0,23.7,23.8,18.5,17.2,11.9,6.8,148,27,308,65,59.0,73.0,28.0,0.0,7.0,9.0,126.0,111.0
17150,TR,BAL,LTBF,Balikesir,39.6167,27.9167,101,1981,4.3,5.1,10.0,12.6,15.5,22.6,23.1,23.4,20.5,18.3,8.3,10.5,146,28,51,5,75.0,0.0,11.0,28.0,16.0,32.0,98.0,300.0
17150,TR,BAL,LTBF,Balikesir,39.6167,27.9167,101,1982,5.5,3.3,6.6,12.7,16.0,21.5,22.0,22.8,21.7,15.7,8.7,7.9,49,30,26,77,66.0,2.0,25.0,0.0,0.0,39.0,3.0,104.0
17150,TR,BAL,LTBF,Balikesir,39.6167,27.9167,101,1983,3.3,4.2,8.6,14.2,18.2,21.0,24.7,22.6,20.1,14.3,9.8,7.1,48,50,13,45,30.0,11.0,52.0,0.0,0.0,38.0,108.0,58.0
17150,TR,BAL,LTBF,Balikesir,39.6167,27.9167,101,1984,6.4,7.0,7.8,10.6,19.0,21.0,23.0,22.0,21.4,17.0,10.7,4.7,76,70,63,103,10.0,5.0,27.0,5.0,0.0,22.0,71.0,13.0
17150,TR,BAL,LTBF,Balikesir,39.6167,27.9167,101,1985,7.9,1.6,7.4,14.6,19.4,21.7,22.9,24.1,19.5,13.1,11.5,7.3,125,38,52,8,48.0,5.0,0.0,0.0,0.0,9.0,107.0,40.0
17150,TR,BAL,LTBF,Balikesir,39.6167,27.9167,101,1986,7.7,7.5,7.8,14.3,15.7,22.6,24.1,25.6,21.7,14.7,7.4,4.8,119,105,17,21,11.0,19.0,0.0,0.0,0.0,21.0,25.0,86.0
17150,TR,BAL,LTBF,Balikesir,39.6167,27.9167,101,1987,6.4,6.7,4.1,10.8,16.6,21.6,24.8,23.1,21.2,14.2,9.6,5.7,165,44,31,24,39.0,17.0,3.0,0.0,0.0,31.0,114.0,136.0
17150,TR,BAL,LTBF,Balikesir,39.6167,27.9167,101,1988,5.3,5.0,8.6,12.3,17.0,22.3,25.7,24.5,20.1,14.5,6.8,6.1,18,46,107,41,11.0,23.0,0.0,0.0,5.0,20.0,167.0,112.0
17150,TR,BAL,LTBF,Balikesir,39.6167,27.9167,101,1989,1.7,5.3,9.5,15.9,16.2,20.2,23.4,23.9,20.1,13.9,8.6,5.5,11,4,45,10,32.0,35.0,2.0,0.0,10.0,60.0,65.0,121.0
17150,TR,BAL,LTBF,Balikesir,39.6167,27.9167,101,1990,3.0,6.3,8.5,13.3,16.0,20.7,23.8,23.2,19.1,15.3,11.5,7.2,5,37,31,67,21.0,17.0,0.3,0.0,13.0,31.0,166.0,119.0
17150,TR,BAL,LTBF,Balikesir,39.6167,27.9167,101,1991,4.3,4.2,7.5,11.5,15.8,21.1,23.6,23.9,19.6,15.1,10.1,2.2,18,106,16,69,123.0,0.3,6.0,0.0,8.0,23.0,26.0,27.0
17150,TR,BAL,LTBF,Balikesir,39.6167,27.9167,101,1992,1.8,1.7,7.2,12.2,14.9,21.5,22.6,25.1,19.5,17.7,8.0,3.5,3,26,64,46,18.0,38.0,26.0,0.0,0.0,40.0,73.0,65.0
17150,TR,BAL,LTBF,Balikesir,39.6167,27.9167,101,1993,1.7,2.9,7.2,11.5,15.7,21.2,23.2,24.5,20.3,16.7,8.1,7.8,26,73,40,53,60.0,1.0,8.0,15.0,15.0,12.0,65.0,58.0
17150,TR,BAL,LTBF,Balikesir,39.6167,27.9167,101,1994,6.1,5.0,8.1,13.9,17.8,21.1,24.3,24.8,23.5,17.6,7.9,3.7,36,83,26,20,29.0,23.0,137.0,0.0,0.0,50.0,84.0,62.0
17150,TR,BAL,LTBF,Balikesir,39.6167,27.9167,101,1995,6.0,6.9,7.8,11.0,17.2,24.2,24.3,24.0,20.5,13.2,5.9,6.9,114,15,114,65,3.0,9.0,4.0,8.0,18.0,20.0,100.0,62.0
17150,TR,BAL,LTBF,Balikesir,39.6167,27.9167,101,1996,2.9,5.8,5.2,10.0,19.3,21.4,23.8,23.7,19.2,13.1,10.2,9.3,106,74,104,20,12.0,0.0,0.0,9.0,59.0,19.0,12.0,108.0
17150,TR,BAL,LTBF,Balikesir,39.6167,27.9167,101,1997,5.3,4.0,5.7,9.3,17.8,22.3,24.9,22.7,18.4,14.4,10.1,6.7,76,34,76,102,3.0,8.0,3.0,3.0,0.0,111.0,51.0,180.0
17150,TR,BAL,LTBF,Balikesir,39.6167,27.9167,101,1998,3.8,5.6,5.9,14.0,16.6,21.9,25.4,25.2,20.1,15.7,10.8,5.6,49,70,67,22,106.0,0.0,0.0,0.0,16.0,97.0,117.0,78.0
17150,TR,BAL,LTBF,Balikesir,39.6167,27.9167,101,1999,5.3,5.6,8.4,13.1,18.0,23.2,25.8,25.0,20.9,16.7,10.4,8.7,42,158,73,40,1.0,6.0,19.0,0.8,5.0,10.0,69.0,56.0
17150,TR,BAL,LTBF,Balikesir,39.6167,27.9167,101,2000,1.8,4.9,7.0,14.8,17.0,21.3,25.5,24.0,20.7,14.5,10.4,7.2,45,103,85,69,32.0,20.0,0.0,2.0,4.0,52.0,34.0,26.0
17150,TR,BAL,LTBF,Balikesir,39.6167,27.9167,101,2001,6.8,6.6,12.6,13.3,17.2,22.5,26.7,25.7,21.4,16.5,9.7,4.6,22,83,22,76,102.0,27.0,0.0,2.0,29.0,0.0,110.0,136.0
17150,TR,BAL,LTBF,Balikesir,39.6167,27.9167,101,2002,2.3,7.9,9.3,11.9,17.2,23.2,27.1,25.9,20.5,15.2,9.3,4.3,57,45,76,77,42.0,1.0,12.0,3.0,54.0,60.0,79.0,54.0
17150,TR,BAL,LTBF,Balikesir,39.6167,27.9167,101,2003,7.9,2.3,4.5,9.9,18.9,23.4,25.4,25.3,19.6,16.3,8.6,5.6,71,79,31,70,22.0,0.0,0.0,0.0,40.0,54.0,44.0,66.0
17150,TR,BAL,LTBF,Balikesir,39.6167,27.9167,101,2004,4.1,4.8,9.0,12.2,17.1,22.3,25.0,24.1,21.1,17.5,10.4,7.0,138,34,24,49,17.0,22.0,1.0,7.0,0.0,7.0,173.0,34.0
17150,TR,BAL,LTBF,Balikesir,39.6167,27.9167,101,2005,5.5,5.8,8.2,13.2,18.0,21.5,25.7,26.2,21.1,13.9,9.5,7.5,87,90,89,34,34.0,28.0,10.0,1.0,13.0,17.0,99.0,60.0
17150,TR,BAL,LTBF,Balikesir,39.6167,27.9167,101,2006,2.5,4.7,9.0,13.4,17.5,22.2,23.8,26.4,19.6,15.9,7.3,3.4,46,71,71,21,14.0,71.0,3.0,0.0,69.0,47.0,32.0,29.0
17150,TR,BAL,LTBF,Balikesir,39.6167,27.9167,101,2007,5.5,6.5,8.8,11.0,19.5,24.9,26.4,26.7,21.1,16.3,8.8,4.3,29,18,44,15,44.0,7.0,0.0,0.0,0.0,90.0,102.0,120.0
17150,TR,BAL,LTBF,Balikesir,39.6167,27.9167,101,2008,1.3,3.6,11.4,14.1,17.2,23.5,25.0,26.2,20.4,15.9,11.2,6.4,37,13,54,42,5.0,14.0,0.0,4.0,33.0,39.0,53.0,60.0
17150,TR,BAL,LTBF,Balikesir,39.6167,27.9167,101,2009,5.2,7.0,8.3,12.0,17.6,22.8,25.5,24.3,20.0,17.4,9.3,8.9,120,120,121,54,52.0,35.0,2.0,0.0,29.0,31.0,93.0,118.0
17150,TR,BAL,LTBF,Balikesir,39.6167,27.9167,101,2010,6.1,9.3,9.0,13.0,18.5,22.5,25.5,27.5,21.4,14.6,13.3,8.5,165,167,39,37,44.0,96.0,1.0,2.0,58.0,202.0,31.0,155.0
17150,TR,BAL,LTBF,Balikesir,39.6167,27.9167,101,2011,4.2,5.0,7.6,10.3,16.1,21.7,26.1,24.1,21.8,12.9,5.8,5.3,37,34,40,65,36.0,4.0,4.0,0.0,91.0,94.0,1.0,153.0
17150,TR,BAL,LTBF,Balikesir,39.6167,27.9167,101,2012,2.6,2.2,7.1,14.2,17.4,24.1,27.1,25.3,22.3,18.4,12.4,6.8,78,119,40,68,87.0,0.0,0.0,14.0,7.0,26.0,33.0,141.0
17150,TR,BAL,LTBF,Balikesir,39.6167,27.9167,101,2013,6.2,8.0,10.7,13.1,19.7,22.7,24.9,25.8,20.7,13.4,11.0,1.6,132,111,90,43,5.0,17.0,0.0,0.0,12.0,64.0,115.0,22.0
17150,TR,BAL,LTBF,Balikesir,39.6167,27.9167,101,2014,7.3,7.3,9.5,13.6,17.4,21.8,25.5,25.6,20.4,15.8,10.5,8.5,41,10,46,114,40.0,94.0,5.0,25.0,99.0,83.0,38.0,115.0
17150,TR,BAL,LTBF,Balikesir,39.6167,27.9167,101,2015,4.5,6.3,8.8,11.0,18.7,21.1,25.0,26.1,23.1,16.0,11.6,3.0,97,64,62,69,36.0,93.0,0.0,0.0,49.0,108.0,73.0,2.0
17150,TR,BAL,LTBF,Balikesir,39.6167,27.9167,101,2016,3.9,10.2,10.3,15.6,17.5,24.0,26.0,25.8,21.1,15.5,9.6,2.7,178,49,132,12,50.0,18.0,0.0,0.0,3.0,16.0,126.0,42.0
17150,TR,BAL,LTBF,Balikesir,39.6167,27.9167,101,2017,1.9,6.7,9.5,12.3,17.2,22.9,25.3,25.0,21.9,14.3,9.4,8.6,172,52,59,35,40.0,13.0,7.0,11.0,3.0,37.0,50.0,85.0
17150,TR,BAL,LTBF,Balikesir,39.6167,27.9167,101,2018,4.9,8.4,11.8,14.9,19.4,22.9,25.8,26.3,21.4,16.5,11.9,5.0,37,70,101,18,33.0,69.0,46.0,0.5,19.0,10.0,50.0,63.0
17150,TR,BAL,LTBF,Balikesir,39.6167,27.9167,101,2019,5.8,6.4,9.4,12.3,19.0,24.4,24.4,25.4,21.5,17.3,12.6,6.5,106,45,26,76,37.0,15.0,37.0,0.0,3.0,51.0,49.0,55.0
17150,TR,BAL,LTBF,Balikesir,39.6167,27.9167,101,2020,4.4,7.0,9.4,11.6,17.7,21.8,25.2,25.3,23.6,18.2,9.8,9.3,55,68,43,52,61.0,72.0,0.6,0.0,0.0,25.0,29.0,37.0
17150,TR,BAL,LTBF,Balikesir,39.6167,27.9167,101,2021,6.8,6.5,6.8,12.6,18.6,21.4,26.4,26.3,20.6,14.7,12.0,8.2,175,79,94,99,18.0,54.0,0.4,0.0,8.0,48.0,75.0,62.0
17150,TR,BAL,LTBF,Balikesir,39.6167,27.9167,101,2022,3.8,6.1,4.4,13.7,18.1,23.2,24.8,25.7,21.3,16.1,12.3,8.8,40,124,32,52,6.0,30.0,50.0,15.0,10.0,1.0,52.0,67.0
17150,TR,BAL,LTBF,Balikesir,39.6167,27.9167,101,2023,6.8,5.2,9.8,12.3,16.3,21.7,26.2,26.7,22.6,17.4,13.1,9.0,90,20,69,128,107.0,32.0,0.0,0.6,21.0,18.0,166.0,83.0
17150,TR,BAL,LTBF,Balikesir,39.6167,27.9167,101,2024,6.7,8.3,9.9,15.8,16.7,25.8,27.7,26.4,22.5,16.4,9.7,8.0,111,24,80,43,26.0,0.0,15.0,0.0,21.0,4.0,76.0,131.0
17150,TR,BAL,LTBF,Balikesir,39.6167,27.9167,101,2025,6.7,4.6,11.1,11.6,18.0,23.6,27.6,26.0,22.0,14.9,12.0,6.0,75,44,33,51,34.0,0.0,0.0,5.0,10.0,115.0,68.0,22.0
17150,TR,BAL,LTBF,Balikesir,39.6167,27.9167,101,2026,6.9,8.4,8.0,11.9,,,,,,,,,121,179,61,62,,,,,,,,
17115,TR,BAL,LTBG,Bandirma,40.3167,27.9667,51,1950,1.8,5.6,7.3,14.7,16.5,21.7,24.1,23.3,21.6,14.5,10.5,9.8,106.0,57.0,74.0,20.0,27.0,0.7,1.0,13.0,137.0,45.0,61.0,83.0
17115,TR,BAL,LTBG,Bandirma,40.3167,27.9667,51,1951,7.6,8.0,10.2,14.0,18.2,21.1,24.0,24.8,21.4,13.9,12.3,5.7,91.0,69.0,105.0,40.0,35.0,16.0,12.0,48.0,11.0,69.0,95.0,62.0
17115,TR,BAL,LTBG,Bandirma,40.3167,27.9667,51,1952,7.0,6.9,7.9,12.2,15.7,20.1,22.8,25.2,23.2,16.8,13.0,11.0,101.0,95.0,59.0,2.0,16.0,72.0,0.0,,24.0,105.0,111.0,113.0
17115,TR,BAL,LTBG,Bandirma,40.3167,27.9667,51,1953,7.4,7.0,4.5,11.8,15.4,21.1,23.8,24.0,20.2,16.2,8.5,3.7,135.0,127.0,86.0,32.0,59.0,80.0,,0.9,19.0,139.0,13.0,36.0
17115,TR,BAL,LTBG,Bandirma,40.3167,27.9667,51,1954,1.4,2.7,7.8,9.9,17.1,22.9,24.6,24.9,22.6,16.4,11.9,7.6,131.0,73.0,55.0,41.0,47.0,4.0,,0.3,29.0,40.0,68.0,104.0
17115,TR,BAL,LTBG,Bandirma,40.3167,27.9667,51,1955,9.0,11.2,8.9,9.8,16.6,20.4,24.2,23.0,21.3,18.9,11.0,8.5,79.0,106.0,48.0,72.0,2.0,3.0,20.0,36.0,16.0,101.0,359.0,60.0
17115,TR,BAL,LTBG,Bandirma,40.3167,27.9667,51,1956,6.8,4.6,4.6,12.8,16.2,20.6,23.6,24.7,19.8,14.8,10.1,5.9,120.0,142.0,63.0,26.0,28.0,44.0,0.0,0.3,12.0,21.0,95.0,55.0
17115,TR,BAL,LTBG,Bandirma,40.3167,27.9667,51,1957,4.4,7.7,6.7,11.3,15.5,21.3,23.7,25.0,22.7,17.7,11.7,6.6,40.0,32.0,62.0,33.0,73.0,2.0,5.0,0.0,15.0,11.0,71.0,112.0
17115,TR,BAL,LTBG,Bandirma,40.3167,27.9667,51,1958,5.9,9.3,8.2,11.8,18.2,21.3,23.5,23.9,19.0,14.8,11.5,9.2,124.0,35.0,118.0,39.0,27.0,13.0,0.9,2.0,84.0,108.0,25.0,91.0
17115,TR,BAL,LTBG,Bandirma,40.3167,27.9667,51,1959,6.5,3.2,6.6,12.3,15.5,19.9,23.8,24.0,17.8,12.8,10.2,9.5,165.0,46.0,42.0,13.0,45.0,21.0,68.0,0.0,28.0,46.0,105.0,95.0
17115,TR,BAL,LTBG,Bandirma,40.3167,27.9667,51,1960,7.2,6.2,7.4,10.7,16.1,19.8,22.6,23.3,19.6,18.9,13.5,11.7,93.0,83.0,72.0,59.0,56.0,109.0,3.0,3.0,25.0,32.0,50.0,124.0
17115,TR,BAL,LTBG,Bandirma,40.3167,27.9667,51,1961,5.8,5.5,8.6,14.0,17.5,21.4,23.2,24.1,19.5,15.6,13.9,8.7,101.0,87.0,33.0,57.0,65.0,27.0,0.2,7.0,37.0,75.0,43.0,113.0
17115,TR,BAL,LTBG,Bandirma,40.3167,27.9667,51,1962,6.8,5.0,9.9,11.8,17.8,20.1,23.0,24.8,20.8,17.2,15.5,7.9,48.0,90.0,124.0,62.0,4.0,10.0,33.0,,15.0,159.0,101.0,227.0
17115,TR,BAL,LTBG,Bandirma,40.3167,27.9667,51,1963,4.9,7.9,6.8,10.6,15.7,21.4,24.7,25.1,22.6,16.9,12.0,8.1,179.0,89.0,88.0,39.0,22.0,5.0,1.0,,9.0,49.0,26.0,349.0
17115,TR,BAL,LTBG,Bandirma,40.3167,27.9667,51,1964,2.8,4.2,7.1,12.1,14.6,21.6,22.8,22.6,19.3,17.3,11.2,9.1,32.0,105.0,92.0,8.0,40.0,4.0,0.8,23.0,94.0,0.5,65.0,128.0
17115,TR,BAL,LTBG,Bandirma,40.3167,27.9667,51,1965,6.0,3.7,7.5,10.9,15.9,21.4,23.3,21.8,20.7,14.2,11.8,9.5,40.0,212.0,96.0,213.0,44.0,1.0,3.0,6.0,,35.0,150.0,123.0
17115,TR,BAL,LTBG,Bandirma,40.3167,27.9667,51,1966,6.1,10.1,8.6,13.7,16.6,20.3,24.5,25.2,20.1,19.1,14.7,8.0,191.0,6.0,164.0,57.0,16.0,15.0,0.2,32.0,31.0,12.0,103.0,186.0
17115,TR,BAL,LTBG,Bandirma,40.3167,27.9667,51,1967,3.9,3.4,8.0,11.9,17.1,20.4,23.7,24.1,20.7,16.4,10.9,7.5,154.0,40.0,43.0,78.0,20.0,17.0,16.0,31.0,8.0,71.0,24.0,133.0
17115,TR,BAL,LTBG,Bandirma,40.3167,27.9667,51,1968,3.8,6.3,7.7,13.1,18.6,20.8,23.5,22.6,19.8,14.5,12.0,7.6,190.0,39.0,99.0,21.0,10.0,32.0,0.0,50.0,154.0,28.0,123.0,121.0
17115,TR,BAL,LTBG,Bandirma,40.3167,27.9667,51,1969,3.3,7.7,6.2,10.8,17.8,22.0,21.7,23.4,21.8,15.9,12.0,9.3,121.0,85.0,50.0,130.0,22.0,52.0,11.0,,0.5,4.0,28.0,169.0
17115,TR,BAL,LTBG,Bandirma,40.3167,27.9667,51,1970,7.4,8.8,9.5,14.9,16.2,20.8,24.2,24.0,20.0,14.5,11.3,7.1,117.0,170.0,68.0,73.0,25.0,4.0,2.0,2.0,36.0,75.0,108.0,76.0
17115,TR,BAL,LTBG,Bandirma,40.3167,27.9667,51,1971,8.6,6.3,8.0,11.3,17.3,21.2,22.4,23.8,20.4,13.5,10.9,6.1,75.0,67.0,169.0,27.0,18.0,17.0,18.0,10.0,20.0,90.0,110.0,52.0
17115,TR,BAL,LTBG,Bandirma,40.3167,27.9667,51,1972,3.4,4.4,7.3,14.4,16.4,22.0,23.9,23.5,20.3,14.4,10.9,5.9,32.0,36.0,19.0,67.0,38.0,23.0,55.0,90.0,86.0,140.0,85.0,11.0
17115,TR,BAL,LTBG,Bandirma,40.3167,27.9667,51,1973,4.1,7.8,6.7,11.7,17.0,19.6,23.9,22.6,20.5,16.6,8.8,7.4,44.0,88.0,64.0,77.0,7.0,42.0,,32.0,24.0,95.0,52.0,74.0
17115,TR,BAL,LTBG,Bandirma,40.3167,27.9667,51,1974,2.6,6.0,7.0,10.5,16.4,20.6,22.6,22.8,20.6,19.5,11.2,6.4,60.0,70.0,73.0,28.0,122.0,2.0,7.0,0.3,20.0,35.0,85.0,88.0
17115,TR,BAL,LTBG,Bandirma,40.3167,27.9667,51,1975,4.6,4.6,10.2,13.4,16.8,21.0,24.1,23.2,21.2,15.5,10.7,4.7,161.0,112.0,64.0,62.0,55.0,95.0,5.0,25.0,5.0,53.0,85.0,150.0
17115,TR,BAL,LTBG,Bandirma,40.3167,27.9667,51,1976,4.5,3.5,5.8,11.9,15.6,19.7,22.9,21.0,18.9,15.8,12.1,7.2,62.0,43.0,24.0,34.0,20.0,17.0,84.0,36.0,17.0,100.0,77.0,109.0
17115,TR,BAL,LTBG,Bandirma,40.3167,27.9667,51,1977,6.5,9.9,7.7,11.6,16.6,21.1,23.3,24.2,19.4,13.0,13.0,6.1,68.0,50.0,115.0,48.0,11.0,8.0,69.0,0.3,55.0,25.0,100.0,191.0
17115,TR,BAL,LTBG,Bandirma,40.3167,27.9667,51,1978,5.5,8.1,8.9,12.2,17.6,21.3,23.1,22.3,18.4,15.6,10.3,8.2,334.0,129.0,91.0,93.0,33.0,0.1,1.0,0.5,137.0,69.0,76.0,122.0
17115,TR,BAL,LTBG,Bandirma,40.3167,27.9667,51,1979,6.0,7.3,10.3,11.9,16.6,22.4,22.8,23.3,20.2,15.2,11.2,8.0,147.0,60.0,23.0,40.0,20.0,7.0,19.0,118.0,34.0,66.0,111.0,92.0
17115,TR,BAL,LTBG,Bandirma,40.3167,27.9667,51,1980,3.4,4.5,6.7,11.1,16.0,20.2,23.1,23.6,18.6,17.1,12.2,7.8,119.0,68.0,128.0,63.0,54.0,38.0,23.0,1.0,14.0,13.0,115.0,128.0
17115,TR,BAL,LTBG,Bandirma,40.3167,27.9667,51,1981,4.6,5.1,9.8,11.5,14.6,21.5,22.7,22.7,20.0,17.9,8.6,10.9,284.0,122.0,60.0,14.0,78.0,22.0,16.0,0.3,13.0,86.0,113.0,242.0
17115,TR,BAL,LTBG,Bandirma,40.3167,27.9667,51,1982,6.1,3.8,6.5,10.8,15.2,20.1,22.1,22.9,21.8,16.6,10.0,9.7,115.0,26.0,40.0,99.0,75.0,3.0,19.0,6.0,2.0,37.0,33.0,85.0
17115,TR,BAL,LTBG,Bandirma,40.3167,27.9667,51,1983,4.3,6.2,8.8,13.6,17.9,20.1,23.1,22.7,19.8,15.0,10.3,8.6,136.0,94.0,8.0,75.0,22.0,62.0,29.0,4.0,79.0,38.0,92.0,58.0
17115,TR,BAL,LTBG,Bandirma,40.3167,27.9667,51,1984,7.5,6.6,7.6,9.5,17.8,20.5,22.3,22.4,21.4,18.1,12.8,6.7,94.0,51.0,100.0,84.0,16.0,12.0,15.0,13.0,0.2,17.0,65.0,16.0
17115,TR,BAL,LTBG,Bandirma,40.3167,27.9667,51,1985,8.2,1.5,6.6,14.0,18.4,20.7,22.2,23.6,19.3,13.9,12.9,8.9,164.0,73.0,28.0,32.0,13.0,3.0,5.0,1.0,2.0,109.0,157.0,59.0
17115,TR,BAL,LTBG,Bandirma,40.3167,27.9667,51,1986,7.9,7.2,6.9,13.4,15.7,22.0,23.7,24.9,20.8,14.9,8.7,6.1,189.0,136.0,34.0,78.0,10.0,68.0,,0.0,4.0,58.0,57.0,68.0
17115,TR,BAL,LTBG,Bandirma,40.3167,27.9667,51,1987,6.4,7.4,4.3,10.2,14.7,20.1,23.9,21.7,20.1,14.1,10.2,6.6,146.0,37.0,138.0,42.0,36.0,14.0,21.0,7.0,1.0,61.0,132.0,122.0
17115,TR,BAL,LTBG,Bandirma,40.3167,27.9667,51,1988,6.5,5.1,7.5,10.0,15.3,20.6,24.3,23.6,19.2,14.8,7.0,6.4,12.0,57.0,80.0,69.0,4.0,48.0,15.0,8.0,12.0,30.0,363.0,168.0
17115,TR,BAL,LTBG,Bandirma,40.3167,27.9667,51,1989,3.0,5.7,8.6,15.2,15.8,18.9,22.8,23.6,19.8,14.2,8.7,6.5,15.0,13.0,40.0,14.0,72.0,25.0,0.0,3.0,12.0,158.0,126.0,137.0
17115,TR,BAL,LTBG,Bandirma,40.3167,27.9667,51,1990,3.8,6.3,9.0,12.9,15.3,20.4,23.6,23.1,18.7,15.3,13.8,9.0,27.0,24.0,43.0,44.0,51.0,68.0,6.0,0.4,47.0,58.0,87.0,175.0
17115,TR,BAL,LTBG,Bandirma,40.3167,27.9667,51,1991,5.6,5.2,6.7,11.1,15.4,20.4,23.7,24.0,19.9,16.4,11.4,3.5,42.0,45.0,28.0,87.0,104.0,15.0,7.0,0.8,51.0,205.0,77.0,134.0
17115,TR,BAL,LTBG,Bandirma,40.3167,27.9667,51,1992,3.9,2.8,7.5,11.7,14.1,21.0,21.8,24.9,19.7,18.6,10.2,4.9,,,,,,,,,,,,
17115,TR,BAL,LTBG,Bandirma,40.3167,27.9667,51,1993,4.0,3.0,6.9,11.8,15.2,20.5,22.4,23.5,19.3,17.5,9.4,8.9,,,,,,,,,,,,
17115,TR,BAL,LTBG,Bandirma,40.3167,27.9667,51,1994,7.5,5.7,8.7,13.7,16.6,19.8,24.0,24.4,23.3,18.0,9.5,5.6,,,,,,,,,,,,
17115,TR,BAL,LTBG,Bandirma,40.3167,27.9667,51,1995,6.4,7.9,9.0,11.3,16.6,22.8,24.2,23.7,20.3,14.2,7.5,7.5,,,,,,,,,,,,
17115,TR,BAL,LTBG,Bandirma,40.3167,27.9667,51,1996,3.6,5.2,4.9,9.7,18.2,20.5,23.2,23.8,19.3,14.2,11.4,9.4,,,,,,,,,,,,
17115,TR,BAL,LTBG,Bandirma,40.3167,27.9667,51,1997,6.1,4.8,5.5,9.2,16.6,21.2,23.8,22.2,18.3,14.8,11.2,7.6,,,,,,,,,,,,
17115,TR,BAL,LTBG,Bandirma,40.3167,27.9667,51,1998,5.5,6.2,6.8,14.6,16.4,22.0,24.3,25.1,20.2,17.0,12.1,6.6,,,,,,,,,,,,
17115,TR,BAL,LTBG,Bandirma,40.3167,27.9667,51,1999,7.1,6.2,8.9,13.8,17.3,22.6,25.8,25.3,20.9,16.8,11.5,10.1,,,,,,,,,,,,
17115,TR,BAL,LTBG,Bandirma,40.3167,27.9667,51,2000,3.4,6.3,8.2,14.8,16.7,20.9,24.7,24.3,21.2,15.9,13.1,8.8,,,,,,,,,,,,
17115,TR,BAL,LTBG,Bandirma,40.3167,27.9667,51,2001,8.1,7.6,13.1,13.1,16.6,20.9,26.1,25.8,20.8,17.3,10.8,4.8,,,,,,,,,,,,
17115,TR,BAL,LTBG,Bandirma,40.3167,27.9667,51,2002,4.2,9.3,10.1,11.1,16.8,22.4,26.2,24.6,20.3,15.8,11.2,5.8,,,,,,,,,,,,
17115,TR,BAL,LTBG,Bandirma,40.3167,27.9667,51,2003,7.8,2.5,4.7,9.1,17.1,22.3,24.3,25.0,19.6,16.4,10.2,6.8,,,,,,,,,,,,
17115,TR,BAL,LTBG,Bandirma,40.3167,27.9667,51,2004,4.7,5.5,9.1,12.3,15.9,21.0,23.4,23.4,20.6,17.5,11.1,8.3,,,,,,,,,,,,
17115,TR,BAL,LTBG,Bandirma,40.3167,27.9667,51,2005,6.3,6.0,7.3,12.2,16.6,20.2,24.1,25.1,20.8,14.8,10.1,8.3,,,,,,,,,,,,
17115,TR,BAL,LTBG,Bandirma,40.3167,27.9667,51,2006,3.2,4.9,9.0,12.6,17.0,21.5,23.8,25.9,20.4,16.6,9.3,6.4,,,,,,,,,,,,
17115,TR,BAL,LTBG,Bandirma,40.3167,27.9667,51,2007,7.2,6.6,8.7,10.7,18.4,23.7,25.3,25.8,20.2,16.7,10.0,5.8,,,,,,,,,,,,
17115,TR,BAL,LTBG,Bandirma,40.3167,27.9667,51,2008,3.2,5.2,11.5,14.3,16.6,22.6,23.9,25.9,20.9,16.5,12.3,7.6,,,,,,,,,,,,
17115,TR,BAL,LTBG,Bandirma,40.3167,27.9667,51,2009,6.2,7.1,8.3,11.5,17.1,22.1,25.0,24.5,19.8,17.2,11.2,9.6,,,,,,,,,,,,
17115,TR,BAL,LTBG,Bandirma,40.3167,27.9667,51,2010,6.3,8.9,8.9,12.8,17.7,22.1,24.9,27.0,21.3,15.1,15.0,9.7,,,,,,,,,,,,
17115,TR,BAL,LTBG,Bandirma,40.3167,27.9667,51,2011,5.3,5.5,8.0,10.3,15.9,21.5,25.4,24.2,22.4,13.9,8.2,7.6,,,,,,,,,,,,
17115,TR,BAL,LTBG,Bandirma,40.3167,27.9667,51,2012,3.6,3.0,7.2,14.2,17.2,23.2,26.6,25.2,21.9,19.1,13.8,7.2,,,,,,,,,,,,
17115,TR,BAL,LTBG,Bandirma,40.3167,27.9667,51,2013,6.7,7.9,10.2,13.1,19.0,22.0,24.2,26.0,20.2,13.8,12.4,4.6,,,,,,,,,,,,
17115,TR,BAL,LTBG,Bandirma,40.3167,27.9667,51,2014,8.6,8.1,9.4,12.9,17.2,21.5,24.9,25.3,20.8,15.9,11.0,9.0,,,,,,,,,,,,
17115,TR,BAL,LTBG,Bandirma,40.3167,27.9667,51,2015,5.5,6.4,7.9,10.6,17.3,20.6,24.5,25.8,22.8,16.6,12.5,5.3,,,,,,,,,,,,
17115,TR,BAL,LTBG,Bandirma,40.3167,27.9667,51,2016,5.0,10.0,10.2,14.8,17.5,23.0,25.3,25.5,21.4,15.9,10.8,3.7,,,,,,,,,,,,
17115,TR,BAL,LTBG,Bandirma,40.3167,27.9667,51,2017,2.4,6.8,9.1,11.3,16.8,22.4,24.4,25.0,21.6,14.3,10.6,9.5,,,,,,,,,,,,
17115,TR,BAL,LTBG,Bandirma,40.3167,27.9667,51,2018,5.9,7.9,10.8,13.4,18.0,22.2,25.5,25.9,21.4,16.7,12.7,6.0,23.0,50.0,45.0,2.0,35.0,14.0,4.0,0.0,82.0,1.0,98.0,54.0
17115,TR,BAL,LTBG,Bandirma,40.3167,27.9667,51,2019,6.2,6.4,9.4,11.9,18.2,24.0,24.1,24.9,21.3,17.5,14.3,7.7,53.0,94.0,27.0,43.0,42.0,2.0,19.0,12.0,5.0,27.0,20.0,93.0
17115,TR,BAL,LTBG,Bandirma,40.3167,27.9667,51,2020,5.8,7.7,9.8,11.0,16.5,21.5,24.7,25.1,23.2,17.9,11.3,9.8,141.0,60.0,44.0,53.0,67.0,22.0,0.0,0.2,6.0,54.0,31.0,42.0
17115,TR,BAL,LTBG,Bandirma,40.3167,27.9667,51,2021,7.4,7.4,6.8,11.3,17.6,21.2,25.9,25.9,20.7,15.7,12.4,8.7,153.0,54.0,88.0,51.0,66.0,22.0,0.6,2.0,13.0,59.0,1036.0,100.0
17115,TR,BAL,LTBG,Bandirma,40.3167,27.9667,51,2022,4.9,6.4,5.3,12.8,16.8,22.5,24.3,25.6,21.1,16.6,13.6,9.7,62.0,137.0,39.0,26.0,12.0,16.0,31.0,13.0,2.0,12.0,28.0,22.0
17115,TR,BAL,LTBG,Bandirma,40.3167,27.9667,51,2023,7.9,5.9,9.3,12.0,15.7,21.3,25.5,25.8,22.7,18.0,13.4,9.9,40.0,38.0,79.0,75.0,54.0,29.0,0.0,0.8,21.0,12.0,171.0,69.0
17115,TR,BAL,LTBG,Bandirma,40.3167,27.9667,51,2024,7.7,9.0,9.6,15.4,16.0,24.2,26.6,25.9,22.2,16.9,10.9,8.9,184.0,44.0,79.0,42.0,52.0,0.0,1.0,0.2,30.0,12.0,77.0,118.0
17115,TR,BAL,LTBG,Bandirma,40.3167,27.9667,51,2025,7.4,4.8,10.9,10.8,16.5,22.4,26.1,25.2,22.2,15.3,13.4,7.4,73.0,40.0,42.0,23.0,105.0,0.0,0.0,7.0,21.0,58.0,62.0,37.0
17115,TR,BAL,LTBG,Bandirma,40.3167,27.9667,51,2026,7.6,8.7,8.4,11.4,,,,,,,,,105.0,94.0,82.0,39.0,,,,,,,,
17234,TR,AYI,LTBD,Aydin,37.85,27.85,57,1961,8.6,8.9,12.3,18.3,20.8,25.6,28.4,28.5,23.2,19.5,16.0,10.8,112.0,67.0,31.0,57.0,17.0,46.0,0.1,,,21.0,36.0,147.0
17234,TR,AYI,LTBD,Aydin,37.85,27.85,57,1962,10.3,8.9,14.3,16.0,22.3,26.2,28.6,29.3,24.9,20.2,17.4,11.2,81.0,142.0,55.0,66.0,3.0,2.0,0.2,,15.0,44.0,67.0,214.0
17234,TR,AYI,LTBD,Aydin,37.85,27.85,57,1963,9.5,12.0,10.4,15.6,19.9,25.5,28.3,28.6,24.6,19.1,15.2,10.9,135.0,129.0,68.0,60.0,35.0,16.0,1.0,,,81.0,23.0,66.0
17234,TR,AYI,LTBD,Aydin,37.85,27.85,57,1964,5.4,8.4,12.4,15.7,19.5,25.4,27.2,26.5,22.4,20.4,14.2,11.0,11.0,89.0,39.0,3.0,13.0,24.0,,,69.0,0.4,53.0,217.0
17234,TR,AYI,LTBD,Aydin,37.85,27.85,57,1965,8.6,7.8,11.9,14.4,18.7,25.3,27.3,25.6,24.6,16.7,13.8,10.9,47.0,131.0,85.0,148.0,137.0,1.0,,,,29.0,80.0,158.0
17234,TR,AYI,LTBD,Aydin,37.85,27.85,57,1966,9.4,12.1,11.7,16.4,19.2,24.1,27.4,27.6,23.0,21.5,16.9,9.9,204.0,65.0,109.0,58.0,17.0,2.0,,0.3,33.0,4.0,88.0,191.0
17234,TR,AYI,LTBD,Aydin,37.85,27.85,57,1967,8.0,7.0,10.6,15.3,20.2,23.6,27.3,27.8,23.4,19.0,12.9,10.4,119.0,34.0,50.0,88.0,30.0,0.0,5.0,,20.0,30.0,40.0,176.0
17234,TR,AYI,LTBD,Aydin,37.85,27.85,57,1968,7.3,10.5,10.9,17.6,23.6,24.8,27.5,25.4,23.1,18.1,14.2,10.6,172.0,51.0,68.0,10.0,7.0,7.0,,1.0,25.0,64.0,80.0,134.0
17234,TR,AYI,LTBD,Aydin,37.85,27.85,57,1969,7.0,10.6,12.1,13.2,22.2,25.6,26.1,27.1,24.9,18.6,14.8,11.4,177.0,114.0,60.0,35.0,27.0,0.1,0.1,,0.0,0.0,34.0,217.0
17234,TR,AYI,LTBD,Aydin,37.85,27.85,57,1970,10.6,11.3,13.1,17.2,19.3,25.4,27.3,27.1,23.2,17.0,14.0,8.4,97.0,203.0,77.0,20.0,14.0,0.8,2.0,,5.0,78.0,61.0,58.0
17234,TR,AYI,LTBD,Aydin,37.85,27.85,57,1971,11.7,9.0,12.0,14.8,21.5,25.3,26.6,27.6,23.2,17.0,13.8,8.2,134.0,165.0,100.0,13.0,12.0,7.0,10.0,7.0,,22.0,108.0,85.0
17234,TR,AYI,LTBD,Aydin,37.85,27.85,57,1972,7.6,9.0,12.7,17.7,21.6,25.9,27.0,27.2,24.3,17.0,13.7,7.6,29.0,61.0,32.0,41.0,36.0,16.0,17.0,,13.0,80.0,27.0,8.0
17234,TR,AYI,LTBD,Aydin,37.85,27.85,57,1973,7.4,10.9,10.9,14.9,22.0,24.9,28.7,27.5,25.0,19.9,12.0,10.7,84.0,111.0,34.0,56.0,1.0,11.0,,,30.0,23.0,35.0,76.0
17234,TR,AYI,LTBD,Aydin,37.85,27.85,57,1974,5.6,10.5,13.5,14.4,19.9,25.3,27.8,26.8,23.6,21.0,13.7,8.1,25.0,167.0,105.0,39.0,29.0,0.9,,13.0,11.0,30.0,68.0,133.0
17234,TR,AYI,LTBD,Aydin,37.85,27.85,57,1975,8.0,8.4,13.2,16.5,20.3,24.4,27.9,26.6,24.1,18.9,13.4,8.2,122.0,68.0,63.0,61.0,60.0,98.0,,0.1,4.0,35.0,97.0,79.0
17234,TR,AYI,LTBD,Aydin,37.85,27.85,57,1976,8.0,7.8,12.5,15.7,20.9,24.1,26.0,24.5,22.2,19.5,13.9,9.5,53.0,54.0,13.0,100.0,32.0,27.0,31.0,,,132.0,69.0,74.0
17234,TR,AYI,LTBD,Aydin,37.85,27.85,57,1977,8.5,12.0,11.7,15.9,21.7,25.1,27.8,27.3,22.7,16.8,16.3,8.6,92.0,99.0,50.0,68.0,0.1,26.0,0.1,,34.0,25.0,38.0,77.0
17234,TR,AYI,LTBD,Aydin,37.85,27.85,57,1978,8.6,11.2,12.8,15.5,20.8,25.4,28.1,25.6,21.5,18.7,12.2,10.6,186.0,207.0,75.0,119.0,6.0,0.0,,,51.0,99.0,27.0,117.0
17234,TR,AYI,LTBD,Aydin,37.85,27.85,57,1979,8.8,11.0,13.9,15.5,20.4,25.5,26.6,26.5,24.4,19.5,13.9,10.0,156.0,56.0,41.0,37.0,50.0,23.0,6.0,,,64.0,125.0,115.0
17234,TR,AYI,LTBD,Aydin,37.85,27.85,57,1980,7.5,8.5,11.3,14.7,19.8,24.8,27.7,27.2,22.5,20.4,15.4,10.3,115.0,18.0,95.0,28.0,36.0,58.0,,,2.0,38.0,90.0,217.0
17234,TR,AYI,LTBD,Aydin,37.85,27.85,57,1981,7.7,9.0,13.7,16.0,18.8,26.5,27.3,27.0,24.1,21.7,11.9,12.6,264.0,72.0,56.0,18.0,36.0,22.0,,0.8,8.0,4.0,172.0,280.0
17234,TR,AYI,LTBD,Aydin,37.85,27.85,57,1982,9.9,7.9,11.1,15.7,20.2,25.1,26.3,26.8,25.3,19.3,11.7,8.5,68.0,47.0,115.0,73.0,34.0,24.0,2.0,,12.0,125.0,47.0,114.0
17234,TR,AYI,LTBD,Aydin,37.85,27.85,57,1983,5.6,6.9,11.1,16.9,21.0,23.5,26.8,25.6,22.9,16.9,13.1,10.0,59.0,119.0,63.0,47.0,35.0,20.0,3.0,0.0,0.8,10.0,91.0,159.0
17234,TR,AYI,LTBD,Aydin,37.85,27.85,57,1984,9.0,9.8,11.2,13.6,21.2,24.5,26.7,24.7,24.0,19.5,13.5,8.0,165.0,124.0,141.0,99.0,3.0,0.0,0.0,0.0,0.0,0.0,133.0,46.0
17234,TR,AYI,LTBD,Aydin,37.85,27.85,57,1985,10.5,5.8,11.6,16.4,22.2,24.9,27.1,27.4,23.8,16.2,15.4,9.2,173.0,87.0,40.0,20.0,24.0,0.0,0.0,0.0,0.0,24.0,76.0,65.0
17234,TR,AYI,LTBD,Aydin,37.85,27.85,57,1986,10.1,10.5,12.1,17.7,20.1,24.7,27.5,27.6,24.2,17.7,10.6,7.8,209.0,182.0,16.0,22.0,21.0,58.0,0.0,,5.0,11.0,30.0,153.0
17234,TR,AYI,LTBD,Aydin,37.85,27.85,57,1987,9.2,9.8,7.9,14.4,19.1,25.3,28.5,26.5,25.1,17.5,12.3,8.5,162.0,58.0,37.0,59.0,8.0,2.0,0.0,,0.0,2.0,51.0,77.0
17234,TR,AYI,LTBD,Aydin,37.85,27.85,57,1988,8.6,8.7,10.1,15.2,21.4,25.7,29.8,27.5,24.1,17.4,10.0,8.8,36.0,104.0,167.0,18.0,0.0,,,0.0,,13.0,116.0,133.0
17234,TR,AYI,LTBD,Aydin,37.85,27.85,57,1989,6.0,8.9,13.5,19.1,20.0,23.9,27.4,26.8,23.5,16.7,12.6,8.6,18.0,11.0,77.0,0.0,44.0,7.0,0.0,0.0,0.1,49.0,114.0,60.0
17234,TR,AYI,LTBD,Aydin,37.85,27.85,57,1990,6.0,9.3,13.2,16.0,20.4,25.2,28.5,26.6,22.5,18.9,15.2,10.2,6.0,40.0,19.0,98.0,23.0,2.0,0.0,0.0,0.0,8.0,15.0,123.0
17234,TR,AYI,LTBD,Aydin,37.85,27.85,57,1991,7.4,8.9,13.5,15.6,18.3,26.0,27.2,26.9,22.9,18.8,13.5,5.8,48.0,51.0,23.0,29.0,74.0,0.0,31.0,0.0,0.0,23.0,20.0,96.0
17234,TR,AYI,LTBD,Aydin,37.85,27.85,57,1992,5.6,5.9,10.3,15.7,20.3,25.3,26.7,27.5,22.6,20.9,12.0,6.2,0.0,12.0,60.0,50.0,3.0,0.3,23.0,18.0,0.0,36.0,168.0,60.0
17234,TR,AYI,LTBD,Aydin,37.85,27.85,57,1993,7.1,6.8,11.0,15.0,19.5,25.5,27.3,26.9,23.7,20.8,12.3,10.7,51.0,67.0,106.0,26.0,,2.0,,,,6.0,,57.0
17234,TR,AYI,LTBD,Aydin,37.85,27.85,57,1994,9.9,9.1,11.7,17.1,21.7,25.5,28.4,28.2,26.5,20.8,11.5,7.5,,,,30.0,48.0,,,35.0,101.0,73.0,119.0,105.0
17234,TR,AYI,LTBD,Aydin,37.85,27.85,57,1995,9.1,10.7,11.7,14.4,20.7,26.8,27.8,26.1,23.8,17.1,10.4,10.5,145.0,132.0,103.0,35.0,31.0,0.0,0.0,0.3,5.0,0.0,47.0,43.0
17234,TR,AYI,LTBD,Aydin,37.85,27.85,57,1996,7.4,10.2,9.8,13.9,22.6,26.6,28.1,27.0,21.8,16.2,14.5,11.8,23.0,166.0,,58.0,,0.0,0.0,0.0,61.0,9.0,,168.0
17234,TR,AYI,LTBD,Aydin,37.85,27.85,57,1997,9.5,8.2,9.9,11.7,21.9,26.0,28.0,25.5,22.0,17.9,14.2,9.6,85.0,,83.0,107.0,6.0,0.0,0.0,3.0,,36.0,,268.0
17234,TR,AYI,LTBD,Aydin,37.85,27.85,57,1998,8.4,10.3,9.5,16.7,19.7,25.8,28.7,28.7,23.1,19.2,14.5,9.5,,,,57.0,151.0,0.0,0.0,0.0,43.0,25.0,,114.0
17234,TR,AYI,LTBD,Aydin,37.85,27.85,57,1999,9.4,9.1,12.3,16.4,22.5,26.5,28.5,28.3,23.9,19.9,13.6,11.2,91.0,139.0,64.0,,5.0,0.0,0.3,0.0,6.0,0.0,9.0,
17234,TR,AYI,LTBD,Aydin,37.85,27.85,57,2000,4.9,8.1,10.3,17.1,21.4,26.7,29.2,27.9,23.7,18.1,14.9,9.3,,,,,,,,,,,,
17234,TR,AYI,LTBD,Aydin,37.85,27.85,57,2001,10.2,9.7,16.2,16.3,21.2,26.2,29.6,28.8,24.1,19.6,13.0,8.0,,,,,,,,,,,,
17234,TR,AYI,LTBD,Aydin,37.85,27.85,57,2002,6.8,11.6,13.2,14.9,20.9,26.2,27.8,27.1,22.5,18.0,13.5,7.5,,,,,,,,,43.0,,103.0,
17234,TR,AYI,LTBD,Aydin,37.85,27.85,57,2003,11.5,5.7,9.7,14.1,22.4,26.8,28.2,28.0,23.3,19.6,13.3,9.2,,,,,,,0.0,,,,,
17234,TR,AYI,LTBD,Aydin,37.85,27.85,57,2004,7.3,8.7,12.5,16.0,19.8,25.9,28.5,27.0,24.0,20.6,13.5,9.5,,,,,,,,0.0,,0.0,81.0,61.0
17234,TR,AYI,LTBD,Aydin,37.85,27.85,57,2005,9.3,8.1,12.0,15.6,21.0,24.8,28.4,27.8,23.5,17.0,12.1,10.2,60.0,168.0,86.0,,66.0,0.5,10.0,12.0,0.5,40.0,160.0,46.0
17234,TR,AYI,LTBD,Aydin,37.85,27.85,57,2006,6.7,8.9,12.1,17.0,21.4,25.8,28.0,28.7,24.0,18.9,12.1,8.7,71.0,113.0,112.0,19.0,1.0,0.0,4.0,0.0,14.0,82.0,77.0,6.0
17234,TR,AYI,LTBD,Aydin,37.85,27.85,57,2007,9.0,10.0,13.4,16.2,22.5,27.7,30.3,29.4,24.3,19.6,12.9,8.1,29.0,31.0,26.0,16.0,44.0,9.0,0.0,0.0,0.0,118.0,160.0,184.0
17234,TR,AYI,LTBD,Aydin,37.85,27.85,57,2008,6.6,8.3,14.5,16.9,21.2,27.5,29.0,29.4,23.8,18.6,14.9,10.2,26.0,20.0,64.0,70.0,17.0,0.0,0.0,0.0,23.0,27.0,75.0,98.0
17234,TR,AYI,LTBD,Aydin,37.85,27.85,57,2009,9.2,9.4,11.3,16.1,21.3,26.7,29.3,27.7,23.2,20.4,13.2,11.6,267.0,161.0,88.0,67.0,19.0,1.0,0.0,10.0,37.0,21.0,99.0,177.0
17234,TR,AYI,LTBD,Aydin,37.85,27.85,57,2010,10.0,11.8,13.4,17.1,22.0,24.9,28.7,29.8,24.6,17.8,16.4,11.4,139.0,157.0,23.0,16.0,30.0,32.0,0.0,0.0,1.0,96.0,38.0,144.0
17234,TR,AYI,LTBD,Aydin,37.85,27.85,57,2011,7.7,9.6,11.4,14.5,19.6,25.0,28.5,27.8,24.9,16.3,10.3,9.2,147.0,69.0,26.0,52.0,45.0,15.0,0.0,0.0,32.0,70.0,0.0,88.0
17234,TR,AYI,LTBD,Aydin,37.85,27.85,57,2012,5.6,7.2,11.6,17.3,20.6,27.5,30.4,29.2,25.6,20.9,15.5,9.6,182.0,158.0,38.0,68.0,56.0,45.0,0.0,0.0,0.0,36.0,24.0,217.0
17234,TR,AYI,LTBD,Aydin,37.85,27.85,57,2013,8.6,10.6,13.5,17.0,22.7,25.9,28.4,28.6,23.7,17.0,14.1,7.4,169.0,159.0,96.0,51.0,49.0,5.0,0.0,0.0,6.0,72.0,111.0,12.0
17234,TR,AYI,LTBD,Aydin,37.85,27.85,57,2014,10.9,11.2,13.0,16.8,20.9,25.0,28.0,28.7,23.7,19.2,13.4,11.7,75.0,41.0,64.0,76.0,15.0,52.0,0.0,0.0,5.0,43.0,126.0,230.0
17234,TR,AYI,LTBD,Aydin,37.85,27.85,57,2015,8.2,9.2,12.1,15.1,21.5,24.3,29.1,29.0,25.8,20.0,15.0,8.2,135.0,126.0,107.0,28.0,101.0,9.0,3.0,0.0,27.0,69.0,86.0,0.0
17234,TR,AYI,LTBD,Aydin,37.85,27.85,57,2016,7.9,13.6,13.3,19.4,20.6,27.9,29.7,29.0,24.3,19.7,13.9,6.2,146.0,39.0,112.0,8.0,38.0,4.0,0.0,0.0,23.0,0.0,51.0,12.0
17234,TR,AYI,LTBD,Aydin,37.85,27.85,57,2017,6.4,10.2,13.2,16.5,20.9,26.3,29.4,28.0,24.7,18.5,12.5,11.0,222.0,22.0,112.0,46.0,45.0,16.0,0.0,24.0,0.0,51.0,85.0,99.0
17234,TR,AYI,LTBD,Aydin,37.85,27.85,57,2018,8.6,12.3,15.1,19.8,23.2,25.8,29.2,28.5,25.3,19.2,14.5,8.4,119.0,113.0,90.0,8.0,71.0,28.0,6.0,16.0,33.0,4.0,85.0,57.0
17234,TR,AYI,LTBD,Aydin,37.85,27.85,57,2019,8.5,10.6,13.4,16.0,21.6,26.9,28.4,29.3,24.3,21.3,16.5,10.4,154.0,40.0,31.0,61.0,13.0,31.0,1.0,0.0,17.0,38.0,62.0,122.0
17234,TR,AYI,LTBD,Aydin,37.85,27.85,57,2020,7.7,10.4,13.4,16.9,22.1,25.3,29.8,29.1,26.9,21.2,14.0,12.1,94.0,97.0,71.0,42.0,37.0,21.0,0.0,0.0,0.0,45.0,1.0,107.0
17234,TR,AYI,LTBD,Aydin,37.85,27.85,57,2021,10.2,11.7,11.3,17.0,23.7,26.3,30.8,30.4,25.4,19.2,16.3,10.4,103.0,22.0,85.0,6.0,108.0,1.0,0.1,0.0,0.5,46.0,34.0,139.0
17234,TR,AYI,LTBD,Aydin,37.85,27.85,57,2022,7.4,9.9,8.6,18.0,22.6,27.1,30.0,28.9,25.1,20.5,15.5,12.2,113.0,75.0,56.0,17.0,16.0,76.0,0.0,2.0,0.0,0.7,82.0,59.0
17234,TR,AYI,LTBD,Aydin,37.85,27.85,57,2023,10.9,9.0,13.6,16.0,20.4,26.1,31.2,29.1,27.2,21.5,16.7,12.3,134.0,7.0,86.0,60.0,89.0,50.0,9.0,3.0,34.0,6.0,137.0,116.0
17234,TR,AYI,LTBD,Aydin,37.85,27.85,57,2024,10.6,12.4,14.5,20.7,22.4,31.2,31.5,30.5,26.8,20.7,14.1,11.4,130.0,31.0,60.0,24.0,2.0,0.8,0.0,0.0,0.8,0.0,73.0,178.0
17234,TR,AYI,LTBD,Aydin,37.85,27.85,57,2025,11.5,8.1,15.4,16.0,22.1,29.2,31.1,29.6,26.0,19.0,16.5,10.4,76.0,19.0,22.0,127.0,18.0,0.0,0.0,0.0,6.0,126.0,52.0,76.0
17234,TR,AYI,LTBD,Aydin,37.85,27.85,57,2026,10.1,11.9,12.5,16.5,,,,,,,,,102.0,207.0,112.0,106.0,,,,,,,,
17237,TR,DEN,,Denizli,37.7667,29.0833,428,1961,5.9,5.8,9.5,16.2,19.3,23.3,26.6,26.7,20.2,16.5,13.3,8.5,84.0,104.0,79.0,29.0,22.0,7.0,10.0,28.0,11.0,48.0,8.0,126.0
17237,TR,DEN,,Denizli,37.7667,29.0833,428,1962,7.4,6.2,12.0,13.9,19.9,23.7,26.6,28.1,22.4,16.9,15.4,9.5,83.0,117.0,68.0,42.0,41.0,29.0,8.0,7.0,50.0,55.0,69.0,188.0
17237,TR,DEN,,Denizli,37.7667,29.0833,428,1963,7.5,9.9,8.3,14.0,17.7,23.3,26.6,27.1,22.7,17.0,12.9,8.9,137.0,63.0,61.0,72.0,123.0,31.0,9.0,3.0,2.0,53.0,26.0,16.0
17237,TR,DEN,,Denizli,37.7667,29.0833,428,1964,2.5,5.9,10.3,14.2,17.8,23.3,26.0,24.6,20.7,18.2,11.6,9.1,5.0,56.0,61.0,6.0,57.0,41.0,0.3,,12.0,,67.0,144.0
17237,TR,DEN,,Denizli,37.7667,29.0833,428,1965,6.5,5.2,10.5,13.5,17.5,23.7,25.7,24.5,22.9,14.4,12.1,8.5,63.0,203.0,58.0,112.0,77.0,3.0,,0.0,,18.0,76.0,141.0
17237,TR,DEN,,Denizli,37.7667,29.0833,428,1966,6.9,10.0,9.9,15.7,17.5,22.7,25.9,26.3,21.1,18.9,15.0,7.9,258.0,25.0,101.0,24.0,48.0,4.0,16.0,10.0,49.0,5.0,32.0,170.0
17237,TR,DEN,,Denizli,37.7667,29.0833,428,1967,5.6,4.5,8.6,13.8,18.4,21.8,25.5,26.4,21.1,16.5,10.5,8.6,60.0,38.0,28.0,67.0,41.0,7.0,13.0,0.1,23.0,28.0,30.0,107.0
17237,TR,DEN,,Denizli,37.7667,29.0833,428,1968,5.0,8.1,8.8,16.7,22.1,22.8,25.9,24.2,21.0,15.9,12.0,8.3,214.0,59.0,108.0,51.0,3.0,10.0,,8.0,46.0,45.0,47.0,125.0
17237,TR,DEN,,Denizli,37.7667,29.0833,428,1969,4.9,8.3,10.2,11.1,20.3,24.1,24.1,26.2,23.0,15.9,12.4,9.5,89.0,75.0,80.0,77.0,53.0,14.0,10.0,,0.5,13.0,50.0,149.0
17237,TR,DEN,,Denizli,37.7667,29.0833,428,1970,8.1,9.3,11.5,16.3,18.2,23.8,26.2,26.1,21.8,14.9,11.9,6.4,57.0,99.0,60.0,13.0,10.0,14.0,2.0,19.0,3.0,49.0,46.0,86.0
17237,TR,DEN,,Denizli,37.7667,29.0833,428,1971,10.0,7.0,10.4,13.2,19.5,23.3,25.4,25.4,21.6,14.7,11.7,6.0,58.0,100.0,87.0,45.0,21.0,62.0,9.0,33.0,3.0,6.0,82.0,86.0
17237,TR,DEN,,Denizli,37.7667,29.0833,428,1972,4.5,6.3,10.5,16.5,19.5,23.3,25.5,25.2,22.4,15.5,11.0,5.8,22.0,91.0,34.0,56.0,47.0,50.0,36.0,35.0,3.0,108.0,23.0,
17237,TR,DEN,,Denizli,37.7667,29.0833,428,1973,4.6,8.1,8.6,13.0,19.9,23.0,26.4,25.3,23.0,16.9,8.5,8.0,29.0,159.0,25.0,37.0,16.0,8.0,58.0,,2.0,60.0,23.0,55.0
17237,TR,DEN,,Denizli,37.7667,29.0833,428,1974,1.3,7.4,10.8,11.9,19.0,24.3,26.8,25.6,21.7,19.3,10.7,6.0,62.0,68.0,54.0,49.0,23.0,5.0,,11.0,5.0,19.0,22.0,54.0
17237,TR,DEN,,Denizli,37.7667,29.0833,428,1975,4.3,5.4,11.5,15.5,18.4,23.0,27.1,26.0,22.3,16.5,10.9,5.5,57.0,47.0,72.0,99.0,54.0,18.0,0.4,0.4,10.0,22.0,108.0,90.0
17237,TR,DEN,,Denizli,37.7667,29.0833,428,1976,5.0,4.4,9.9,13.3,18.9,22.9,25.0,23.4,20.7,17.7,11.9,7.5,84.0,52.0,47.0,84.0,39.0,8.0,38.0,6.0,,46.0,50.0,156.0
17237,TR,DEN,,Denizli,37.7667,29.0833,428,1977,5.9,10.3,9.8,14.3,20.2,24.1,27.2,26.8,21.7,14.7,14.5,6.3,29.0,32.0,35.0,79.0,2.0,26.0,19.0,0.3,32.0,30.0,5.0,50.0
17237,TR,DEN,,Denizli,37.7667,29.0833,428,1978,6.6,10.0,10.7,13.8,19.8,23.9,27.2,24.8,20.5,17.1,10.1,8.0,151.0,211.0,104.0,41.0,13.0,7.0,0.1,,30.0,98.0,43.0,75.0
17237,TR,DEN,,Denizli,37.7667,29.0833,428,1979,7.0,9.0,12.2,14.1,18.8,23.7,25.6,26.0,23.1,17.6,12.0,7.4,204.0,30.0,40.0,20.0,126.0,19.0,,,,53.0,114.0,65.0
17237,TR,DEN,,Denizli,37.7667,29.0833,428,1980,5.1,5.8,8.9,13.0,18.5,23.8,27.3,26.5,21.0,18.3,13.3,8.4,147.0,35.0,96.0,59.0,50.0,7.0,,,35.0,30.0,75.0,103.0
17237,TR,DEN,,Denizli,37.7667,29.0833,428,1981,6.4,6.6,12.0,14.7,17.5,25.1,26.2,25.9,23.1,19.9,10.1,11.1,206.0,77.0,50.0,21.0,41.0,35.0,,1.0,0.2,2.0,76.0,156.0
17237,TR,DEN,,Denizli,37.7667,29.0833,428,1982,7.6,5.3,9.2,14.5,18.9,23.6,24.6,25.8,23.7,17.2,9.8,8.5,68.0,44.0,31.0,79.0,25.0,30.0,19.0,2.0,2.0,53.0,16.0,66.0
17237,TR,DEN,,Denizli,37.7667,29.0833,428,1983,3.5,5.4,10.0,15.7,19.3,22.1,25.1,24.4,21.8,15.5,11.3,8.4,90.0,88.0,56.0,63.0,16.0,46.0,54.0,11.0,8.0,8.0,112.0,126.0
17237,TR,DEN,,Denizli,37.7667,29.0833,428,1984,7.4,8.5,9.7,12.3,20.6,23.4,25.1,23.3,23.1,18.4,11.8,6.1,122.0,76.0,102.0,104.0,4.0,0.3,28.0,2.0,0.3,,64.0,18.0
17237,TR,DEN,,Denizli,37.7667,29.0833,428,1985,8.6,4.3,10.5,15.8,21.4,23.8,25.8,27.0,22.5,15.0,14.2,7.8,175.0,100.0,65.0,23.0,32.0,43.0,1.0,8.0,1.0,39.0,35.0,39.0
17237,TR,DEN,,Denizli,37.7667,29.0833,428,1986,8.3,9.1,11.2,17.4,18.2,23.8,27.2,27.9,23.0,16.2,9.2,6.6,82.0,98.0,6.0,13.0,19.0,32.0,3.0,20.0,83.0,19.0,5.0,104.0
17237,TR,DEN,,Denizli,37.7667,29.0833,428,1987,7.9,8.8,6.2,13.2,18.4,23.9,27.9,25.8,23.9,16.3,11.0,7.5,94.0,43.0,95.0,51.0,47.0,49.0,11.0,,0.1,7.0,63.0,68.0
17237,TR,DEN,,Denizli,37.7667,29.0833,428,1988,7.4,7.3,8.6,14.8,20.3,24.4,28.6,27.0,22.7,15.8,8.8,7.9,14.0,96.0,115.0,48.0,45.0,8.0,18.0,19.0,3.0,52.0,107.0,81.0
17237,TR,DEN,,Denizli,37.7667,29.0833,428,1989,4.2,7.3,12.7,19.5,19.3,23.5,27.1,27.4,22.6,15.4,10.9,7.2,8.0,11.0,41.0,3.0,36.0,5.0,8.0,0.7,2.0,83.0,114.0,36.0
17237,TR,DEN,,Denizli,37.7667,29.0833,428,1990,4.3,7.4,12.2,15.4,19.4,23.8,28.4,26.8,21.9,18.2,13.8,9.0,23.0,48.0,39.0,35.0,18.0,8.0,,3.0,,24.0,42.0,127.0
17237,TR,DEN,,Denizli,37.7667,29.0833,428,1991,5.7,6.9,12.2,14.5,17.0,24.6,26.3,26.4,22.6,17.6,11.6,4.3,,,,,,,,,,,,
17237,TR,DEN,,Denizli,37.7667,29.0833,428,1992,4.1,4.0,8.3,14.4,19.3,23.8,25.7,27.1,22.1,19.0,10.9,4.5,,,,,,,,,,,,
17237,TR,DEN,,Denizli,37.7667,29.0833,428,1993,5.1,5.1,9.5,14.2,18.4,24.4,27.1,27.8,22.9,19.6,10.9,8.7,,,,,,,,,,,,
17237,TR,DEN,,Denizli,37.7667,29.0833,428,1994,7.8,7.4,10.5,16.1,20.7,24.6,27.5,28.1,25.8,19.3,10.5,6.1,,,,,,,,,,,,
17237,TR,DEN,,Denizli,37.7667,29.0833,428,1995,7.1,9.1,10.2,13.5,20.0,25.9,27.1,26.7,22.9,16.0,8.6,8.7,,,,,,,,,,,,
17237,TR,DEN,,Denizli,37.7667,29.0833,428,1996,5.6,8.4,8.7,13.1,21.6,25.4,28.0,27.3,21.0,15.3,12.9,10.0,,,,,,,,,,,,
17237,TR,DEN,,Denizli,37.7667,29.0833,428,1997,7.7,6.6,9.0,10.9,21.0,25.0,27.8,25.3,21.7,16.6,12.4,8.3,,,,,,,,,,,,
17237,TR,DEN,,Denizli,37.7667,29.0833,428,1998,6.7,9.0,6.9,17.1,19.4,24.3,28.5,29.5,22.9,18.4,13.1,7.8,,,,,,,,,,,,
17237,TR,DEN,,Denizli,37.7667,29.0833,428,1999,7.3,7.6,10.8,15.6,21.8,24.7,27.9,27.6,22.7,18.4,12.0,8.8,145.0,108.0,,,,42.0,18.0,81.0,,,4.0,
17237,TR,DEN,,Denizli,37.7667,29.0833,428,2000,2.5,6.0,8.2,15.8,19.6,24.8,29.1,27.4,23.1,16.7,13.3,7.6,,,,,,,,,,,,
17237,TR,DEN,,Denizli,37.7667,29.0833,428,2001,8.3,7.6,14.7,15.1,19.9,25.9,29.4,28.6,23.7,18.0,11.1,6.3,,,,,,,,,,,,
17237,TR,DEN,,Denizli,37.7667,29.0833,428,2002,3.6,9.7,11.6,14.0,20.2,25.4,28.2,26.8,21.5,17.0,12.1,5.3,,,,,,,,,,30.0,57.0,89.0
17237,TR,DEN,,Denizli,37.7667,29.0833,428,2003,9.4,3.1,7.5,12.3,21.8,25.5,27.8,28.3,22.5,19.1,12.2,7.6,,,,,,,,1.0,,,,
17237,TR,DEN,,Denizli,37.7667,29.0833,428,2004,5.4,7.0,11.6,15.1,19.5,25.5,28.3,27.1,23.9,19.1,11.9,8.3,,,,77.0,,2.0,7.0,0.0,0.0,18.0,70.0,18.0
17237,TR,DEN,,Denizli,37.7667,29.0833,428,2005,8.3,7.2,9.8,14.9,20.8,24.5,29.0,28.4,22.6,15.9,10.8,8.6,34.0,86.0,,,67.0,16.0,21.0,0.0,,34.0,103.0,67.0
17237,TR,DEN,,Denizli,37.7667,29.0833,428,2006,4.7,7.3,11.0,16.2,20.1,24.7,27.6,29.8,22.8,17.6,10.1,6.7,,68.0,104.0,44.0,,47.0,,0.0,16.0,50.0,32.0,5.0
17237,TR,DEN,,Denizli,37.7667,29.0833,428,2007,7.2,8.2,11.8,14.4,22.5,27.2,30.7,29.7,24.0,18.7,11.8,7.3,93.0,77.0,25.0,39.0,17.0,14.0,2.0,3.0,15.0,53.0,98.0,99.0
17237,TR,DEN,,Denizli,37.7667,29.0833,428,2008,4.8,6.0,13.5,16.5,20.7,27.2,29.4,30.1,23.5,17.2,13.8,8.5,16.0,34.0,52.0,48.0,0.0,3.0,6.0,17.0,19.0,25.0,78.0,25.0
17237,TR,DEN,,Denizli,37.7667,29.0833,428,2009,7.5,7.7,9.9,15.2,20.3,26.4,28.9,28.2,22.6,19.7,11.9,10.4,171.0,166.0,94.0,58.0,66.0,3.0,0.0,0.0,15.0,15.0,119.0,94.0
17237,TR,DEN,,Denizli,37.7667,29.0833,428,2010,8.7,10.8,12.4,15.9,21.4,23.6,28.3,30.4,24.7,16.4,15.9,10.3,86.0,112.0,35.0,71.0,34.0,128.0,13.0,7.0,0.0,92.0,14.0,161.0
17237,TR,DEN,,Denizli,37.7667,29.0833,428,2011,6.2,7.6,9.9,13.2,17.8,24.2,29.1,28.0,24.9,15.0,8.7,7.7,77.0,63.0,44.0,84.0,121.0,14.0,0.0,0.3,7.0,97.0,0.0,68.0
17237,TR,DEN,,Denizli,37.7667,29.0833,428,2012,3.2,5.1,9.7,17.0,19.2,27.6,30.3,28.2,25.2,19.7,13.7,8.7,289.0,101.0,30.0,51.0,56.0,3.0,6.0,15.0,0.0,27.0,51.0,154.0
17237,TR,DEN,,Denizli,37.7667,29.0833,428,2013,7.4,9.3,12.3,16.1,22.8,25.8,28.1,28.7,23.1,15.7,13.1,5.7,125.0,113.0,34.0,59.0,22.0,9.0,8.0,3.0,0.0,57.0,79.0,21.0
17237,TR,DEN,,Denizli,37.7667,29.0833,428,2014,9.6,9.8,11.6,16.3,19.7,23.6,28.3,28.9,22.6,17.4,12.1,10.4,60.0,12.0,42.0,34.0,67.0,101.0,3.0,9.0,48.0,74.0,30.0,137.0
17237,TR,DEN,,Denizli,37.7667,29.0833,428,2015,6.0,7.2,10.2,13.3,20.6,22.2,28.2,28.2,25.7,18.7,13.7,6.7,209.0,112.0,156.0,46.0,66.0,72.0,6.0,18.0,21.0,32.0,26.0,0.0
17237,TR,DEN,,Denizli,37.7667,29.0833,428,2016,6.1,12.3,11.9,19.0,19.2,27.6,29.4,28.8,23.0,18.5,11.9,4.0,94.0,15.0,78.0,5.0,68.0,12.0,4.0,23.0,72.0,0.0,64.0,48.0
17237,TR,DEN,,Denizli,37.7667,29.0833,428,2017,4.2,8.3,11.9,15.1,19.7,25.1,29.7,27.7,25.2,16.8,10.9,9.3,169.0,0.0,42.0,58.0,56.0,15.0,0.0,25.0,0.3,73.0,46.0,43.0
17237,TR,DEN,,Denizli,37.7667,29.0833,428,2018,7.2,10.5,14.0,19.3,21.9,24.3,28.2,28.1,24.7,17.8,12.9,6.8,62.0,44.0,72.0,2.0,61.0,154.0,13.0,15.0,0.5,40.0,51.0,48.0
17237,TR,DEN,,Denizli,37.7667,29.0833,428,2019,7.0,8.6,11.8,14.8,21.3,25.1,27.6,29.0,23.8,20.0,14.9,8.9,84.0,16.0,19.0,29.0,10.0,35.0,9.0,0.4,25.0,16.0,22.0,100.0
17237,TR,DEN,,Denizli,37.7667,29.0833,428,2020,5.8,8.5,11.9,15.8,21.0,24.6,30.0,29.1,26.6,20.0,11.7,10.1,41.0,60.0,47.0,59.0,64.0,17.0,0.2,7.0,36.0,44.0,24.0,31.0
17237,TR,DEN,,Denizli,37.7667,29.0833,428,2021,8.3,9.9,9.4,16.4,23.8,24.3,30.4,30.5,23.3,17.5,14.6,9.0,88.0,12.0,77.0,11.0,0.0,20.0,2.0,0.0,4.0,32.0,36.0,143.0
17237,TR,DEN,,Denizli,37.7667,29.0833,428,2022,4.4,8.0,6.3,17.5,21.3,25.1,29.1,29.5,24.5,18.5,14.1,10.8,66.0,101.0,78.0,28.0,17.0,70.0,0.6,14.0,6.0,11.0,61.0,61.0
17237,TR,DEN,,Denizli,37.7667,29.0833,428,2023,9.2,6.6,12.1,14.4,18.4,23.3,29.8,30.2,25.2,20.2,15.3,11.1,105.0,29.0,63.0,69.0,158.0,104.0,0.7,8.0,26.0,5.0,74.0,37.0
17237,TR,DEN,,Denizli,37.7667,29.0833,428,2024,8.6,10.6,12.8,20.1,20.8,31.1,30.9,30.7,24.9,19.0,12.3,10.1,60.0,54.0,61.0,15.0,45.0,0.6,45.0,10.0,6.0,1.0,52.0,98.0
17237,TR,DEN,,Denizli,37.7667,29.0833,428,2025,9.8,6.1,14.6,14.7,21.5,27.8,31.5,29.9,25.6,17.9,15.2,8.9,40.0,12.0,20.0,115.0,59.0,15.0,9.0,39.0,11.0,49.0,39.0,66.0
17237,TR,DEN,,Denizli,37.7667,29.0833,428,2026,8.3,10.3,11.0,15.5,,,,,,,,,128.0,168.0,54.0,54.0,,,,,,,,
17220,TR,IZM,,Izmir,38.4333,27.1667,25,1843,6.5,11.1,13.1,14.5,18.6,23.2,27.8,24.6,20.4,17.4,12.9,6.6,,,,,,,,,,,,
17220,TR,IZM,,Izmir,38.4333,27.1667,25,1844,6.4,11.4,12.1,12.1,19.3,23.6,26.1,23.2,19.9,17.3,13.2,7.0,,,,,,,,,,,,
17220,TR,IZM,,Izmir,38.4333,27.1667,25,1857,10.6,6.9,11.2,17.1,20.2,22.7,27.5,26.3,20.9,19.4,12.2,7.0,,,,,,,,,,,,
17220,TR,IZM,,Izmir,38.4333,27.1667,25,1858,2.9,5.0,12.6,16.1,22.5,23.0,27.3,27.6,23.2,20.9,15.5,8.1,,,,,,,,,,,,
17220,TR,IZM,,Izmir,38.4333,27.1667,25,1859,3.6,6.6,10.9,17.0,22.9,24.1,26.4,26.2,22.4,20.1,14.0,10.4,,,,,,,,,,,,
17220,TR,IZM,,Izmir,38.4333,27.1667,25,1860,8.9,8.6,10.4,17.6,20.1,27.0,28.2,29.4,24.9,17.6,9.5,10.5,,,,,,,,,,,,
17220,TR,IZM,,Izmir,38.4333,27.1667,25,1861,6.6,10.4,11.3,15.2,18.2,27.9,29.3,27.2,25.8,20.1,10.4,8.6,,,,,,,,,,,,
17220,TR,IZM,,Izmir,38.4333,27.1667,25,1864,4.2,10.4,15.5,12.8,18.9,24.8,25.2,25.1,22.7,19.2,14.8,9.7,84.0,36.0,14.0,88.0,38.0,19.0,61.0,13.0,76.0,82.0,158.0,35.0
17220,TR,IZM,,Izmir,38.4333,27.1667,25,1865,11.8,10.1,13.7,13.7,19.3,22.5,25.9,26.4,21.2,21.6,13.8,7.9,164.0,210.0,102.0,34.0,6.0,9.0,3.0,0.0,0.0,30.0,63.0,3.0
17220,TR,IZM,,Izmir,38.4333,27.1667,25,1866,6.7,10.5,14.3,16.0,19.2,23.8,27.2,25.6,23.8,17.4,12.3,8.6,33.0,43.0,43.0,5.0,24.0,16.0,3.0,2.0,10.0,2.0,90.0,92.0
17220,TR,IZM,,Izmir,38.4333,27.1667,25,1867,7.7,5.8,7.3,11.7,20.4,19.3,22.7,21.7,19.3,17.3,8.2,6.5,62.0,75.0,27.0,9.0,32.0,17.0,0.0,0.0,0.0,37.0,134.0,165.0
17220,TR,IZM,,Izmir,38.4333,27.1667,25,1868,9.8,6.4,10.3,13.8,21.1,23.8,26.5,26.3,22.8,18.7,12.6,9.8,211.0,8.0,286.0,23.0,21.0,17.0,7.0,2.0,13.0,33.0,125.0,21.0
17220,TR,IZM,,Izmir,38.4333,27.1667,25,1869,5.3,9.3,12.5,14.2,21.7,25.1,25.9,26.4,22.8,17.8,12.9,10.8,82.0,19.0,307.0,45.0,5.0,15.0,1.0,0.0,2.0,46.0,88.0,20.0
17220,TR,IZM,,Izmir,38.4333,27.1667,25,1870,9.3,7.3,11.2,10.6,21.8,23.6,26.4,25.3,20.4,16.2,15.1,11.6,147.0,71.0,58.0,57.0,2.0,0.0,0.0,12.0,100.0,113.0,5.0,171.0
17220,TR,IZM,,Izmir,38.4333,27.1667,25,1871,10.4,7.6,10.1,14.7,18.4,23.1,26.8,26.2,21.2,17.7,14.3,9.4,282.0,30.0,33.0,17.0,28.0,10.0,0.0,0.0,2.0,35.0,179.0,116.0
17220,TR,IZM,,Izmir,38.4333,27.1667,25,1872,9.5,7.4,12.8,15.7,21.9,23.2,25.3,25.1,23.6,20.0,16.2,12.1,81.0,37.0,13.0,106.0,79.0,15.0,0.0,0.0,0.0,0.0,93.0,121.0
17220,TR,IZM,,Izmir,38.4333,27.1667,25,1873,10.5,9.8,12.8,16.4,19.4,21.9,26.7,26.0,21.2,17.8,13.6,8.7,61.0,143.0,53.0,13.0,61.0,4.0,0.0,0.0,72.0,64.0,74.0,67.0
17220,TR,IZM,,Izmir,38.4333,27.1667,25,1874,7.1,5.7,6.7,16.4,19.0,24.6,27.2,26.1,23.3,19.1,14.6,12.7,4.0,148.0,49.0,10.0,4.0,0.0,0.0,0.0,0.0,8.0,262.0,228.0
17220,TR,IZM,,Izmir,38.4333,27.1667,25,1875,4.9,5.1,4.7,11.1,16.3,23.8,24.8,23.5,17.8,16.8,11.7,5.5,116.0,241.0,147.0,35.0,0.0,0.0,0.0,0.0,0.5,73.0,123.0,101.0
17220,TR,IZM,,Izmir,38.4333,27.1667,25,1876,3.9,7.0,10.7,12.3,17.6,22.0,24.2,24.2,22.7,17.2,9.4,10.6,73.0,37.0,64.0,79.0,11.0,45.0,14.0,0.0,4.0,24.0,146.0,215.0
17220,TR,IZM,,Izmir,38.4333,27.1667,25,1877,7.4,6.5,9.9,13.2,16.8,20.8,24.9,24.5,21.9,16.6,11.9,8.1,78.0,74.0,123.0,28.0,88.0,24.0,3.0,9.0,2.0,102.0,155.0,152.0
17220,TR,IZM,,Izmir,38.4333,27.1667,25,1878,4.9,5.1,8.2,13.0,17.2,21.7,24.6,23.9,22.5,17.7,15.2,10.6,159.0,53.0,76.0,126.0,7.0,3.0,10.0,16.0,16.0,0.0,11.0,216.0
17220,TR,IZM,,Izmir,38.4333,27.1667,25,1879,6.2,10.5,8.6,15.4,18.5,23.4,25.9,25.4,22.7,16.7,11.1,5.2,109.0,68.0,41.0,9.0,60.0,0.3,0.0,0.0,31.0,69.0,103.0,46.0
17220,TR,IZM,,Izmir,38.4333,27.1667,25,1880,0.7,4.8,4.4,10.2,16.1,22.2,25.1,24.6,19.9,17.8,12.9,6.9,41.0,8.0,73.0,43.0,68.0,5.0,1.0,0.0,35.0,15.0,104.0,63.0
17220,TR,IZM,,Izmir,38.4333,27.1667,25,1881,,,,,,,,,,,,,156.0,100.0,44.0,20.0,37.0,0.0,3.0,0.0,34.0,139.0,4.0,120.0
17220,TR,IZM,,Izmir,38.4333,27.1667,25,1882,,,,,,,,,,,,,32.0,30.0,26.0,88.0,17.0,2.0,0.0,0.0,0.0,26.0,200.0,116.0
17220,TR,IZM,,Izmir,38.4333,27.1667,25,1883,,,,,,,,,,,,,121.0,66.0,128.0,68.0,52.0,47.0,2.0,13.0,62.0,12.0,36.0,179.0
17220,TR,IZM,,Izmir,38.4333,27.1667,25,1890,,,,,,,,,,,,,13.0,26.0,43.0,17.0,2.0,9.0,0.0,0.0,42.0,91.0,141.0,165.0
17220,TR,IZM,,Izmir,38.4333,27.1667,25,1891,,,,,,,,,,,,,213.0,31.0,34.0,68.0,8.0,8.0,0.0,5.0,0.0,18.0,61.0,113.0
17220,TR,IZM,,Izmir,38.4333,27.1667,25,1892,,,,,,,,,,,,,173.0,119.0,144.0,81.0,106.0,9.0,0.2,0.0,0.0,1.0,111.0,267.0
17220,TR,IZM,,Izmir,38.4333,27.1667,25,1893,,,,,,,,,,,,,351.0,96.0,80.0,75.0,23.0,2.0,0.0,0.5,0.0,28.0,47.0,46.0
17220,TR,IZM,,Izmir,38.4333,27.1667,25,1894,,,,,,,,,,,,,181.0,47.0,26.0,30.0,84.0,8.0,0.0,0.0,0.0,6.0,4.0,124.0
17220,TR,IZM,,Izmir,38.4333,27.1667,25,1895,,,,,,,,,,,,,261.0,223.0,106.0,5.0,7.0,25.0,0.0,0.0,3.0,105.0,61.0,283.0
17220,TR,IZM,,Izmir,38.4333,27.1667,25,1896,,,,,,,,,,,,,109.0,110.0,37.0,69.0,29.0,0.0,0.0,0.0,90.0,0.0,110.0,264.0
17220,TR,IZM,,Izmir,38.4333,27.1667,25,1897,,,,,,,,,,,,,67.0,154.0,45.0,37.0,71.0,15.0,0.0,0.0,0.0,196.0,21.0,54.0
17220,TR,IZM,,Izmir,38.4333,27.1667,25,1898,,,,,,,,,,,,,8.0,68.0,64.0,10.0,43.0,0.0,0.0,0.0,0.0,22.0,0.0,56.0
17220,TR,IZM,,Izmir,38.4333,27.1667,25,1899,,,,,,,,,,,,,64.0,46.0,37.0,87.0,2.0,5.0,0.0,0.0,27.0,49.0,30.0,131.0
17220,TR,IZM,,Izmir,38.4333,27.1667,25,1900,,,,,,,,,,,,,169.0,149.0,90.0,47.0,31.0,8.0,0.0,0.0,0.0,0.3,13.0,84.0
17220,TR,IZM,,Izmir,38.4333,27.1667,25,1901,,,,,,,,,,,,,17.0,32.0,37.0,9.0,39.0,47.0,0.0,0.0,0.0,40.0,129.0,86.0
17220,TR,IZM,,Izmir,38.4333,27.1667,25,1902,10.1,12.5,12.4,16.7,20.5,24.9,25.9,26.7,24.0,20.5,11.9,7.9,123.0,61.0,69.0,22.0,44.0,8.0,0.0,0.0,0.0,46.0,63.0,209.0
17220,TR,IZM,,Izmir,38.4333,27.1667,25,1903,7.4,8.6,11.5,16.1,20.6,22.8,26.4,26.2,22.0,16.8,12.7,10.9,,,,,,,,,,,,
17220,TR,IZM,,Izmir,38.4333,27.1667,25,1904,7.2,12.1,10.2,14.9,20.4,24.6,27.8,26.8,23.1,20.4,11.7,9.1,,,,,,,,,,,,
17220,TR,IZM,,Izmir,38.4333,27.1667,25,1905,6.2,7.2,10.7,15.9,21.1,24.0,27.7,27.0,24.0,18.8,15.9,8.8,,,,8.0,0.0,9.0,0.0,0.0,0.0,85.0,84.0,7.0
17220,TR,IZM,,Izmir,38.4333,27.1667,25,1906,8.2,9.8,12.4,15.7,19.4,24.7,27.2,26.9,22.8,16.6,13.5,11.0,106.0,145.0,72.0,28.0,25.0,0.0,0.0,,0.0,60.0,48.0,248.0
17220,TR,IZM,,Izmir,38.4333,27.1667,25,1907,6.3,8.0,7.0,14.7,22.0,24.6,27.1,26.5,21.9,19.6,12.6,10.2,64.0,91.0,188.0,48.0,8.0,9.0,0.0,54.0,0.0,0.0,38.0,165.0
17220,TR,IZM,,Izmir,38.4333,27.1667,25,1908,,,,,,,,,,,,,16.0,62.0,114.0,19.0,16.0,29.0,0.0,,90.0,0.0,,114.0
17220,TR,IZM,,Izmir,38.4333,27.1667,25,1909,,,,,,,,,,,,,78.0,124.0,122.0,19.0,5.0,13.0,0.0,,8.0,44.0,173.0,63.0
17220,TR,IZM,,Izmir,38.4333,27.1667,25,1910,,,,,,,,,,,,,80.0,79.0,52.0,27.0,91.0,0.0,11.0,,0.0,5.0,93.0,81.0
17220,TR,IZM,,Izmir,38.4333,27.1667,25,1929,6.9,5.0,7.7,15.0,22.0,25.0,27.2,28.4,20.7,17.8,15.3,10.7,183.0,196.0,121.0,62.0,8.0,1.0,0.0,3.0,105.0,35.0,27.0,78.0
17220,TR,IZM,,Izmir,38.4333,27.1667,25,1930,9.4,8.7,13.1,16.6,19.4,24.1,28.1,27.7,23.5,17.9,14.0,12.1,126.0,110.0,56.0,20.0,70.0,21.0,8.0,3.0,53.0,395.0,40.0,128.0
17220,TR,IZM,,Izmir,38.4333,27.1667,25,1931,9.8,9.6,12.3,13.6,20.0,25.4,28.7,28.0,22.8,18.7,11.8,8.0,183.0,96.0,85.0,123.0,48.0,0.5,0.3,0.0,35.0,17.0,102.0,85.0
17220,TR,IZM,,Izmir,38.4333,27.1667,25,1932,6.9,5.7,10.6,15.9,20.5,25.0,27.9,27.4,23.9,21.8,13.9,10.0,63.0,69.0,120.0,68.0,6.0,0.0,5.0,0.0,0.0,65.0,66.0,40.0
17220,TR,IZM,,Izmir,38.4333,27.1667,25,1933,7.3,9.0,9.0,12.5,17.5,22.2,25.5,26.0,20.7,17.1,17.0,8.4,134.0,134.0,43.0,42.0,110.0,19.0,16.0,0.0,2.0,28.0,77.0,121.0
17220,TR,IZM,,Izmir,38.4333,27.1667,25,1934,8.5,5.6,13.2,16.9,20.7,24.8,27.5,26.9,23.6,18.0,14.5,10.2,108.0,93.0,43.0,9.0,16.0,5.0,29.0,0.0,0.6,71.0,74.0,40.0
17220,TR,IZM,,Izmir,38.4333,27.1667,25,1935,7.6,9.2,9.9,15.5,21.1,26.0,27.0,27.1,22.7,19.2,13.0,12.3,189.0,60.0,87.0,43.0,13.0,0.0,0.0,0.0,85.0,110.0,87.0,211.0
17220,TR,IZM,,Izmir,38.4333,27.1667,25,1936,12.1,10.0,12.5,17.0,18.8,23.7,28.6,27.5,21.9,18.2,12.8,7.6,69.0,215.0,114.0,23.0,50.0,10.0,0.0,6.0,41.0,26.0,125.0,52.0
17220,TR,IZM,,Izmir,38.4333,27.1667,25,1937,6.5,10.6,14.2,16.2,21.1,25.4,28.5,27.0,24.6,18.3,14.4,11.3,79.0,73.0,21.0,28.0,7.0,0.0,3.0,0.0,6.0,77.0,161.0,127.0
17220,TR,IZM,,Izmir,38.4333,27.1667,25,1938,8.0,7.8,9.8,14.1,19.7,25.1,28.6,28.0,22.8,18.5,12.7,11.3,69.0,125.0,34.0,48.0,31.0,0.0,0.0,0.0,16.0,16.0,58.0,136.0
17220,TR,IZM,,Izmir,38.4333,27.1667,25,1939,10.6,8.1,10.3,15.9,20.4,23.6,28.3,27.0,23.3,20.5,13.8,11.2,103.0,43.0,193.0,3.0,25.0,38.0,0.0,0.0,37.0,4.0,43.0,246.0
17220,TR,IZM,,Izmir,38.4333,27.1667,25,1940,7.0,9.8,11.1,14.5,18.3,23.2,27.6,25.2,22.0,19.4,15.1,9.8,168.0,92.0,40.0,184.0,78.0,30.0,0.0,0.0,8.0,14.0,45.0,292.0
17220,TR,IZM,,Izmir,38.4333,27.1667,25,1941,10.4,12.1,11.3,16.3,20.5,24.8,27.1,26.9,21.0,17.2,11.8,6.5,114.0,102.0,42.0,55.0,12.0,1.0,0.0,0.0,3.0,51.0,30.0,96.0
17220,TR,IZM,,Izmir,38.4333,27.1667,25,1942,5.7,10.1,10.3,15.1,21.4,26.5,26.8,26.3,23.4,18.2,12.7,8.1,208.0,141.0,10.0,15.0,0.5,1.0,0.3,9.0,1.0,26.0,194.0,34.0
17220,TR,IZM,,Izmir,38.4333,27.1667,25,1943,6.6,7.5,8.8,13.9,19.2,24.3,26.9,27.6,23.5,19.9,17.0,10.5,182.0,18.0,31.0,77.0,72.0,6.0,0.0,12.0,8.0,26.0,94.0,100.0
17220,TR,IZM,,Izmir,38.4333,27.1667,25,1944,7.4,9.8,10.7,15.7,18.4,25.7,26.8,25.8,23.0,18.7,13.4,9.8,121.0,296.0,187.0,74.0,34.0,0.0,6.0,13.0,13.0,130.0,142.0,101.0
17220,TR,IZM,,Izmir,38.4333,27.1667,25,1945,8.0,6.2,9.2,14.5,23.1,24.9,28.0,28.2,23.4,16.3,13.9,10.0,397.0,30.0,50.0,21.0,0.0,0.0,0.3,20.0,3.0,30.0,99.0,306.0
17220,TR,IZM,,Izmir,38.4333,27.1667,25,1946,8.5,8.8,10.7,15.3,20.3,26.2,28.3,28.7,25.7,17.0,15.8,10.3,53.0,153.0,81.0,16.0,35.0,10.0,0.0,0.0,2.0,63.0,111.0,358.0
17220,TR,IZM,,Izmir,38.4333,27.1667,25,1947,6.5,11.5,14.7,17.0,21.0,25.4,28.1,27.0,23.2,16.7,14.1,12.6,136.0,91.0,36.0,0.0,7.0,6.0,0.4,10.0,11.0,41.0,81.0,222.0
17220,TR,IZM,,Izmir,38.4333,27.1667,25,1948,12.0,8.0,8.5,14.6,20.1,23.2,26.9,27.3,22.7,18.2,11.9,5.5,215.0,160.0,20.0,38.0,60.0,42.0,0.0,0.0,0.0,3.0,45.0,46.0
17220,TR,IZM,,Izmir,38.4333,27.1667,25,1949,7.4,6.6,9.2,13.1,21.3,24.0,26.0,25.2,21.7,18.1,16.2,11.7,115.0,43.0,153.0,28.0,23.0,3.0,8.0,2.0,1.0,46.0,64.0,80.0
17220,TR,IZM,,Izmir,38.4333,27.1667,25,1950,5.8,9.3,11.7,18.1,20.6,25.9,29.2,27.7,25.4,18.0,13.8,13.7,82.0,31.0,40.0,27.0,31.0,18.0,0.0,0.0,3.0,20.0,68.0,23.0
17220,TR,IZM,,Izmir,38.4333,27.1667,25,1951,10.5,11.7,13.6,16.7,21.8,24.8,27.4,28.2,23.9,16.0,14.0,9.0,104.0,7.0,45.0,7.0,0.0,0.0,0.0,0.0,10.0,0.0,67.0,89.0
17220,TR,IZM,,Izmir,38.4333,27.1667,25,1952,10.1,9.4,11.1,16.8,19.7,21.5,27.3,29.1,25.9,19.6,15.3,13.6,120.0,144.0,56.0,0.0,80.0,0.0,0.0,0.0,3.0,52.0,143.0,46.0
17220,TR,IZM,,Izmir,38.4333,27.1667,25,1953,9.4,9.8,7.9,15.7,19.1,24.5,28.2,27.3,23.0,18.4,11.0,6.9,228.0,47.0,5.0,12.0,53.0,37.0,0.0,0.0,10.0,42.0,48.0,109.0
17220,TR,IZM,,Izmir,38.4333,27.1667,25,1954,6.8,7.8,12.1,13.3,19.2,26.4,28.5,27.9,24.2,19.2,14.0,10.3,141.0,100.0,103.0,54.0,64.0,0.0,0.0,0.0,0.0,49.0,149.0,203.0
17220,TR,IZM,,Izmir,38.4333,27.1667,25,1955,11.8,14.0,13.0,13.9,21.3,25.2,27.8,26.0,23.5,20.3,14.2,11.2,167.0,85.0,59.0,55.0,15.0,0.0,0.0,3.0,4.0,63.0,311.0,135.0
17220,TR,IZM,,Izmir,38.4333,27.1667,25,1956,9.9,9.2,8.6,16.2,19.9,24.6,27.9,28.2,23.2,17.5,14.0,8.5,77.0,204.0,69.0,8.0,28.0,25.0,0.0,0.0,0.0,7.0,58.0,135.0
17220,TR,IZM,,Izmir,38.4333,27.1667,25,1957,7.7,11.1,11.2,15.3,19.0,25.9,27.2,28.3,23.7,20.6,14.4,9.8,184.0,28.0,93.0,20.0,119.0,1.0,3.0,0.0,10.0,18.0,84.0,98.0
17220,TR,IZM,,Izmir,38.4333,27.1667,25,1958,8.8,11.9,12.2,15.1,21.7,24.8,27.4,27.5,22.2,17.9,14.7,12.1,166.0,59.0,183.0,63.0,39.0,0.0,6.0,1.0,16.0,30.0,96.0,177.0
17220,TR,IZM,,Izmir,38.4333,27.1667,25,1959,9.1,6.1,11.3,15.7,20.2,24.0,27.4,27.2,21.4,16.1,13.2,12.3,238.0,14.0,71.0,14.0,24.0,16.0,2.0,0.0,0.0,72.0,73.0,254.0
17220,TR,IZM,,Izmir,38.4333,27.1667,25,1960,10.0,10.2,11.2,15.0,20.8,24.1,26.9,27.4,22.7,21.5,16.1,13.8,136.0,55.0,35.0,68.0,18.0,8.0,0.0,0.0,6.0,5.0,157.0,297.0
17220,TR,IZM,,Izmir,38.4333,27.1667,25,1961,8.7,8.4,12.0,17.5,20.6,24.8,27.2,27.6,22.0,18.2,16.2,11.2,127.0,88.0,12.0,100.0,17.0,24.0,0.0,8.0,4.0,30.0,59.0,110.0
17220,TR,IZM,,Izmir,38.4333,27.1667,25,1962,10.1,8.1,13.4,15.0,21.7,25.4,27.8,28.3,23.7,19.0,17.6,11.5,55.0,148.0,152.0,57.0,1.0,4.0,0.0,0.0,28.0,32.0,94.0,291.0
17220,TR,IZM,,Izmir,38.4333,27.1667,25,1963,9.7,11.7,10.4,15.0,19.9,25.8,28.6,28.8,24.7,19.0,15.1,11.7,168.0,121.0,50.0,23.0,42.0,1.0,0.0,0.0,0.0,83.0,37.0,46.0
17220,TR,IZM,,Izmir,38.4333,27.1667,25,1964,5.4,8.0,11.5,15.8,19.5,25.2,26.9,26.0,21.9,20.3,14.3,11.7,56.0,72.0,65.0,2.0,17.0,28.0,0.0,0.0,68.0,0.0,20.0,182.0
17220,TR,IZM,,Izmir,38.4333,27.1667,25,1965,8.9,7.8,11.6,14.5,18.7,25.8,27.3,25.5,23.6,16.6,14.2,11.9,73.0,220.0,73.0,143.0,86.0,0.0,0.0,0.0,0.0,10.0,87.0,202.0
17220,TR,IZM,,Izmir,38.4333,27.1667,25,1966,9.8,12.0,11.5,16.4,19.8,24.2,27.7,27.7,22.7,21.6,17.2,10.9,187.0,43.0,154.0,24.0,29.0,6.0,0.0,17.0,28.0,6.0,94.0,305.0
17220,TR,IZM,,Izmir,38.4333,27.1667,25,1967,7.9,7.0,10.6,14.9,20.6,24.2,27.6,28.0,23.0,18.5,13.1,11.6,142.0,20.0,17.0,39.0,10.0,3.0,0.0,0.0,9.0,12.0,15.0,147.0
17220,TR,IZM,,Izmir,38.4333,27.1667,25,1968,7.8,10.3,10.7,17.3,23.6,25.2,27.7,25.8,23.1,17.5,13.9,10.4,270.0,100.0,73.0,1.0,6.0,8.0,0.0,2.0,34.0,20.0,67.0,134.0
17220,TR,IZM,,Izmir,38.4333,27.1667,25,1969,7.2,11.2,10.8,13.4,22.1,25.5,25.9,26.6,24.4,18.1,14.5,11.9,136.0,106.0,57.0,35.0,30.0,6.0,6.0,0.0,0.0,0.0,36.0,380.0
17220,TR,IZM,,Izmir,38.4333,27.1667,25,1970,10.4,11.7,12.7,17.2,19.5,25.3,27.8,27.7,22.7,16.8,13.7,9.7,72.0,184.0,69.0,26.0,22.0,10.0,0.0,0.0,2.0,92.0,62.0,88.0
17220,TR,IZM,,Izmir,38.4333,27.1667,25,1971,11.6,8.6,11.7,14.6,21.3,25.2,26.1,27.5,22.9,16.3,13.8,8.7,80.0,196.0,121.0,32.0,4.0,3.0,9.0,18.0,0.0,23.0,107.0,132.0
17220,TR,IZM,,Izmir,38.4333,27.1667,25,1972,7.4,8.8,11.8,17.5,21.0,25.8,27.0,26.9,23.6,16.7,13.2,7.8,25.0,62.0,36.0,41.0,38.0,0.0,0.0,3.0,9.0,86.0,34.0,5.0
17220,TR,IZM,,Izmir,38.4333,27.1667,25,1973,7.7,11.0,10.5,14.7,21.5,24.5,27.9,26.1,24.0,19.0,12.3,11.3,135.0,187.0,39.0,45.0,10.0,21.0,0.0,0.0,8.0,30.0,40.0,112.0
17220,TR,IZM,,Izmir,38.4333,27.1667,25,1974,5.6,10.0,11.9,14.6,20.2,25.4,28.2,27.1,23.6,20.7,13.3,8.8,13.0,148.0,127.0,23.0,29.0,1.0,0.0,2.0,12.0,60.0,118.0,168.0
17220,TR,IZM,,Izmir,38.4333,27.1667,25,1975,7.4,7.9,13.7,16.6,20.7,24.4,27.7,26.3,24.4,18.6,13.1,8.2,175.0,76.0,53.0,58.0,17.0,48.0,0.0,0.0,5.0,31.0,128.0,123.0
17220,TR,IZM,,Izmir,38.4333,27.1667,25,1976,8.3,7.0,10.5,14.9,20.5,24.5,26.2,24.4,22.0,18.7,13.6,9.9,72.0,83.0,64.0,94.0,34.0,10.0,24.0,5.0,28.0,243.0,75.0,142.0
17220,TR,IZM,,Izmir,38.4333,27.1667,25,1977,9.1,12.5,11.5,15.9,21.4,25.5,28.0,27.7,22.6,15.9,15.9,8.9,74.0,65.0,25.0,38.0,2.0,1.0,0.0,0.0,17.0,72.0,72.0,103.0
17220,TR,IZM,,Izmir,38.4333,27.1667,25,1978,8.7,11.4,12.5,15.1,20.5,25.6,28.1,25.8,21.5,18.2,12.5,11.4,248.0,179.0,124.0,75.0,41.0,4.0,0.0,0.0,52.0,66.0,80.0,28.0
17220,TR,IZM,,Izmir,38.4333,27.1667,25,1979,9.3,10.6,13.3,15.3,20.6,26.5,27.2,26.8,23.7,18.7,13.8,10.9,239.0,78.0,31.0,21.0,64.0,9.0,0.0,0.0,0.0,39.0,183.0,127.0
17220,TR,IZM,,Izmir,38.4333,27.1667,25,1980,7.4,8.3,10.7,14.7,19.8,24.6,27.6,27.0,22.2,20.1,15.6,10.5,206.0,42.0,78.0,52.0,33.0,14.0,0.0,0.0,0.0,9.0,150.0,198.0
17220,TR,IZM,,Izmir,38.4333,27.1667,25,1981,8.0,8.2,13.2,16.1,18.9,26.7,26.7,26.8,23.4,21.1,11.7,13.1,338.0,52.0,84.0,13.0,23.0,0.0,0.0,0.0,0.0,21.0,21.0,355.0
17220,TR,IZM,,Izmir,38.4333,27.1667,25,1982,9.6,6.8,9.7,14.8,19.4,25.4,26.2,26.3,24.6,18.6,12.8,10.6,64.0,53.0,11.0,98.0,52.0,0.0,0.7,0.0,0.0,78.0,76.0,129.0
17220,TR,IZM,,Izmir,38.4333,27.1667,25,1983,6.9,7.2,11.3,16.9,21.6,24.1,27.2,25.8,22.5,17.2,13.1,11.0,47.0,107.0,10.0,40.0,2.0,13.0,10.0,0.0,0.0,3.0,159.0,158.0
17220,TR,IZM,,Izmir,38.4333,27.1667,25,1984,9.6,9.7,11.0,13.8,21.7,24.5,26.6,25.2,24.3,19.8,14.2,8.9,243.0,100.0,104.0,72.0,0.0,0.0,16.0,2.0,0.0,0.0,90.0,59.0
17220,TR,IZM,,Izmir,38.4333,27.1667,25,1985,10.7,6.1,11.2,17.3,22.5,25.2,27.4,27.9,23.6,16.2,15.5,11.0,146.0,35.0,104.0,6.0,43.0,2.0,0.0,0.0,0.0,30.0,142.0,21.0
17220,TR,IZM,,Izmir,38.4333,27.1667,25,1986,10.4,10.6,11.5,17.8,20.4,25.6,27.4,28.4,24.5,18.0,11.2,9.2,283.0,152.0,32.0,44.0,7.0,21.0,0.0,0.0,1.0,22.0,23.0,122.0
17220,TR,IZM,,Izmir,38.4333,27.1667,25,1987,10.1,10.2,7.5,14.3,19.5,25.6,28.9,26.8,25.0,17.6,13.4,9.9,20.0,56.0,115.0,46.0,5.0,2.0,2.0,0.0,0.0,2.0,167.0,142.0
17220,TR,IZM,,Izmir,38.4333,27.1667,25,1988,9.8,9.3,11.0,15.4,21.3,25.9,30.1,28.2,24.0,17.9,10.8,9.9,56.0,104.0,164.0,22.0,8.0,0.0,0.0,0.0,0.0,5.0,118.0,150.0
17220,TR,IZM,,Izmir,38.4333,27.1667,25,1989,6.8,9.4,13.2,19.1,20.0,24.2,27.6,27.6,23.8,17.4,12.7,10.1,5.0,11.0,129.0,2.0,30.0,39.0,0.0,0.0,29.0,44.0,85.0,146.0
17220,TR,IZM,,Izmir,38.4333,27.1667,25,1990,7.0,9.7,13.7,16.5,20.6,25.3,28.8,27.4,23.1,19.3,16.6,11.4,31.0,86.0,22.0,65.0,4.0,3.0,0.0,2.0,8.0,20.0,24.0,279.0
17220,TR,IZM,,Izmir,38.4333,27.1667,25,1991,8.3,9.3,12.9,15.6,18.7,25.8,27.3,27.4,23.0,19.0,14.2,6.6,36.0,58.0,25.0,47.0,101.0,0.0,28.0,0.0,0.0,16.0,33.0,124.0
17220,TR,IZM,,Izmir,38.4333,27.1667,25,1992,7.0,6.5,10.7,16.0,19.6,25.3,26.7,28.6,23.2,22.1,13.3,7.4,0.0,18.0,76.0,37.0,10.0,4.0,0.0,2.0,0.0,10.0,111.0,93.0
17220,TR,IZM,,Izmir,38.4333,27.1667,25,1993,7.5,6.7,11.2,15.6,19.8,25.8,27.8,28.2,23.8,20.6,12.6,12.0,57.0,147.0,91.0,48.0,31.0,0.0,0.0,0.0,3.0,9.0,109.0,178.0
17220,TR,IZM,,Izmir,38.4333,27.1667,25,1994,10.9,9.6,11.9,17.7,21.9,25.4,28.5,29.0,26.8,21.2,12.3,9.2,71.0,95.0,78.0,49.0,33.0,1.0,0.0,0.0,0.0,69.0,85.0,154.0
17220,TR,IZM,,Izmir,38.4333,27.1667,25,1995,10.1,11.4,12.0,14.9,21.0,27.3,28.3,26.9,24.0,17.7,10.8,11.2,209.0,28.0,186.0,39.0,36.0,0.0,0.0,9.0,21.0,4.0,176.0,83.0
17220,TR,IZM,,Izmir,38.4333,27.1667,25,1996,7.6,9.9,9.4,14.0,22.5,26.6,28.3,27.3,22.3,17.3,14.8,12.6,31.0,210.0,37.0,91.0,18.0,1.0,0.0,0.0,112.0,40.0,70.0,195.0
17220,TR,IZM,,Izmir,38.4333,27.1667,25,1997,10.2,8.9,10.2,12.0,21.8,26.3,28.4,26.2,22.3,18.0,14.8,11.1,119.0,21.0,124.0,93.0,13.0,20.0,0.0,0.0,0.0,48.0,84.0,207.0
17220,TR,IZM,,Izmir,38.4333,27.1667,25,1998,9.6,10.4,9.7,17.6,20.1,26.5,29.2,29.3,23.6,19.7,15.2,9.9,172.0,70.0,134.0,34.0,122.0,0.0,3.0,0.0,40.0,84.0,272.0,157.0
17220,TR,IZM,,Izmir,38.4333,27.1667,25,1999,10.2,9.6,12.5,17.0,22.4,26.5,29.2,29.7,24.2,20.2,14.8,13.2,94.0,249.0,78.0,14.0,13.0,1.0,0.0,0.0,0.0,29.0,48.0,128.0
17220,TR,IZM,,Izmir,38.4333,27.1667,25,2000,6.1,9.2,11.1,17.8,21.7,26.6,29.9,28.6,24.4,18.2,15.7,11.0,96.0,92.0,78.0,48.0,5.0,0.0,0.0,0.0,0.0,92.0,108.0,36.0
17220,TR,IZM,,Izmir,38.4333,27.1667,25,2001,10.9,10.5,16.5,16.8,21.4,26.1,29.6,29.2,24.5,20.2,13.5,8.5,91.0,109.0,16.0,66.0,18.0,17.0,0.0,35.0,23.0,0.0,284.0,270.0
17220,TR,IZM,,Izmir,38.4333,27.1667,25,2002,7.8,12.5,13.4,15.5,21.0,27.2,28.9,28.0,23.2,19.1,14.6,8.8,35.0,34.0,91.0,51.0,10.0,0.0,2.0,0.5,66.0,87.0,126.0,148.0
17220,TR,IZM,,Izmir,38.4333,27.1667,25,2003,12.0,5.6,9.4,13.6,22.4,27.5,28.5,29.0,23.4,20.4,14.2,10.3,103.0,201.0,25.0,105.0,10.0,0.0,0.0,0.0,0.0,67.0,16.0,116.0
17220,TR,IZM,,Izmir,38.4333,27.1667,25,2004,8.3,9.4,12.9,16.6,20.4,26.1,28.6,27.4,24.1,21.0,14.4,11.1,229.0,28.0,21.0,30.0,11.0,4.0,1.0,0.0,0.0,2.0,100.0,78.0
17220,TR,IZM,,Izmir,38.4333,27.1667,25,2005,9.9,8.7,12.1,16.4,21.5,25.0,28.8,28.5,24.1,17.9,12.9,11.3,124.0,287.0,91.0,17.0,36.0,21.0,0.0,0.0,7.0,23.0,156.0,68.0
17220,TR,IZM,,Izmir,38.4333,27.1667,25,2006,6.9,9.6,12.2,18.6,21.1,25.7,28.1,29.2,23.8,19.2,12.4,9.7,78.0,93.0,181.0,29.0,0.0,10.0,0.0,0.0,167.0,115.0,63.0,9.0
17220,TR,IZM,,Izmir,38.4333,27.1667,25,2007,10.7,10.6,13.3,16.2,22.4,27.5,30.1,29.2,24.4,19.7,13.9,9.0,33.0,23.0,30.0,19.0,44.0,0.0,0.0,0.0,0.0,108.0,112.0,119.0
17220,TR,IZM,,Izmir,38.4333,27.1667,25,2008,7.6,9.3,15.2,18.0,21.0,27.0,28.6,29.2,23.9,19.6,15.7,11.5,30.0,9.0,60.0,62.0,5.0,0.0,0.0,0.0,55.0,12.0,93.0,101.0
17220,TR,IZM,,Izmir,38.4333,27.1667,25,2009,10.5,10.0,11.7,16.0,21.4,26.2,29.0,27.8,23.2,20.8,14.6,13.1,204.0,165.0,176.0,84.0,44.0,9.0,0.0,0.0,51.0,26.0,160.0,152.0
17220,TR,IZM,,Izmir,38.4333,27.1667,25,2010,10.6,12.6,13.3,17.4,21.8,25.5,28.8,30.2,24.8,18.8,18.1,13.3,142.0,301.0,16.0,20.0,27.0,76.0,0.0,0.0,12.0,232.0,32.0,156.0
17220,TR,IZM,,Izmir,38.4333,27.1667,25,2011,9.0,10.3,12.0,14.5,20.1,25.4,29.0,28.1,25.6,17.1,11.1,10.7,101.0,107.0,19.0,65.0,29.0,0.0,0.0,0.0,9.0,90.0,0.0,140.0
17220,TR,IZM,,Izmir,38.4333,27.1667,25,2012,6.7,7.6,11.3,17.5,20.5,27.3,30.1,28.4,24.3,21.8,16.4,10.7,128.0,128.0,35.0,105.0,87.0,20.0,,0.0,0.5,22.0,57.0,218.0
17220,TR,IZM,,Izmir,38.4333,27.1667,25,2013,9.4,11.2,14.0,17.2,22.7,25.7,28.4,28.7,24.0,17.2,15.0,8.5,252.0,187.0,57.0,30.0,44.0,27.0,0.0,20.0,5.0,94.0,129.0,9.0
17220,TR,IZM,,Izmir,38.4333,27.1667,25,2014,11.7,11.7,13.2,17.0,20.8,25.0,27.8,28.4,23.9,18.9,14.1,12.1,150.0,15.0,106.0,132.0,15.0,48.0,1.0,4.0,11.0,91.0,32.0,249.0
17220,TR,IZM,,Izmir,38.4333,27.1667,25,2015,8.6,9.2,11.3,14.4,21.3,23.8,28.2,28.5,25.2,19.3,15.0,9.2,175.0,101.0,114.0,31.0,29.0,52.0,0.0,35.0,7.0,84.0,101.0,0.0
17220,TR,IZM,,Izmir,38.4333,27.1667,25,2016,8.9,14.0,13.7,19.0,20.7,27.5,29.3,28.9,24.6,19.3,14.1,7.0,233.0,85.0,122.0,28.0,37.0,3.0,0.0,0.0,9.0,0.0,124.0,20.0
17220,TR,IZM,,Izmir,38.4333,27.1667,25,2017,6.8,10.9,13.4,16.5,21.6,26.3,29.4,29.0,25.0,18.8,14.0,12.3,286.0,45.0,123.0,20.0,46.0,3.0,0.0,0.0,0.0,61.0,62.0,118.0
17220,TR,IZM,,Izmir,38.4333,27.1667,25,2018,9.6,12.4,16.0,19.1,23.8,26.3,28.9,29.0,25.3,19.6,15.3,9.4,98.0,132.0,52.0,4.0,22.0,13.0,0.5,0.5,4.0,17.0,31.0,73.0
17220,TR,IZM,,Izmir,38.4333,27.1667,25,2019,9.2,10.4,13.7,16.2,21.7,27.4,28.2,29.5,24.3,20.6,18.0,11.7,256.0,82.0,41.0,51.0,13.0,23.0,0.9,0.0,33.0,23.0,59.0,96.0
17220,TR,IZM,,Izmir,38.4333,27.1667,25,2020,8.7,11.2,13.7,16.3,21.4,25.1,29.2,28.7,26.8,21.5,14.6,12.7,40.0,70.0,59.0,54.0,76.0,38.0,0.0,0.0,0.0,59.0,5.0,272.0
17220,TR,IZM,,Izmir,38.4333,27.1667,25,2021,11.2,11.6,11.4,16.6,23.8,26.1,30.6,30.1,25.8,20.6,18.3,13.1,195.0,189.0,106.0,37.0,3.0,28.0,0.0,0.0,0.1,36.0,33.0,230.0
17220,TR,IZM,,Izmir,38.4333,27.1667,25,2022,8.1,10.4,9.0,17.4,21.9,26.8,29.2,28.8,24.9,20.4,16.0,13.5,53.0,149.0,17.0,15.0,14.0,16.0,0.0,22.0,0.0,0.0,84.0,98.0
17220,TR,IZM,,Izmir,38.4333,27.1667,25,2023,11.3,9.7,13.4,16.1,20.3,25.3,30.4,29.1,25.4,20.7,17.2,13.5,138.0,15.0,88.0,75.0,15.0,70.0,28.0,8.0,27.0,4.0,222.0,116.0
17220,TR,IZM,,Izmir,38.4333,27.1667,25,2024,10.6,12.3,14.1,20.0,20.7,29.2,30.9,29.6,25.0,20.3,13.9,11.8,132.0,53.0,52.0,25.0,24.0,0.3,6.0,0.0,36.0,0.2,43.0,198.0
17220,TR,IZM,,Izmir,38.4333,27.1667,25,2025,11.9,8.2,15.3,15.5,21.6,28.2,30.5,29.4,25.3,18.6,17.1,10.9,109.0,19.0,6.0,56.0,22.0,0.0,0.0,1.0,8.0,81.0,63.0,67.0
17220,TR,IZM,,Izmir,38.4333,27.1667,25,2026,10.7,12.1,11.9,16.2,,,,,,,,,232.0,291.0,74.0,103.0,,,,,,,,
17116,TR,BRS,LTBE,Bursa,40.1833,29.0667,101,1931,,,,,,,,,,,,,128,62,95,108,48.0,63.0,3.0,8.0,67.0,60.0,66.0,107.0
17116,TR,BRS,LTBE,Bursa,40.1833,29.0667,101,1932,,,,,,,,,,,,,78,82,68,73,38.0,60.0,2.0,1.0,2.0,16.0,76.0,19.0
17116,TR,BRS,LTBE,Bursa,40.1833,29.0667,101,1933,,,,,,,,,,,,,56,132,30,51,177.0,29.0,62.0,9.0,20.0,44.0,75.0,195.0
17116,TR,BRS,LTBE,Bursa,40.1833,29.0667,101,1934,,,,,,,,,,,,,45,110,16,14,31.0,25.0,39.0,15.0,2.0,48.0,57.0,46.0
17116,TR,BRS,LTBE,Bursa,40.1833,29.0667,101,1935,,,,,,,,,,,,,40,69,50,59,45.0,30.0,9.0,6.0,141.0,56.0,97.0,86.0
17116,TR,BRS,LTBE,Bursa,40.1833,29.0667,101,1936,,,,,,,,,,,,,43,172,59,54,83.0,34.0,114.0,0.5,16.0,91.0,96.0,53.0
17116,TR,BRS,LTBE,Bursa,40.1833,29.0667,101,1937,,,,,,,,,,,,,86,68,12,88,,3.0,3.0,74.0,0.0,107.0,117.0,90.0
17116,TR,BRS,LTBE,Bursa,40.1833,29.0667,101,1938,,,,,,,,,,,,,82,42,79,85,65.0,6.0,57.0,15.0,118.0,42.0,25.0,67.0
17116,TR,BRS,LTBE,Bursa,40.1833,29.0667,101,1939,,,,,,,,,,,,,71,43,154,3,65.0,47.0,18.0,62.0,67.0,32.0,149.0,205.0
17116,TR,BRS,LTBE,Bursa,40.1833,29.0667,101,1940,,,,,,,,,,,,,63,93,86,137,55.0,35.0,2.0,43.0,27.0,49.0,108.0,239.0
17116,TR,BRS,LTBE,Bursa,40.1833,29.0667,101,1941,,,,,,,,,,,,,132,106,40,37,108.0,66.0,104.0,0.0,16.0,196.0,84.0,101.0
17116,TR,BRS,LTBE,Bursa,40.1833,29.0667,101,1942,,,,,,,,,,,,,193,54,32,50,14.0,5.0,,108.0,93.0,77.0,123.0,27.0
17116,TR,BRS,LTBE,Bursa,40.1833,29.0667,101,1943,,,,,,,,,,,,,145,33,21,78,123.0,81.0,27.0,,80.0,59.0,77.0,101.0
17116,TR,BRS,LTBE,Bursa,40.1833,29.0667,101,1944,,,,,,,,,,,,,90,108,201,46,87.0,3.0,22.0,6.0,9.0,74.0,55.0,64.0
17116,TR,BRS,LTBE,Bursa,40.1833,29.0667,101,1945,,,,,,,,,,,,,221,56,108,81,,3.0,0.1,10.0,12.0,48.0,41.0,133.0
17116,TR,BRS,LTBE,Bursa,40.1833,29.0667,101,1946,,,,,,,,,,,,,26,130,112,26,61.0,6.0,1.0,15.0,,83.0,67.0,43.0
17116,TR,BRS,LTBE,Bursa,40.1833,29.0667,101,1947,,,,,,,,,,,,,98,77,49,25,19.0,32.0,37.0,46.0,60.0,62.0,87.0,113.0
17116,TR,BRS,LTBE,Bursa,40.1833,29.0667,101,1948,,,,,,,,,,,,,79,206,87,87,71.0,85.0,,0.8,4.0,35.0,56.0,45.0
17116,TR,BRS,LTBE,Bursa,40.1833,29.0667,101,1949,3.3,2.9,5.9,10.1,18.8,21.5,22.2,21.8,17.6,14.5,13.6,8.4,49,32,113,88,37.0,44.0,124.0,11.0,185.0,0.2,38.0,100.0
17116,TR,BRS,LTBE,Bursa,40.1833,29.0667,101,1950,2.0,4.9,8.1,15.9,17.4,22.2,25.0,23.9,21.6,13.6,10.2,10.0,148,88,41,29,32.0,21.0,0.9,8.0,44.0,56.0,84.0,65.0
17116,TR,BRS,LTBE,Bursa,40.1833,29.0667,101,1951,7.3,8.3,10.8,13.8,18.5,21.4,24.5,24.7,20.7,12.5,11.7,4.7,87,104,104,42,39.0,6.0,0.0,20.0,19.0,30.0,54.0,107.0
17116,TR,BRS,LTBE,Bursa,40.1833,29.0667,101,1952,6.8,6.8,8.6,13.1,16.3,20.1,23.5,25.4,22.5,16.0,12.8,11.5,111,146,43,22,65.0,57.0,7.0,0.0,30.0,108.0,138.0,47.0
17116,TR,BRS,LTBE,Bursa,40.1833,29.0667,101,1953,7.4,6.9,4.2,12.1,16.0,21.6,24.8,24.0,18.9,14.8,7.7,2.6,97,147,91,49,71.0,40.0,0.0,7.0,40.0,74.0,44.0,30.0
17116,TR,BRS,LTBE,Bursa,40.1833,29.0667,101,1954,1.5,2.8,8.7,10.4,17.4,23.2,25.7,25.1,20.9,15.9,11.5,7.5,122,71,55,45,69.0,6.0,4.0,0.0,57.0,4.0,66.0,81.0
17116,TR,BRS,LTBE,Bursa,40.1833,29.0667,101,1955,9.6,12.2,9.4,9.7,17.3,21.3,24.9,22.9,20.6,18.3,10.8,8.5,62,96,32,81,1.0,6.0,32.0,37.0,17.0,54.0,190.0,55.0
17116,TR,BRS,LTBE,Bursa,40.1833,29.0667,101,1956,6.9,5.6,5.0,13.7,16.6,21.2,24.4,24.9,18.6,13.6,10.3,4.9,90,105,62,30,42.0,22.0,10.0,11.0,7.0,25.0,89.0,47.0
17116,TR,BRS,LTBE,Bursa,40.1833,29.0667,101,1957,4.1,8.4,7.2,11.8,15.8,22.0,24.5,25.0,21.5,16.8,11.1,6.4,27,48,62,26,68.0,7.0,19.0,2.0,42.0,34.0,67.0,151.0
17116,TR,BRS,LTBE,Bursa,40.1833,29.0667,101,1958,5.8,9.6,9.1,12.3,18.3,21.7,24.2,23.8,18.1,13.6,10.6,8.3,115,21,181,63,36.0,30.0,3.0,16.0,53.0,89.0,34.0,94.0
17116,TR,BRS,LTBE,Bursa,40.1833,29.0667,101,1959,6.1,2.0,6.9,12.7,16.0,20.2,24.0,23.5,16.6,11.9,9.7,9.6,162,39,39,38,74.0,63.0,66.0,1.0,19.0,43.0,81.0,72.0
17116,TR,BRS,LTBE,Bursa,40.1833,29.0667,101,1960,7.4,6.9,8.0,11.3,16.6,20.0,22.7,23.1,18.8,17.6,12.2,10.7,128,64,61,56,57.0,83.0,17.0,4.0,12.0,23.0,69.0,159.0
17116,TR,BRS,LTBE,Bursa,40.1833,29.0667,101,1961,3.4,4.4,7.8,13.8,16.6,20.8,22.8,23.1,17.5,14.0,12.1,7.6,78,50,48,28,31.0,45.0,9.0,1.0,17.0,38.0,47.0,55.0
17116,TR,BRS,LTBE,Bursa,40.1833,29.0667,101,1962,5.7,4.3,9.9,10.8,17.3,20.1,23.0,24.3,19.3,15.2,13.7,7.9,33,121,110,89,5.0,7.0,21.0,0.0,22.0,112.0,69.0,229.0
17116,TR,BRS,LTBE,Bursa,40.1833,29.0667,101,1963,5.2,8.7,6.1,9.5,14.7,20.6,24.0,20.4,14.7,14.7,9.7,7.8,170,58,80,69,77.0,34.0,3.0,0.0,31.0,43.0,39.0,244.0
17116,TR,BRS,LTBE,Bursa,40.1833,29.0667,101,1964,0.4,4.0,7.4,11.4,14.2,21.0,22.8,21.6,17.6,14.6,9.7,8.7,18,77,95,27,51.0,3.0,2.0,31.0,94.0,2.0,104.0,162.0
17116,TR,BRS,LTBE,Bursa,40.1833,29.0667,101,1965,5.5,3.3,7.8,11.5,15.3,21.6,23.0,20.8,19.4,11.8,11.6,9.0,30,166,51,85,45.0,22.0,31.0,7.0,0.0,23.0,112.0,83.0
17116,TR,BRS,LTBE,Bursa,40.1833,29.0667,101,1966,6.0,9.6,8.4,13.3,15.9,20.2,24.6,24.3,18.9,17.6,14.3,7.6,127,12,130,99,16.0,37.0,0.0,70.0,5.0,28.0,48.0,103.0
17116,TR,BRS,LTBE,Bursa,40.1833,29.0667,101,1967,2.3,2.8,7.1,11.6,16.4,20.3,23.5,23.9,19.4,14.6,8.5,7.8,149,64,63,67,28.0,22.0,15.0,1.0,17.0,96.0,80.0,111.0
17116,TR,BRS,LTBE,Bursa,40.1833,29.0667,101,1968,2.6,5.9,7.5,12.8,18.5,20.5,23.2,21.2,17.9,12.7,10.1,7.0,210,61,77,27,12.0,31.0,0.0,53.0,121.0,84.0,76.0,81.0
17116,TR,BRS,LTBE,Bursa,40.1833,29.0667,101,1969,3.5,7.1,6.7,9.6,17.4,21.7,21.4,22.7,20.6,13.5,10.4,9.9,95,92,62,94,22.0,43.0,18.0,0.0,0.0,9.0,28.0,147.0
17116,TR,BRS,LTBE,Bursa,40.1833,29.0667,101,1970,7.2,8.4,10.4,14.3,15.2,20.3,23.6,22.7,18.1,12.7,9.6,6.1,102,159,62,91,68.0,21.0,1.0,12.0,47.0,78.0,62.0,170.0
17116,TR,BRS,LTBE,Bursa,40.1833,29.0667,101,1971,8.6,6.3,8.3,11.3,17.6,21.7,22.8,23.6,19.4,12.4,10.3,5.3,35,67,140,32,25.0,16.0,19.0,27.0,24.0,54.0,67.0,132.0
17116,TR,BRS,LTBE,Bursa,40.1833,29.0667,101,1972,2.7,4.0,7.6,15.1,17.3,22.3,24.4,23.7,19.6,14.2,9.8,4.0,32,24,30,80,48.0,34.0,13.0,69.0,103.0,102.0,70.0,17.0
17116,TR,BRS,LTBE,Bursa,40.1833,29.0667,101,1973,4.2,8.3,6.1,12.3,17.5,19.8,23.8,22.0,20.1,16.3,7.9,6.9,48,70,62,99,61.0,26.0,3.0,46.0,12.0,33.0,108.0,137.0
17116,TR,BRS,LTBE,Bursa,40.1833,29.0667,101,1974,1.8,6.8,8.3,10.8,17.2,21.2,23.8,22.3,19.3,18.5,10.4,5.4,47,35,75,70,107.0,14.0,16.0,50.0,50.0,29.0,84.0,137.0
17116,TR,BRS,LTBE,Bursa,40.1833,29.0667,101,1975,4.4,4.6,10.3,14.3,17.3,21.3,24.0,23.0,20.3,14.5,9.9,4.1,64,65,92,48,97.0,65.0,4.0,16.0,5.0,211.0,67.0,167.0
17116,TR,BRS,LTBE,Bursa,40.1833,29.0667,101,1976,4.3,3.7,6.7,12.6,16.2,20.4,23.0,20.4,18.3,15.4,11.4,6.9,75,72,26,46,62.0,33.0,27.0,33.0,41.0,41.0,50.0,123.0
17116,TR,BRS,LTBE,Bursa,40.1833,29.0667,101,1977,5.4,10.6,7.9,12.4,17.1,21.7,24.2,24.6,19.5,11.8,12.6,5.6,53,22,46,86,9.0,15.0,0.0,0.0,20.0,33.0,63.0,154.0
17116,TR,BRS,LTBE,Bursa,40.1833,29.0667,101,1978,4.6,8.4,9.8,12.4,17.8,21.9,23.7,21.9,18.5,14.7,8.1,7.6,98,85,71,72,23.0,13.0,163.0,0.0,103.0,68.0,38.0,37.0
17116,TR,BRS,LTBE,Bursa,40.1833,29.0667,101,1979,6.7,7.9,10.5,12.8,17.1,22.9,23.7,23.2,19.6,15.0,11.2,7.2,123,69,21,60,87.0,12.0,6.0,34.0,26.0,23.0,51.0,81.0
17116,TR,BRS,LTBE,Bursa,40.1833,29.0667,101,1980,3.2,4.6,6.9,11.6,16.9,21.1,23.6,23.6,18.4,16.2,12.0,8.1,152,63,116,52,40.0,45.0,19.0,2.0,15.0,25.0,128.0,101.0
17116,TR,BRS,LTBE,Bursa,40.1833,29.0667,101,1981,5.5,5.6,10.0,12.6,15.2,22.6,23.1,23.1,19.8,16.8,8.0,11.2,168,64,64,6,60.0,11.0,39.0,9.0,88.0,63.0,60.0,204.0
17116,TR,BRS,LTBE,Bursa,40.1833,29.0667,101,1982,5.3,2.5,6.8,12.0,15.5,21.5,21.5,22.6,21.2,15.5,8.7,9.0,119,42,44,106,74.0,11.0,53.0,0.5,0.2,35.0,16.0,95.0
17116,TR,BRS,LTBE,Bursa,40.1833,29.0667,101,1983,2.5,4.5,8.7,14.2,18.1,20.3,23.7,21.9,19.4,13.4,9.6,7.3,90,105,2,60,48.0,31.0,27.0,7.0,24.0,46.0,119.0,59.0
17116,TR,BRS,LTBE,Bursa,40.1833,29.0667,101,1984,6.4,6.7,7.6,10.1,18.4,20.7,22.5,21.2,20.8,16.0,11.0,4.7,86,64,86,97,40.0,25.0,45.0,0.0,0.0,6.0,51.0,23.0
17116,TR,BRS,LTBE,Bursa,40.1833,29.0667,101,1985,8.0,1.5,6.8,14.0,19.2,21.3,22.9,24.3,19.0,12.5,12.3,7.6,105,74,25,33,49.0,21.0,0.0,0.0,9.0,79.0,121.0,45.0
17116,TR,BRS,LTBE,Bursa,40.1833,29.0667,101,1986,8.4,7.8,7.5,14.2,15.8,22.3,23.8,25.2,20.9,14.0,7.5,5.6,136,100,4,21,14.0,82.0,0.0,0.0,0.0,53.0,54.0,144.0
17116,TR,BRS,LTBE,Bursa,40.1833,29.0667,101,1987,5.8,7.1,4.1,11.0,16.6,21.3,24.4,22.4,20.5,14.0,10.6,6.5,174,25,65,42,57.0,53.0,33.0,28.0,0.3,64.0,89.0,140.0
17116,TR,BRS,LTBE,Bursa,40.1833,29.0667,101,1988,6.7,6.2,8.8,12.0,17.1,22.1,26.0,24.5,19.9,14.1,7.6,6.9,16,58,77,62,17.0,29.0,1.0,1.0,13.0,54.0,134.0,87.0
17116,TR,BRS,LTBE,Bursa,40.1833,29.0667,101,1989,2.8,6.0,10.4,16.9,17.0,21.1,23.6,24.4,20.0,13.8,8.9,5.5,28,7,24,8,44.0,45.0,0.0,0.0,15.0,169.0,109.0,93.0
17116,TR,BRS,LTBE,Bursa,40.1833,29.0667,101,1990,3.0,6.5,8.8,14.0,16.4,21.3,24.3,23.6,18.5,15.2,13.5,8.1,33,55,27,70,67.0,19.0,39.0,0.3,57.0,80.0,142.0,128.0
17116,TR,BRS,LTBE,Bursa,40.1833,29.0667,101,1991,5.0,5.0,7.5,11.9,16.4,21.2,23.8,23.9,19.1,15.3,11.0,3.5,31,50,20,142,184.0,0.3,17.0,0.5,72.0,92.0,24.0,44.0
17116,TR,BRS,LTBE,Bursa,40.1833,29.0667,101,1992,2.4,1.1,7.1,12.6,15.1,21.9,22.4,25.1,19.0,18.5,8.8,3.8,25,72,71,34,17.0,69.0,15.0,0.0,11.0,107.0,71.0,66.0
17116,TR,BRS,LTBE,Bursa,40.1833,29.0667,101,1993,3.3,3.3,7.6,12.1,15.9,21.4,23.5,23.9,19.4,16.7,8.9,8.2,54,63,34,58,50.0,5.0,5.0,22.0,41.0,21.0,92.0,67.0
17116,TR,BRS,LTBE,Bursa,40.1833,29.0667,101,1994,7.2,6.2,8.9,14.8,18.6,21.1,24.6,24.5,23.6,18.0,8.7,4.9,60,62,27,144,238.0,88.0,0.0,46.0,1.0,91.0,129.0,102.0
17116,TR,BRS,LTBE,Bursa,40.1833,29.0667,101,1995,6.4,8.2,9.1,12.2,18.4,23.6,24.1,23.8,20.5,13.4,7.6,8.2,95,15,148,85,3.0,19.0,18.0,25.0,25.0,40.0,78.0,50.0
17116,TR,BRS,LTBE,Bursa,40.1833,29.0667,101,1996,3.7,6.4,5.3,9.9,19.7,21.6,24.5,24.0,19.1,13.7,10.7,10.1,51,96,97,97,25.0,5.0,0.3,2.0,61.0,61.0,26.0,40.0
17116,TR,BRS,LTBE,Bursa,40.1833,29.0667,101,1997,6.2,4.3,6.1,9.6,18.1,22.0,24.5,21.4,17.1,14.8,10.6,7.5,139,73,65,146,13.0,36.0,39.0,84.0,2.0,163.0,51.0,152.0
17116,TR,BRS,LTBE,Bursa,40.1833,29.0667,101,1998,5.1,6.5,6.0,15.1,17.1,22.1,24.8,25.3,20.1,15.8,11.9,6.4,40,93,94,35,109.0,36.0,12.0,0.0,82.0,143.0,78.0,78.0
17116,TR,BRS,LTBE,Bursa,40.1833,29.0667,101,1999,6.5,6.5,8.9,14.5,19.0,22.6,25.6,24.8,20.9,16.1,10.9,9.4,38,148,78,21,4.0,76.0,2.0,23.0,13.0,55.0,90.0,61.0
17116,TR,BRS,LTBE,Bursa,40.1833,29.0667,101,2000,2.2,5.4,7.4,14.8,17.6,21.7,25.6,24.5,20.6,14.6,12.2,7.5,96,96,123,138,26.0,28.0,21.0,14.0,72.0,101.0,26.0,53.0
17116,TR,BRS,LTBE,Bursa,40.1833,29.0667,101,2001,7.9,7.6,14.4,14.1,17.7,22.6,26.5,25.4,20.9,15.7,10.1,4.5,8,68,50,86,77.0,5.0,2.0,26.0,39.0,3.0,140.0,219.0
17116,TR,BRS,LTBE,Bursa,40.1833,29.0667,101,2002,2.9,8.7,10.0,11.3,17.5,22.4,26.8,24.2,20.3,15.6,11.1,5.0,62,42,88,127,51.0,25.0,50.0,31.0,67.0,126.0,68.0,26.0
17116,TR,BRS,LTBE,Bursa,40.1833,29.0667,101,2003,8.9,2.8,4.6,9.9,18.8,23.5,25.3,25.6,19.2,16.6,10.0,6.0,57,106,33,112,46.0,2.0,0.0,0.0,67.0,125.0,68.0,91.0
17116,TR,BRS,LTBE,Bursa,40.1833,29.0667,101,2004,5.0,5.1,9.4,13.1,17.6,22.3,24.4,23.8,20.9,17.4,11.0,7.1,155,73,62,50,23.0,38.0,5.0,26.0,0.0,16.0,95.0,44.0
17116,TR,BRS,LTBE,Bursa,40.1833,29.0667,101,2005,6.5,6.9,8.5,14.0,17.8,21.2,24.9,25.4,20.4,14.0,9.6,8.0,150,78,88,43,36.0,21.0,55.0,3.0,92.0,33.0,110.0,88.0
17116,TR,BRS,LTBE,Bursa,40.1833,29.0667,101,2006,3.4,5.4,9.6,13.7,17.9,22.0,24.2,26.8,20.0,16.3,8.4,5.6,66,133,57,13,9.0,63.0,2.0,3.0,91.0,26.0,101.0,28.0
17116,TR,BRS,LTBE,Bursa,40.1833,29.0667,101,2007,6.8,7.1,9.7,11.5,19.9,24.4,26.1,26.5,20.9,16.4,10.3,5.7,64,21,58,33,25.0,51.0,13.0,1.0,3.0,95.0,140.0,159.0
17116,TR,BRS,LTBE,Bursa,40.1833,29.0667,101,2008,3.0,5.3,12.0,15.3,18.1,23.7,25.0,26.3,20.4,15.8,12.1,7.6,57,46,119,38,22.0,29.0,0.0,0.0,132.0,37.0,65.0,94.0
17116,TR,BRS,LTBE,Bursa,40.1833,29.0667,101,2009,6.4,7.4,8.9,12.1,18.3,23.6,25.7,24.3,19.8,17.2,10.1,9.6,117,157,121,27,19.0,9.0,4.0,0.0,67.0,38.0,81.0,119.0
17116,TR,BRS,LTBE,Bursa,40.1833,29.0667,101,2010,7.0,9.7,9.0,13.5,19.3,22.4,25.4,27.6,21.4,14.7,15.6,9.9,150,179,115,63,29.0,135.0,25.0,5.0,53.0,397.0,24.0,153.0
17116,TR,BRS,LTBE,Bursa,40.1833,29.0667,101,2011,5.6,6.2,8.3,10.5,16.7,21.9,26.2,23.5,21.5,12.8,6.4,7.3,72,18,67,77,27.0,14.0,5.0,29.0,33.0,113.0,2.0,121.0
17116,TR,BRS,LTBE,Bursa,40.1833,29.0667,101,2012,3.0,3.4,7.2,15.2,17.8,24.3,26.7,25.2,21.9,18.6,12.7,7.5,121,124,90,100,81.0,4.0,7.0,2.0,14.0,35.0,53.0,155.0
17116,TR,BRS,LTBE,Bursa,40.1833,29.0667,101,2013,7.1,9.2,11.3,13.7,20.1,22.4,24.3,25.7,20.3,13.0,11.8,4.9,106,96,86,52,24.0,62.0,22.0,2.0,18.0,140.0,69.0,50.0
17116,TR,BRS,LTBE,Bursa,40.1833,29.0667,101,2014,9.0,8.6,10.7,14.4,18.3,22.3,25.5,25.4,20.6,16.4,11.3,9.4,38,25,64,125,103.0,118.0,5.0,46.0,120.0,77.0,77.0,216.0
17116,TR,BRS,LTBE,Bursa,40.1833,29.0667,101,2015,5.5,7.3,9.1,11.6,19.2,21.4,25.9,26.2,23.5,16.1,12.7,6.1,155,93,88,128,51.0,54.0,0.0,6.0,108.0,108.0,29.0,7.0
17116,TR,BRS,LTBE,Bursa,40.1833,29.0667,101,2016,5.6,11.3,11.2,16.4,18.4,24.5,25.8,26.3,21.4,15.7,10.9,2.9,158,86,81,23,74.0,37.0,0.0,9.0,34.0,17.0,57.0,125.0
17116,TR,BRS,LTBE,Bursa,40.1833,29.0667,101,2017,3.5,8.4,10.3,13.0,18.0,23.1,25.9,25.5,23.0,14.7,11.1,9.8,101,18,29,51,87.0,81.0,19.0,6.0,16.0,68.0,40.0,132.0
17116,TR,BRS,LTBE,Bursa,40.1833,29.0667,101,2018,7.0,10.2,13.2,15.7,19.9,23.5,26.1,26.3,21.7,16.8,12.2,6.0,72,74,125,15,95.0,60.0,15.0,4.0,49.0,18.0,34.0,33.0
17116,TR,BRS,LTBE,Bursa,40.1833,29.0667,101,2019,6.7,6.8,9.7,12.9,19.9,24.4,24.9,24.7,21.4,17.4,15.3,8.3,44,39,15,47,48.0,34.0,19.0,7.0,14.0,39.0,39.0,72.0
17116,TR,BRS,LTBE,Bursa,40.1833,29.0667,101,2020,5.7,8.8,10.3,12.6,18.5,22.9,25.8,25.5,23.0,18.5,10.4,11.0,62,98,72,35,104.0,65.0,0.0,2.0,23.0,88.0,13.0,16.0
17116,TR,BRS,LTBE,Bursa,40.1833,29.0667,101,2021,8.1,8.3,7.0,13.0,19.4,21.8,26.2,26.4,20.5,15.0,12.8,9.9,288,68,101,57,30.0,61.0,25.0,0.2,8.0,51.0,40.0,94.0
17116,TR,BRS,LTBE,Bursa,40.1833,29.0667,101,2022,4.7,7.4,5.1,14.7,18.7,23.2,24.9,27.1,21.4,16.1,13.4,10.4,56,111,49,34,26.0,92.0,1.0,51.0,14.0,16.0,24.0,37.0
17116,TR,BRS,LTBE,Bursa,40.1833,29.0667,101,2023,8.3,6.6,10.5,13.2,16.8,22.1,26.6,27.4,22.9,18.1,14.2,10.9,28,71,109,121,43.0,49.0,8.0,0.3,8.0,46.0,248.0,57.0
17116,TR,BRS,LTBE,Bursa,40.1833,29.0667,101,2024,7.8,9.9,10.8,17.3,17.1,26.5,27.6,26.8,22.9,16.4,10.9,9.2,132,21,66,23,46.0,0.0,61.0,0.0,43.0,18.0,122.0,83.0
17116,TR,BRS,LTBE,Bursa,40.1833,29.0667,101,2025,8.0,4.8,12.0,11.9,18.3,24.3,28.3,26.4,22.3,16.0,13.3,7.6,84,32,38,37,29.0,0.0,0.0,9.0,15.0,70.0,51.0,64.0
17116,TR,BRS,LTBE,Bursa,40.1833,29.0667,101,2026,8.5,9.6,8.7,12.4,,,,,,,,,114,113,93,65,,,,,,,,
17124,TR,ESK,LTBI,Eskisehir,39.7833,30.5667,785,1931,1.6,3.2,6.0,8.5,14.5,18.3,22.5,21.5,17.9,11.7,2.9,0.0,41.0,48.0,34.0,48.0,44.0,55.0,12.0,1.0,10.0,4.0,17.0,66.0
17124,TR,ESK,LTBI,Eskisehir,39.7833,30.5667,785,1932,1.3,-2.6,4.6,10.7,14.8,18.9,21.4,20.6,18.4,16.9,6.5,1.0,14.0,21.0,43.0,29.0,16.0,14.0,3.0,0.6,0.2,10.0,41.0,4.0
17124,TR,ESK,LTBI,Eskisehir,39.7833,30.5667,785,1933,-1.2,2.3,2.8,7.2,13.5,17.0,19.3,20.3,15.0,12.2,9.8,-2.0,42.0,25.0,27.0,19.0,100.0,62.0,20.0,18.0,18.0,1.0,40.0,69.0
17124,TR,ESK,LTBI,Eskisehir,39.7833,30.5667,785,1934,-0.0,-2.4,8.3,12.6,15.8,18.4,21.6,21.5,17.3,12.5,8.5,4.0,36.0,19.0,23.0,22.0,72.0,41.0,3.0,3.0,27.0,30.0,24.0,34.0
17124,TR,ESK,LTBI,Eskisehir,39.7833,30.5667,785,1935,-2.9,1.4,4.2,10.4,16.1,19.2,20.0,22.0,18.0,13.5,5.6,6.1,42.0,33.0,45.0,39.0,20.0,11.0,0.3,2.0,20.0,18.0,56.0,46.0
17124,TR,ESK,LTBI,Eskisehir,39.7833,30.5667,785,1936,3.4,4.0,7.3,11.6,13.4,16.9,21.6,22.1,15.3,13.0,6.2,-2.1,15.0,50.0,27.0,30.0,103.0,58.0,45.0,0.6,10.0,24.0,31.0,18.0
17124,TR,ESK,LTBI,Eskisehir,39.7833,30.5667,785,1937,-3.0,4.4,9.6,11.3,14.7,17.9,22.9,21.5,20.4,13.1,9.2,4.4,32.0,27.0,12.0,30.0,36.0,0.3,13.0,2.0,0.2,22.0,66.0,23.0
17124,TR,ESK,LTBI,Eskisehir,39.7833,30.5667,785,1938,-2.1,0.5,3.4,9.6,15.0,18.0,22.7,22.6,16.6,12.4,5.3,4.3,67.0,13.0,11.0,79.0,28.0,0.5,35.0,11.0,53.0,31.0,35.0,46.0
17124,TR,ESK,LTBI,Eskisehir,39.7833,30.5667,785,1939,2.8,1.1,4.4,10.8,16.0,17.8,21.0,20.3,16.8,14.7,5.9,4.0,34.0,19.0,38.0,7.0,29.0,97.0,11.0,8.0,66.0,4.0,32.0,78.0
17124,TR,ESK,LTBI,Eskisehir,39.7833,30.5667,785,1940,-1.7,2.9,4.2,11.1,12.8,18.5,21.9,20.4,16.5,13.9,8.1,3.0,33.0,54.0,18.0,38.0,92.0,19.0,3.0,7.0,10.0,15.0,31.0,117.0
17124,TR,ESK,LTBI,Eskisehir,39.7833,30.5667,785,1941,2.1,4.7,4.4,12.0,15.4,18.9,20.9,20.0,15.2,10.3,4.9,-3.3,67.0,47.0,20.0,32.0,13.0,11.0,30.0,0.1,3.0,36.0,38.0,40.0
17124,TR,ESK,LTBI,Eskisehir,39.7833,30.5667,785,1942,-4.0,3.4,4.4,8.8,15.3,20.1,20.2,20.7,16.8,12.3,6.5,-0.1,52.0,29.0,22.0,78.0,40.0,3.0,2.0,22.0,16.0,53.0,49.0,14.0
17124,TR,ESK,LTBI,Eskisehir,39.7833,30.5667,785,1943,-1.3,-3.6,1.0,8.8,13.5,17.5,19.3,21.3,18.0,15.5,10.0,3.1,51.0,19.0,17.0,45.0,82.0,7.0,0.2,,33.0,86.0,40.0,57.0
17124,TR,ESK,LTBI,Eskisehir,39.7833,30.5667,785,1944,-1.1,3.6,5.4,11.3,13.2,19.5,20.7,19.8,17.6,14.0,7.3,3.5,51.0,66.0,53.0,41.0,26.0,35.0,1.0,17.0,3.0,19.0,11.0,56.0
17124,TR,ESK,LTBI,Eskisehir,39.7833,30.5667,785,1945,0.0,-0.7,2.3,8.3,16.9,17.3,20.7,22.0,18.2,10.4,7.5,0.6,55.0,27.0,20.0,23.0,3.0,4.0,24.0,14.0,10.0,12.0,15.0,42.0
17124,TR,ESK,LTBI,Eskisehir,39.7833,30.5667,785,1946,0.8,1.9,4.4,10.9,15.4,18.9,20.6,21.7,19.1,10.1,9.7,3.6,6.0,96.0,43.0,45.0,70.0,81.0,,0.4,0.0,49.0,36.0,62.0
17124,TR,ESK,LTBI,Eskisehir,39.7833,30.5667,785,1947,-2.0,3.7,10.0,11.9,16.0,19.8,21.2,20.0,16.5,10.3,8.0,5.3,55.0,33.0,20.0,5.0,31.0,54.0,21.0,10.0,4.0,14.0,51.0,71.0
17124,TR,ESK,LTBI,Eskisehir,39.7833,30.5667,785,1948,4.9,1.0,0.9,9.4,15.2,18.2,20.5,22.0,16.3,12.0,4.3,-4.7,35.0,56.0,39.0,41.0,53.0,76.0,,0.0,9.0,28.0,12.0,48.0
17124,TR,ESK,LTBI,Eskisehir,39.7833,30.5667,785,1949,-6.6,-4.0,0.5,7.0,16.4,17.7,19.0,19.5,14.4,11.7,9.4,4.2,39.0,35.0,58.0,18.0,11.0,42.0,19.0,,23.0,7.0,16.0,89.0
17124,TR,ESK,LTBI,Eskisehir,39.7833,30.5667,785,1950,-4.8,-4.0,4.9,14.2,15.1,18.0,21.1,21.0,20.0,10.3,6.3,4.2,57.0,53.0,48.0,43.0,77.0,41.0,0.0,9.0,4.0,18.0,20.0,34.0
17124,TR,ESK,LTBI,Eskisehir,39.7833,30.5667,785,1951,2.5,4.6,8.0,11.7,15.8,18.4,21.4,21.9,18.2,9.1,7.0,-1.5,16.0,24.0,72.0,33.0,9.0,47.0,17.0,2.0,53.0,37.0,20.0,27.0
17124,TR,ESK,LTBI,Eskisehir,39.7833,30.5667,785,1952,1.3,3.0,5.0,11.3,14.0,17.9,21.2,23.3,21.0,13.9,8.9,6.9,23.0,43.0,11.0,3.0,47.0,9.0,16.0,,3.0,22.0,16.0,32.0
17124,TR,ESK,LTBI,Eskisehir,39.7833,30.5667,785,1953,3.4,3.0,0.7,10.6,14.5,19.5,22.7,22.2,17.4,12.3,4.3,-2.1,74.0,54.0,42.0,9.0,99.0,38.0,2.0,0.2,14.0,14.0,10.0,31.0
17124,TR,ESK,LTBI,Eskisehir,39.7833,30.5667,785,1954,-3.7,-1.0,6.8,8.1,15.0,20.4,23.6,23.6,18.5,13.3,8.3,3.0,80.0,49.0,72.0,26.0,42.0,13.0,0.1,4.0,2.0,5.0,49.0,49.0
17124,TR,ESK,LTBI,Eskisehir,39.7833,30.5667,785,1955,4.5,7.0,6.6,8.2,15.7,19.4,22.1,20.8,18.1,15.2,7.3,3.7,35.0,52.0,25.0,60.0,14.0,2.0,34.0,13.0,22.0,58.0,52.0,31.0
17124,TR,ESK,LTBI,Eskisehir,39.7833,30.5667,785,1956,2.2,0.7,1.9,11.6,14.1,18.8,21.7,23.1,16.4,10.9,5.5,-0.4,28.0,66.0,18.0,7.0,29.0,23.0,0.0,0.0,0.5,4.0,15.0,25.0
17124,TR,ESK,LTBI,Eskisehir,39.7833,30.5667,785,1957,-1.3,3.5,4.8,10.3,14.1,19.4,22.4,23.3,19.7,14.1,7.3,2.1,31.0,19.0,33.0,23.0,53.0,47.0,33.0,0.5,63.0,6.0,26.0,44.0
17124,TR,ESK,LTBI,Eskisehir,39.7833,30.5667,785,1958,1.2,4.9,6.3,10.1,16.5,18.8,21.4,21.9,16.1,11.3,6.9,4.1,76.0,11.0,84.0,42.0,12.0,48.0,18.0,0.1,41.0,22.0,9.0,40.0
17124,TR,ESK,LTBI,Eskisehir,39.7833,30.5667,785,1959,1.6,-4.0,3.9,10.6,14.3,17.8,21.7,21.4,14.8,9.3,6.2,5.1,49.0,21.0,21.0,24.0,54.0,72.0,17.0,16.0,2.0,25.0,35.0,45.0
17124,TR,ESK,LTBI,Eskisehir,39.7833,30.5667,785,1960,2.1,1.5,5.0,9.7,15.3,17.5,20.7,20.8,17.0,14.7,8.9,6.1,52.0,38.0,79.0,67.0,48.0,76.0,10.0,11.0,14.0,18.0,11.0,83.0
17124,TR,ESK,LTBI,Eskisehir,39.7833,30.5667,785,1961,0.4,1.2,4.5,11.7,15.0,18.5,21.1,21.2,14.9,11.5,8.5,3.5,28.0,16.0,15.0,14.0,16.0,128.0,11.0,,13.0,36.0,10.0,32.0
17124,TR,ESK,LTBI,Eskisehir,39.7833,30.5667,785,1962,1.1,1.6,7.7,9.6,15.7,18.7,22.2,23.2,17.6,13.3,11.1,4.8,24.0,44.0,46.0,26.0,15.0,7.0,0.3,0.2,32.0,44.0,27.0,128.0
17124,TR,ESK,LTBI,Eskisehir,39.7833,30.5667,785,1963,2.3,5.7,3.5,9.6,14.2,18.9,21.7,23.4,18.8,12.6,7.0,2.9,92.0,60.0,26.0,63.0,71.0,59.0,15.0,,12.0,40.0,41.0,40.0
17124,TR,ESK,LTBI,Eskisehir,39.7833,30.5667,785,1964,-4.8,-0.6,5.9,9.6,13.3,18.5,20.9,19.9,16.3,12.4,5.9,4.0,7.0,56.0,69.0,31.0,8.0,62.0,9.0,0.9,43.0,,26.0,34.0
17124,TR,ESK,LTBI,Eskisehir,39.7833,30.5667,785,1965,1.0,-0.8,5.9,8.9,13.9,19.8,20.7,20.0,18.3,9.3,7.0,4.1,25.0,48.0,59.0,68.0,109.0,11.0,16.0,8.0,0.0,6.0,36.0,64.0
17124,TR,ESK,LTBI,Eskisehir,39.7833,30.5667,785,1966,2.3,6.0,6.2,11.4,14.1,18.2,22.7,22.3,17.1,15.5,10.9,3.8,61.0,9.0,62.0,67.0,78.0,52.0,10.0,4.0,10.0,3.0,14.0,46.0
17124,TR,ESK,LTBI,Eskisehir,39.7833,30.5667,785,1967,-0.1,-1.7,4.1,10.3,14.8,17.8,21.1,21.8,17.6,12.3,7.8,3.9,53.0,26.0,41.0,40.0,26.0,11.0,12.0,,23.0,4.0,22.0,41.0
17124,TR,ESK,LTBI,Eskisehir,39.7833,30.5667,785,1968,-1.2,0.1,4.5,12.4,18.0,17.9,21.8,19.9,16.9,11.4,7.6,3.8,79.0,27.0,70.0,46.0,29.0,26.0,0.6,8.0,12.0,37.0,55.0,95.0
17124,TR,ESK,LTBI,Eskisehir,39.7833,30.5667,785,1969,-0.3,2.7,6.0,7.4,16.7,20.0,19.4,22.6,18.9,12.0,7.5,5.6,58.0,75.0,56.0,27.0,25.0,23.0,6.0,0.6,13.0,9.0,15.0,97.0
17124,TR,ESK,LTBI,Eskisehir,39.7833,30.5667,785,1970,2.7,5.0,7.3,12.8,14.1,18.4,22.4,20.8,16.9,11.1,7.2,0.4,80.0,78.0,71.0,39.0,28.0,43.0,5.0,1.0,20.0,26.0,19.0,56.0
17124,TR,ESK,LTBI,Eskisehir,39.7833,30.5667,785,1971,5.1,2.4,6.5,9.6,15.0,18.5,21.0,21.3,17.8,10.4,7.5,1.7,27.0,9.0,57.0,29.0,56.0,18.0,28.0,13.0,9.0,39.0,49.0,44.0
17124,TR,ESK,LTBI,Eskisehir,39.7833,30.5667,785,1972,-3.7,-1.7,5.8,13.5,15.7,19.1,21.7,21.3,17.6,12.2,6.5,-0.3,20.0,12.0,33.0,35.0,10.0,72.0,47.0,21.0,35.0,60.0,16.0,0.9
17124,TR,ESK,LTBI,Eskisehir,39.7833,30.5667,785,1973,-1.9,4.4,3.8,9.6,15.1,17.7,21.6,19.9,18.1,11.9,3.5,1.6,12.0,39.0,21.0,60.0,29.0,78.0,64.0,18.0,2.0,43.0,46.0,62.0
17124,TR,ESK,LTBI,Eskisehir,39.7833,30.5667,785,1974,-4.1,1.1,6.8,8.3,14.2,19.1,20.9,20.5,16.6,15.6,6.0,-0.2,14.0,49.0,45.0,51.0,71.0,29.0,0.6,20.0,11.0,27.0,30.0,37.0
17124,TR,ESK,LTBI,Eskisehir,39.7833,30.5667,785,1975,-1.3,0.7,7.3,12.6,14.6,19.1,22.1,21.6,17.7,11.7,5.4,-1.8,49.0,29.0,41.0,29.0,127.0,33.0,0.2,15.0,2.0,8.0,40.0,42.0
17124,TR,ESK,LTBI,Eskisehir,39.7833,30.5667,785,1976,-3.5,-1.9,4.7,10.4,14.5,17.8,20.4,18.9,16.0,13.5,7.9,2.4,43.0,25.0,27.0,33.0,87.0,47.0,11.0,23.0,4.0,37.0,18.0,62.0
17124,TR,ESK,LTBI,Eskisehir,39.7833,30.5667,785,1977,-0.1,5.6,5.4,10.2,15.5,18.9,21.7,21.6,16.9,8.9,8.4,0.7,33.0,18.0,30.0,61.0,17.0,35.0,7.0,40.0,16.0,39.0,30.0,56.0
17124,TR,ESK,LTBI,Eskisehir,39.7833,30.5667,785,1978,-0.6,5.1,6.9,9.8,15.4,18.8,21.2,19.8,16.2,12.7,3.3,2.9,101.0,71.0,54.0,67.0,52.0,2.0,0.4,2.0,36.0,53.0,0.7,37.0
17124,TR,ESK,LTBI,Eskisehir,39.7833,30.5667,785,1979,1.3,4.0,7.6,10.2,15.4,19.7,20.6,22.1,17.7,12.5,7.1,2.4,104.0,23.0,16.0,11.0,60.0,32.0,3.0,0.1,12.0,40.0,44.0,25.0
17124,TR,ESK,LTBI,Eskisehir,39.7833,30.5667,785,1980,-1.4,0.4,4.1,9.7,14.8,19.3,22.7,21.8,15.5,12.9,7.6,3.2,48.0,32.0,47.0,35.0,34.0,26.0,12.0,0.0,34.0,12.0,37.0,56.0
17124,TR,ESK,LTBI,Eskisehir,39.7833,30.5667,785,1981,1.9,1.6,7.0,9.9,12.7,19.9,21.3,20.8,18.2,14.7,4.9,6.5,56.0,26.0,39.0,25.0,51.0,9.0,12.0,19.0,5.0,41.0,28.0,47.0
17124,TR,ESK,LTBI,Eskisehir,39.7833,30.5667,785,1982,0.9,-0.7,3.8,10.2,14.6,18.6,19.0,20.6,18.8,11.7,3.7,2.9,37.0,22.0,30.0,64.0,59.0,11.0,17.0,8.0,3.0,26.0,3.0,27.0
17124,TR,ESK,LTBI,Eskisehir,39.7833,30.5667,785,1983,-3.8,0.5,6.1,12.1,15.3,18.0,21.2,19.7,17.4,10.7,6.2,2.9,34.0,26.0,12.0,29.0,81.0,42.0,17.0,9.0,2.0,19.0,73.0,51.0
17124,TR,ESK,LTBI,Eskisehir,39.7833,30.5667,785,1984,2.2,3.1,5.0,8.1,15.7,18.0,20.2,18.7,18.9,12.4,6.7,-1.9,31.0,40.0,62.0,117.0,31.0,4.0,28.0,7.0,0.8,0.1,24.0,6.0
17124,TR,ESK,LTBI,Eskisehir,39.7833,30.5667,785,1985,2.3,-3.3,2.1,11.4,17.1,19.0,20.1,22.7,16.7,9.5,8.5,1.8,65.0,51.0,49.0,35.0,19.0,5.0,4.0,0.2,2.0,29.0,47.0,40.0
17124,TR,ESK,LTBI,Eskisehir,39.7833,30.5667,785,1986,3.4,3.6,5.9,13.1,12.9,18.9,22.4,23.8,19.3,11.2,3.1,-0.3,49.0,45.0,7.0,15.0,20.0,38.0,4.0,6.0,3.0,16.0,8.0,86.0
17124,TR,ESK,LTBI,Eskisehir,39.7833,30.5667,785,1987,1.6,3.5,0.6,8.3,14.8,18.8,23.1,20.4,18.8,11.1,6.3,2.2,95.0,10.0,53.0,41.0,44.0,23.0,0.4,8.0,4.0,9.0,31.0,53.0
17124,TR,ESK,LTBI,Eskisehir,39.7833,30.5667,785,1988,1.4,2.0,4.9,10.8,15.2,19.0,22.7,22.1,17.1,10.7,3.8,3.3,15.0,27.0,46.0,45.0,65.0,61.0,1.0,2.0,2.0,53.0,51.0,32.0
17124,TR,ESK,LTBI,Eskisehir,39.7833,30.5667,785,1989,-2.7,0.7,8.1,15.2,14.7,18.5,21.2,22.6,17.5,10.1,5.5,-0.0,8.0,10.0,18.0,9.0,41.0,34.0,29.0,8.0,3.0,55.0,60.0,57.0
17124,TR,ESK,LTBI,Eskisehir,39.7833,30.5667,785,1990,-3.1,1.5,6.4,10.6,14.1,18.3,22.4,20.9,16.4,12.3,8.2,3.1,9.0,16.0,12.0,53.0,18.0,17.0,20.0,4.0,34.0,24.0,31.0,70.0
17124,TR,ESK,LTBI,Eskisehir,39.7833,30.5667,785,1991,-1.1,-0.8,7.0,10.0,13.3,19.2,22.1,21.3,16.7,12.5,6.2,-1.0,15.0,41.0,23.0,72.0,51.0,26.0,34.0,26.0,12.0,65.0,31.0,36.0
17124,TR,ESK,LTBI,Eskisehir,39.7833,30.5667,785,1992,-3.8,-3.5,3.4,10.3,14.3,18.4,19.5,22.4,16.0,14.4,4.7,-0.9,3.0,6.0,34.0,31.0,15.0,79.0,12.0,11.0,0.0,47.0,38.0,34.0
17124,TR,ESK,LTBI,Eskisehir,39.7833,30.5667,785,1993,-4.5,-0.5,4.9,9.6,14.2,18.7,21.1,21.5,17.6,13.2,4.1,3.1,23.0,35.0,32.0,13.0,69.0,18.0,0.0,0.0,3.0,2.0,63.0,30.0
17124,TR,ESK,LTBI,Eskisehir,39.7833,30.5667,785,1994,2.7,1.7,5.8,12.5,15.8,18.8,22.3,22.0,21.1,15.0,5.2,0.2,56.0,34.0,19.0,27.0,37.0,7.0,2.0,3.0,3.0,21.0,63.0,26.0
17124,TR,ESK,LTBI,Eskisehir,39.7833,30.5667,785,1995,2.5,4.2,5.8,9.0,16.0,20.7,20.8,21.5,18.1,10.1,2.7,2.6,50.0,7.0,54.0,36.0,32.0,17.0,27.0,4.0,246.0,66.0,291.0,199.0
17124,TR,ESK,LTBI,Eskisehir,39.7833,30.5667,785,1996,0.0,3.4,3.0,8.0,17.2,18.9,22.8,21.7,16.2,10.8,6.9,5.4,254.0,255.0,283.0,305.0,43.0,225.0,226.0,63.0,32.0,371.0,6.0,45.0
17124,TR,ESK,LTBI,Eskisehir,39.7833,30.5667,785,1997,1.5,-0.1,3.0,6.5,16.2,19.3,21.2,19.0,15.0,11.7,6.5,2.9,41.0,10.0,50.0,,41.0,24.0,8.0,,,,,
17124,TR,ESK,LTBI,Eskisehir,39.7833,30.5667,785,1998,1.0,2.9,3.1,13.2,14.7,18.8,22.7,23.6,18.1,13.1,7.7,3.6,,,,,,,,,,,,
17124,TR,ESK,LTBI,Eskisehir,39.7833,30.5667,785,1999,2.8,2.8,6.0,11.2,16.1,19.4,23.1,22.9,18.1,13.3,6.1,4.2,,,,,,,,,,,,
17124,TR,ESK,LTBI,Eskisehir,39.7833,30.5667,785,2000,-3.6,-0.2,4.2,12.5,15.4,19.2,23.5,21.6,17.9,11.5,7.6,1.4,,,,,,,,,,,,
17124,TR,ESK,LTBI,Eskisehir,39.7833,30.5667,785,2001,2.9,3.2,10.7,11.3,14.9,20.0,24.3,23.1,19.2,12.4,6.0,1.9,,,,,,,,,,,,
17124,TR,ESK,LTBI,Eskisehir,39.7833,30.5667,785,2002,-4.7,2.7,7.6,9.9,15.4,19.8,24.1,21.7,17.5,12.6,6.9,-1.9,,,,,,,,,,,,
17124,TR,ESK,LTBI,Eskisehir,39.7833,30.5667,785,2003,4.9,-0.5,2.0,8.6,17.7,20.9,22.0,22.9,17.1,13.6,6.4,0.9,,,,,,,,,,,,
17124,TR,ESK,LTBI,Eskisehir,39.7833,30.5667,785,2004,-0.1,1.7,6.5,10.5,14.7,19.2,22.3,21.4,18.4,13.7,6.4,1.9,,,,,,,,,,,,
17124,TR,ESK,LTBI,Eskisehir,39.7833,30.5667,785,2005,2.7,1.9,5.6,10.8,15.8,18.8,23.1,23.4,18.2,10.6,5.4,3.0,,,,,,,,,,,,
17124,TR,ESK,LTBI,Eskisehir,39.7833,30.5667,785,2006,-1.9,-1.3,6.6,12.2,15.5,20.4,21.6,25.4,17.6,13.3,4.6,-0.3,,,,,,,,,,,,
17124,TR,ESK,LTBI,Eskisehir,39.7833,30.5667,785,2007,0.2,1.4,5.9,7.9,17.7,20.4,23.8,23.6,18.2,12.9,5.3,0.7,,,,,,,,,,,,
17124,TR,ESK,LTBI,Eskisehir,39.7833,30.5667,785,2008,-3.6,0.2,8.5,11.9,13.9,20.1,21.9,23.6,17.6,11.9,7.2,1.4,,,,,,,,,,,,
17124,TR,ESK,LTBI,Eskisehir,39.7833,30.5667,785,2009,0.8,3.1,4.4,10.4,14.6,20.1,21.8,21.1,16.7,14.7,6.0,4.4,,,,,,,,,,,,
17124,TR,ESK,LTBI,Eskisehir,39.7833,30.5667,785,2010,2.3,5.6,6.8,10.3,16.2,19.3,23.2,25.4,19.3,10.9,10.0,5.2,,,,,,,,,,,,
17124,TR,ESK,LTBI,Eskisehir,39.7833,30.5667,785,2011,1.1,1.2,4.9,8.2,13.5,17.9,22.9,21.1,18.4,9.5,1.5,1.8,,,,,,,,,,,,
17124,TR,ESK,LTBI,Eskisehir,39.7833,30.5667,785,2012,-2.6,-4.3,2.8,12.7,15.2,21.0,23.9,21.6,19.2,14.9,8.0,2.8,,,,,,,,,,,,
17124,TR,ESK,LTBI,Eskisehir,39.7833,30.5667,785,2013,2.5,5.3,7.1,11.0,17.5,19.8,21.6,22.6,16.6,9.9,7.1,-2.0,,,,,,,,,,,22.0,
17124,TR,ESK,LTBI,Eskisehir,39.7833,30.5667,785,2014,3.0,4.4,6.8,11.8,15.2,18.7,22.9,23.2,17.3,12.2,6.5,5.0,14.0,2.0,,37.0,34.0,56.0,2.0,49.0,62.0,37.0,24.0,70.0
17124,TR,ESK,LTBI,Eskisehir,39.7833,30.5667,785,2015,-0.9,2.8,5.9,8.1,15.9,17.0,21.7,22.5,21.0,13.2,7.7,-0.7,30.0,45.0,42.0,28.0,52.0,115.0,0.0,39.0,21.0,40.0,8.0,2.0
17124,TR,ESK,LTBI,Eskisehir,39.7833,30.5667,785,2016,-0.1,6.7,7.4,12.9,14.1,20.7,22.5,22.7,17.7,12.1,5.3,-1.3,72.0,28.0,43.0,39.0,54.0,14.0,3.0,38.0,26.0,4.0,24.0,29.0
17124,TR,ESK,LTBI,Eskisehir,39.7833,30.5667,785,2017,-2.2,2.0,7.6,9.6,14.3,18.8,22.6,21.7,19.4,10.5,5.5,3.6,32.0,10.0,24.0,54.0,72.0,35.0,19.0,28.0,13.0,42.0,26.0,30.0
17124,TR,ESK,LTBI,Eskisehir,39.7833,30.5667,785,2018,1.3,5.7,9.1,13.7,16.5,19.5,22.0,22.8,18.3,13.0,7.2,2.0,32.0,35.0,47.0,9.0,61.0,49.0,47.0,2.0,3.0,8.0,7.0,19.0
17124,TR,ESK,LTBI,Eskisehir,39.7833,30.5667,785,2019,1.3,3.2,6.3,9.4,16.0,20.5,21.0,22.1,18.1,13.8,8.2,2.5,25.0,35.0,10.0,47.0,75.0,31.0,23.0,2.0,5.0,9.0,31.0,59.0
17124,TR,ESK,LTBI,Eskisehir,39.7833,30.5667,785,2020,-0.6,3.2,7.3,9.9,15.0,18.3,22.3,22.4,20.6,14.8,4.6,4.5,42.0,37.0,19.0,22.0,36.0,163.0,3.0,0.0,1.0,109.0,1.0,12.0
17124,TR,ESK,LTBI,Eskisehir,39.7833,30.5667,785,2021,2.1,3.3,3.6,10.2,16.3,17.2,22.7,22.8,16.4,10.9,7.5,3.5,67.0,4.0,47.0,47.0,20.0,88.0,6.0,0.0,50.0,17.0,68.0,21.0
17124,TR,ESK,LTBI,Eskisehir,39.7833,30.5667,785,2022,-1.0,2.5,0.7,11.8,15.3,19.3,21.2,22.6,17.9,11.6,8.0,4.8,19.0,30.0,19.0,10.0,31.0,74.0,10.0,35.0,4.0,24.0,14.0,18.0
17124,TR,ESK,LTBI,Eskisehir,39.7833,30.5667,785,2023,2.4,1.4,6.7,9.7,13.6,18.5,22.3,24.6,18.9,13.7,9.0,5.1,16.0,10.0,103.0,35.0,63.0,40.0,7.0,3.0,57.0,1.0,82.0,32.0
17124,TR,ESK,LTBI,Eskisehir,39.7833,30.5667,785,2024,2.4,5.2,7.4,14.8,14.3,23.1,24.1,23.1,19.3,12.0,5.8,3.8,56.0,5.0,24.0,8.0,32.0,11.0,19.0,0.2,24.0,0.4,21.0,47.0
17124,TR,ESK,LTBI,Eskisehir,39.7833,30.5667,785,2025,3.3,0.3,9.0,9.5,15.5,20.6,24.5,23.5,18.2,12.1,8.5,2.9,35.0,19.0,2.0,45.0,17.0,0.6,3.0,1.0,5.0,53.0,25.0,17.0
17124,TR,ESK,LTBI,Eskisehir,39.7833,30.5667,785,2026,1.9,5.4,5.5,9.2,,,,,,,,,50.0,60.0,13.0,59.0,,,,,,,,
17060,TR,IST,LTBA,Istanbul / Ataturk,40.9667,28.8167,48,1929,5.5,2.0,3.4,10.0,18.9,20.6,22.3,25.9,18.7,16.6,13.6,8.5,,,,,,,,,,,,
17060,TR,IST,LTBA,Istanbul / Ataturk,40.9667,28.8167,48,1930,7.1,5.7,9.4,12.9,16.4,19.1,23.1,23.3,20.8,16.7,12.4,9.8,,,,,,,,,,,,
17060,TR,IST,LTBA,Istanbul / Ataturk,40.9667,28.8167,48,1931,7.5,6.6,7.8,10.6,16.7,21.2,24.5,24.0,20.5,16.6,9.5,5.8,,,,,,,,,,,,
17060,TR,IST,LTBA,Istanbul / Ataturk,40.9667,28.8167,48,1932,4.7,1.8,6.2,13.3,17.8,21.4,24.0,24.4,22.6,21.9,12.5,9.5,,,,,,,,,,,,
17060,TR,IST,LTBA,Istanbul / Ataturk,40.9667,28.8167,48,1933,5.6,6.1,6.7,10.9,16.6,19.8,20.6,21.8,18.0,15.7,14.6,5.0,,,,,,,,,,,,
17060,TR,IST,LTBA,Istanbul / Ataturk,40.9667,28.8167,48,1934,5.0,3.2,10.3,13.2,17.4,21.2,23.8,23.7,20.5,17.1,13.0,8.7,,,,,,,,,,,,
17060,TR,IST,LTBA,Istanbul / Ataturk,40.9667,28.8167,48,1935,5.1,5.5,5.9,12.3,16.2,20.5,22.0,23.7,20.8,18.1,10.8,10.2,,,,,,,,,,,,
17060,TR,IST,LTBA,Istanbul / Ataturk,40.9667,28.8167,48,1936,9.4,7.6,10.3,13.5,15.4,20.3,24.3,24.0,19.1,15.8,11.7,6.1,,,,,,,,,,,,
17060,TR,IST,LTBA,Istanbul / Ataturk,40.9667,28.8167,48,1937,3.5,7.0,12.0,12.7,16.1,20.2,24.6,23.6,22.8,16.4,12.3,9.6,,,,,,,,,,,,
17060,TR,IST,LTBA,Istanbul / Ataturk,40.9667,28.8167,48,1938,5.4,5.1,6.4,10.8,16.5,20.4,24.5,25.3,20.1,16.3,11.7,8.6,,,,,,,,,,,,
17060,TR,IST,LTBA,Istanbul / Ataturk,40.9667,28.8167,48,1939,8.3,5.4,7.7,12.2,18.2,20.8,24.0,23.4,19.5,17.4,10.5,8.6,,,,,,,,,,,,
17060,TR,IST,LTBA,Istanbul / Ataturk,40.9667,28.8167,48,1940,3.9,5.6,6.3,11.2,15.4,20.2,23.5,21.7,18.8,16.5,13.5,5.8,,,,,,,,,,,,
17060,TR,IST,LTBA,Istanbul / Ataturk,40.9667,28.8167,48,1941,6.5,8.8,7.8,14.0,17.3,20.0,22.2,23.0,17.4,14.2,8.7,4.8,,,,,,,,,,,,
17060,TR,IST,LTBA,Istanbul / Ataturk,40.9667,28.8167,48,1942,1.5,5.5,4.0,10.2,17.1,22.1,22.3,22.7,19.7,15.5,9.8,6.0,,,,,,,,,,,,
17060,TR,IST,LTBA,Istanbul / Ataturk,40.9667,28.8167,48,1943,3.0,4.0,4.7,10.3,14.9,19.2,21.8,23.3,20.1,17.1,14.2,8.9,,,,,,,,,,,,
17060,TR,IST,LTBA,Istanbul / Ataturk,40.9667,28.8167,48,1944,4.9,7.0,7.8,12.2,14.2,21.0,23.3,22.4,20.4,17.8,12.6,7.9,,,,,,,,,,,,
17060,TR,IST,LTBA,Istanbul / Ataturk,40.9667,28.8167,48,1945,5.5,3.7,6.0,10.6,18.0,19.6,23.3,25.1,20.8,15.0,12.4,8.0,,,,,,,,,,,,
17060,TR,IST,LTBA,Istanbul / Ataturk,40.9667,28.8167,48,1946,5.2,5.7,7.3,11.8,17.1,22.4,24.7,25.7,23.1,14.2,14.0,7.5,,,,,,,,,,,,
17060,TR,IST,LTBA,Istanbul / Ataturk,40.9667,28.8167,48,1947,2.1,7.5,11.2,12.8,16.3,21.5,23.8,23.1,19.7,13.9,11.7,10.7,,,,,,,,,,,,
17060,TR,IST,LTBA,Istanbul / Ataturk,40.9667,28.8167,48,1948,9.8,4.1,5.0,11.0,16.5,20.3,22.7,23.9,19.9,15.8,9.4,3.4,,,,,,,,,,,,
17060,TR,IST,LTBA,Istanbul / Ataturk,40.9667,28.8167,48,1949,5.1,3.2,5.9,8.6,17.2,20.1,21.6,21.3,17.9,14.6,14.2,9.0,,,,,,,,,,,,
17060,TR,IST,LTBA,Istanbul / Ataturk,40.9667,28.8167,48,1950,2.4,6.0,6.8,14.6,16.3,21.2,23.5,22.7,21.3,15.1,11.8,11.2,,,,,,,,,,,,
17060,TR,IST,LTBA,Istanbul / Ataturk,40.9667,28.8167,48,1951,7.6,7.8,9.9,13.6,17.9,20.6,23.1,24.1,20.7,13.0,11.7,6.7,85.0,57.0,66.0,18.0,41.0,20.0,63.0,47.0,16.0,121.0,72.0,72.0
17060,TR,IST,LTBA,Istanbul / Ataturk,40.9667,28.8167,48,1952,7.0,6.8,7.1,11.4,15.0,19.5,22.6,24.8,22.8,17.1,13.3,11.4,123.0,117.0,57.0,2.0,18.0,19.0,17.0,0.0,17.0,90.0,144.0,74.0
17060,TR,IST,LTBA,Istanbul / Ataturk,40.9667,28.8167,48,1953,7.5,6.5,4.5,11.2,15.4,21.3,23.4,23.8,19.5,15.8,8.7,4.2,109.0,104.0,71.0,30.0,55.0,23.0,11.0,4.0,47.0,66.0,45.0,49.0
17060,TR,IST,LTBA,Istanbul / Ataturk,40.9667,28.8167,48,1954,1.7,2.0,7.8,9.7,17.0,22.7,24.8,24.9,21.4,17.0,12.8,8.2,119.0,68.0,25.0,20.0,25.0,2.0,2.0,9.0,63.0,9.0,52.0,74.0
17060,TR,IST,LTBA,Istanbul / Ataturk,40.9667,28.8167,48,1955,8.8,10.6,8.6,9.4,16.1,20.3,23.9,22.5,20.6,18.3,11.3,8.6,73.0,65.0,35.0,51.0,4.0,25.0,28.0,38.0,23.0,53.0,264.0,75.0
17060,TR,IST,LTBA,Istanbul / Ataturk,40.9667,28.8167,48,1956,6.7,4.3,4.2,12.3,15.9,20.6,23.3,24.3,19.2,14.6,10.1,6.5,70.0,153.0,81.0,28.0,22.0,23.0,9.0,1.0,16.0,36.0,69.0,52.0
17060,TR,IST,LTBA,Istanbul / Ataturk,40.9667,28.8167,48,1957,4.6,7.4,6.4,11.0,15.5,21.2,23.5,24.8,22.1,17.6,12.1,7.0,30.0,36.0,57.0,34.0,51.0,3.0,11.0,23.0,10.0,59.0,91.0,129.0
17060,TR,IST,LTBA,Istanbul / Ataturk,40.9667,28.8167,48,1958,6.1,9.0,8.0,11.5,18.1,21.3,23.4,23.5,18.4,14.7,12.1,9.8,108.0,63.0,161.0,71.0,19.0,3.0,5.0,44.0,61.0,92.0,40.0,85.0
17060,TR,IST,LTBA,Istanbul / Ataturk,40.9667,28.8167,48,1959,6.5,3.3,6.5,11.8,15.2,19.5,23.9,23.6,17.0,12.3,10.5,9.7,172.0,48.0,62.0,18.0,48.0,28.0,57.0,1.0,38.0,31.0,178.0,83.0
17060,TR,IST,LTBA,Istanbul / Ataturk,40.9667,28.8167,48,1960,7.2,5.7,7.1,10.2,15.9,19.6,22.6,22.8,18.9,18.9,14.2,12.7,109.0,33.0,44.0,59.0,22.0,41.0,26.0,7.0,27.0,33.0,46.0,109.0
17060,TR,IST,LTBA,Istanbul / Ataturk,40.9667,28.8167,48,1961,6.4,5.3,7.9,14.0,17.0,21.7,22.9,23.9,19.1,15.1,13.7,8.2,111.0,72.0,42.0,20.0,62.0,58.0,4.0,0.0,55.0,103.0,40.0,103.0
17060,TR,IST,LTBA,Istanbul / Ataturk,40.9667,28.8167,48,1962,6.7,5.1,9.5,11.5,17.7,20.8,22.9,24.6,20.7,17.0,15.2,7.6,65.0,88.0,121.0,41.0,3.0,21.0,31.0,1.0,44.0,89.0,93.0,193.0
17060,TR,IST,LTBA,Istanbul / Ataturk,40.9667,28.8167,48,1963,4.2,8.0,6.3,10.2,15.8,21.5,24.5,24.9,21.8,16.6,13.1,7.7,152.0,115.0,87.0,26.0,19.0,9.0,24.0,0.0,12.0,48.0,40.0,256.0
17060,TR,IST,LTBA,Istanbul / Ataturk,40.9667,28.8167,48,1964,2.9,4.3,7.2,11.8,14.3,21.3,22.7,22.0,19.1,17.0,11.7,9.6,34.0,94.0,38.0,21.0,31.0,13.0,7.0,40.0,162.0,2.0,81.0,102.0
17060,TR,IST,LTBA,Istanbul / Ataturk,40.9667,28.8167,48,1965,6.7,3.9,7.7,10.5,15.8,21.6,22.7,21.5,20.8,13.9,12.1,10.1,27.0,138.0,50.0,166.0,30.0,0.0,44.0,25.0,0.0,39.0,138.0,140.0
17060,TR,IST,LTBA,Istanbul / Ataturk,40.9667,28.8167,48,1966,6.5,9.8,8.4,13.7,16.3,20.3,24.5,24.6,20.0,19.5,15.7,9.0,136.0,14.0,106.0,42.0,41.0,10.0,0.0,23.0,11.0,5.0,111.0,141.0
17060,TR,IST,LTBA,Istanbul / Ataturk,40.9667,28.8167,48,1967,4.9,3.2,7.0,12.2,16.9,20.1,24.0,24.5,20.9,16.8,11.8,8.5,116.0,51.0,38.0,45.0,38.0,59.0,0.0,15.0,24.0,27.0,37.0,91.0
17060,TR,IST,LTBA,Istanbul / Ataturk,40.9667,28.8167,48,1968,4.7,6.7,7.8,13.2,19.1,20.7,23.2,22.6,20.0,14.7,12.9,7.5,180.0,41.0,65.0,43.0,5.0,20.0,0.0,64.0,46.0,40.0,51.0,144.0
17060,TR,IST,LTBA,Istanbul / Ataturk,40.9667,28.8167,48,1969,4.1,7.6,6.5,10.3,17.6,22.1,21.4,23.3,21.4,15.4,12.4,10.3,103.0,84.0,47.0,81.0,8.0,44.0,15.0,0.0,15.0,12.0,52.0,114.0
17060,TR,IST,LTBA,Istanbul / Ataturk,40.9667,28.8167,48,1970,7.4,8.2,9.6,14.9,16.2,20.6,24.2,23.8,19.5,14.6,12.3,7.9,86.0,126.0,50.0,103.0,37.0,18.0,1.0,5.0,21.0,122.0,100.0,59.0
17060,TR,IST,LTBA,Istanbul / Ataturk,40.9667,28.8167,48,1971,9.2,6.5,8.3,11.4,18.0,21.2,22.5,24.0,19.8,13.9,11.5,7.5,,,,,,,,,,,,
17060,TR,IST,LTBA,Istanbul / Ataturk,40.9667,28.8167,48,1972,4.2,5.2,7.7,14.6,17.1,22.2,24.1,23.8,20.0,15.0,11.3,6.8,,,,,,,,,,,,
17060,TR,IST,LTBA,Istanbul / Ataturk,40.9667,28.8167,48,1973,4.6,8.2,6.5,12.2,17.2,19.7,23.9,22.2,20.6,16.2,10.0,8.2,,,,,,,,,,,,
17060,TR,IST,LTBA,Istanbul / Ataturk,40.9667,28.8167,48,1974,3.8,7.0,7.6,11.0,16.5,20.9,22.7,22.6,20.4,19.0,11.9,7.5,,,,,,,,,,,,
17060,TR,IST,LTBA,Istanbul / Ataturk,40.9667,28.8167,48,1975,6.2,4.9,10.9,14.5,17.2,21.7,24.4,23.2,21.0,15.6,10.6,6.6,,,,,,,,,,,,
17060,TR,IST,LTBA,Istanbul / Ataturk,40.9667,28.8167,48,1976,5.8,3.8,6.0,12.2,16.2,20.0,23.2,20.8,19.0,16.3,12.8,8.4,,,,,,,,,,,,
17060,TR,IST,LTBA,Istanbul / Ataturk,40.9667,28.8167,48,1977,6.6,10.5,8.2,12.0,16.7,21.3,23.3,24.1,19.6,13.4,13.8,6.4,,,,,,,,,,,,
17060,TR,IST,LTBA,Istanbul / Ataturk,40.9667,28.8167,48,1978,5.8,8.0,9.1,12.3,17.1,21.4,23.2,22.0,19.2,15.9,10.5,8.7,,,,,,,,,,,,
17060,TR,IST,LTBA,Istanbul / Ataturk,40.9667,28.8167,48,1979,6.6,7.2,10.5,12.4,17.4,23.0,22.8,23.4,20.2,15.5,12.6,9.1,,,,,,,,,,,,
17060,TR,IST,LTBA,Istanbul / Ataturk,40.9667,28.8167,48,1980,4.3,4.9,6.4,11.4,16.9,20.8,23.5,23.3,18.4,17.7,13.4,9.3,,,,,,,,,,,,
17060,TR,IST,LTBA,Istanbul / Ataturk,40.9667,28.8167,48,1981,5.8,5.9,9.4,12.2,14.9,22.1,22.5,23.0,20.1,18.2,9.7,10.8,,,,,,,,,,,,
17060,TR,IST,LTBA,Istanbul / Ataturk,40.9667,28.8167,48,1982,6.1,4.2,6.8,11.0,15.5,21.6,22.1,22.7,22.1,16.9,11.4,10.3,,,,,,,,,,,,
17060,TR,IST,LTBA,Istanbul / Ataturk,40.9667,28.8167,48,1983,5.4,5.7,8.5,13.8,18.4,20.2,24.0,22.5,20.4,14.7,10.2,8.9,,,,,,,,,,,,
17060,TR,IST,LTBA,Istanbul / Ataturk,40.9667,28.8167,48,1984,8.1,6.7,7.6,10.0,18.7,20.7,22.5,21.8,22.1,17.8,12.5,7.6,,,,,,,,,,,,
17060,TR,IST,LTBA,Istanbul / Ataturk,40.9667,28.8167,48,1985,7.2,2.0,6.8,13.1,18.5,21.0,22.2,23.9,19.5,12.8,11.4,8.2,,,,,,,,,,,,
17060,TR,IST,LTBA,Istanbul / Ataturk,40.9667,28.8167,48,1986,8.2,7.0,6.9,13.6,15.6,22.0,23.8,25.0,21.1,14.9,9.7,6.9,,,,,,,,,,,,
17060,TR,IST,LTBA,Istanbul / Ataturk,40.9667,28.8167,48,1987,5.9,7.5,4.1,9.9,16.0,21.3,24.5,22.3,20.8,14.7,12.5,7.5,,,,,,,,,,,,
17060,TR,IST,LTBA,Istanbul / Ataturk,40.9667,28.8167,48,1988,7.5,6.6,9.2,11.7,16.1,21.7,25.1,24.6,20.4,14.8,7.8,7.3,,,,,,,,,,,,
17060,TR,IST,LTBA,Istanbul / Ataturk,40.9667,28.8167,48,1989,4.9,7.1,10.1,16.1,16.4,20.8,23.2,24.5,20.8,14.8,10.1,7.2,,,,,,,,,,,,
17060,TR,IST,LTBA,Istanbul / Ataturk,40.9667,28.8167,48,1990,5.1,6.7,9.6,13.6,15.8,20.7,24.0,23.7,19.3,15.9,14.4,9.7,,,,,,,,,,,,
17060,TR,IST,LTBA,Istanbul / Ataturk,40.9667,28.8167,48,1991,6.1,5.4,7.0,11.2,15.7,20.9,23.9,24.2,19.6,16.4,12.1,4.8,,,,,,,,,,,,
17060,TR,IST,LTBA,Istanbul / Ataturk,40.9667,28.8167,48,1992,5.1,4.0,7.9,12.7,14.9,21.7,21.9,25.2,19.8,18.3,11.2,5.5,,,,,,,,,,,,
17060,TR,IST,LTBA,Istanbul / Ataturk,40.9667,28.8167,48,1993,5.0,3.4,7.5,11.9,16.0,21.3,22.8,24.0,20.3,17.9,9.9,9.2,,,,,,,,,,,,
17060,TR,IST,LTBA,Istanbul / Ataturk,40.9667,28.8167,48,1994,8.6,6.5,9.0,14.9,18.1,20.8,24.8,25.0,24.6,18.7,10.2,6.9,,,,,,,,,,,,
17060,TR,IST,LTBA,Istanbul / Ataturk,40.9667,28.8167,48,1995,6.8,8.4,9.6,12.3,17.6,23.4,24.4,24.1,21.1,14.7,9.2,7.8,,,,,,,,,,,,
17060,TR,IST,LTBA,Istanbul / Ataturk,40.9667,28.8167,48,1996,5.0,5.9,5.5,10.4,19.1,21.2,24.0,24.2,19.6,14.8,12.8,10.2,,,,,,,,,,,,
17060,TR,IST,LTBA,Istanbul / Ataturk,40.9667,28.8167,48,1997,7.1,5.7,6.4,9.4,17.0,21.2,24.0,21.9,17.8,14.6,12.2,8.8,,,,,,,,,,,,
17060,TR,IST,LTBA,Istanbul / Ataturk,40.9667,28.8167,48,1998,7.1,7.3,6.3,14.3,16.9,22.3,24.8,25.5,20.7,17.5,12.2,6.7,,,,,,,,,,,,
17060,TR,IST,LTBA,Istanbul / Ataturk,40.9667,28.8167,48,1999,7.4,6.9,9.6,14.4,17.8,22.2,25.7,25.0,20.9,16.6,11.6,10.7,,,,,,,,,,,,
17060,TR,IST,LTBA,Istanbul / Ataturk,40.9667,28.8167,48,2000,3.5,6.8,7.8,14.9,17.0,21.1,25.4,24.5,21.2,15.9,14.3,9.7,,,,,,,,,,,,
17060,TR,IST,LTBA,Istanbul / Ataturk,40.9667,28.8167,48,2001,8.6,8.3,13.1,14.0,16.7,22.1,26.4,25.5,21.8,17.1,11.0,5.1,,,,,,,,,,,,
17060,TR,IST,LTBA,Istanbul / Ataturk,40.9667,28.8167,48,2002,5.0,9.4,9.9,11.3,17.2,22.8,26.9,24.8,21.0,16.9,13.1,6.2,,,,,,,,,,,,
17060,TR,IST,LTBA,Istanbul / Ataturk,40.9667,28.8167,48,2003,7.7,3.1,5.6,9.9,18.7,23.3,24.8,25.7,20.0,16.8,11.5,8.1,,,,,,,,,,,,
17060,TR,IST,LTBA,Istanbul / Ataturk,40.9667,28.8167,48,2004,5.2,5.8,8.7,12.4,16.5,21.4,24.1,23.9,21.4,17.7,12.4,8.9,,,,,,,,,,,,
17060,TR,IST,LTBA,Istanbul / Ataturk,40.9667,28.8167,48,2005,7.0,5.8,7.3,12.5,16.9,20.9,25.0,25.8,21.5,15.5,10.5,8.5,,,,,,,,,,,,
17060,TR,IST,LTBA,Istanbul / Ataturk,40.9667,28.8167,48,2006,4.3,5.4,8.4,12.6,17.3,22.3,24.4,26.6,21.0,17.2,10.8,8.0,,,,,,,,,,,,
17060,TR,IST,LTBA,Istanbul / Ataturk,40.9667,28.8167,48,2007,8.4,7.7,9.4,11.9,19.2,24.7,26.2,26.5,21.7,17.6,11.2,7.1,,,,,,,,,,,,
17060,TR,IST,LTBA,Istanbul / Ataturk,40.9667,28.8167,48,2008,4.7,6.2,11.0,14.5,17.8,23.3,25.1,26.2,21.2,17.2,13.2,9.3,,,,,,,,,,,,
17060,TR,IST,LTBA,Istanbul / Ataturk,40.9667,28.8167,48,2009,7.4,7.0,8.4,12.0,18.3,23.3,26.0,25.0,21.1,18.3,12.7,10.4,,,,,,,,,,,,
17060,TR,IST,LTBA,Istanbul / Ataturk,40.9667,28.8167,48,2010,6.7,8.2,8.6,13.5,18.8,22.6,25.5,27.9,22.2,15.6,15.7,10.4,,,,,,,,,,,,
17060,TR,IST,LTBA,Istanbul / Ataturk,40.9667,28.8167,48,2011,6.6,6.3,7.8,10.1,16.5,22.1,26.4,24.8,23.4,15.2,9.6,9.1,,,,,,,,,,,,
17060,TR,IST,LTBA,Istanbul / Ataturk,40.9667,28.8167,48,2012,4.5,4.0,7.7,14.4,17.8,24.4,27.3,26.3,22.8,20.3,15.0,8.3,,,,,,,,,,,,
17060,TR,IST,LTBA,Istanbul / Ataturk,40.9667,28.8167,48,2013,7.0,8.5,10.2,14.0,20.0,23.4,25.4,26.5,22.1,15.2,14.1,7.2,,,,,,,,,,,,
17060,TR,IST,LTBA,Istanbul / Ataturk,40.9667,28.8167,48,2014,9.1,9.0,10.9,14.2,18.3,22.1,25.7,26.3,21.9,17.1,12.4,10.0,,,,,,,,,,,,
17060,TR,IST,LTBA,Istanbul / Ataturk,40.9667,28.8167,48,2015,7.0,7.3,9.2,11.7,19.0,21.9,25.7,26.9,23.9,17.3,14.7,8.8,,,,,,,,,,,,
17060,TR,IST,LTBA,Istanbul / Ataturk,40.9667,28.8167,48,2016,6.3,10.3,11.1,16.3,18.1,24.1,26.3,26.6,22.7,17.1,12.7,5.5,,,,,,,,,,,,
17060,TR,IST,LTBA,Istanbul / Ataturk,40.9667,28.8167,48,2017,4.0,7.1,10.0,13.0,17.6,23.0,25.7,26.0,23.5,16.7,13.3,11.0,,,,,,,,,,,,
17060,TR,IST,LTBA,Istanbul / Ataturk,40.9667,28.8167,48,2018,8.2,8.7,10.9,15.3,19.6,23.9,26.7,27.5,22.9,18.4,13.8,8.1,19.0,45.0,41.0,1.0,18.0,16.0,19.0,0.0,41.0,3.0,54.0,32.0
17060,TR,IST,LTBA,Istanbul / Ataturk,40.9667,28.8167,48,2019,7.5,7.4,10.4,12.8,19.1,24.9,25.1,25.8,22.3,18.7,16.6,10.2,45.0,46.0,24.0,28.0,54.0,5.0,9.0,1.0,10.0,35.0,24.0,35.0
17060,TR,IST,LTBA,Istanbul / Ataturk,40.9667,28.8167,48,2020,6.8,8.2,10.1,11.6,17.3,22.5,25.5,25.7,23.9,19.6,12.5,11.2,101.0,66.0,33.0,25.0,330.0,62.0,0.2,2.0,15.0,106.0,32.0,25.0
17060,TR,IST,LTBA,Istanbul / Ataturk,40.9667,28.8167,48,2021,8.5,7.7,7.4,11.7,18.3,21.2,26.4,26.7,21.1,15.7,13.2,9.8,130.0,40.0,71.0,34.0,11.0,23.0,3.0,0.0,14.0,46.0,73.0,57.0
17060,TR,IST,LTBA,Istanbul / Ataturk,40.9667,28.8167,48,2022,5.8,7.1,5.4,13.2,17.9,22.9,25.1,26.2,21.9,17.3,14.7,11.3,29.0,97.0,42.0,31.0,16.0,36.0,58.0,32.0,13.0,18.0,29.0,28.0
17060,TR,IST,LTBA,Istanbul / Ataturk,40.9667,28.8167,48,2023,9.6,7.2,9.8,12.6,16.4,22.0,26.4,26.8,23.7,19.1,15.3,11.0,15.0,48.0,75.0,101.0,44.0,5.0,2.0,0.1,20.0,17.0,136.0,55.0
17060,TR,IST,LTBA,Istanbul / Ataturk,40.9667,28.8167,48,2024,8.0,9.8,10.5,16.2,16.7,25.5,27.6,26.5,23.2,17.5,12.0,10.1,105.0,7.0,47.0,38.0,29.0,6.0,18.0,2.0,68.0,12.0,15.0,98.0
17060,TR,IST,LTBA,Istanbul / Ataturk,40.9667,28.8167,48,2025,8.8,5.1,11.4,11.4,17.5,23.6,27.3,26.0,22.5,17.0,15.9,9.7,47.0,88.0,20.0,20.0,51.0,0.0,0.0,4.0,17.0,76.0,19.0,71.0
17060,TR,IST,LTBA,Istanbul / Ataturk,40.9667,28.8167,48,2026,8.5,8.9,8.7,12.2,,,,,,,,,86.0,75.0,104.0,44.0,,,,,,,,
17130,TR,ANK,,Ankara / Central,39.95,32.8833,891,1925,,,,,,,,,,,,4.3,,,,,,,,,,,,
17130,TR,ANK,,Ankara / Central,39.95,32.8833,891,1926,1.4,2.4,5.9,12.3,16.9,21.3,22.8,21.8,16.1,14.5,10.0,3.6,44.0,35.0,63.0,10.0,22.0,19.0,14.0,0.0,4.0,13.0,0.0,48.0
17130,TR,ANK,,Ankara / Central,39.95,32.8833,891,1927,1.4,-2.8,8.1,10.6,17.2,21.6,22.2,24.4,21.5,16.0,8.3,1.3,31.0,39.0,12.0,35.0,27.0,20.0,20.0,0.0,2.0,7.0,13.0,74.0
17130,TR,ANK,,Ankara / Central,39.95,32.8833,891,1928,-0.6,-1.8,1.9,14.1,17.1,20.2,24.0,23.2,19.3,10.7,9.3,2.3,9.0,22.0,13.0,10.0,24.0,4.0,0.0,0.0,0.4,10.0,78.0,49.0
17130,TR,ANK,,Ankara / Central,39.95,32.8833,891,1929,-2.1,-2.8,0.3,10.8,18.6,19.9,22.1,26.0,16.4,13.3,8.9,3.7,11.0,5.0,30.0,5.0,110.0,22.0,0.0,14.0,60.0,32.0,8.0,41.0
17130,TR,ANK,,Ankara / Central,39.95,32.8833,891,1930,2.2,1.7,7.4,12.3,15.6,18.3,24.1,23.7,19.0,13.3,7.6,3.9,9.0,13.0,28.0,14.0,61.0,43.0,8.0,50.0,6.0,14.0,9.0,31.0
17130,TR,ANK,,Ankara / Central,39.95,32.8833,891,1931,1.2,4.1,6.3,9.5,15.7,19.2,23.8,23.6,19.7,12.4,3.7,-0.5,40.0,33.0,49.0,78.0,44.0,52.0,4.0,0.0,21.0,3.0,38.0,61.0
17130,TR,ANK,,Ankara / Central,39.95,32.8833,891,1932,-2.1,-2.1,5.5,10.5,15.9,20.5,23.0,21.9,19.4,16.9,6.1,1.0,24.0,57.0,34.0,37.0,29.0,13.0,3.0,24.0,4.0,4.0,36.0,5.0
17130,TR,ANK,,Ankara / Central,39.95,32.8833,891,1933,-1.4,2.5,3.1,7.4,14.6,18.1,21.4,22.8,16.0,11.9,8.9,-1.4,22.0,20.0,19.0,49.0,50.0,32.0,21.0,3.0,13.0,2.0,49.0,59.0
17130,TR,ANK,,Ankara / Central,39.95,32.8833,891,1934,-2.6,-2.4,8.2,12.7,16.5,19.6,23.0,22.6,18.4,13.4,8.5,3.0,32.0,18.0,49.0,12.0,73.0,8.0,3.0,4.0,2.0,19.0,10.0,31.0
17130,TR,ANK,,Ankara / Central,39.95,32.8833,891,1935,-3.5,0.9,4.6,10.4,18.2,21.6,22.9,23.8,19.4,14.0,5.8,5.6,48.0,65.0,26.0,70.0,16.0,3.0,19.0,9.0,26.0,30.0,35.0,41.0
17130,TR,ANK,,Ankara / Central,39.95,32.8833,891,1936,3.1,4.0,7.3,12.3,14.1,18.3,23.5,24.4,16.5,13.3,6.8,-2.1,9.0,63.0,59.0,35.0,110.0,23.0,10.0,3.0,6.0,25.0,19.0,32.0
17130,TR,ANK,,Ankara / Central,39.95,32.8833,891,1937,-3.5,3.9,9.9,12.8,15.5,19.2,25.5,23.8,22.3,13.7,8.9,4.2,37.0,23.0,9.0,16.0,108.0,45.0,7.0,0.2,0.0,47.0,46.0,27.0
17130,TR,ANK,,Ankara / Central,39.95,32.8833,891,1938,-1.9,0.5,3.6,10.3,16.0,20.4,24.7,25.0,17.8,13.3,5.8,4.7,31.0,6.0,28.0,95.0,20.0,4.0,103.0,12.0,60.0,16.0,45.0,82.0
17130,TR,ANK,,Ankara / Central,39.95,32.8833,891,1939,3.0,1.1,3.9,11.9,17.9,19.5,23.1,22.4,18.7,14.8,6.1,4.1,20.0,20.0,43.0,9.0,12.0,58.0,4.0,51.0,35.0,17.0,37.0,64.0
17130,TR,ANK,,Ankara / Central,39.95,32.8833,891,1940,-2.2,4.0,4.8,12.2,14.4,19.8,24.6,23.2,18.2,14.4,8.3,4.7,32.0,39.0,14.0,15.0,59.0,63.0,6.0,38.0,7.0,25.0,14.0,87.0
17130,TR,ANK,,Ankara / Central,39.95,32.8833,891,1941,1.8,4.0,5.0,12.4,17.1,21.6,23.6,22.6,17.0,10.7,3.7,-4.3,68.0,30.0,28.0,56.0,12.0,10.0,27.0,2.0,8.0,28.0,45.0,22.0
17130,TR,ANK,,Ankara / Central,39.95,32.8833,891,1942,-3.9,3.1,5.3,10.0,16.8,22.9,22.9,23.2,17.8,12.2,7.0,-0.1,32.0,20.0,27.0,28.0,28.0,19.0,3.0,20.0,17.0,77.0,67.0,25.0
17130,TR,ANK,,Ankara / Central,39.95,32.8833,891,1943,-0.7,-5.5,-0.1,9.8,14.3,19.2,21.9,23.7,18.8,15.8,9.6,1.7,70.0,22.0,9.0,35.0,72.0,23.0,2.0,8.0,18.0,54.0,23.0,64.0
17130,TR,ANK,,Ankara / Central,39.95,32.8833,891,1944,0.0,3.8,6.5,12.0,15.0,21.2,23.4,22.1,18.9,14.8,7.8,3.7,31.0,30.0,58.0,16.0,27.0,14.0,4.0,2.0,2.0,11.0,28.0,46.0
17130,TR,ANK,,Ankara / Central,39.95,32.8833,891,1945,0.9,-2.1,2.1,9.4,18.8,19.5,23.4,24.5,19.8,11.2,7.7,0.6,40.0,29.0,13.0,14.0,33.0,19.0,2.0,1.0,8.0,21.0,43.0,55.0
17130,TR,ANK,,Ankara / Central,39.95,32.8833,891,1946,0.5,2.4,4.6,11.8,15.8,19.7,22.8,23.5,20.3,10.1,9.7,3.7,8.0,32.0,69.0,29.0,101.0,29.0,4.0,5.0,3.0,43.0,20.0,44.0
17130,TR,ANK,,Ankara / Central,39.95,32.8833,891,1947,-2.2,2.4,9.7,13.0,17.4,22.1,24.3,22.3,18.2,11.4,8.3,4.9,66.0,57.0,27.0,6.0,49.0,14.0,12.0,3.0,4.0,17.0,48.0,121.0
17130,TR,ANK,,Ankara / Central,39.95,32.8833,891,1948,5.1,1.5,1.1,10.2,15.7,19.3,23.6,24.6,17.8,12.2,4.5,-2.3,16.0,57.0,32.0,54.0,51.0,77.0,0.0,0.0,23.0,25.0,12.0,19.0
17130,TR,ANK,,Ankara / Central,39.95,32.8833,891,1949,-4.2,-4.6,1.8,7.4,17.8,20.6,21.6,21.8,15.1,12.6,9.4,3.9,33.0,27.0,45.0,40.0,10.0,17.0,33.0,0.0,53.0,7.0,21.0,61.0
17130,TR,ANK,,Ankara / Central,39.95,32.8833,891,1950,-7.0,-5.2,4.1,14.7,15.6,18.7,22.3,21.7,21.3,10.4,6.3,4.2,49.0,21.0,29.0,15.0,64.0,14.0,5.0,4.0,1.0,16.0,28.0,17.0
17130,TR,ANK,,Ankara / Central,39.95,32.8833,891,1951,2.2,3.8,8.0,11.9,16.0,19.2,22.4,23.2,19.2,8.9,7.1,-1.7,22.0,32.0,85.0,57.0,49.0,42.0,31.0,6.0,0.0,39.0,33.0,15.0
17130,TR,ANK,,Ankara / Central,39.95,32.8833,891,1952,1.3,2.7,4.8,11.5,14.1,17.8,22.2,24.1,21.6,14.3,8.2,6.2,36.0,43.0,41.0,22.0,94.0,30.0,20.0,3.0,4.0,10.0,39.0,21.0
17130,TR,ANK,,Ankara / Central,39.95,32.8833,891,1953,3.3,2.3,0.0,10.5,14.5,19.4,22.9,23.3,17.5,12.6,3.8,-3.2,49.0,49.0,27.0,41.0,89.0,35.0,0.0,7.0,7.0,6.0,2.0,22.0
17130,TR,ANK,,Ankara / Central,39.95,32.8833,891,1954,-4.1,-1.8,5.9,8.8,15.9,20.7,25.2,24.6,19.1,13.9,8.9,3.6,58.0,54.0,22.0,48.0,22.0,64.0,18.0,22.0,1.0,5.0,43.0,39.0
17130,TR,ANK,,Ankara / Central,39.95,32.8833,891,1955,4.2,6.7,7.0,9.5,16.4,21.7,22.9,21.8,18.3,15.3,7.6,3.0,29.0,22.0,41.0,57.0,47.0,3.0,14.0,21.0,42.0,48.0,36.0,39.0
17130,TR,ANK,,Ankara / Central,39.95,32.8833,891,1956,1.3,0.0,1.8,12.1,14.0,20.1,22.8,24.8,16.6,11.1,5.2,0.3,37.0,82.0,26.0,15.0,30.0,13.0,1.0,0.0,8.0,5.0,5.0,28.0
17130,TR,ANK,,Ankara / Central,39.95,32.8833,891,1957,-2.2,3.7,5.8,12.9,14.9,21.3,25.0,25.7,20.4,14.3,6.8,2.6,10.0,26.0,28.0,42.0,73.0,39.0,4.0,2.0,96.0,33.0,16.0,52.0
17130,TR,ANK,,Ankara / Central,39.95,32.8833,891,1958,1.7,4.7,6.2,10.6,17.1,19.5,22.6,23.1,17.0,11.9,6.8,3.4,56.0,22.0,90.0,40.0,28.0,62.0,3.0,2.0,21.0,28.0,8.0,45.0
17130,TR,ANK,,Ankara / Central,39.95,32.8833,891,1959,1.9,-5.0,4.4,11.3,15.8,19.1,23.0,21.6,15.2,9.7,6.0,5.0,85.0,19.0,8.0,17.0,46.0,23.0,44.0,2.0,5.0,18.0,35.0,31.0
17130,TR,ANK,,Ankara / Central,39.95,32.8833,891,1960,2.7,-0.2,5.2,10.6,17.0,19.1,23.4,21.8,18.3,14.9,9.3,5.2,30.0,51.0,49.0,49.0,28.0,43.0,17.0,4.0,9.0,32.0,22.0,28.0
17130,TR,ANK,,Ankara / Central,39.95,32.8833,891,1961,-0.8,0.9,4.2,13.1,16.6,19.8,23.3,23.2,16.0,12.4,8.4,3.2,31.0,57.0,25.0,11.0,33.0,122.0,5.0,0.0,27.0,27.0,6.0,58.0
17130,TR,ANK,,Ankara / Central,39.95,32.8833,891,1962,1.8,1.5,8.0,11.4,17.3,20.9,24.7,25.2,18.6,13.5,11.4,4.8,33.0,74.0,64.0,20.0,26.0,10.0,3.0,12.0,68.0,30.0,10.0,96.0
17130,TR,ANK,,Ankara / Central,39.95,32.8833,891,1963,2.4,4.5,3.8,10.3,14.4,19.5,22.8,24.2,19.2,13.2,7.9,3.0,90.0,81.0,33.0,82.0,122.0,23.0,21.0,0.0,64.0,28.0,11.0,57.0
17130,TR,ANK,,Ankara / Central,39.95,32.8833,891,1964,-3.5,-1.1,6.9,9.8,14.2,18.7,22.7,20.9,17.5,13.8,7.1,4.5,5.0,59.0,45.0,14.0,40.0,58.0,7.0,4.0,12.0,0.0,41.0,91.0
17130,TR,ANK,,Ankara / Central,39.95,32.8833,891,1965,1.6,-0.6,6.9,9.6,15.1,20.8,22.7,23.0,19.6,9.9,7.1,4.6,17.0,76.0,39.0,47.0,62.0,15.0,8.0,2.0,0.0,10.0,41.0,33.0
17130,TR,ANK,,Ankara / Central,39.95,32.8833,891,1966,2.3,5.9,6.9,12.3,15.0,19.6,24.0,24.0,18.3,15.8,11.8,3.9,56.0,2.0,60.0,49.0,64.0,17.0,25.0,24.0,12.0,8.0,19.0,44.0
17130,TR,ANK,,Ankara / Central,39.95,32.8833,891,1967,-0.1,-2.5,4.4,10.2,15.1,18.4,21.8,22.7,18.0,13.5,5.6,3.7,38.0,27.0,50.0,83.0,54.0,11.0,7.0,6.0,4.0,11.0,31.0,40.0
17130,TR,ANK,,Ankara / Central,39.95,32.8833,891,1968,-1.6,0.8,4.8,13.7,18.3,18.8,23.1,21.5,17.5,11.9,8.4,3.9,98.0,19.0,53.0,50.0,41.0,65.0,13.0,16.0,41.0,33.0,57.0,86.0
17130,TR,ANK,,Ankara / Central,39.95,32.8833,891,1969,0.0,0.8,6.6,8.2,17.1,20.7,21.0,24.2,19.4,11.9,7.2,5.4,77.0,62.0,50.0,69.0,69.0,31.0,5.0,0.0,4.0,9.0,34.0,80.0
17130,TR,ANK,,Ankara / Central,39.95,32.8833,891,1970,4.2,4.5,7.5,13.7,14.8,19.9,24.2,22.1,18.0,10.9,7.4,0.7,48.0,60.0,34.0,12.0,48.0,17.0,36.0,0.0,16.0,35.0,25.0,41.0
17130,TR,ANK,,Ankara / Central,39.95,32.8833,891,1971,4.4,2.7,6.9,10.4,15.5,19.3,23.0,22.0,19.0,10.5,7.2,1.4,38.0,21.0,41.0,42.0,79.0,26.0,7.0,8.0,19.0,14.0,54.0,50.0
17130,TR,ANK,,Ankara / Central,39.95,32.8833,891,1972,-4.0,-2.6,6.0,13.4,16.2,20.0,23.2,22.4,18.3,12.8,5.6,-0.8,16.0,22.0,14.0,42.0,50.0,83.0,39.0,35.0,44.0,66.0,18.0,14.0
17130,TR,ANK,,Ankara / Central,39.95,32.8833,891,1973,-2.8,4.9,4.1,10.2,16.2,18.7,22.8,21.5,19.3,13.2,4.8,1.4,13.0,22.0,42.0,63.0,22.0,58.0,17.0,4.0,19.0,3.0,14.0,52.0
17130,TR,ANK,,Ankara / Central,39.95,32.8833,891,1974,-4.2,2.5,7.9,9.0,15.0,20.9,22.6,21.8,16.9,16.4,7.0,0.5,7.0,25.0,26.0,26.0,104.0,50.0,13.0,18.0,22.0,15.0,15.0,57.0
17130,TR,ANK,,Ankara / Central,39.95,32.8833,891,1975,-1.3,0.9,8.1,13.0,14.7,20.3,24.0,22.8,18.5,12.2,5.5,-1.9,58.0,35.0,19.0,80.0,99.0,76.0,4.0,24.0,0.0,20.0,59.0,41.0
17130,TR,ANK,,Ankara / Central,39.95,32.8833,891,1976,-3.4,-3.7,4.3,10.7,15.6,18.4,21.9,20.7,16.6,13.9,8.5,1.7,75.0,19.0,25.0,45.0,65.0,29.0,1.0,2.0,17.0,76.0,18.0,67.0
17130,TR,ANK,,Ankara / Central,39.95,32.8833,891,1977,-1.2,6.2,5.6,11.1,16.1,19.4,23.3,23.0,17.8,9.8,9.0,1.1,27.0,12.0,28.0,51.0,26.0,15.0,5.0,10.0,18.0,7.0,18.0,25.0
17130,TR,ANK,,Ankara / Central,39.95,32.8833,891,1978,1.0,5.9,7.4,9.8,16.0,19.9,23.5,21.3,17.2,13.5,4.4,3.3,49.0,44.0,36.0,91.0,14.0,6.0,0.0,5.0,59.0,48.0,1.0,68.0
17130,TR,ANK,,Ankara / Central,39.95,32.8833,891,1979,1.2,4.6,8.3,11.0,15.9,20.6,21.6,23.9,19.4,12.4,8.0,-2.8,102.0,26.0,17.0,8.0,63.0,17.0,6.0,1.0,1.0,39.0,41.0,29.0
17130,TR,ANK,,Ankara / Central,39.95,32.8833,891,1980,-3.2,-0.1,4.9,9.4,15.5,19.9,24.9,22.5,16.4,13.8,7.8,3.6,86.0,32.0,34.0,59.0,68.0,19.0,10.0,6.0,1.0,3.0,61.0,39.0
17130,TR,ANK,,Ankara / Central,39.95,32.8833,891,1981,2.7,2.9,7.3,10.2,13.4,20.8,23.4,22.1,19.2,15.3,5.1,6.5,66.0,37.0,87.0,26.0,53.0,25.0,23.0,8.0,24.0,15.0,15.0,75.0
17130,TR,ANK,,Ankara / Central,39.95,32.8833,891,1982,1.8,0.8,4.7,10.9,16.1,19.1,20.2,21.3,18.9,12.2,4.8,3.2,33.0,10.0,25.0,87.0,24.0,44.0,19.0,81.0,0.5,23.0,3.0,24.0
17130,TR,ANK,,Ankara / Central,39.95,32.8833,891,1983,-2.9,0.5,6.0,12.1,15.7,18.1,21.4,20.1,18.3,10.9,6.6,2.7,43.0,37.0,13.0,42.0,73.0,42.0,42.0,28.0,10.0,21.0,113.0,24.0
17130,TR,ANK,,Ankara / Central,39.95,32.8833,891,1984,2.8,4.3,6.1,8.3,16.3,19.5,21.5,19.2,19.8,13.4,7.3,-1.1,41.0,24.0,38.0,77.0,29.0,27.0,37.0,15.0,0.0,0.0,22.0,4.0
17130,TR,ANK,,Ankara / Central,39.95,32.8833,891,1985,2.5,-3.5,3.0,11.8,17.6,20.1,20.8,24.9,17.9,10.3,8.7,2.0,63.0,74.0,17.0,49.0,49.0,5.0,6.0,2.0,0.0,56.0,49.0,33.0
17130,TR,ANK,,Ankara / Central,39.95,32.8833,891,1986,3.0,3.7,7.7,13.4,12.8,18.9,21.6,25.9,20.2,12.2,4.0,1.1,76.0,49.0,16.0,15.0,39.0,63.0,7.0,0.0,14.0,8.0,24.0,74.0
17130,TR,ANK,,Ankara / Central,39.95,32.8833,891,1987,2.2,4.6,0.9,9.1,15.2,19.1,23.9,21.7,19.7,11.8,6.4,2.5,85.0,19.0,46.0,38.0,52.0,38.0,18.0,3.0,2.0,20.0,26.0,69.0
17130,TR,ANK,,Ankara / Central,39.95,32.8833,891,1988,1.7,2.9,4.9,11.5,15.9,18.5,23.3,22.9,18.0,11.0,3.6,3.6,15.0,39.0,65.0,56.0,47.0,96.0,2.0,0.0,10.0,75.0,36.0,17.0
17130,TR,ANK,,Ankara / Central,39.95,32.8833,891,1989,-2.3,0.5,8.9,16.2,15.6,19.5,23.3,24.6,18.3,11.3,6.6,0.7,7.0,14.0,19.0,7.0,75.0,20.0,11.0,11.0,4.0,63.0,86.0,37.0
17130,TR,ANK,,Ankara / Central,39.95,32.8833,891,1990,-3.8,2.1,7.1,10.4,14.5,19.2,23.9,22.1,17.3,12.9,9.4,3.5,22.0,14.0,28.0,111.0,51.0,15.0,17.0,23.0,49.0,40.0,16.0,44.0
17130,TR,ANK,,Ankara / Central,39.95,32.8833,891,1991,-0.3,0.0,7.5,10.6,13.8,20.2,24.4,23.3,18.0,13.3,7.2,-0.5,25.0,44.0,14.0,67.0,71.0,37.0,3.0,5.0,9.0,48.0,13.0,67.0
17130,TR,ANK,,Ankara / Central,39.95,32.8833,891,1992,-4.0,-3.0,3.9,11.4,16.2,19.0,20.5,23.4,16.7,15.1,5.4,0.7,5.0,6.0,50.0,40.0,2.0,55.0,30.0,20.0,3.0,35.0,47.0,38.0
17130,TR,ANK,,Ankara / Central,39.95,32.8833,891,1993,-4.0,-0.7,5.7,10.4,15.3,19.7,22.9,23.1,19.3,15.0,4.0,4.0,29.0,33.0,22.0,28.0,88.0,13.0,4.0,11.0,1.0,2.0,36.0,33.0
17130,TR,ANK,,Ankara / Central,39.95,32.8833,891,1994,3.8,2.2,6.8,6.8,17.0,20.6,24.2,23.5,22.8,16.0,5.6,0.5,35.0,34.0,18.0,31.0,39.0,7.0,5.0,1.0,6.0,31.0,68.0,21.0
17130,TR,ANK,,Ankara / Central,39.95,32.8833,891,1995,3.3,5.2,6.7,9.9,17.6,21.8,20.8,23.4,19.0,11.6,3.4,2.9,34.0,11.0,93.0,62.0,31.0,60.0,107.0,4.0,13.0,28.0,62.0,22.0
17130,TR,ANK,,Ankara / Central,39.95,32.8833,891,1996,1.8,4.8,3.9,9.3,17.9,20.2,25.2,23.4,17.1,11.6,8.1,6.6,30.0,38.0,79.0,36.0,83.0,3.0,4.0,23.0,63.0,45.0,9.0,65.0
17130,TR,ANK,,Ankara / Central,39.95,32.8833,891,1997,2.3,0.7,3.4,7.5,17.4,20.3,22.8,20.9,16.0,12.9,7.3,3.7,37.0,17.0,15.0,91.0,71.0,12.0,1.0,30.0,0.0,60.0,37.0,66.0
17130,TR,ANK,,Ankara / Central,39.95,32.8833,891,1998,2.2,3.2,4.0,13.6,16.0,20.2,24.7,25.2,19.4,14.6,8.5,4.6,11.0,53.0,46.0,71.0,64.0,48.0,18.0,0.0,8.0,31.0,37.0,55.0
17130,TR,ANK,,Ankara / Central,39.95,32.8833,891,1999,3.3,3.2,6.6,12.1,16.9,20.0,24.4,23.8,18.8,13.9,6.7,5.0,28.0,86.0,55.0,14.0,7.0,35.0,45.0,31.0,21.0,43.0,31.0,39.0
17130,TR,ANK,,Ankara / Central,39.95,32.8833,891,2000,-3.4,-1.1,4.5,13.0,15.5,19.8,26.5,22.8,18.9,12.2,8.7,2.2,47.0,43.0,41.0,49.0,17.0,35.0,0.0,24.0,5.0,21.0,7.0,31.0
17130,TR,ANK,,Ankara / Central,39.95,32.8833,891,2001,3.0,4.1,11.5,12.6,14.8,21.9,26.3,24.7,20.8,13.2,6.9,2.5,7.0,43.0,33.0,27.0,110.0,0.0,3.0,36.0,13.0,1.0,65.0,117.0
17130,TR,ANK,,Ankara / Central,39.95,32.8833,891,2002,-3.8,5.0,8.6,10.4,16.7,20.8,24.8,22.5,18.3,13.3,8.0,-0.8,30.0,12.0,23.0,101.0,39.0,28.0,35.0,7.0,55.0,23.0,19.0,16.0
17130,TR,ANK,,Ankara / Central,39.95,32.8833,891,2003,5.4,-0.3,3.2,10.3,19.0,22.0,23.2,24.3,18.6,14.7,8.0,1.9,42.0,55.0,9.0,70.0,18.0,0.0,3.0,0.0,15.0,30.0,5.0,62.0
17130,TR,ANK,,Ankara / Central,39.95,32.8833,891,2004,0.2,2.4,7.2,11.5,15.8,20.0,23.6,22.9,19.3,14.2,7.2,2.3,46.0,18.0,13.0,38.0,34.0,26.0,6.0,13.0,3.0,11.0,35.0,9.0
17130,TR,ANK,,Ankara / Central,39.95,32.8833,891,2005,3.5,2.5,6.2,11.6,16.6,19.5,25.0,25.4,18.7,10.8,6.1,3.0,19.0,27.0,68.0,79.0,87.0,37.0,12.0,0.0,43.0,28.0,48.0,14.0
17130,TR,ANK,,Ankara / Central,39.95,32.8833,891,2006,-1.7,0.4,7.5,13.1,16.6,21.6,23.2,27.2,18.2,13.6,5.6,1.2,36.0,67.0,40.0,29.0,30.0,32.0,2.0,0.0,78.0,37.0,19.0,1.0
17130,TR,ANK,,Ankara / Central,39.95,32.8833,891,2007,1.4,2.7,7.3,9.2,20.5,22.6,26.8,26.4,20.8,15.4,6.9,2.0,39.0,16.0,38.0,24.0,18.0,32.0,4.0,10.0,0.0,14.0,67.0,44.0
17130,TR,ANK,,Ankara / Central,39.95,32.8833,891,2008,-4.0,0.1,10.1,13.9,15.5,22.1,25.0,26.7,19.9,13.4,8.8,2.0,20.0,7.0,55.0,33.0,45.0,10.0,0.0,1.0,62.0,19.0,44.0,29.0
17130,TR,ANK,,Ankara / Central,39.95,32.8833,891,2009,2.4,4.4,5.4,11.1,15.9,22.0,23.6,23.3,18.3,16.8,7.3,5.4,62.0,70.0,56.0,71.0,25.0,28.0,14.0,0.0,10.0,14.0,43.0,68.0
17130,TR,ANK,,Ankara / Central,39.95,32.8833,891,2010,3.1,6.5,8.3,12.0,17.8,21.3,25.7,28.2,22.4,12.2,11.2,6.0,63.0,65.0,45.0,38.0,31.0,58.0,26.0,22.0,0.0,173.0,32.0,67.0
17130,TR,ANK,,Ankara / Central,39.95,32.8833,891,2011,2.3,3.1,5.8,9.9,15.0,19.3,25.0,23.4,19.9,11.0,3.4,3.8,42.0,24.0,58.0,50.0,73.0,44.0,11.0,21.0,0.0,62.0,11.0,39.0
17130,TR,ANK,,Ankara / Central,39.95,32.8833,891,2012,-0.9,-1.9,3.7,14.7,17.2,23.7,26.7,23.7,22.0,16.8,9.1,4.3,93.0,48.0,43.0,25.0,65.0,1.0,5.0,7.0,4.0,19.0,36.0,86.0
17130,TR,ANK,,Ankara / Central,39.95,32.8833,891,2013,3.2,6.4,8.6,13.2,19.5,21.7,23.5,24.1,18.2,11.6,8.4,-1.0,45.0,35.0,61.0,44.0,22.0,22.0,17.0,2.0,2.0,24.0,20.0,4.0
17130,TR,ANK,,Ankara / Central,39.95,32.8833,891,2014,3.1,5.9,8.3,13.3,16.2,19.7,25.5,25.7,19.2,13.3,7.7,6.1,33.0,15.0,58.0,43.0,88.0,65.0,9.0,40.0,48.0,32.0,35.0,44.0
17130,TR,ANK,,Ankara / Central,39.95,32.8833,891,2015,1.0,3.4,7.1,9.1,16.8,18.3,24.3,24.6,23.3,14.5,8.7,0.0,54.0,29.0,96.0,25.0,67.0,134.0,5.0,26.0,6.0,42.0,22.0,6.0
17130,TR,ANK,,Ankara / Central,39.95,32.8833,891,2016,0.4,7.3,8.0,14.3,15.2,22.0,25.0,25.3,19.1,13.7,6.9,-0.3,92.0,40.0,86.0,20.0,61.0,21.0,0.0,65.0,25.0,4.0,25.0,55.0
17130,TR,ANK,,Ankara / Central,39.95,32.8833,891,2017,-1.4,3.1,8.1,11.1,15.7,20.4,25.5,24.7,22.6,12.5,7.2,4.7,33.0,9.0,51.0,23.0,54.0,56.0,12.0,17.0,4.0,32.0,41.0,46.0
17130,TR,ANK,,Ankara / Central,39.95,32.8833,891,2018,3.1,6.5,10.0,15.4,18.0,21.4,24.4,25.1,20.0,14.8,9.0,3.2,55.0,36.0,85.0,4.0,94.0,45.0,11.0,12.0,4.0,22.0,8.0,12.0
17130,TR,ANK,,Ankara / Central,39.95,32.8833,891,2019,2.0,4.8,7.2,10.8,18.2,22.4,23.1,24.2,20.3,16.4,10.3,4.1,29.0,40.0,40.0,54.0,35.0,42.0,34.0,30.0,0.2,7.0,23.0,65.0
17130,TR,ANK,,Ankara / Central,39.95,32.8833,891,2020,1.3,4.2,9.3,11.7,17.1,20.8,26.0,25.3,23.3,17.6,6.8,6.1,23.0,70.0,23.0,25.0,69.0,105.0,5.0,0.0,0.2,30.0,6.0,18.0
17130,TR,ANK,,Ankara / Central,39.95,32.8833,891,2021,3.5,4.5,5.1,12.3,19.2,19.0,25.5,25.6,18.7,13.3,9.3,4.3,66.0,17.0,70.0,21.0,14.0,40.0,2.0,17.0,19.0,6.0,52.0,42.0
17130,TR,ANK,,Ankara / Central,39.95,32.8833,891,2022,0.9,4.0,2.4,14.1,16.6,20.9,23.1,26.2,20.5,13.7,10.0,6.2,31.0,42.0,33.0,3.0,12.0,116.0,21.0,29.0,4.0,15.0,10.0,24.0
17130,TR,ANK,,Ankara / Central,39.95,32.8833,891,2023,3.9,2.8,8.2,11.0,15.8,19.9,25.0,28.3,21.0,15.9,10.7,6.9,7.0,21.0,68.0,48.0,107.0,90.0,1.0,0.0,28.0,2.0,79.0,29.0
17130,TR,ANK,,Ankara / Central,39.95,32.8833,891,2024,4.1,7.0,8.5,17.0,15.7,24.7,25.7,25.7,21.2,14.1,7.6,4.6,51.0,13.0,27.0,64.0,78.0,61.0,16.0,5.0,10.0,2.0,17.0,50.0
17130,TR,ANK,,Ankara / Central,39.95,32.8833,891,2025,4.6,1.5,10.9,10.6,17.0,22.4,27.1,26.0,19.8,13.6,11.0,4.7,18.0,17.0,0.8,101.0,63.0,14.0,50.0,4.0,27.0,32.0,15.0,25.0
17130,TR,ANK,,Ankara / Central,39.95,32.8833,891,2026,2.4,6.0,7.1,10.6,,,,,,,,,65.0,80.0,57.0,68.0,,,,,,,,
17030,TR,SAM,,Samsun,41.2833,36.3333,4,1880,,,,,,,,,,,,,,,146.0,14.0,35.0,27.0,,,,,83.0,74.0
17030,TR,SAM,,Samsun,41.2833,36.3333,4,1881,,,,,,,,,,,,,93.0,44.0,95.0,58.0,61.0,13.0,21.0,10.0,38.0,86.0,93.0,90.0
17030,TR,SAM,,Samsun,41.2833,36.3333,4,1882,,,,,,,,,,,,,23.0,90.0,31.0,,,,,66.0,58.0,72.0,28.0,94.0
17030,TR,SAM,,Samsun,41.2833,36.3333,4,1886,,,,,,,,,,,,,21.0,33.0,112.0,45.0,65.0,53.0,24.0,2.0,75.0,105.0,110.0,14.0
17030,TR,SAM,,Samsun,41.2833,36.3333,4,1887,,,,,,,,,,,,,131.0,60.0,95.0,11.0,7.0,32.0,0.0,0.0,78.0,75.0,126.0,60.0
17030,TR,SAM,,Samsun,41.2833,36.3333,4,1888,,,,,,,,,,,,,87.0,56.0,53.0,96.0,113.0,45.0,24.0,72.0,71.0,60.0,70.0,130.0
17030,TR,SAM,,Samsun,41.2833,36.3333,4,1891,,,,,,,,,,,,,130.0,90.0,14.0,48.0,18.0,10.0,71.0,41.0,91.0,79.0,149.0,126.0
17030,TR,SAM,,Samsun,41.2833,36.3333,4,1894,,,,,,,,,,,,,,,,,,,0.0,0.0,8.0,123.0,373.0,
17030,TR,SAM,,Samsun,41.2833,36.3333,4,1895,,,,,,,,,,,,,,,,,,12.0,0.0,8.0,78.0,15.0,41.0,98.0
17030,TR,SAM,,Samsun,41.2833,36.3333,4,1899,,,,,,,,,,,,,46.0,65.0,,40.0,66.0,85.0,0.0,12.0,30.0,47.0,120.0,165.0
17030,TR,SAM,,Samsun,41.2833,36.3333,4,1901,,,,,,,,,,,,,46.0,91.0,72.0,47.0,61.0,28.0,12.0,54.0,90.0,44.0,231.0,144.0
17030,TR,SAM,,Samsun,41.2833,36.3333,4,1902,,,,,,,,,,,,,54.0,45.0,78.0,36.0,57.0,10.0,149.0,0.0,72.0,81.0,178.0,98.0
17030,TR,SAM,,Samsun,41.2833,36.3333,4,1903,,,,,,,,,,,,,55.0,30.0,22.0,29.0,78.0,49.0,26.0,92.0,28.0,34.0,73.0,35.0
17030,TR,SAM,,Samsun,41.2833,36.3333,4,1904,,,,,,,,,,,,,47.0,51.0,88.0,26.0,66.0,41.0,0.0,7.0,128.0,35.0,205.0,87.0
17030,TR,SAM,,Samsun,41.2833,36.3333,4,1929,5.7,3.1,3.3,9.4,16.5,19.6,22.6,25.7,19.0,17.3,14.0,9.2,82.0,81.0,76.0,68.0,17.0,17.0,0.9,13.0,129.0,20.0,91.0,70.0
17030,TR,SAM,,Samsun,41.2833,36.3333,4,1930,7.4,6.3,9.3,12.1,15.2,18.4,23.1,23.8,20.4,16.9,13.3,10.0,93.0,56.0,43.0,34.0,81.0,77.0,0.3,25.0,20.0,65.0,105.0,95.0
17030,TR,SAM,,Samsun,41.2833,36.3333,4,1931,8.3,9.1,8.7,9.9,16.0,21.0,24.1,23.8,20.6,16.3,9.5,6.4,10.0,22.0,59.0,87.0,32.0,94.0,23.0,21.0,22.0,12.0,69.0,88.0
17030,TR,SAM,,Samsun,41.2833,36.3333,4,1932,4.9,2.5,7.3,11.5,15.2,19.8,22.4,22.8,19.9,19.2,11.9,8.7,66.0,59.0,84.0,87.0,71.0,23.0,14.0,11.0,32.0,2.0,153.0,59.0
17030,TR,SAM,,Samsun,41.2833,36.3333,4,1933,5.6,6.7,6.6,9.5,14.5,18.5,21.4,22.1,18.2,16.3,14.5,6.4,53.0,52.0,68.0,45.0,39.0,69.0,68.0,11.0,72.0,48.0,112.0,136.0
17030,TR,SAM,,Samsun,41.2833,36.3333,4,1934,5.8,4.4,10.4,10.8,15.8,19.1,22.0,22.2,19.8,16.9,13.1,8.7,100.0,96.0,14.0,64.0,23.0,52.0,173.0,7.0,91.0,55.0,42.0,109.0
17030,TR,SAM,,Samsun,41.2833,36.3333,4,1935,5.7,7.3,6.2,11.4,15.4,20.5,22.5,23.7,21.3,17.8,12.0,11.7,152.0,97.0,65.0,55.0,16.0,6.0,9.0,47.0,41.0,71.0,100.0,51.0
17030,TR,SAM,,Samsun,41.2833,36.3333,4,1936,10.1,8.8,9.6,12.7,14.7,20.1,24.9,24.1,18.9,16.8,12.9,7.3,37.0,73.0,63.0,44.0,65.0,91.0,101.0,31.0,118.0,118.0,92.0,70.0
17030,TR,SAM,,Samsun,41.2833,36.3333,4,1937,4.8,8.3,11.8,12.6,16.3,19.3,24.3,24.4,23.1,17.4,14.5,12.3,56.0,35.0,44.0,77.0,8.0,65.0,11.0,33.0,22.0,85.0,89.0,115.0
17030,TR,SAM,,Samsun,41.2833,36.3333,4,1938,7.5,5.6,6.5,10.6,15.4,20.0,25.4,25.7,21.3,17.2,12.5,10.3,76.0,61.0,78.0,64.0,34.0,16.0,4.0,12.0,112.0,13.0,105.0,66.0
17030,TR,SAM,,Samsun,41.2833,36.3333,4,1939,9.8,6.0,8.3,11.6,17.1,20.8,24.2,23.5,19.7,18.0,11.2,10.3,15.0,75.0,88.0,48.0,69.0,15.0,205.0,143.0,62.0,73.0,88.0,84.0
17030,TR,SAM,,Samsun,41.2833,36.3333,4,1940,4.9,6.9,7.8,10.7,14.3,20.0,23.7,22.9,19.5,16.5,14.1,9.7,82.0,129.0,91.0,86.0,60.0,42.0,36.0,32.0,32.0,65.0,51.0,223.0
17030,TR,SAM,,Samsun,41.2833,36.3333,4,1941,7.5,10.0,6.9,13.1,17.1,20.7,23.5,23.0,18.3,14.9,9.4,5.9,101.0,76.0,164.0,34.0,28.0,14.0,30.0,48.0,82.0,89.0,110.0,46.0
17030,TR,SAM,,Samsun,41.2833,36.3333,4,1942,3.8,7.6,4.6,8.8,14.6,20.7,22.3,23.3,19.8,16.7,12.6,7.0,97.0,11.0,52.0,45.0,38.0,0.7,78.0,13.0,34.0,129.0,96.0,41.0
17030,TR,SAM,,Samsun,41.2833,36.3333,4,1943,6.4,4.4,4.7,9.8,15.5,18.7,21.6,23.5,20.2,18.4,14.7,9.9,160.0,49.0,32.0,56.0,73.0,59.0,25.0,10.0,27.0,131.0,74.0,72.0
17030,TR,SAM,,Samsun,41.2833,36.3333,4,1944,6.0,9.8,9.0,10.3,13.9,19.8,22.6,21.8,19.1,17.7,14.0,9.7,78.0,56.0,102.0,66.0,78.0,24.0,3.0,89.0,17.0,93.0,87.0,198.0
17030,TR,SAM,,Samsun,41.2833,36.3333,4,1945,7.8,3.9,6.1,9.7,16.2,19.1,22.4,23.7,20.0,14.7,11.5,7.7,35.0,83.0,51.0,74.0,11.0,32.0,26.0,16.0,44.0,134.0,83.0,87.0
17030,TR,SAM,,Samsun,41.2833,36.3333,4,1946,4.8,6.8,7.0,9.9,14.7,20.4,23.2,24.3,21.3,14.0,13.7,9.6,89.0,81.0,104.0,29.0,61.0,57.0,4.0,56.0,128.0,133.0,5.0,26.0
17030,TR,SAM,,Samsun,41.2833,36.3333,4,1947,3.9,9.2,12.1,12.8,15.4,20.5,23.7,22.7,19.2,14.5,13.4,12.5,142.0,31.0,58.0,12.0,21.0,9.0,42.0,20.0,47.0,57.0,132.0,25.0
17030,TR,SAM,,Samsun,41.2833,36.3333,4,1948,11.8,6.3,4.8,9.8,15.4,21.0,22.4,23.2,19.2,15.1,9.3,5.2,35.0,97.0,132.0,52.0,22.0,79.0,29.0,4.0,45.0,158.0,105.0,92.0
17030,TR,SAM,,Samsun,41.2833,36.3333,4,1949,4.8,2.8,7.3,8.7,16.4,20.1,22.0,22.0,18.2,15.1,15.3,9.6,74.0,62.0,33.0,100.0,7.0,54.0,11.0,23.0,122.0,39.0,32.0,74.0
17030,TR,SAM,,Samsun,41.2833,36.3333,4,1950,1.9,5.6,8.1,15.1,16.1,20.1,23.2,22.6,22.0,16.5,13.7,13.1,163.0,83.0,57.0,18.0,23.0,16.0,12.0,15.0,4.0,44.0,76.0,5.0
17030,TR,SAM,,Samsun,41.2833,36.3333,4,1951,10.1,7.9,9.9,12.5,16.5,19.9,22.7,23.6,20.0,11.8,12.7,7.0,47.0,49.0,40.0,37.0,70.0,86.0,89.0,34.0,83.0,119.0,92.0,95.0
17030,TR,SAM,,Samsun,41.2833,36.3333,4,1952,8.2,8.0,8.5,10.4,14.1,18.5,22.1,23.6,21.6,18.2,14.3,12.6,91.0,96.0,84.0,42.0,66.0,43.0,15.0,18.0,57.0,53.0,25.0,34.0
17030,TR,SAM,,Samsun,41.2833,36.3333,4,1953,9.4,7.8,5.0,10.4,14.6,20.9,23.5,23.6,19.1,15.3,7.5,4.8,67.0,68.0,116.0,34.0,60.0,22.0,1.0,33.0,91.0,132.0,172.0,96.0
17030,TR,SAM,,Samsun,41.2833,36.3333,4,1954,3.1,3.8,8.0,9.1,16.0,21.1,23.9,23.8,21.1,17.1,14.8,10.3,137.0,51.0,56.0,61.0,61.0,75.0,13.0,6.0,16.0,36.0,55.0,146.0
17030,TR,SAM,,Samsun,41.2833,36.3333,4,1955,9.7,12.3,8.1,10.2,15.2,19.2,23.0,23.0,20.5,19.0,12.8,9.2,47.0,47.0,91.0,86.0,20.0,3.0,54.0,44.0,38.0,19.0,104.0,60.0
17030,TR,SAM,,Samsun,41.2833,36.3333,4,1956,8.5,5.4,5.1,12.1,14.3,19.3,21.9,23.0,17.8,14.4,10.7,7.2,75.0,149.0,87.0,40.0,48.0,27.0,64.0,5.0,46.0,22.0,87.0,47.0
17030,TR,SAM,,Samsun,41.2833,36.3333,4,1957,4.9,8.6,6.2,11.5,15.6,20.4,23.7,24.3,22.3,16.5,12.2,10.1,62.0,60.0,78.0,28.0,64.0,8.0,0.0,0.0,21.0,86.0,92.0,62.0
17030,TR,SAM,,Samsun,41.2833,36.3333,4,1958,8.0,10.3,8.1,11.4,16.6,20.2,22.1,22.9,18.4,15.1,11.4,10.4,119.0,34.0,150.0,58.0,7.0,33.0,28.0,9.0,76.0,69.0,62.0,117.0
17030,TR,SAM,,Samsun,41.2833,36.3333,4,1959,9.2,2.4,6.2,12.7,14.3,19.5,23.8,23.4,17.2,12.7,11.5,11.1,77.0,149.0,62.0,68.0,49.0,37.0,2.0,154.0,82.0,99.0,96.0,30.0
17030,TR,SAM,,Samsun,41.2833,36.3333,4,1960,8.8,6.6,6.8,9.6,15.3,19.4,22.5,22.2,18.7,19.3,14.8,13.6,92.0,108.0,51.0,69.0,41.0,29.0,12.0,40.0,18.0,23.0,81.0,19.0
17030,TR,SAM,,Samsun,41.2833,36.3333,4,1961,6.9,6.1,8.0,13.2,16.9,21.1,22.8,23.4,18.0,15.5,14.4,10.5,86.0,115.0,109.0,32.0,65.0,54.0,6.0,6.0,78.0,54.0,71.0,69.0
17030,TR,SAM,,Samsun,41.2833,36.3333,4,1962,7.9,7.2,11.8,11.3,17.0,19.9,22.8,23.6,19.9,16.7,16.3,10.6,64.0,126.0,49.0,29.0,55.0,56.0,14.0,0.0,18.0,100.0,5.0,151.0
17030,TR,SAM,,Samsun,41.2833,36.3333,4,1963,7.4,10.0,7.2,9.7,15.1,20.6,24.1,23.6,20.3,16.0,13.4,8.5,120.0,40.0,80.0,61.0,44.0,25.0,62.0,0.0,131.0,62.0,60.0,73.0
17030,TR,SAM,,Samsun,41.2833,36.3333,4,1964,3.4,6.3,7.9,12.3,13.6,21.1,22.4,21.5,19.3,15.8,11.6,10.4,53.0,39.0,51.0,43.0,42.0,22.0,39.0,39.0,32.0,6.0,90.0,55.0
17030,TR,SAM,,Samsun,41.2833,36.3333,4,1965,7.7,6.4,8.2,10.4,15.3,21.3,22.7,22.2,20.2,13.4,13.6,12.0,50.0,86.0,58.0,64.0,46.0,27.0,24.0,24.0,13.0,90.0,108.0,47.0
17030,TR,SAM,,Samsun,41.2833,36.3333,4,1966,9.6,11.2,10.4,13.5,16.6,20.1,24.1,24.5,19.3,18.7,16.4,10.7,105.0,18.0,86.0,47.0,13.0,14.0,0.0,91.0,75.0,4.0,46.0,185.0
17030,TR,SAM,,Samsun,41.2833,36.3333,4,1967,6.8,4.2,6.8,11.2,16.1,18.8,22.7,23.5,19.7,17.4,12.8,10.4,68.0,68.0,209.0,119.0,75.0,59.0,6.0,43.0,12.0,25.0,350.0,95.0
17030,TR,SAM,,Samsun,41.2833,36.3333,4,1968,6.5,7.7,7.6,12.2,18.1,19.5,21.9,21.6,20.6,15.4,13.8,9.2,82.0,48.0,58.0,31.0,15.0,84.0,22.0,102.0,81.0,172.0,63.0,135.0
17030,TR,SAM,,Samsun,41.2833,36.3333,4,1969,6.1,8.3,7.4,10.4,15.8,21.5,21.0,22.4,20.0,14.1,13.2,11.7,81.0,43.0,83.0,89.0,30.0,53.0,0.0,0.0,53.0,80.0,104.0,40.0
17030,TR,SAM,,Samsun,41.2833,36.3333,4,1970,9.3,10.5,10.8,13.3,16.3,19.7,23.7,22.5,19.0,15.0,13.3,8.7,76.0,67.0,43.0,38.0,74.0,22.0,7.0,10.0,82.0,161.0,71.0,155.0
17030,TR,SAM,,Samsun,41.2833,36.3333,4,1971,10.1,7.3,9.6,11.0,15.9,20.6,22.8,23.2,20.2,14.2,13.3,7.8,9.0,31.0,68.0,120.0,73.0,24.0,52.0,49.0,55.0,94.0,54.0,77.0
17030,TR,SAM,,Samsun,41.2833,36.3333,4,1972,3.2,5.5,6.8,14.3,16.4,21.5,23.8,23.6,20.2,16.2,11.7,6.6,31.0,32.0,30.0,61.0,37.0,92.0,32.0,94.0,90.0,149.0,68.0,44.0
17030,TR,SAM,,Samsun,41.2833,36.3333,4,1973,5.3,10.1,7.3,11.4,15.3,19.2,23.1,21.8,19.2,16.6,9.6,7.8,17.0,86.0,78.0,52.0,60.0,32.0,18.0,11.0,54.0,50.0,101.0,79.0
17030,TR,SAM,,Samsun,41.2833,36.3333,4,1974,4.2,7.3,7.3,9.8,15.2,19.6,21.7,22.0,19.9,19.4,12.7,9.1,19.0,33.0,25.0,47.0,88.0,23.0,16.0,33.0,25.0,18.0,35.0,127.0
17030,TR,SAM,,Samsun,41.2833,36.3333,4,1975,7.3,5.4,9.4,13.4,16.4,21.6,24.2,23.0,20.0,15.5,11.4,6.4,60.0,71.0,27.0,89.0,24.0,381.0,0.3,3.0,174.0,41.0,52.0,60.0
17030,TR,SAM,,Samsun,41.2833,36.3333,4,1976,5.4,3.0,5.7,11.0,14.0,18.8,21.8,21.4,18.9,15.3,12.6,10.1,143.0,55.0,21.0,13.0,54.0,45.0,25.0,32.0,10.0,83.0,44.0,36.0
17030,TR,SAM,,Samsun,41.2833,36.3333,4,1977,6.4,11.2,7.6,11.4,15.4,19.8,22.4,22.7,18.9,12.6,13.9,7.2,52.0,29.0,122.0,89.0,49.0,53.0,60.0,14.0,85.0,23.0,26.0,89.0
17030,TR,SAM,,Samsun,41.2833,36.3333,4,1978,6.5,9.8,9.1,10.5,15.1,18.9,22.2,21.2,19.2,16.3,10.1,8.9,99.0,29.0,65.0,109.0,45.0,29.0,6.0,40.0,90.0,108.0,25.0,113.0
17030,TR,SAM,,Samsun,41.2833,36.3333,4,1979,8.6,8.0,9.6,12.3,17.3,21.2,22.2,23.5,19.4,14.9,11.8,9.9,35.0,62.0,71.0,53.0,8.0,32.0,124.0,20.0,49.0,113.0,80.0,21.0
17030,TR,SAM,,Samsun,41.2833,36.3333,4,1980,5.4,5.9,7.9,10.0,14.4,19.5,23.0,22.9,18.3,15.6,13.8,10.6,51.0,43.0,81.0,116.0,39.0,31.0,4.0,43.0,53.0,55.0,43.0,55.0
17030,TR,SAM,,Samsun,41.2833,36.3333,4,1981,8.9,7.7,8.7,9.9,14.0,19.5,23.3,23.1,20.1,18.1,11.6,13.2,34.0,15.0,47.0,24.0,53.0,22.0,10.0,32.0,15.0,52.0,44.0,92.0
17030,TR,SAM,,Samsun,41.2833,36.3333,4,1982,7.3,4.7,6.4,10.8,14.9,19.3,21.5,22.3,20.7,15.7,10.2,9.9,42.0,42.0,53.0,61.0,19.0,14.0,27.0,83.0,13.0,70.0,103.0,123.0
17030,TR,SAM,,Samsun,41.2833,36.3333,4,1983,5.0,7.1,8.0,12.4,16.0,19.7,22.6,21.3,19.0,14.8,10.7,9.3,77.0,61.0,34.0,32.0,27.0,71.0,59.0,11.0,2.0,107.0,136.0,49.0
17030,TR,SAM,,Samsun,41.2833,36.3333,4,1984,9.4,7.1,8.0,9.3,15.0,19.4,21.9,20.7,20.2,15.6,12.2,6.6,38.0,62.0,70.0,112.0,28.0,38.0,22.0,69.0,4.0,9.0,147.0,43.0
17030,TR,SAM,,Samsun,41.2833,36.3333,4,1985,8.7,3.0,5.4,10.9,16.4,19.6,20.4,22.8,19.1,14.0,13.8,8.5,48.0,44.0,32.0,32.0,24.0,69.0,12.0,0.0,36.0,208.0,89.0,41.0
17030,TR,SAM,,Samsun,41.2833,36.3333,4,1986,9.4,7.4,6.7,11.2,13.7,20.4,22.9,24.4,20.5,14.6,9.3,8.0,28.0,72.0,9.0,22.0,133.0,61.0,3.0,0.0,72.0,41.0,72.0,73.0
17030,TR,SAM,,Samsun,41.2833,36.3333,4,1987,7.4,7.8,4.7,9.1,13.9,19.5,23.1,21.9,19.0,14.4,12.5,7.8,110.0,35.0,71.0,106.0,23.0,64.0,18.0,50.0,9.0,58.0,78.0,142.0
17030,TR,SAM,,Samsun,41.2833,36.3333,4,1988,7.2,6.8,9.0,10.9,14.2,19.8,24.3,23.9,19.3,15.6,9.4,8.4,56.0,36.0,50.0,39.0,33.0,43.0,65.0,0.0,15.0,257.0,128.0,67.0
17030,TR,SAM,,Samsun,41.2833,36.3333,4,1989,4.5,6.6,8.6,14.1,16.1,19.8,23.4,24.3,20.4,16.0,12.0,8.1,52.0,48.0,39.0,25.0,42.0,37.0,24.0,0.0,65.0,93.0,175.0,65.0
17030,TR,SAM,,Samsun,41.2833,36.3333,4,1990,5.3,7.2,7.6,11.8,13.9,20.0,23.3,22.4,19.0,15.7,14.0,10.6,52.0,17.0,114.0,153.0,80.0,55.0,42.0,41.0,35.0,340.0,186.0,54.0
17030,TR,SAM,,Samsun,41.2833,36.3333,4,1991,6.6,5.0,6.7,11.3,15.6,18.9,24.1,23.9,19.0,17.2,12.7,7.3,58.0,63.0,73.0,62.0,106.0,151.0,14.0,4.0,194.0,72.0,111.0,52.0
17030,TR,SAM,,Samsun,41.2833,36.3333,4,1992,4.2,4.0,7.8,10.6,13.6,20.2,21.9,23.8,18.6,17.4,11.5,5.8,60.0,53.0,46.0,37.0,140.0,56.0,254.0,16.0,537.0,84.0,88.0,77.0
17030,TR,SAM,,Samsun,41.2833,36.3333,4,1993,5.0,4.1,7.8,10.4,15.1,20.0,21.9,23.5,19.2,14.9,8.0,10.5,53.0,65.0,26.0,41.0,72.0,44.0,9.0,27.0,102.0,58.0,59.0,27.0
17030,TR,SAM,,Samsun,41.2833,36.3333,4,1994,8.8,5.6,8.1,13.3,15.0,19.7,23.7,23.8,22.8,18.4,10.4,6.7,55.0,49.0,74.0,20.0,55.0,13.0,28.0,28.0,8.0,116.0,183.0,121.0
17030,TR,SAM,,Samsun,41.2833,36.3333,4,1995,8.3,7.7,10.3,10.6,16.6,21.8,23.4,23.6,20.2,14.2,10.9,8.6,44.0,23.0,48.0,149.0,35.0,30.0,43.0,50.0,117.0,71.0,98.0,42.0
17030,TR,SAM,,Samsun,41.2833,36.3333,4,1996,6.6,7.5,5.9,9.3,16.5,19.3,23.7,23.6,19.9,15.2,13.0,11.6,40.0,44.0,120.0,48.0,13.0,21.0,3.0,104.0,131.0,152.0,8.0,90.0
17030,TR,SAM,,Samsun,41.2833,36.3333,4,1997,7.0,5.3,5.8,9.8,16.4,20.0,23.4,22.9,17.5,16.0,12.0,9.7,71.0,38.0,46.0,82.0,30.0,44.0,57.0,36.0,42.0,157.0,11.0,118.0
17030,TR,SAM,,Samsun,41.2833,36.3333,4,1998,7.2,5.5,7.3,14.0,16.2,21.2,23.6,24.7,20.2,16.9,13.4,9.1,54.0,76.0,75.0,21.0,115.0,36.0,38.0,20.0,34.0,78.0,52.0,46.0
17030,TR,SAM,,Samsun,41.2833,36.3333,4,1999,8.4,8.5,8.8,12.2,15.4,21.5,24.2,23.7,19.7,16.0,10.8,10.4,48.0,30.0,93.0,44.0,60.0,39.0,47.0,329.0,137.0,58.0,54.0,56.0
17030,TR,SAM,,Samsun,41.2833,36.3333,4,2000,4.5,6.4,7.7,13.5,15.3,19.5,23.8,24.0,20.5,15.9,12.8,10.2,93.0,100.0,76.0,27.0,37.0,119.0,0.0,28.0,49.0,36.0,11.0,49.0
17030,TR,SAM,,Samsun,41.2833,36.3333,4,2001,9.1,8.1,11.9,11.6,15.0,19.9,25.8,26.1,22.4,16.0,12.5,8.0,61.0,46.0,47.0,55.0,84.0,16.0,0.0,11.0,32.0,62.0,94.0,138.0
17030,TR,SAM,,Samsun,41.2833,36.3333,4,2002,4.5,8.7,8.7,10.2,15.8,20.8,25.6,23.6,21.5,17.3,14.1,6.6,105.0,35.0,34.0,62.0,11.0,54.0,80.0,114.0,35.0,42.0,30.0,71.0
17030,TR,SAM,,Samsun,41.2833,36.3333,4,2003,9.3,4.8,5.0,8.7,16.2,20.7,23.7,24.1,19.5,17.5,11.5,9.3,28.0,78.0,74.0,45.0,55.0,3.0,37.0,3.0,94.0,195.0,64.0,98.0
17030,TR,SAM,,Samsun,41.2833,36.3333,4,2004,8.1,7.5,8.5,11.4,15.0,20.0,22.6,24.1,20.1,16.9,12.2,8.9,84.0,44.0,66.0,101.0,56.0,78.0,38.0,45.0,37.0,60.0,174.0,84.0
17030,TR,SAM,,Samsun,41.2833,36.3333,4,2005,9.0,7.5,7.2,11.4,15.8,20.2,24.2,25.4,21.3,15.7,12.3,10.0,63.0,43.0,142.0,88.0,35.0,51.0,6.0,114.0,70.0,63.0,74.0,40.0
17030,TR,SAM,,Samsun,41.2833,36.3333,4,2006,4.6,6.0,9.7,11.0,14.6,21.3,23.0,26.5,20.9,17.2,11.5,7.2,121.0,99.0,95.0,34.0,69.0,36.0,9.0,0.0,66.0,49.0,66.0,71.0
17030,TR,SAM,,Samsun,41.2833,36.3333,4,2007,9.6,7.5,8.6,9.9,17.2,23.0,24.7,25.4,21.5,18.2,11.2,8.0,25.0,44.0,68.0,26.0,67.0,38.0,31.0,112.0,29.0,72.0,97.0,69.0
17030,TR,SAM,,Samsun,41.2833,36.3333,4,2008,4.1,5.8,11.4,13.6,15.0,20.5,24.1,25.4,21.0,16.7,13.3,9.0,43.0,68.0,37.0,48.0,41.0,36.0,21.0,0.0,75.0,129.0,110.0,121.0
17030,TR,SAM,,Samsun,41.2833,36.3333,4,2009,8.4,9.0,8.4,9.7,16.5,21.9,24.5,23.4,20.8,18.2,13.0,12.1,86.0,91.0,49.0,21.0,55.0,8.0,81.0,21.0,63.0,113.0,135.0,79.0
17030,TR,SAM,,Samsun,41.2833,36.3333,4,2010,9.7,9.8,7.9,11.5,17.0,22.4,25.5,27.0,22.3,15.7,16.3,13.2,74.0,36.0,93.0,73.0,12.0,112.0,20.0,5.0,23.0,18.0,11.0,96.0
17030,TR,SAM,,Samsun,41.2833,36.3333,4,2011,7.6,6.5,7.7,9.8,14.8,20.6,24.6,24.5,21.3,15.7,8.1,10.4,133.0,40.0,75.0,65.0,86.0,5.0,31.0,15.0,21.0,32.0,82.0,37.0
17030,TR,SAM,,Samsun,41.2833,36.3333,4,2012,6.4,4.5,6.5,12.7,17.6,22.3,24.8,24.2,21.4,19.5,14.4,9.8,76.0,63.0,71.0,31.0,25.0,55.0,167.0,164.0,43.0,37.0,164.0,103.0
17030,TR,SAM,,Samsun,41.2833,36.3333,4,2013,9.1,10.1,10.4,12.7,18.4,21.5,23.7,24.6,20.4,14.7,14.0,6.9,61.0,31.0,93.0,58.0,30.0,34.0,11.0,270.0,26.0,51.0,38.0,57.0
17030,TR,SAM,,Samsun,41.2833,36.3333,4,2014,9.8,9.1,10.2,12.1,17.0,21.3,24.6,25.7,21.4,17.2,12.2,11.5,4.0,34.0,41.0,24.0,48.0,62.0,55.0,20.0,74.0,71.0,94.0,21.0
17030,TR,SAM,,Samsun,41.2833,36.3333,4,2015,7.7,9.0,8.8,10.6,16.1,21.1,23.7,25.1,23.2,17.4,14.5,8.4,129.0,84.0,72.0,96.0,30.0,80.0,0.0,17.0,40.0,72.0,31.0,100.0
17030,TR,SAM,,Samsun,41.2833,36.3333,4,2016,7.6,11.2,10.4,13.9,16.8,22.2,24.6,25.9,21.2,15.8,12.7,6.0,88.0,31.0,110.0,51.0,188.0,63.0,38.0,12.0,56.0,58.0,78.0,189.0
17030,TR,SAM,,Samsun,41.2833,36.3333,4,2017,6.1,7.5,9.4,10.3,15.3,21.0,24.2,25.4,22.3,16.3,13.3,12.2,79.0,40.0,65.0,78.0,71.0,45.0,0.0,14.0,30.0,35.0,59.0,135.0
17030,TR,SAM,,Samsun,41.2833,36.3333,4,2018,8.8,10.1,11.5,12.7,18.3,22.9,25.3,25.7,21.8,18.5,13.4,9.8,154.0,37.0,119.0,7.0,19.0,30.0,36.0,65.0,73.0,37.0,27.0,15.0
17030,TR,SAM,,Samsun,41.2833,36.3333,4,2019,9.2,8.4,8.8,11.8,17.1,23.7,23.8,24.2,21.3,18.3,15.1,11.2,29.0,37.0,36.0,70.0,66.0,84.0,38.0,19.0,27.0,127.0,36.0,85.0
17030,TR,SAM,,Samsun,41.2833,36.3333,4,2020,8.0,8.8,10.6,10.7,16.3,21.8,25.2,24.3,23.5,19.8,12.6,12.3,116.0,58.0,46.0,36.0,42.0,33.0,0.1,0.7,5.0,41.0,128.0,26.0
17030,TR,SAM,,Samsun,41.2833,36.3333,4,2021,10.8,8.8,8.0,11.5,16.4,20.3,25.6,25.3,20.2,15.8,13.7,11.6,40.0,91.0,84.0,50.0,91.0,75.0,57.0,51.0,87.0,75.0,84.0,45.0
17030,TR,SAM,,Samsun,41.2833,36.3333,4,2022,7.0,9.3,6.2,12.4,15.0,21.5,23.5,26.0,21.7,17.1,14.6,12.0,157.0,61.0,111.0,40.0,39.0,82.0,3.0,36.0,142.0,59.0,43.0,81.0
17030,TR,SAM,,Samsun,41.2833,36.3333,4,2023,10.1,7.9,9.6,12.5,15.1,21.0,24.1,25.9,21.9,18.0,16.6,13.0,104.0,92.0,92.0,114.0,85.0,161.0,48.0,0.0,80.0,179.0,46.0,78.0
17030,TR,SAM,,Samsun,41.2833,36.3333,4,2024,9.6,10.8,10.4,15.9,16.0,23.6,26.7,26.4,23.6,17.4,11.8,10.9,47.0,10.0,38.0,9.0,58.0,2.0,39.0,28.0,108.0,67.0,135.0,57.0
17030,TR,SAM,,Samsun,41.2833,36.3333,4,2025,9.9,4.9,11.0,10.4,15.6,21.1,25.4,25.6,20.9,17.1,16.5,10.2,57.0,114.0,32.0,86.0,49.0,84.0,71.0,0.5,201.0,139.0,14.0,105.0
17030,TR,SAM,,Samsun,41.2833,36.3333,4,2026,9.3,10.1,8.8,11.0,,,,,,,,,93.0,99.0,21.0,57.0,,,,,,,,
17095,TR,EZR,,Erzurum Bolge / Dada?,39.9,41.2833,1869,1930,-5.7,-4.5,0.6,6.8,10.5,13.3,19.1,21.2,14.6,7.8,2.8,-2.2,,,,,,,,,,,,
17095,TR,EZR,,Erzurum Bolge / Dada?,39.9,41.2833,1869,1931,-8.8,-8.6,-1.1,4.3,9.6,14.3,18.2,19.5,16.7,8.6,-1.3,-7.5,,,,,,,,,,,,
17095,TR,EZR,,Erzurum Bolge / Dada?,39.9,41.2833,1869,1932,-11.7,-5.9,-2.8,6.4,10.2,17.1,17.2,20.6,13.6,11.3,-0.3,-11.6,,,,,,,,,,,,
17095,TR,EZR,,Erzurum Bolge / Dada?,39.9,41.2833,1869,1933,-13.3,-7.9,-6.7,-0.2,10.7,12.8,19.0,21.1,15.2,7.1,3.5,-6.8,,,,,,,,,,,,
17095,TR,EZR,,Erzurum Bolge / Dada?,39.9,41.2833,1869,1934,-12.3,-9.2,-4.1,5.1,9.9,14.6,18.5,18.1,13.8,8.5,1.9,-6.5,,,,,,,,,,,,
17095,TR,EZR,,Erzurum Bolge / Dada?,39.9,41.2833,1869,1935,-8.5,-6.2,-4.7,4.7,13.0,15.7,20.5,21.3,17.4,8.9,-1.8,-3.4,,,,,,,,,,,,
17095,TR,EZR,,Erzurum Bolge / Dada?,39.9,41.2833,1869,1936,-6.9,-4.1,-1.7,5.9,8.7,13.1,18.5,19.4,11.8,8.3,3.1,-6.5,,,,,,,,,,,,
17095,TR,EZR,,Erzurum Bolge / Dada?,39.9,41.2833,1869,1937,-11.4,-6.0,1.7,6.6,10.0,12.5,21.3,20.1,18.5,9.9,4.4,-3.4,,,,,,,,,,,,
17095,TR,EZR,,Erzurum Bolge / Dada?,39.9,41.2833,1869,1938,-7.7,-8.1,-7.4,5.7,10.4,15.2,18.9,19.2,14.9,8.9,2.0,-0.7,,,,,,,,,,,,
17095,TR,EZR,,Erzurum Bolge / Dada?,39.9,41.2833,1869,1939,-5.8,-6.1,-1.8,5.0,13.2,15.0,17.2,17.6,14.4,9.9,-0.2,-3.9,,,,,,,,,,,,
17095,TR,EZR,,Erzurum Bolge / Dada?,39.9,41.2833,1869,1940,-8.0,-4.3,-5.2,7.2,10.1,14.7,19.4,22.4,15.9,8.8,4.4,-1.1,,,,,,,,,,,,
17095,TR,EZR,,Erzurum Bolge / Dada?,39.9,41.2833,1869,1941,-6.8,-3.5,-0.2,6.6,14.3,17.6,19.6,18.3,15.8,3.7,-1.4,-11.3,,,,,,,,,,,,
17095,TR,EZR,,Erzurum Bolge / Dada?,39.9,41.2833,1869,1942,-8.2,-6.6,-5.7,3.0,11.8,16.8,19.7,20.5,14.4,7.7,1.9,-10.0,,,,,,,,,,,,
17095,TR,EZR,,Erzurum Bolge / Dada?,39.9,41.2833,1869,1943,-7.1,-10.6,-7.6,2.4,11.1,14.2,18.6,20.4,15.0,10.5,4.7,-3.1,,,,,,,,,,,,
17095,TR,EZR,,Erzurum Bolge / Dada?,39.9,41.2833,1869,1944,-10.1,-6.2,0.2,4.6,9.6,15.0,19.4,18.4,15.5,10.0,2.7,-4.1,,,,,,,,,,,,
17095,TR,EZR,,Erzurum Bolge / Dada?,39.9,41.2833,1869,1945,-8.1,-12.6,-6.9,2.3,10.8,13.5,18.5,19.2,16.0,8.2,1.2,-5.7,,,,,,,,,,,,
17095,TR,EZR,,Erzurum Bolge / Dada?,39.9,41.2833,1869,1946,-10.7,-5.9,-1.9,5.1,9.9,14.4,17.0,17.4,15.8,5.8,3.5,-2.7,,,,,,,,,,,,
17095,TR,EZR,,Erzurum Bolge / Dada?,39.9,41.2833,1869,1947,-6.1,-8.1,2.1,7.3,11.6,15.5,19.4,19.1,13.5,7.6,3.1,-1.8,,,,,,,,,,,,
17095,TR,EZR,,Erzurum Bolge / Dada?,39.9,41.2833,1869,1948,-5.6,-5.0,-7.3,2.4,10.2,16.5,21.1,21.1,14.8,7.0,-3.0,-10.6,,,,,,,,,,,,
17095,TR,EZR,,Erzurum Bolge / Dada?,39.9,41.2833,1869,1949,-9.9,-10.7,-5.2,1.7,11.5,18.5,21.9,19.5,13.6,9.4,4.2,-5.3,,,,,,,,,,,,
17095,TR,EZR,,Erzurum Bolge / Dada?,39.9,41.2833,1869,1950,-12.8,-10.7,-3.7,7.6,11.6,13.7,18.1,18.4,16.8,6.6,2.4,-7.0,,,,,,,,,,,,
17095,TR,EZR,,Erzurum Bolge / Dada?,39.9,41.2833,1869,1951,-9.0,-10.4,0.2,7.3,10.4,14.8,18.9,19.1,13.6,4.3,3.0,-7.5,,,,,,,,,,,,
17095,TR,EZR,,Erzurum Bolge / Dada?,39.9,41.2833,1869,1952,-8.6,-5.3,-4.7,5.4,10.0,13.3,19.9,20.5,16.3,11.3,1.2,-2.6,,,,,,,,,,,,
17095,TR,EZR,,Erzurum Bolge / Dada?,39.9,41.2833,1869,1953,-6.1,-4.6,-6.4,4.6,10.6,14.8,18.5,20.1,15.0,9.4,-1.6,-12.8,,,,,,,,,,,,
17095,TR,EZR,,Erzurum Bolge / Dada?,39.9,41.2833,1869,1954,-9.3,-9.4,-3.1,4.3,11.8,15.7,19.9,21.4,15.6,9.8,3.2,-0.8,,,,,,,,,,,,
17095,TR,EZR,,Erzurum Bolge / Dada?,39.9,41.2833,1869,1955,-5.9,-0.8,0.6,6.6,11.5,17.8,19.8,19.7,15.8,11.2,2.0,-4.7,,,,,,,,,,,,
17095,TR,EZR,,Erzurum Bolge / Dada?,39.9,41.2833,1869,1956,-10.1,-5.4,-6.6,3.3,8.5,15.0,19.1,20.1,12.7,7.5,-0.7,-10.6,,,,,,,,,,,,
17095,TR,EZR,,Erzurum Bolge / Dada?,39.9,41.2833,1869,1957,-13.0,-6.4,-0.3,7.0,9.4,14.4,19.2,20.7,18.0,9.4,2.7,-2.7,,,,,,,,,,,,
17095,TR,EZR,,Erzurum Bolge / Dada?,39.9,41.2833,1869,1958,-5.8,-5.8,-0.1,6.0,11.9,14.4,17.5,19.8,13.9,7.8,1.1,-6.9,,,,,,,,,,,,
17095,TR,EZR,,Erzurum Bolge / Dada?,39.9,41.2833,1869,1959,-5.6,-12.6,-3.8,7.1,10.0,14.5,19.8,18.5,12.0,6.3,1.3,-3.5,,,,,,,,,,,,
17095,TR,EZR,,Erzurum Bolge / Dada?,39.9,41.2833,1869,1960,-6.5,-5.3,-1.7,5.3,12.9,15.0,18.7,17.3,16.8,10.6,3.0,-1.3,,,,,,,,,,,,
17095,TR,EZR,,Erzurum Bolge / Dada?,39.9,41.2833,1869,1961,-7.3,-6.1,-3.7,6.5,12.8,16.6,20.3,20.1,13.3,8.5,0.9,-2.1,,,,,,,,,,,,
17095,TR,EZR,,Erzurum Bolge / Dada?,39.9,41.2833,1869,1962,-8.9,-5.8,0.6,5.7,12.3,15.9,21.9,20.0,16.0,9.5,4.6,-1.4,,,,,,,,,,,,
17095,TR,EZR,,Erzurum Bolge / Dada?,39.9,41.2833,1869,1963,-2.5,-3.6,-5.3,4.4,9.1,13.9,18.5,18.1,14.8,9.1,2.9,-5.1,,,,,,,,,,,,
17095,TR,EZR,,Erzurum Bolge / Dada?,39.9,41.2833,1869,1964,-14.5,-7.4,-2.1,3.2,9.9,15.1,18.9,17.7,15.1,8.2,1.9,-7.7,,,,,,,,,,,,
17095,TR,EZR,,Erzurum Bolge / Dada?,39.9,41.2833,1869,1965,-10.6,-8.1,-2.4,2.8,10.4,14.9,18.7,20.7,15.3,4.4,0.1,-4.6,,,,,,,,,,,,
17095,TR,EZR,,Erzurum Bolge / Dada?,39.9,41.2833,1869,1966,-0.6,-3.6,-0.5,7.0,10.2,15.9,20.9,20.8,14.0,9.3,5.4,-1.5,,,,,,,,,,,,
17095,TR,EZR,,Erzurum Bolge / Dada?,39.9,41.2833,1869,1967,-8.3,-13.0,-5.4,2.5,10.7,11.8,16.6,18.1,12.7,8.0,-0.5,-4.7,,,,,,,,,,,,
17095,TR,EZR,,Erzurum Bolge / Dada?,39.9,41.2833,1869,1968,-8.8,-7.6,-4.4,6.8,11.2,13.2,19.7,17.4,15.2,9.6,3.6,-4.2,,,,,,,,,,,,
17095,TR,EZR,,Erzurum Bolge / Dada?,39.9,41.2833,1869,1969,-7.6,-8.8,-0.7,3.6,11.5,16.3,18.2,20.9,13.6,7.5,1.7,-2.9,,,,,,,,,,,,
17095,TR,EZR,,Erzurum Bolge / Dada?,39.9,41.2833,1869,1970,-5.3,-4.5,0.9,9.1,10.6,15.9,19.4,18.2,14.6,7.1,4.2,-7.9,,,,,,,,,,,,
17095,TR,EZR,,Erzurum Bolge / Dada?,39.9,41.2833,1869,1971,-8.6,-6.7,0.5,5.6,11.3,13.5,21.2,17.2,17.7,6.2,0.9,-8.2,,,,,,,,,,,,
17095,TR,EZR,,Erzurum Bolge / Dada?,39.9,41.2833,1869,1972,-14.9,-10.5,-3.0,7.2,8.9,14.1,19.7,19.8,15.2,10.8,-2.3,-8.7,,,,,,,,,,,,
17095,TR,EZR,,Erzurum Bolge / Dada?,39.9,41.2833,1869,1973,-10.5,-4.5,-2.2,4.4,11.2,12.8,18.8,20.7,15.6,8.9,-4.7,-7.9,,,,,,,,,,,,
17095,TR,EZR,,Erzurum Bolge / Dada?,39.9,41.2833,1869,1974,-12.1,-9.4,-0.1,3.2,11.9,17.2,19.1,17.4,12.1,11.9,1.5,-5.0,,,,,,,,,,,,
17095,TR,EZR,,Erzurum Bolge / Dada?,39.9,41.2833,1869,1975,-9.3,-8.1,-3.5,8.4,10.2,16.0,20.4,20.5,14.0,6.4,0.7,-7.4,,,,,,,,,,,,
17095,TR,EZR,,Erzurum Bolge / Dada?,39.9,41.2833,1869,1976,-8.8,-12.5,-4.5,4.3,9.4,14.7,17.2,20.8,14.2,8.9,3.1,-3.6,,,,,,,,,,,,
17095,TR,EZR,,Erzurum Bolge / Dada?,39.9,41.2833,1869,1977,-12.0,-3.1,0.2,6.6,10.7,15.0,18.7,20.0,16.0,5.0,3.8,-7.1,,,,,,,,,,,,
17095,TR,EZR,,Erzurum Bolge / Dada?,39.9,41.2833,1869,1978,-7.3,-3.2,-0.2,4.0,10.4,13.7,21.1,18.7,15.9,9.7,-1.0,-2.2,,,,,,,,,,,,
17095,TR,EZR,,Erzurum Bolge / Dada?,39.9,41.2833,1869,1979,-4.1,-2.2,0.6,5.9,10.9,14.3,17.9,21.4,16.9,7.5,3.3,-5.8,,,,,,,,,,,,
17095,TR,EZR,,Erzurum Bolge / Dada?,39.9,41.2833,1869,1980,-10.6,-8.1,-2.5,5.0,10.7,16.7,22.6,20.0,14.8,7.7,3.8,-2.5,,,,,,,,,,,,
17095,TR,EZR,,Erzurum Bolge / Dada?,39.9,41.2833,1869,1981,-6.0,-2.5,1.2,4.0,8.0,14.6,20.1,19.3,16.4,9.8,-0.3,-0.9,,,,,,,,,,,,
17095,TR,EZR,,Erzurum Bolge / Dada?,39.9,41.2833,1869,1982,-8.5,-11.6,-4.5,6.2,10.4,15.1,17.8,18.0,14.5,7.4,-1.1,-6.1,,,,,,,,,,,,
17095,TR,EZR,,Erzurum Bolge / Dada?,39.9,41.2833,1869,1983,-12.0,-8.0,-1.5,5.8,10.4,14.4,20.2,18.5,13.8,7.5,3.4,-2.8,,,,,,,,,,,,
17095,TR,EZR,,Erzurum Bolge / Dada?,39.9,41.2833,1869,1984,-3.8,-7.3,1.6,5.1,9.1,15.6,20.2,16.7,16.5,8.0,1.4,-9.4,,,,,,,,,,,,
17095,TR,EZR,,Erzurum Bolge / Dada?,39.9,41.2833,1869,1985,-6.1,-8.7,-7.2,7.0,12.3,16.8,18.5,21.4,15.2,6.3,4.8,-5.7,,,,,,,,,,,,
17095,TR,EZR,,Erzurum Bolge / Dada?,39.9,41.2833,1869,1986,-7.5,-5.4,-1.3,7.9,7.7,14.1,21.6,21.8,16.9,8.7,-0.4,-6.0,,,,,,,,,,,,
17095,TR,EZR,,Erzurum Bolge / Dada?,39.9,41.2833,1869,1987,-4.0,-4.5,-5.8,2.9,12.5,15.5,18.8,17.4,12.7,6.0,-5.2,-6.8,,,,,,,,,,,,
17095,TR,EZR,,Erzurum Bolge / Dada?,39.9,41.2833,1869,1988,-11.7,-9.6,-3.5,4.4,10.1,13.4,17.5,17.0,12.8,6.9,-3.3,-4.6,,,,,,,,,,,,
17095,TR,EZR,,Erzurum Bolge / Dada?,39.9,41.2833,1869,1989,-14.5,-12.5,1.4,8.4,11.2,15.4,20.5,20.1,13.3,7.0,0.0,-10.1,,,,,,,,,,,,
17095,TR,EZR,,Erzurum Bolge / Dada?,39.9,41.2833,1869,1990,-15.8,-13.1,-5.4,4.1,10.2,14.2,19.2,18.5,13.8,7.0,-1.2,-4.7,,,,,,,,,,,,
17095,TR,EZR,,Erzurum Bolge / Dada?,39.9,41.2833,1869,1991,-9.9,-12.2,-1.8,6.9,9.4,15.3,18.6,19.8,14.4,8.7,0.5,-9.7,,,,,,,,,,,,
17095,TR,EZR,,Erzurum Bolge / Dada?,39.9,41.2833,1869,1992,-17.0,-15.1,-9.4,3.6,9.4,13.6,17.4,17.7,11.9,7.4,-1.2,-9.3,,,,,,,,,,,,
17095,TR,EZR,,Erzurum Bolge / Dada?,39.9,41.2833,1869,1993,-11.6,-10.4,-6.0,4.3,9.6,13.7,18.6,18.3,13.8,6.6,-5.7,-6.9,,,,,,,,,,,,
17095,TR,EZR,,Erzurum Bolge / Dada?,39.9,41.2833,1869,1994,-7.9,-9.9,-2.0,8.2,10.7,14.1,19.1,18.7,15.8,9.7,-1.0,-11.4,,,,,,,,,,,,
17095,TR,EZR,,Erzurum Bolge / Dada?,39.9,41.2833,1869,1995,-9.3,-8.3,-3.8,4.4,11.7,14.5,17.9,18.8,13.5,5.7,-1.4,-11.5,,,,,,,,,,,,
17095,TR,EZR,,Erzurum Bolge / Dada?,39.9,41.2833,1869,1996,-7.7,-9.1,-0.8,3.8,12.0,13.8,20.1,19.3,12.3,6.3,-0.5,-2.0,,,,,,,,,,,,
17095,TR,EZR,,Erzurum Bolge / Dada?,39.9,41.2833,1869,1997,-5.4,-9.6,-10.3,3.1,11.7,14.7,18.3,19.5,11.7,8.3,0.3,-6.5,,,,,,,,,,,,
17095,TR,EZR,,Erzurum Bolge / Dada?,39.9,41.2833,1869,1998,-12.6,-15.1,-3.5,5.0,10.8,16.4,19.2,19.7,13.6,7.8,3.8,-2.8,,,,,,,,,,,,
17095,TR,EZR,,Erzurum Bolge / Dada?,39.9,41.2833,1869,1999,-5.5,-3.2,-1.7,5.6,10.3,15.0,19.2,20.3,14.2,6.9,0.1,-5.7,,,,,,,,,,,,
17095,TR,EZR,,Erzurum Bolge / Dada?,39.9,41.2833,1869,2000,-9.7,-11.4,-7.6,7.4,9.8,15.5,22.3,19.3,14.4,7.0,1.2,-5.9,,,,,,,,,,,,
17095,TR,EZR,,Erzurum Bolge / Dada?,39.9,41.2833,1869,2001,-12.2,-5.7,4.4,7.2,9.3,15.4,20.6,19.9,14.3,6.2,-2.6,-5.1,,,,,,,,,,,,
17095,TR,EZR,,Erzurum Bolge / Dada?,39.9,41.2833,1869,2002,-16.1,-8.4,-0.9,4.3,9.8,14.3,18.3,16.6,13.6,8.9,1.3,-12.0,,,,,,,,,,,,
17095,TR,EZR,,Erzurum Bolge / Dada?,39.9,41.2833,1869,2003,-7.7,-8.2,-6.6,4.4,11.6,14.5,18.9,20.0,13.8,8.8,-0.7,-6.6,,,,,,,,,,,,
17095,TR,EZR,,Erzurum Bolge / Dada?,39.9,41.2833,1869,2004,-9.0,-8.7,-1.7,4.0,9.7,14.5,17.9,19.6,13.8,7.9,-1.1,-14.1,,,,,,,,,,,,
17095,TR,EZR,,Erzurum Bolge / Dada?,39.9,41.2833,1869,2005,-10.1,-9.1,-3.1,6.0,10.5,13.8,20.3,20.0,14.0,6.3,0.4,-4.7,,,,,,,,,,,,
17095,TR,EZR,,Erzurum Bolge / Dada?,39.9,41.2833,1869,2006,-11.0,-8.4,-0.1,5.9,10.7,17.0,18.8,22.3,14.2,8.6,-0.5,-9.1,,,,,,,,,,,,
17095,TR,EZR,,Erzurum Bolge / Dada?,39.9,41.2833,1869,2007,-10.4,-8.5,-2.4,2.2,13.4,16.1,19.8,20.3,15.7,9.4,-0.7,-7.1,,,,,,,,,,,,
17095,TR,EZR,,Erzurum Bolge / Dada?,39.9,41.2833,1869,2008,-13.7,-11.9,1.7,8.1,8.9,14.4,19.7,20.4,14.9,8.2,2.1,-8.1,,,,,,,,,,,,
17095,TR,EZR,,Erzurum Bolge / Dada?,39.9,41.2833,1869,2009,-9.9,-4.3,-1.4,4.3,10.3,15.9,18.8,18.1,13.2,9.4,1.5,-2.2,,,,,,,,,,,,
17095,TR,EZR,,Erzurum Bolge / Dada?,39.9,41.2833,1869,2010,-5.1,-2.9,1.5,5.8,11.3,17.1,21.3,21.8,17.2,8.7,2.8,-1.8,,,,,,,,,,,,
17095,TR,EZR,,Erzurum Bolge / Dada?,39.9,41.2833,1869,2011,-7.2,-6.9,-1.2,4.7,9.7,14.9,20.2,19.7,14.5,7.0,-3.8,-7.7,,,,,,,,,,,,
17095,TR,EZR,,Erzurum Bolge / Dada?,39.9,41.2833,1869,2012,-8.5,-11.6,-5.5,7.0,11.8,16.6,20.1,20.0,15.6,9.7,3.4,-4.9,,,,,,,,,,,,
17095,TR,EZR,,Erzurum Bolge / Dada?,39.9,41.2833,1869,2013,-8.3,-5.4,0.0,7.1,12.0,15.5,19.3,19.6,13.5,5.9,0.2,-10.3,,,,,,,,,,,,
17095,TR,EZR,,Erzurum Bolge / Dada?,39.9,41.2833,1869,2014,-8.0,-4.9,2.7,7.6,11.6,15.9,21.2,22.2,15.5,8.8,1.3,-0.0,,,,,,,,,,,,
17095,TR,EZR,,Erzurum Bolge / Dada?,39.9,41.2833,1869,2015,-6.0,-4.5,0.1,5.3,10.5,17.0,21.2,21.3,18.4,9.4,2.8,-6.5,,,,,,,,,,,,
17095,TR,EZR,,Erzurum Bolge / Dada?,39.9,41.2833,1869,2016,-6.9,-2.5,1.6,8.0,10.9,15.2,19.6,21.9,13.1,8.9,0.2,-8.6,,,,,,,,,,,,
17095,TR,EZR,,Erzurum Bolge / Dada?,39.9,41.2833,1869,2017,-9.4,-8.8,0.2,6.0,11.0,16.5,21.9,22.5,18.3,8.0,2.1,-1.8,,,,,,,,,,,,
17095,TR,EZR,,Erzurum Bolge / Dada?,39.9,41.2833,1869,2018,-4.6,-1.7,4.8,8.3,11.3,15.5,21.3,20.1,16.0,10.2,2.9,-2.0,28.0,6.0,19.0,15.0,137.0,67.0,41.0,40.0,11.0,36.0,8.0,28.0
17095,TR,EZR,,Erzurum Bolge / Dada?,39.9,41.2833,1869,2019,-5.7,-5.4,-1.4,4.4,12.6,18.7,19.8,20.9,14.9,11.1,2.4,-2.0,13.0,44.0,37.0,68.0,76.0,24.0,12.0,31.0,21.0,19.0,31.0,49.0
17095,TR,EZR,,Erzurum Bolge / Dada?,39.9,41.2833,1869,2020,-6.5,-4.8,2.8,5.7,11.2,16.4,20.5,19.4,18.2,11.5,2.1,-3.5,13.0,21.0,58.0,63.0,144.0,30.0,18.0,14.0,6.0,7.0,30.0,22.0
17095,TR,EZR,,Erzurum Bolge / Dada?,39.9,41.2833,1869,2021,-4.4,-2.8,-0.8,9.5,14.5,18.6,21.3,20.4,14.9,8.2,4.0,-3.6,24.0,27.0,90.0,25.0,13.0,13.0,38.0,63.0,40.0,46.0,28.0,26.0
17095,TR,EZR,,Erzurum Bolge / Dada?,39.9,41.2833,1869,2022,-7.1,-3.0,-3.5,7.7,9.5,16.7,20.5,23.1,16.9,10.3,4.1,-0.8,26.0,16.0,117.0,71.0,120.0,69.0,3.0,6.0,25.0,44.0,20.0,7.0
17095,TR,EZR,,Erzurum Bolge / Dada?,39.9,41.2833,1869,2023,-4.0,-7.9,3.8,6.0,10.4,15.4,18.8,22.3,16.9,9.6,3.9,-0.6,7.0,45.0,83.0,123.0,162.0,70.0,52.0,13.0,7.0,76.0,108.0,36.0
17095,TR,EZR,,Erzurum Bolge / Dada?,39.9,41.2833,1869,2024,-3.4,-1.7,1.1,11.0,10.9,18.5,18.6,21.2,16.0,8.0,0.4,-5.8,40.0,12.0,63.0,26.0,113.0,33.0,146.0,0.1,52.0,51.0,71.0,22.0
17095,TR,EZR,,Erzurum Bolge / Dada?,39.9,41.2833,1869,2025,-8.4,-8.1,1.2,6.2,12.3,16.1,20.5,22.3,15.1,9.2,4.0,-1.7,6.0,16.0,28.0,121.0,107.0,53.0,42.0,2.0,47.0,80.0,23.0,44.0
17095,TR,EZR,,Erzurum Bolge / Dada?,39.9,41.2833,1869,2026,-7.2,-0.5,-1.3,4.5,,,,,,,,,31.0,110.0,36.0,85.0,,,,,,,,
17280,TR,DIY,LTCC,Diyarbakir,37.8833,40.1833,686,1929,0.4,2.2,6.4,15.0,21.3,25.0,29.7,31.5,24.2,17.2,11.9,4.7,60.0,106,47,57.0,385.0,135.0,0.2,3.0,0.0,2.0,36.0,28.0
17280,TR,DIY,LTCC,Diyarbakir,37.8833,40.1833,686,1930,3.0,5.5,10.8,14.3,19.0,26.4,30.5,29.9,23.2,16.6,11.6,8.1,46.0,53,14,38.0,2.0,10.0,0.0,0.0,9.0,16.0,49.0,97.0
17280,TR,DIY,LTCC,Diyarbakir,37.8833,40.1833,686,1931,4.2,5.1,10.0,14.3,19.5,22.3,30.0,31.9,24.7,16.0,8.1,2.2,50.0,32,41,90.0,11.0,18.0,0.0,0.0,9.0,80.0,30.0,28.0
17280,TR,DIY,LTCC,Diyarbakir,37.8833,40.1833,686,1932,0.1,3.1,9.4,14.8,20.0,28.1,30.7,31.5,24.7,20.0,10.1,1.2,68.0,16,19,30.0,10.0,1.0,0.0,0.0,7.0,2.0,45.0,9.0
17280,TR,DIY,LTCC,Diyarbakir,37.8833,40.1833,686,1933,-4.4,1.4,6.7,11.4,20.0,23.5,30.3,30.2,23.8,16.4,11.9,3.5,91.0,91,93,35.0,24.0,14.0,0.0,0.0,0.5,9.0,25.0,84.0
17280,TR,DIY,LTCC,Diyarbakir,37.8833,40.1833,686,1934,0.1,3.3,9.6,14.4,17.9,24.6,29.9,29.4,23.1,17.3,10.2,4.4,34.0,94,22,107.0,109.0,16.0,0.0,0.0,2.0,29.0,18.0,66.0
17280,TR,DIY,LTCC,Diyarbakir,37.8833,40.1833,686,1935,2.4,5.2,9.0,13.6,22.1,27.8,31.3,31.6,27.1,17.3,8.3,6.7,84.0,123,32,22.0,1.0,0.6,0.0,0.0,7.0,49.0,127.0,87.0
17280,TR,DIY,LTCC,Diyarbakir,37.8833,40.1833,686,1936,4.0,5.9,9.6,14.6,17.3,23.7,30.7,31.1,22.9,18.2,10.8,2.5,21.0,142,8,110.0,108.0,12.0,6.0,0.0,0.0,38.0,63.0,60.0
17280,TR,DIY,LTCC,Diyarbakir,37.8833,40.1833,686,1937,-4.4,1.4,11.7,15.3,20.4,25.6,34.1,31.6,27.5,17.9,11.3,4.8,68.0,13,7,93.0,32.0,10.0,0.0,0.2,0.0,54.0,57.0,46.0
17280,TR,DIY,LTCC,Diyarbakir,37.8833,40.1833,686,1938,2.7,2.8,6.1,14.2,18.4,27.1,31.4,30.5,24.9,17.7,9.5,6.8,133.0,107,22,27.0,29.0,0.0,6.0,3.0,12.0,0.5,103.0,46.0
17280,TR,DIY,LTCC,Diyarbakir,37.8833,40.1833,686,1939,3.5,4.1,6.9,13.5,20.5,25.2,30.7,29.4,24.9,20.0,9.3,4.8,18.0,22,86,47.0,16.0,6.0,0.0,0.0,6.0,1.0,79.0,86.0
17280,TR,DIY,LTCC,Diyarbakir,37.8833,40.1833,686,1940,2.8,5.8,6.4,15.2,17.6,25.9,32.0,31.3,25.4,17.2,10.9,6.6,53.0,62,28,104.0,9.0,4.0,0.0,0.0,0.0,98.0,54.0,81.0
17280,TR,DIY,LTCC,Diyarbakir,37.8833,40.1833,686,1941,3.0,6.8,8.6,14.2,22.0,28.1,31.2,29.3,24.8,13.8,9.5,-1.8,81.0,64,103,49.0,0.0,0.0,2.0,0.0,3.0,11.0,15.0,68.0
17280,TR,DIY,LTCC,Diyarbakir,37.8833,40.1833,686,1942,-1.3,4.6,6.8,14.2,22.2,28.5,31.5,30.6,24.8,16.5,10.0,3.0,109.0,70,107,13.0,0.5,0.0,0.0,0.0,0.0,62.0,175.0,55.0
17280,TR,DIY,LTCC,Diyarbakir,37.8833,40.1833,686,1943,2.8,1.5,3.1,11.5,18.5,24.5,30.1,30.9,24.4,19.0,11.6,5.0,166.0,81,91,59.0,14.0,2.0,0.0,0.0,0.0,58.0,5.0,36.0
17280,TR,DIY,LTCC,Diyarbakir,37.8833,40.1833,686,1944,0.9,4.8,9.6,12.9,17.5,25.8,31.1,29.5,25.1,17.4,10.2,4.2,122.0,25,38,150.0,72.0,0.7,0.0,0.0,8.0,50.0,121.0,75.0
17280,TR,DIY,LTCC,Diyarbakir,37.8833,40.1833,686,1945,2.5,1.1,5.0,12.2,20.6,25.6,31.1,30.5,25.7,17.7,9.1,3.9,102.0,47,43,36.0,5.0,1.0,0.0,0.0,0.0,0.9,91.0,67.0
17280,TR,DIY,LTCC,Diyarbakir,37.8833,40.1833,686,1946,2.6,3.9,7.8,13.1,17.3,24.1,28.8,29.5,25.3,14.5,11.3,5.0,31.0,85,96,126.0,155.0,6.0,7.0,0.7,7.0,61.0,1.0,51.0
17280,TR,DIY,LTCC,Diyarbakir,37.8833,40.1833,686,1947,4.5,4.2,12.1,15.4,20.4,27.5,31.7,29.9,24.2,16.1,11.0,4.6,113.0,49,49,5.0,36.0,2.0,0.7,0.0,1.0,7.0,91.0,49.0
17280,TR,DIY,LTCC,Diyarbakir,37.8833,40.1833,686,1948,4.3,4.7,4.9,11.7,17.1,25.2,31.8,30.8,24.1,15.7,7.5,0.9,124.0,101,42,145.0,53.0,11.0,0.0,0.0,0.0,14.0,18.0,86.0
17280,TR,DIY,LTCC,Diyarbakir,37.8833,40.1833,686,1949,-0.9,-0.8,5.7,10.6,20.6,27.5,31.2,29.8,22.7,17.5,11.2,4.5,68.0,66,85,103.0,8.0,0.0,0.1,10.0,1.0,0.3,0.0,130.0
17280,TR,DIY,LTCC,Diyarbakir,37.8833,40.1833,686,1950,-3.9,-2.1,8.2,16.1,17.8,24.0,30.4,29.6,25.4,15.1,10.8,5.0,52.0,63,114,75.0,134.0,0.0,0.0,0.0,2.0,25.0,57.0,59.0
17280,TR,DIY,LTCC,Diyarbakir,37.8833,40.1833,686,1951,2.4,4.2,11.1,15.0,18.7,25.5,30.4,30.4,24.5,13.8,10.1,0.9,58.0,42,50,103.0,39.0,28.0,1.0,0.0,18.0,64.0,28.0,67.0
17280,TR,DIY,LTCC,Diyarbakir,37.8833,40.1833,686,1952,-1.2,5.0,7.3,14.1,17.5,23.6,31.1,30.5,26.7,19.2,8.8,6.2,64.0,123,52,55.0,50.0,6.0,0.0,0.0,3.0,5.0,30.0,74.0
17280,TR,DIY,LTCC,Diyarbakir,37.8833,40.1833,686,1953,3.5,4.6,4.8,14.0,19.3,25.8,31.3,30.7,25.0,17.9,6.8,-3.1,65.0,127,137,100.0,13.0,4.0,6.0,0.0,0.0,33.0,107.0,77.0
17280,TR,DIY,LTCC,Diyarbakir,37.8833,40.1833,686,1954,-1.0,2.4,8.4,12.6,19.0,26.6,32.2,31.6,25.6,18.4,11.0,7.0,91.0,71,113,176.0,17.0,1.0,1.0,0.0,0.0,12.0,63.0,115.0
17280,TR,DIY,LTCC,Diyarbakir,37.8833,40.1833,686,1955,4.5,8.0,9.6,13.3,18.9,27.2,30.6,29.5,25.6,19.6,9.3,5.7,49.0,47,44,55.0,36.0,0.0,0.0,0.0,3.0,5.0,77.0,189.0
17280,TR,DIY,LTCC,Diyarbakir,37.8833,40.1833,686,1956,2.7,5.5,6.1,13.4,18.5,26.0,31.0,31.1,23.8,15.9,7.1,1.1,86.0,56,69,34.0,30.0,5.0,0.0,1.0,1.0,16.0,42.0,65.0
17280,TR,DIY,LTCC,Diyarbakir,37.8833,40.1833,686,1957,-4.8,2.3,9.3,14.6,17.1,24.9,30.4,31.0,26.5,18.0,9.7,3.7,81.0,59,81,66.0,137.0,22.0,0.0,2.0,0.0,13.0,84.0,51.0
17280,TR,DIY,LTCC,Diyarbakir,37.8833,40.1833,686,1958,4.1,3.4,9.0,14.5,20.8,25.0,30.0,30.8,24.9,18.0,9.5,3.6,120.0,13,50,52.0,11.0,48.0,0.0,0.0,0.0,1.0,64.0,71.0
17280,TR,DIY,LTCC,Diyarbakir,37.8833,40.1833,686,1959,4.6,-0.1,5.1,15.4,18.3,25.0,30.9,30.1,22.9,16.0,9.5,4.9,94.0,39,45,26.0,81.0,14.0,0.0,0.0,4.0,52.0,29.0,30.0
17280,TR,DIY,LTCC,Diyarbakir,37.8833,40.1833,686,1960,4.6,5.8,8.1,13.4,21.0,26.1,30.9,29.2,26.0,18.9,11.4,6.5,84.0,27,80,86.0,7.0,0.0,0.0,0.0,0.0,9.0,38.0,25.0
17280,TR,DIY,LTCC,Diyarbakir,37.8833,40.1833,686,1961,2.9,4.2,6.8,15.5,21.0,27.5,32.1,31.7,24.1,18.4,9.1,6.1,63.0,24,40,19.0,91.0,13.0,0.0,1.0,0.0,7.0,62.0,137.0
17280,TR,DIY,LTCC,Diyarbakir,37.8833,40.1833,686,1962,3.8,5.0,10.7,13.4,20.3,27.8,32.7,31.4,25.7,18.3,12.2,6.6,58.0,105,29,92.0,1.0,0.0,2.0,0.0,0.0,2.0,28.0,117.0
17280,TR,DIY,LTCC,Diyarbakir,37.8833,40.1833,686,1963,6.0,7.0,6.6,13.2,16.4,24.8,30.6,31.3,25.0,18.4,9.7,3.9,94.0,66,70,149.0,182.0,9.0,3.0,0.0,8.0,79.0,42.0,47.0
17280,TR,DIY,LTCC,Diyarbakir,37.8833,40.1833,686,1964,-3.4,1.7,9.1,13.0,18.9,27.1,32.0,29.3,24.9,17.9,10.3,3.5,15.0,109,100,15.0,9.0,1.0,0.0,0.0,1.0,0.0,48.0,31.0
17280,TR,DIY,LTCC,Diyarbakir,37.8833,40.1833,686,1965,1.7,3.3,9.1,12.2,19.9,27.1,31.5,31.3,25.8,13.3,7.8,5.0,70.0,109,38,62.0,1.0,3.0,0.0,0.0,3.0,84.0,62.0,39.0
17280,TR,DIY,LTCC,Diyarbakir,37.8833,40.1833,686,1966,6.6,8.0,9.1,14.4,18.7,26.7,31.5,31.2,24.0,17.0,12.2,5.9,155.0,49,38,74.0,27.0,0.0,4.0,0.0,10.0,14.0,32.0,95.0
17280,TR,DIY,LTCC,Diyarbakir,37.8833,40.1833,686,1967,1.6,-1.6,6.2,12.4,18.1,24.3,30.0,30.4,24.2,16.1,8.5,4.7,53.0,101,73,150.0,64.0,0.0,2.0,0.0,16.0,102.0,74.0,98.0
17280,TR,DIY,LTCC,Diyarbakir,37.8833,40.1833,686,1968,-0.6,-0.6,7.9,16.0,19.5,24.3,30.8,28.0,24.7,18.2,10.6,5.6,101.0,60,91,76.0,86.0,1.0,0.0,0.3,3.0,29.0,49.0,160.0
17280,TR,DIY,LTCC,Diyarbakir,37.8833,40.1833,686,1969,2.6,1.9,10.5,12.1,20.1,26.5,29.9,31.2,25.1,17.3,9.1,5.2,189.0,82,111,84.0,15.0,4.0,1.0,0.0,0.0,51.0,40.0,42.0
17280,TR,DIY,LTCC,Diyarbakir,37.8833,40.1833,686,1970,4.6,6.9,11.5,16.8,20.7,29.0,32.0,31.4,26.3,16.4,11.8,2.3,44.0,35,23,13.0,7.0,0.0,1.0,0.0,0.0,22.0,46.0,44.0
17280,TR,DIY,LTCC,Diyarbakir,37.8833,40.1833,686,1971,3.4,2.9,9.7,12.7,20.8,26.0,31.6,29.8,26.7,16.1,9.9,2.1,9.0,64,75,164.0,7.0,9.0,0.0,0.0,0.0,25.0,29.0,94.0
17280,TR,DIY,LTCC,Diyarbakir,37.8833,40.1833,686,1972,-5.5,-3.0,8.6,14.8,17.2,24.1,30.7,29.3,25.0,18.9,8.6,3.3,57.0,54,36,137.0,153.0,24.0,0.0,0.0,3.0,9.0,31.0,2.0
17280,TR,DIY,LTCC,Diyarbakir,37.8833,40.1833,686,1973,-3.8,5.5,9.0,13.5,20.6,25.8,30.8,31.4,26.3,18.9,6.7,3.1,51.0,41,15,32.0,4.0,1.0,0.0,0.0,0.0,6.0,35.0,36.0
17280,TR,DIY,LTCC,Diyarbakir,37.8833,40.1833,686,1974,0.7,2.5,10.0,12.8,20.3,26.9,30.9,29.3,23.3,20.6,10.5,4.8,90.0,22,123,81.0,11.0,1.0,0.0,3.0,2.0,5.0,85.0,73.0
17280,TR,DIY,LTCC,Diyarbakir,37.8833,40.1833,686,1975,3.0,3.2,9.1,16.1,19.5,27.2,31.8,30.6,24.9,16.7,9.9,2.9,23.0,101,8,52.0,21.0,0.0,0.0,0.0,1.0,4.0,53.0,111.0
17280,TR,DIY,LTCC,Diyarbakir,37.8833,40.1833,686,1976,1.2,0.9,6.9,13.0,18.2,25.9,29.2,29.6,24.1,17.2,10.9,6.3,102.0,65,131,159.0,88.0,3.0,1.0,0.0,0.0,43.0,37.0,68.0
17280,TR,DIY,LTCC,Diyarbakir,37.8833,40.1833,686,1977,0.0,7.3,9.9,14.2,19.4,25.6,30.3,31.4,25.5,15.2,9.6,4.4,19.0,56,52,49.0,32.0,5.0,0.0,0.0,2.0,4.0,31.0,125.0
17280,TR,DIY,LTCC,Diyarbakir,37.8833,40.1833,686,1978,3.9,7.0,10.3,13.7,21.0,25.1,31.9,29.4,24.2,18.5,6.7,6.0,66.0,146,52,42.0,13.0,7.0,2.0,0.0,2.0,256.0,0.8,59.0
17280,TR,DIY,LTCC,Diyarbakir,37.8833,40.1833,686,1979,4.6,7.2,10.5,14.9,19.9,26.0,30.0,30.9,26.7,17.0,11.0,3.3,73.0,47,76,522.0,24.0,7.0,15.0,0.0,0.0,69.0,84.0,68.0
17280,TR,DIY,LTCC,Diyarbakir,37.8833,40.1833,686,1980,0.2,3.5,7.9,12.9,19.0,26.7,32.9,30.4,23.6,16.9,9.8,5.6,52.0,112,75,84.0,27.0,10.0,0.0,0.0,0.0,16.0,51.0,131.0
17280,TR,DIY,LTCC,Diyarbakir,37.8833,40.1833,686,1981,3.3,5.6,10.0,13.0,16.8,25.6,31.3,30.2,25.2,18.5,7.2,6.6,99.0,38,122,35.0,49.0,16.0,3.0,0.0,0.0,32.0,55.0,43.0
17280,TR,DIY,LTCC,Diyarbakir,37.8833,40.1833,686,1982,2.9,2.0,6.7,14.6,18.0,24.9,28.6,28.9,25.0,16.6,7.5,-0.4,55.0,27,87,140.0,94.0,10.0,0.0,0.0,6.0,14.0,36.0,61.0
17280,TR,DIY,LTCC,Diyarbakir,37.8833,40.1833,686,1983,-3.8,1.7,7.7,13.8,20.1,24.9,30.0,28.7,24.8,16.3,11.4,4.6,94.0,77,46,29.0,48.0,17.0,0.0,0.0,0.5,52.0,99.0,41.0
17280,TR,DIY,LTCC,Diyarbakir,37.8833,40.1833,686,1984,3.2,5.7,9.3,12.6,18.9,27.2,31.3,27.7,25.2,16.3,9.0,2.2,45.0,26,76,34.0,14.0,0.3,0.0,0.0,0.0,257.0,81.0,40.0
17280,TR,DIY,LTCC,Diyarbakir,37.8833,40.1833,686,1985,4.3,-0.4,4.8,15.4,21.2,27.3,30.2,30.9,24.8,15.4,11.6,3.1,48.0,117,48,122.0,22.0,0.0,0.0,0.0,4.0,34.0,56.0,92.0
17280,TR,DIY,LTCC,Diyarbakir,37.8833,40.1833,686,1986,3.3,6.2,9.7,15.8,16.5,25.6,32.1,30.4,26.3,17.3,7.6,3.6,32.0,118,41,43.0,64.0,0.0,0.0,0.0,0.0,24.0,43.0,17.0
17280,TR,DIY,LTCC,Diyarbakir,37.8833,40.1833,686,1987,2.9,5.7,4.6,12.8,20.6,26.7,31.2,29.0,24.6,15.4,8.0,4.6,83.0,28,121,11.0,0.0,4.0,0.0,0.0,0.0,148.0,43.0,162.0
17280,TR,DIY,LTCC,Diyarbakir,37.8833,40.1833,686,1988,1.5,4.4,7.6,12.7,18.4,24.4,30.6,29.6,23.4,15.7,6.0,3.7,102.0,55,83,126.0,18.0,3.0,0.0,0.0,0.0,85.0,53.0,82.0
17280,TR,DIY,LTCC,Diyarbakir,37.8833,40.1833,686,1989,-1.8,2.3,9.9,17.9,21.2,27.0,32.0,30.4,23.8,15.9,8.5,3.0,0.8,30,85,0.8,0.0,11.0,0.0,0.0,1.0,51.0,92.0,21.0
17280,TR,DIY,LTCC,Diyarbakir,37.8833,40.1833,686,1990,-0.8,3.4,8.9,12.4,19.2,25.7,31.4,29.2,24.2,17.2,9.7,4.4,54.0,93,25,79.0,0.0,25.0,0.0,0.0,0.0,0.6,33.0,40.0
17280,TR,DIY,LTCC,Diyarbakir,37.8833,40.1833,686,1991,0.7,1.9,8.9,14.5,18.1,26.6,31.3,30.9,24.4,17.0,9.6,3.0,59.0,40,113,32.0,39.0,4.0,0.0,0.0,0.0,28.0,59.0,154.0
17280,TR,DIY,LTCC,Diyarbakir,37.8833,40.1833,686,1992,-1.7,-2.4,4.4,12.5,17.0,23.4,28.3,29.4,23.4,18.1,7.0,-0.5,42.0,103,16,21.0,80.0,20.0,0.0,0.0,3.0,0.5,78.0,43.0
17280,TR,DIY,LTCC,Diyarbakir,37.8833,40.1833,686,1993,0.1,-0.3,7.4,12.8,16.3,24.4,31.0,30.0,24.8,17.4,6.4,5.0,64.0,92,30,59.0,123.0,0.0,0.0,0.0,0.0,113.0,132.0,6.0
17280,TR,DIY,LTCC,Diyarbakir,37.8833,40.1833,686,1994,4.7,4.2,9.3,15.6,19.4,26.6,31.8,30.0,25.7,17.9,8.7,1.4,138.0,138,45,30.0,34.0,216.0,31.0,0.0,1.0,55.0,115.0,91.0
17280,TR,DIY,LTCC,Diyarbakir,37.8833,40.1833,686,1995,3.8,5.8,9.5,12.8,19.5,25.1,29.3,30.1,23.7,15.2,7.1,2.3,82.0,54,46,91.0,19.0,20.0,0.0,0.0,0.0,11.0,42.0,0.0
17280,TR,DIY,LTCC,Diyarbakir,37.8833,40.1833,686,1996,3.5,4.8,8.0,12.2,20.7,25.3,32.1,30.2,23.6,15.4,9.4,7.3,93.0,72,203,51.0,8.0,0.3,0.0,0.0,8.0,26.0,4.0,136.0
17280,TR,DIY,LTCC,Diyarbakir,37.8833,40.1833,686,1997,3.5,0.6,4.9,11.7,19.9,26.5,30.0,29.4,22.4,16.5,9.1,4.3,25.0,49,44,34.0,9.0,0.3,0.0,0.0,7.0,369.0,61.0,84.0
17280,TR,DIY,LTCC,Diyarbakir,37.8833,40.1833,686,1998,0.5,3.0,7.5,13.6,18.5,27.1,31.9,31.3,24.5,18.1,12.5,5.6,79.0,42,98,74.0,83.0,2.0,0.3,0.0,0.5,0.3,27.0,59.0
17280,TR,DIY,LTCC,Diyarbakir,37.8833,40.1833,686,1999,4.5,5.1,8.1,13.5,21.3,27.3,31.4,30.6,24.4,18.2,9.8,4.8,18.0,32,60,73.0,24.0,2.0,1.0,0.0,11.0,3.0,2.0,32.0
17280,TR,DIY,LTCC,Diyarbakir,37.8833,40.1833,686,2000,1.3,2.5,7.0,15.3,20.5,27.1,33.4,30.4,24.7,16.7,9.4,4.3,71.0,58,31,33.0,6.0,0.0,0.0,0.0,1.0,35.0,34.0,119.0
17280,TR,DIY,LTCC,Diyarbakir,37.8833,40.1833,686,2001,4.0,5.0,11.4,14.3,16.7,26.7,31.6,30.2,24.7,16.3,7.0,5.1,15.0,72,126,54.0,87.0,0.0,0.0,0.0,0.0,67.0,52.0,132.0
17280,TR,DIY,LTCC,Diyarbakir,37.8833,40.1833,686,2002,0.7,5.6,9.4,12.2,17.9,26.3,31.0,29.8,25.0,18.6,10.2,0.0,31.0,46,73,65.0,35.0,1.0,0.0,0.0,6.0,16.0,37.0,74.0
17280,TR,DIY,LTCC,Diyarbakir,37.8833,40.1833,686,2003,4.0,2.5,6.5,13.4,20.4,26.4,31.5,31.5,25.0,19.0,8.8,4.0,68.0,152,81,81.0,5.0,27.0,0.0,0.0,1.0,33.0,63.0,88.0
17280,TR,DIY,LTCC,Diyarbakir,37.8833,40.1833,686,2004,3.3,2.7,9.6,12.8,18.0,26.4,31.1,30.0,25.1,18.2,8.2,1.4,85.0,93,1,55.0,98.0,16.0,0.0,0.0,0.0,1.0,123.0,5.0
17280,TR,DIY,LTCC,Diyarbakir,37.8833,40.1833,686,2005,2.3,3.0,8.4,14.1,19.6,24.9,32.4,31.8,25.0,16.2,8.4,6.2,59.0,47,58,37.0,27.0,27.0,0.0,0.0,1.0,15.0,38.0,38.0
17280,TR,DIY,LTCC,Diyarbakir,37.8833,40.1833,686,2006,1.3,4.3,9.2,14.5,19.4,28.5,30.5,32.6,25.0,17.6,7.8,0.7,121.0,121,26,78.0,38.0,0.0,6.0,0.0,4.0,105.0,67.0,26.0
17280,TR,DIY,LTCC,Diyarbakir,37.8833,40.1833,686,2007,-5.4,3.0,8.8,10.3,20.6,27.2,30.8,30.5,26.0,19.4,9.5,3.4,45.0,80,56,88.0,46.0,20.0,0.0,0.0,0.0,5.0,16.0,44.0
17280,TR,DIY,LTCC,Diyarbakir,37.8833,40.1833,686,2008,-0.7,2.7,11.6,17.7,18.7,27.4,31.8,32.0,24.1,16.8,10.1,2.2,25.0,41,17,19.0,35.0,2.0,0.0,2.0,68.0,59.0,51.0,52.0
17280,TR,DIY,LTCC,Diyarbakir,37.8833,40.1833,686,2009,1.4,5.6,7.9,11.8,18.2,25.9,29.5,28.6,22.9,18.5,9.8,7.1,12.0,70,64,44.0,9.0,26.0,1.0,0.0,25.0,67.0,56.0,87.0
17280,TR,DIY,LTCC,Diyarbakir,37.8833,40.1833,686,2010,5.4,6.6,11.1,14.2,20.4,27.2,32.3,32.0,26.6,18.1,11.1,6.5,113.0,40,69,22.0,32.0,11.0,0.0,0.0,0.0,63.0,0.0,48.0
17280,TR,DIY,LTCC,Diyarbakir,37.8833,40.1833,686,2011,3.5,4.7,9.0,13.0,17.7,25.5,31.4,30.7,25.0,16.4,6.4,2.3,40.0,50,47,209.0,80.0,14.0,0.0,0.0,9.0,12.0,73.0,40.0
17280,TR,DIY,LTCC,Diyarbakir,37.8833,40.1833,686,2012,2.4,1.9,5.1,15.2,19.6,27.7,31.3,31.1,26.1,18.4,12.0,5.1,78.0,70,44,26.0,41.0,7.0,2.0,0.0,2.0,107.0,83.0,161.0
17280,TR,DIY,LTCC,Diyarbakir,37.8833,40.1833,686,2013,2.7,6.0,9.4,14.4,19.1,26.8,31.3,30.5,24.4,16.9,11.3,-3.4,82.0,85,20,39.0,98.0,3.0,0.0,0.0,0.0,0.0,54.0,50.0
17280,TR,DIY,LTCC,Diyarbakir,37.8833,40.1833,686,2014,3.4,6.0,10.8,14.4,19.8,26.6,31.6,31.1,24.7,17.5,8.3,6.7,43.0,24,61,40.0,49.0,21.0,0.0,0.0,28.0,34.0,98.0,74.0
17280,TR,DIY,LTCC,Diyarbakir,37.8833,40.1833,686,2015,2.3,5.4,8.2,12.4,18.8,26.1,31.7,30.8,27.4,18.4,9.8,3.9,65.0,55,127,49.0,48.0,7.0,0.0,0.0,0.0,84.0,10.0,32.0
17280,TR,DIY,LTCC,Diyarbakir,37.8833,40.1833,686,2016,1.1,7.9,9.7,15.7,19.9,26.8,31.6,31.9,24.2,18.8,8.2,2.4,77.0,69,56,29.0,41.0,18.0,0.0,0.0,5.0,14.0,52.0,136.0
17280,TR,DIY,LTCC,Diyarbakir,37.8833,40.1833,686,2017,1.5,1.5,9.4,12.8,18.8,26.9,32.3,31.1,26.8,17.2,10.0,5.8,21.0,4,90,99.0,31.0,3.0,0.0,0.0,0.0,22.0,2.0,10.0
17280,TR,DIY,LTCC,Diyarbakir,37.8833,40.1833,686,2018,5.2,7.6,12.4,15.9,19.4,26.6,31.1,31.4,26.1,18.7,10.2,6.2,86.0,57,13,49.0,158.0,14.0,0.0,0.5,6.0,53.0,63.0,60.0
17280,TR,DIY,LTCC,Diyarbakir,37.8833,40.1833,686,2019,3.9,5.3,8.2,11.8,20.2,28.3,30.4,31.0,25.2,19.1,9.7,6.8,22.0,72,134,150.0,46.0,1.0,0.0,0.0,0.4,51.0,18.0,178.0
17280,TR,DIY,LTCC,Diyarbakir,37.8833,40.1833,686,2020,3.6,3.7,10.6,13.5,19.3,26.2,31.2,30.4,27.7,20.0,10.6,4.7,101.0,49,176,96.0,63.0,0.6,0.8,0.0,0.0,0.0,56.0,26.0
17280,TR,DIY,LTCC,Diyarbakir,37.8833,40.1833,686,2021,4.1,7.1,8.5,15.9,23.7,27.9,32.4,30.9,25.4,18.7,11.5,3.9,45.0,27,44,6.0,3.0,0.0,0.8,2.0,0.0,24.0,14.0,16.0
17280,TR,DIY,LTCC,Diyarbakir,37.8833,40.1833,686,2022,2.0,7.0,5.7,16.8,18.2,27.5,31.7,31.3,26.6,19.2,10.8,6.7,24.0,27,64,11.0,62.0,7.0,0.0,0.0,0.4,13.0,83.0,4.0
17280,TR,DIY,LTCC,Diyarbakir,37.8833,40.1833,686,2023,3.2,3.1,11.6,13.7,18.5,26.6,31.3,32.0,26.4,18.3,11.7,6.4,20.0,50,118,52.0,9.0,0.0,0.4,0.0,4.0,23.0,100.0,45.0
17280,TR,DIY,LTCC,Diyarbakir,37.8833,40.1833,686,2024,5.4,6.5,8.9,17.2,19.2,29.7,31.6,31.7,25.3,17.5,9.1,3.8,73.0,40,80,36.0,30.0,1.0,8.0,0.0,28.0,6.0,45.0,37.0
17280,TR,DIY,LTCC,Diyarbakir,37.8833,40.1833,686,2025,3.9,3.0,11.6,14.5,21.7,28.1,32.6,31.8,25.5,18.3,11.0,5.4,0.4,51,23,37.0,34.0,0.4,0.2,0.0,0.0,36.0,26.0,91.0
17280,TR,DIY,LTCC,Diyarbakir,37.8833,40.1833,686,2026,-1.4,8.3,8.0,12.2,,,,,,,,,103.0,43,211,89.0,,,,,,,,
17195,TR,KAY,LTAU,Kayseri / Erkilet,38.7833,35.4833,1053,1951,0.4,1.7,8.5,12.1,15.1,18.9,22.5,23.5,18.3,9.0,6.2,-3.6,34.0,18.0,32.0,51.0,71.0,71.0,29.0,6.0,12.0,59.0,22.0,26.0
17195,TR,KAY,LTAU,Kayseri / Erkilet,38.7833,35.4833,1053,1952,-1.3,0.9,3.4,11.1,14.3,17.7,22.2,23.0,20.7,14.6,6.7,4.3,19.0,56.0,49.0,21.0,43.0,22.0,4.0,7.0,0.0,2.0,20.0,26.0
17195,TR,KAY,LTAU,Kayseri / Erkilet,38.7833,35.4833,1053,1953,2.7,1.4,-1.4,10.9,14.5,19.1,22.4,22.7,16.7,11.9,0.9,-8.7,29.0,67.0,33.0,19.0,73.0,45.0,2.0,0.0,43.0,17.0,87.0,23.0
17195,TR,KAY,LTAU,Kayseri / Erkilet,38.7833,35.4833,1053,1954,-4.3,-1.5,4.9,8.3,16.0,20.3,24.7,24.2,18.3,13.6,7.4,2.1,77.0,54.0,56.0,54.0,23.0,47.0,6.0,11.0,0.0,1.0,6.0,87.0
17195,TR,KAY,LTAU,Kayseri / Erkilet,38.7833,35.4833,1053,1955,-0.9,6.6,6.6,10.6,15.9,21.9,23.8,22.5,18.9,15.2,6.2,1.6,10.0,28.0,33.0,52.0,38.0,0.0,15.0,2.0,20.0,12.0,36.0,33.0
17195,TR,KAY,LTAU,Kayseri / Erkilet,38.7833,35.4833,1053,1956,1.0,1.0,1.6,11.8,13.5,20.0,22.3,23.2,15.1,10.1,4.0,-5.1,29.0,96.0,38.0,16.0,73.0,8.0,6.0,1.0,2.0,9.0,23.0,55.0
17195,TR,KAY,LTAU,Kayseri / Erkilet,38.7833,35.4833,1053,1957,-6.7,-1.8,5.6,11.7,14.4,19.1,23.6,24.3,20.9,13.6,4.8,2.2,21.0,46.0,25.0,41.0,55.0,107.0,4.0,5.0,8.0,21.0,17.0,30.0
17195,TR,KAY,LTAU,Kayseri / Erkilet,38.7833,35.4833,1053,1958,1.7,3.0,7.2,11.5,16.0,18.5,22.1,22.4,17.4,10.7,5.8,2.2,29.0,15.0,48.0,100.0,56.0,81.0,3.0,4.0,2.0,4.0,16.0,43.0
17195,TR,KAY,LTAU,Kayseri / Erkilet,38.7833,35.4833,1053,1959,1.6,-7.6,3.0,11.7,16.0,18.9,23.4,21.6,15.3,9.1,5.5,3.4,62.0,35.0,24.0,63.0,44.0,36.0,28.0,13.0,12.0,16.0,26.0,14.0
17195,TR,KAY,LTAU,Kayseri / Erkilet,38.7833,35.4833,1053,1960,0.3,-0.7,5.4,10.2,17.1,18.9,23.4,21.5,18.5,14.2,8.5,3.8,38.0,46.0,27.0,102.0,21.0,47.0,1.0,1.0,23.0,11.0,42.0,18.0
17195,TR,KAY,LTAU,Kayseri / Erkilet,38.7833,35.4833,1053,1961,-0.9,1.4,3.8,12.4,18.0,20.0,22.8,23.1,14.5,12.0,6.3,3.3,19.0,13.0,41.0,50.0,45.0,40.0,6.0,0.0,45.0,6.0,31.0,67.0
17195,TR,KAY,LTAU,Kayseri / Erkilet,38.7833,35.4833,1053,1962,0.0,1.0,8.4,10.7,16.6,21.4,25.2,24.8,19.0,13.4,9.2,4.5,16.0,75.0,17.0,49.0,27.0,1.0,0.0,1.0,4.0,27.0,16.0,59.0
17195,TR,KAY,LTAU,Kayseri / Erkilet,38.7833,35.4833,1053,1963,3.3,4.0,2.0,10.5,14.2,19.2,22.5,22.5,18.0,13.0,5.9,0.9,65.0,47.0,71.0,66.0,74.0,49.0,39.0,0.0,38.0,37.0,22.0,27.0
17195,TR,KAY,LTAU,Kayseri / Erkilet,38.7833,35.4833,1053,1964,-7.1,-1.4,6.6,9.6,14.5,18.7,22.6,21.4,16.7,12.1,6.5,2.8,13.0,45.0,66.0,19.0,66.0,97.0,0.0,4.0,26.0,0.0,10.0,52.0
17195,TR,KAY,LTAU,Kayseri / Erkilet,38.7833,35.4833,1053,1965,-1.0,0.9,6.8,10.0,14.0,19.0,21.7,22.9,16.4,7.4,3.7,2.1,21.0,54.0,35.0,63.0,46.0,46.0,0.0,0.0,6.0,37.0,66.0,38.0
17195,TR,KAY,LTAU,Kayseri / Erkilet,38.7833,35.4833,1053,1966,3.6,4.4,5.6,11.7,14.1,19.0,22.9,23.2,16.5,12.3,8.1,1.7,52.0,7.0,26.0,34.0,38.0,25.0,5.0,1.0,27.0,9.0,12.0,69.0
17195,TR,KAY,LTAU,Kayseri / Erkilet,38.7833,35.4833,1053,1967,-3.8,-5.7,2.1,8.6,14.4,16.8,20.4,20.5,15.7,11.3,3.8,1.1,40.0,26.0,64.0,42.0,28.0,28.0,0.0,0.0,2.0,24.0,46.0,38.0
17195,TR,KAY,LTAU,Kayseri / Erkilet,38.7833,35.4833,1053,1968,-4.1,-1.7,3.1,12.1,16.1,17.1,22.2,19.6,16.1,11.3,6.2,3.2,47.0,19.0,48.0,8.0,48.0,42.0,1.0,19.0,48.0,19.0,27.0,22.0
17195,TR,KAY,LTAU,Kayseri / Erkilet,38.7833,35.4833,1053,1969,-0.9,-1.6,6.2,7.4,15.8,20.3,20.8,22.0,17.4,10.5,3.3,3.1,31.0,71.0,23.0,69.0,25.0,38.0,2.0,3.0,1.0,10.0,29.0,51.0
17195,TR,KAY,LTAU,Kayseri / Erkilet,38.7833,35.4833,1053,1970,2.1,4.1,7.4,12.9,14.8,19.3,23.2,20.4,15.5,9.3,6.4,-1.9,31.0,28.0,49.0,8.0,20.0,24.0,9.0,8.0,19.0,52.0,26.0,29.0
17195,TR,KAY,LTAU,Kayseri / Erkilet,38.7833,35.4833,1053,1971,1.4,1.3,6.0,9.1,15.0,17.7,22.5,20.5,17.4,8.8,4.9,-1.0,19.0,29.0,33.0,99.0,49.0,49.0,11.0,14.0,9.0,5.0,28.0,67.0
17195,TR,KAY,LTAU,Kayseri / Erkilet,38.7833,35.4833,1053,1972,-9.4,-5.7,3.9,12.7,14.1,17.9,22.7,21.9,17.0,11.8,2.2,-5.7,13.0,20.0,9.0,60.0,48.0,83.0,5.0,1.0,24.0,27.0,22.0,4.0
17195,TR,KAY,LTAU,Kayseri / Erkilet,38.7833,35.4833,1053,1973,-3.5,3.4,3.3,9.5,15.0,17.1,21.6,20.5,17.1,11.7,1.4,-2.0,15.0,17.0,52.0,74.0,36.0,65.0,5.0,0.0,7.0,11.0,26.0,41.0
17195,TR,KAY,LTAU,Kayseri / Erkilet,38.7833,35.4833,1053,1974,-8.8,-2.5,6.8,8.3,14.9,20.6,21.9,20.6,14.6,14.4,5.0,-0.2,28.0,19.0,43.0,49.0,13.0,35.0,0.0,3.0,7.0,15.0,24.0,32.0
17195,TR,KAY,LTAU,Kayseri / Erkilet,38.7833,35.4833,1053,1975,-7.4,-2.4,5.5,12.2,14.3,19.0,23.1,20.2,16.0,9.7,1.5,-3.8,23.0,36.0,40.0,133.0,59.0,73.0,6.0,22.0,0.0,3.0,29.0,58.0
17195,TR,KAY,LTAU,Kayseri / Erkilet,38.7833,35.4833,1053,1976,-4.7,-5.5,3.3,10.0,14.2,18.2,20.6,19.7,15.0,11.4,5.6,0.4,47.0,30.0,15.0,57.0,49.0,11.0,10.0,23.0,24.0,42.0,17.0,28.0
17195,TR,KAY,LTAU,Kayseri / Erkilet,38.7833,35.4833,1053,1977,-4.2,4.5,3.9,10.1,14.6,18.3,21.5,21.5,16.8,7.4,6.5,-3.7,25.0,13.0,68.0,75.0,58.0,23.0,3.0,0.0,13.0,36.0,12.0,45.0
17195,TR,KAY,LTAU,Kayseri / Erkilet,38.7833,35.4833,1053,1978,-0.5,4.3,6.1,8.9,14.7,18.3,22.4,19.5,16.1,11.7,0.4,1.9,74.0,30.0,74.0,67.0,20.0,8.0,1.0,0.0,47.0,13.0,4.0,34.0
17195,TR,KAY,LTAU,Kayseri / Erkilet,38.7833,35.4833,1053,1979,-0.1,2.8,6.0,9.8,15.5,17.6,20.3,22.3,17.0,12.0,7.2,-0.2,53.0,42.0,34.0,82.0,65.0,37.0,14.0,0.0,6.0,22.0,79.0,22.0
17195,TR,KAY,LTAU,Kayseri / Erkilet,38.7833,35.4833,1053,1980,-5.2,-1.7,3.6,9.7,14.3,19.4,23.7,19.6,14.8,10.6,5.0,1.9,71.0,23.0,64.0,43.0,72.0,21.0,1.0,3.0,9.0,16.0,50.0,37.0
17195,TR,KAY,LTAU,Kayseri / Erkilet,38.7833,35.4833,1053,1981,2.4,2.9,7.3,9.3,12.5,19.2,22.9,20.8,17.1,12.5,3.5,4.8,24.0,28.0,39.0,43.0,95.0,41.0,20.0,0.0,5.0,23.0,23.0,42.0
17195,TR,KAY,LTAU,Kayseri / Erkilet,38.7833,35.4833,1053,1982,1.5,-0.1,3.9,11.8,15.0,18.7,19.6,20.9,17.0,10.7,3.6,-0.1,24.0,15.0,39.0,57.0,27.0,18.0,21.0,20.0,8.0,15.0,33.0,41.0
17195,TR,KAY,LTAU,Kayseri / Erkilet,38.7833,35.4833,1053,1983,-5.5,0.8,4.4,10.2,14.9,18.2,21.9,19.1,15.5,9.3,7.1,1.7,35.0,36.0,34.0,41.0,59.0,16.0,8.0,0.5,9.0,92.0,60.0,15.0
17195,TR,KAY,LTAU,Kayseri / Erkilet,38.7833,35.4833,1053,1984,2.8,4.2,6.5,8.7,14.7,18.3,20.2,17.6,18.3,11.3,6.7,-4.5,24.0,25.0,17.0,85.0,25.0,12.0,18.0,5.0,0.6,6.0,21.0,37.0
17195,TR,KAY,LTAU,Kayseri / Erkilet,38.7833,35.4833,1053,1985,1.2,-3.2,0.8,11.9,16.9,19.7,19.8,22.4,15.2,8.6,6.8,0.0,22.0,46.0,26.0,57.0,35.0,23.0,7.0,4.0,,72.0,25.0,39.0
17195,TR,KAY,LTAU,Kayseri / Erkilet,38.7833,35.4833,1053,1986,-0.3,1.7,4.4,10.9,11.6,17.0,22.4,22.8,17.3,10.3,0.8,-0.5,37.0,55.0,9.0,42.0,94.0,54.0,,0.3,10.0,13.0,78.0,35.0
17195,TR,KAY,LTAU,Kayseri / Erkilet,38.7833,35.4833,1053,1987,-1.0,2.8,0.0,9.3,15.3,18.1,22.2,21.6,16.9,10.4,3.4,1.0,62.0,24.0,56.0,36.0,27.0,82.0,25.0,0.7,,84.0,77.0,59.0
17195,TR,KAY,LTAU,Kayseri / Erkilet,38.7833,35.4833,1053,1988,-2.7,0.3,3.1,10.9,15.9,17.7,21.4,21.7,16.7,11.5,1.1,2.5,21.0,36.0,58.0,31.0,77.0,165.0,50.0,,0.9,94.0,60.0,21.0
17195,TR,KAY,LTAU,Kayseri / Erkilet,38.7833,35.4833,1053,1989,-5.8,-0.6,7.3,14.7,15.4,19.1,21.9,22.7,18.3,12.1,7.0,-1.8,6.0,7.0,29.0,30.0,46.0,13.0,0.2,16.0,2.0,28.0,75.0,31.0
17195,TR,KAY,LTAU,Kayseri / Erkilet,38.7833,35.4833,1053,1990,-5.3,0.8,6.0,9.6,13.5,17.5,22.0,19.6,17.2,12.6,8.5,2.1,23.0,23.0,26.0,80.0,115.0,32.0,46.0,1.0,17.0,7.0,36.0,41.0
17195,TR,KAY,LTAU,Kayseri / Erkilet,38.7833,35.4833,1053,1991,-1.2,-3.4,7.1,11.8,13.6,17.8,21.5,21.6,15.3,12.7,4.6,-1.5,,,,,103.0,,5.0,0.0,3.0,46.0,41.0,89.0
17195,TR,KAY,LTAU,Kayseri / Erkilet,38.7833,35.4833,1053,1992,-3.8,-7.0,3.5,10.0,12.8,16.7,18.9,20.1,14.4,12.7,5.3,-2.1,30.0,42.0,20.0,29.0,60.0,41.0,22.0,6.0,12.0,25.0,61.0,63.0
17195,TR,KAY,LTAU,Kayseri / Erkilet,38.7833,35.4833,1053,1993,-4.1,-1.2,6.2,9.8,12.9,16.8,19.2,20.2,15.8,12.1,4.2,4.0,25.0,19.0,27.0,60.0,,,,,,,,
17195,TR,KAY,LTAU,Kayseri / Erkilet,38.7833,35.4833,1053,1994,4.3,2.1,6.4,12.5,15.2,18.3,20.7,20.4,20.4,14.4,4.7,-2.4,32.0,27.0,17.0,20.0,30.0,2.0,0.0,7.0,5.0,27.0,55.0,66.0
17195,TR,KAY,LTAU,Kayseri / Erkilet,38.7833,35.4833,1053,1995,0.8,3.6,6.4,8.8,15.7,19.3,19.2,21.8,17.8,10.5,3.3,1.1,19.0,2.0,48.0,77.0,76.0,33.0,18.0,2.0,4.0,40.0,60.0,14.0
17195,TR,KAY,LTAU,Kayseri / Erkilet,38.7833,35.4833,1053,1996,1.0,3.9,5.0,8.3,16.6,17.7,22.6,21.6,17.4,11.2,6.9,5.6,11.0,38.0,86.0,34.0,49.0,,0.0,20.0,43.0,40.0,0.0,66.0
17195,TR,KAY,LTAU,Kayseri / Erkilet,38.7833,35.4833,1053,1997,0.8,-2.7,1.8,7.6,16.1,18.0,20.9,20.0,14.3,12.6,6.1,1.7,21.0,42.0,32.0,51.0,30.0,59.0,3.0,20.0,36.0,46.0,6.0,72.0
17195,TR,KAY,LTAU,Kayseri / Erkilet,38.7833,35.4833,1053,1998,-1.5,-1.7,3.5,11.9,14.6,18.7,22.4,22.6,18.1,13.1,8.7,3.1,42.0,48.0,34.0,53.0,,69.0,8.0,4.0,1.0,42.0,14.0,80.0
17195,TR,KAY,LTAU,Kayseri / Erkilet,38.7833,35.4833,1053,1999,2.2,2.0,5.8,10.7,14.5,17.9,21.8,21.8,17.2,12.6,5.4,3.4,10.0,55.0,71.0,,73.0,39.0,1.0,9.0,,21.0,16.0,20.0
17195,TR,KAY,LTAU,Kayseri / Erkilet,38.7833,35.4833,1053,2000,-4.1,-2.6,2.7,12.7,13.7,17.6,23.9,21.4,17.4,10.9,6.3,1.2,55.0,33.0,55.0,49.0,88.0,26.0,,4.0,5.0,18.0,0.0,25.0
17195,TR,KAY,LTAU,Kayseri / Erkilet,38.7833,35.4833,1053,2001,2.0,3.3,10.4,12.6,14.0,20.3,23.9,23.4,19.2,11.9,5.9,2.8,1.0,52.0,19.0,32.0,74.0,1.0,0.0,0.0,13.0,6.0,24.0,36.0
17195,TR,KAY,LTAU,Kayseri / Erkilet,38.7833,35.4833,1053,2002,-6.7,2.2,7.7,9.9,14.3,19.3,23.2,21.8,18.3,12.6,5.4,-3.6,45.0,20.0,27.0,91.0,43.0,40.0,62.0,8.0,15.0,39.0,16.0,39.0
17195,TR,KAY,LTAU,Kayseri / Erkilet,38.7833,35.4833,1053,2003,4.4,-1.0,2.5,10.6,16.7,19.5,21.6,22.2,17.3,13.7,7.0,2.2,19.0,56.0,22.0,41.0,19.0,11.0,,,12.0,45.0,34.0,29.0
17195,TR,KAY,LTAU,Kayseri / Erkilet,38.7833,35.4833,1053,2004,0.2,2.0,6.5,10.1,14.9,18.7,22.0,22.1,17.4,14.1,5.5,-2.0,47.0,29.0,34.0,46.0,36.0,,,,,,,
17195,TR,KAY,LTAU,Kayseri / Erkilet,38.7833,35.4833,1053,2005,1.6,1.6,6.2,11.1,14.8,18.0,23.7,23.6,17.2,10.5,5.7,2.1,,,,,,,,,,,,
17195,TR,KAY,LTAU,Kayseri / Erkilet,38.7833,35.4833,1053,2006,-1.3,2.4,8.4,12.3,15.6,21.6,20.4,24.4,16.9,13.6,4.5,-1.9,,,,,,,,,,,,
17195,TR,KAY,LTAU,Kayseri / Erkilet,38.7833,35.4833,1053,2007,-0.8,-0.1,5.2,6.8,17.8,19.9,22.4,23.3,18.1,13.3,5.9,0.2,,,,,,,,,,,,
17195,TR,KAY,LTAU,Kayseri / Erkilet,38.7833,35.4833,1053,2008,-8.7,-7.4,8.5,12.9,13.3,18.4,21.8,22.9,17.8,11.7,7.0,-0.7,,,,,,,,,,,,
17195,TR,KAY,LTAU,Kayseri / Erkilet,38.7833,35.4833,1053,2009,0.5,3.7,4.7,9.2,13.4,19.2,21.2,19.2,15.2,14.7,6.3,5.0,,,,,,,,,,,,
17195,TR,KAY,LTAU,Kayseri / Erkilet,38.7833,35.4833,1053,2010,2.0,5.3,7.9,10.3,15.0,19.9,23.5,23.6,19.9,12.4,8.5,5.4,,,,,,,,,,,,
17195,TR,KAY,LTAU,Kayseri / Erkilet,38.7833,35.4833,1053,2011,-0.6,0.5,5.3,9.2,13.4,17.7,22.5,21.1,16.3,10.2,1.5,1.3,,,,,,,,,,,,
17195,TR,KAY,LTAU,Kayseri / Erkilet,38.7833,35.4833,1053,2012,-1.2,-4.0,2.0,12.7,15.7,20.2,22.9,21.4,18.5,14.1,8.4,3.3,,,,,,,,,,,,
17195,TR,KAY,LTAU,Kayseri / Erkilet,38.7833,35.4833,1053,2013,0.6,4.9,7.1,11.6,16.3,19.4,20.9,20.7,16.0,9.3,7.2,-3.1,,,,,,,,,,,17.0,
17195,TR,KAY,LTAU,Kayseri / Erkilet,38.7833,35.4833,1053,2014,2.5,3.5,7.4,12.9,15.6,18.9,24.0,24.3,18.4,12.0,5.2,4.8,32.0,18.0,,5.0,19.0,44.0,0.0,19.0,70.0,45.0,44.0,20.0
17195,TR,KAY,LTAU,Kayseri / Erkilet,38.7833,35.4833,1053,2015,-0.9,2.4,6.0,8.4,14.8,18.0,22.0,23.6,21.3,13.5,6.0,-2.0,47.0,55.0,107.0,42.0,50.0,99.0,0.0,13.0,0.5,17.0,15.0,14.0
17195,TR,KAY,LTAU,Kayseri / Erkilet,38.7833,35.4833,1053,2016,-1.5,4.3,7.0,12.9,14.5,19.9,22.4,24.4,16.7,11.7,4.5,-1.3,77.0,46.0,22.0,20.0,112.0,19.0,9.0,0.0,12.0,7.0,10.0,20.0
17195,TR,KAY,LTAU,Kayseri / Erkilet,38.7833,35.4833,1053,2017,-3.0,-0.1,6.7,10.6,14.4,19.4,24.4,23.8,20.8,11.5,5.2,3.2,33.0,2.0,49.0,20.0,66.0,26.0,0.0,9.0,0.5,9.0,22.0,26.0
17195,TR,KAY,LTAU,Kayseri / Erkilet,38.7833,35.4833,1053,2018,1.4,5.6,9.9,12.4,16.4,20.3,23.8,22.7,19.0,13.5,6.7,3.0,38.0,17.0,77.0,12.0,61.0,29.0,0.5,0.0,6.0,10.0,5.0,9.0
17195,TR,KAY,LTAU,Kayseri / Erkilet,38.7833,35.4833,1053,2019,-0.8,3.4,5.6,9.4,17.1,21.2,21.4,22.2,17.4,14.5,6.8,3.0,22.0,18.0,12.0,21.0,33.0,21.0,11.0,13.0,5.0,8.0,10.0,28.0
17195,TR,KAY,LTAU,Kayseri / Erkilet,38.7833,35.4833,1053,2020,0.3,0.2,7.2,10.1,15.1,19.1,23.7,21.2,21.2,15.6,4.6,2.5,27.0,66.0,71.0,35.0,48.0,40.0,4.0,0.0,6.0,0.6,7.0,23.0
17195,TR,KAY,LTAU,Kayseri / Erkilet,38.7833,35.4833,1053,2021,1.4,1.8,4.3,11.1,16.6,18.5,23.3,21.7,16.6,10.7,6.5,2.1,65.0,12.0,46.0,67.0,40.0,58.0,1.0,17.0,19.0,3.0,30.0,23.0
17195,TR,KAY,LTAU,Kayseri / Erkilet,38.7833,35.4833,1053,2022,-2.4,2.3,0.3,12.9,13.8,20.0,21.1,25.3,19.0,12.2,6.9,3.6,42.0,11.0,54.0,26.0,49.0,44.0,0.0,0.4,52.0,39.0,26.0,20.0
17195,TR,KAY,LTAU,Kayseri / Erkilet,38.7833,35.4833,1053,2023,0.7,-1.6,7.5,10.2,14.1,18.5,21.9,25.0,18.7,13.0,8.5,4.4,14.0,15.0,43.0,60.0,29.0,76.0,4.0,7.0,24.0,43.0,15.0,11.0
17195,TR,KAY,LTAU,Kayseri / Erkilet,38.7833,35.4833,1053,2024,2.5,4.6,6.3,14.7,14.8,22.6,23.8,23.8,19.8,11.7,4.7,2.4,41.0,8.0,64.0,29.0,80.0,21.0,4.0,12.0,18.0,2.0,24.0,27.0
17195,TR,KAY,LTAU,Kayseri / Erkilet,38.7833,35.4833,1053,2025,2.4,-2.3,8.3,9.8,16.1,19.3,25.0,24.0,18.0,12.5,8.4,2.5,10.0,48.0,44.0,36.0,71.0,11.0,0.0,6.0,8.0,12.0,34.0,22.0
17195,TR,KAY,LTAU,Kayseri / Erkilet,38.7833,35.4833,1053,2026,-1.6,5.4,5.3,9.9,,,,,,,,,82.0,73.0,15.0,59.0,,,,,,,,
17170,TR,VAN,LTCI,Van,38.45,43.3167,1667,1938,,,,,11.3,16.3,20.7,21.2,17.3,10.4,4.2,0.8,58,35,24,59,31.0,6.0,25.0,4.0,13.0,17.0,42.0,47.0
17170,TR,VAN,LTCI,Van,38.45,43.3167,1667,1939,-3.9,-2.1,1.5,6.3,13.1,16.6,20.0,20.3,16.8,12.6,3.7,0.1,20,11,59,92,18.0,30.0,11.0,2.0,17.0,22.0,134.0,59.0
17170,TR,VAN,LTCI,Van,38.45,43.3167,1667,1940,-2.5,0.3,-0.9,9.0,11.5,16.2,21.1,22.5,17.4,11.6,6.5,1.9,25,33,60,76,57.0,26.0,0.0,0.0,8.0,68.0,11.0,54.0
17170,TR,VAN,LTCI,Van,38.45,43.3167,1667,1941,-3.0,0.1,2.9,7.5,14.8,18.6,21.4,20.0,18.2,9.1,5.0,-5.3,116,38,66,85,7.0,2.0,3.0,0.0,14.0,23.0,22.0,38.0
17170,TR,VAN,LTCI,Van,38.45,43.3167,1667,1942,-5.2,-3.7,-1.0,6.1,14.6,17.5,22.3,22.9,17.1,11.5,6.3,-0.1,96,24,92,55,16.0,16.0,0.0,0.0,,48.0,84.0,19.0
17170,TR,VAN,LTCI,Van,38.45,43.3167,1667,1943,-0.9,-4.7,-2.8,4.5,12.6,15.9,20.5,22.2,16.7,13.0,8.0,1.6,32,26,48,45,21.0,13.0,15.0,3.0,19.0,54.0,38.0,41.0
17170,TR,VAN,LTCI,Van,38.45,43.3167,1667,1944,-4.3,-3.8,3.1,6.6,12.2,16.8,21.1,21.6,18.9,13.2,6.7,0.1,60,59,75,75,54.0,10.0,0.0,0.0,0.0,40.0,62.0,8.0
17170,TR,VAN,LTCI,Van,38.45,43.3167,1667,1945,-4.9,-4.7,-2.9,5.3,12.3,16.5,21.1,21.0,18.1,12.1,4.2,-0.6,55,33,40,46,14.0,21.0,0.4,3.0,3.0,38.0,,
17170,TR,VAN,LTCI,Van,38.45,43.3167,1667,1946,-3.6,-3.3,1.9,6.7,12.8,16.3,19.5,20.5,18.5,9.6,6.7,0.2,38,49,60,66,45.0,58.0,18.0,15.0,10.0,124.0,2.0,49.0
17170,TR,VAN,LTCI,Van,38.45,43.3167,1667,1947,-0.8,-3.1,4.6,8.8,13.1,17.4,21.9,21.2,16.6,10.7,6.8,1.1,60,36,32,52,43.0,0.0,10.0,0.0,7.0,31.0,69.0,24.0
17170,TR,VAN,LTCI,Van,38.45,43.3167,1667,1948,-0.4,-2.0,-2.7,4.5,11.0,17.8,22.7,22.6,17.5,9.9,2.3,-3.7,22,32,6,54,42.0,11.0,0.3,4.0,13.0,50.0,55.0,41.0
17170,TR,VAN,LTCI,Van,38.45,43.3167,1667,1949,-6.6,-6.9,-2.8,4.2,13.0,20.1,23.0,21.8,16.2,10.3,4.7,-1.5,53,81,37,41,47.0,0.0,10.0,0.0,7.0,36.0,2.0,24.0
17170,TR,VAN,LTCI,Van,38.45,43.3167,1667,1950,-7.7,-6.6,0.6,9.2,13.3,17.3,21.8,21.5,18.4,10.2,6.4,0.9,55,15,15,10,36.0,20.0,2.0,0.0,0.1,67.0,30.0,17.0
17170,TR,VAN,LTCI,Van,38.45,43.3167,1667,1951,-4.3,-4.7,2.3,8.3,12.9,18.3,22.7,22.1,17.2,8.3,4.6,-2.2,31,24,29,68,28.0,8.0,1.0,4.0,38.0,168.0,17.0,30.0
17170,TR,VAN,LTCI,Van,38.45,43.3167,1667,1952,-3.3,-0.2,0.7,7.3,12.7,16.2,22.5,22.3,19.1,13.1,3.9,1.1,27,42,29,51,25.0,42.0,0.0,11.0,2.0,7.0,18.0,44.0
17170,TR,VAN,LTCI,Van,38.45,43.3167,1667,1953,-2.1,-1.3,-1.9,7.3,13.1,18.3,21.9,22.7,18.2,11.8,2.2,-6.9,43,28,59,26,25.0,4.0,24.0,0.0,0.0,75.0,73.0,12.0
17170,TR,VAN,LTCI,Van,38.45,43.3167,1667,1954,-4.2,-4.0,0.8,6.6,13.5,18.8,22.5,22.4,17.2,11.0,5.4,1.3,47,38,71,58,20.0,12.0,1.0,9.0,5.0,14.0,27.0,19.0
17170,TR,VAN,LTCI,Van,38.45,43.3167,1667,1955,-1.2,1.7,2.7,8.3,12.6,18.1,21.6,20.5,16.5,11.3,4.7,0.2,19,12,38,77,45.0,9.0,7.0,0.0,18.0,8.0,95.0,34.0
17170,TR,VAN,LTCI,Van,38.45,43.3167,1667,1956,-2.2,-0.6,-1.8,6.4,10.9,17.4,21.6,21.5,14.7,8.9,2.8,-4.5,11,68,77,55,68.0,4.0,0.0,0.0,27.0,12.0,42.0,48.0
17170,TR,VAN,LTCI,Van,38.45,43.3167,1667,1957,-6.2,-3.2,2.5,7.6,11.7,17.0,20.1,20.8,17.3,9.8,4.4,-1.3,31,13,47,21,46.0,24.0,25.0,10.0,37.0,36.0,37.0,40.0
17170,TR,VAN,LTCI,Van,38.45,43.3167,1667,1958,-1.6,-4.2,3.0,8.1,13.2,16.6,20.5,21.0,16.0,10.2,3.0,-2.4,56,13,52,50,33.0,32.0,12.0,3.0,3.0,4.0,83.0,86.0
17170,TR,VAN,LTCI,Van,38.45,43.3167,1667,1959,-2.2,-7.6,-0.2,9.0,12.5,17.4,21.7,20.3,14.2,9.6,3.4,-0.9,5,36,47,34,134.0,18.0,2.0,3.0,41.0,43.0,60.0,16.0
17170,TR,VAN,LTCI,Van,38.45,43.3167,1667,1960,-2.1,-0.4,1.1,7.2,14.6,18.6,22.0,20.4,17.4,11.0,5.8,1.2,44,53,41,103,28.0,10.0,4.0,0.0,0.0,17.0,98.0,6.0
17170,TR,VAN,LTCI,Van,38.45,43.3167,1667,1961,-2.0,-4.5,-2.1,7.4,13.5,18.3,22.7,22.7,16.0,10.8,5.0,1.8,20,35,41,51,20.0,25.0,0.0,0.0,0.0,12.0,49.0,15.0
17170,TR,VAN,LTCI,Van,38.45,43.3167,1667,1962,-5.6,-3.4,2.9,7.7,14.0,18.8,24.2,22.9,17.7,11.6,6.1,2.3,63,49,18,79,14.0,2.0,1.0,1.0,0.0,75.0,45.0,22.0
17170,TR,VAN,LTCI,Van,38.45,43.3167,1667,1963,1.3,-0.4,-0.4,7.1,11.2,16.8,22.1,21.8,17.8,11.8,4.7,-1.1,58,51,54,134,68.0,16.0,4.0,3.0,18.0,24.0,28.0,16.0
17170,TR,VAN,LTCI,Van,38.45,43.3167,1667,1964,-9.6,-5.3,1.5,4.8,12.6,17.6,21.9,20.0,16.4,8.6,4.1,-3.2,27,24,61,72,15.0,45.0,0.0,0.0,0.0,8.0,11.0,26.0
17170,TR,VAN,LTCI,Van,38.45,43.3167,1667,1965,-7.2,-5.4,0.2,5.7,12.5,18.2,22.6,22.3,16.7,7.4,3.1,-0.8,59,23,19,46,21.0,5.0,0.0,7.0,9.0,96.0,39.0,30.0
17170,TR,VAN,LTCI,Van,38.45,43.3167,1667,1966,1.8,-0.3,1.6,7.6,11.7,18.4,22.3,22.4,16.0,9.9,6.1,0.5,10,39,55,31,52.0,0.0,0.0,0.0,66.0,30.0,4.0,70.0
17170,TR,VAN,LTCI,Van,38.45,43.3167,1667,1967,-5.4,-8.7,-2.4,4.7,12.4,15.4,20.2,20.5,14.8,9.4,3.2,-2.3,39,71,39,46,45.0,10.0,6.0,2.0,43.0,69.0,48.0,44.0
17170,TR,VAN,LTCI,Van,38.45,43.3167,1667,1968,-6.0,-6.0,-0.3,7.2,13.1,15.4,20.7,18.7,15.8,10.8,5.0,-0.7,74,20,20,49,56.0,75.0,0.0,2.0,4.0,33.0,42.0,55.0
17170,TR,VAN,LTCI,Van,38.45,43.3167,1667,1969,-3.1,-4.7,2.9,5.7,13.1,17.8,20.3,21.8,15.5,9.9,2.8,0.2,20,37,60,79,29.0,26.0,0.0,0.0,25.0,91.0,38.0,42.0
17170,TR,VAN,LTCI,Van,38.45,43.3167,1667,1970,-3.4,-1.8,3.4,9.2,13.4,18.2,21.4,21.7,16.8,9.4,6.3,-3.4,31,44,31,38,16.0,0.0,1.0,0.0,0.0,24.0,95.0,52.0
17170,TR,VAN,LTCI,Van,38.45,43.3167,1667,1971,-6.2,-3.8,3.1,7.1,13.9,16.8,22.4,21.3,18.4,9.2,4.1,-4.9,12,30,15,48,34.0,20.0,0.0,3.0,0.0,60.0,28.0,53.0
17170,TR,VAN,LTCI,Van,38.45,43.3167,1667,1972,-10.4,-8.2,-1.2,8.0,10.1,16.9,21.6,20.6,16.7,12.1,2.7,-3.7,23,16,44,44,168.0,49.0,2.0,11.0,1.0,52.0,68.0,9.0
17170,TR,VAN,LTCI,Van,38.45,43.3167,1667,1973,-6.0,-3.3,0.2,5.7,12.4,16.5,20.9,21.6,16.6,10.9,-0.4,-3.7,24,24,45,35,74.0,14.0,5.0,0.0,0.0,60.0,59.0,15.0
17170,TR,VAN,LTCI,Van,38.45,43.3167,1667,1974,-6.8,-5.9,2.4,4.8,14.2,18.9,20.8,19.6,13.9,11.7,4.3,-1.7,34,1,44,60,13.0,6.0,11.0,22.0,66.0,1.0,57.0,23.0
17170,TR,VAN,LTCI,Van,38.45,43.3167,1667,1975,-6.4,-4.5,-0.2,9.2,12.5,18.6,22.1,21.0,16.1,8.4,3.1,-5.3,24,32,33,11,64.0,17.0,1.0,0.0,6.0,23.0,38.0,35.0
17170,TR,VAN,LTCI,Van,38.45,43.3167,1667,1976,-3.7,-7.1,-1.6,6.8,11.9,18.0,20.4,22.0,16.3,10.0,3.6,1.4,13,69,6,103,74.0,4.0,2.0,0.0,1.0,84.0,19.0,16.0
17170,TR,VAN,LTCI,Van,38.45,43.3167,1667,1977,-4.9,-0.5,3.1,8.0,12.0,17.4,21.9,21.7,18.2,8.0,4.8,-1.2,17,8,58,48,64.0,25.0,2.0,1.0,0.0,33.0,11.0,31.0
17170,TR,VAN,LTCI,Van,38.45,43.3167,1667,1978,-2.4,0.0,3.0,7.2,12.7,16.3,22.8,22.8,17.9,11.2,0.9,0.5,32,16,26,62,38.0,61.0,10.0,0.0,3.0,46.0,14.0,47.0
17170,TR,VAN,LTCI,Van,38.45,43.3167,1667,1979,-0.8,0.7,2.0,8.4,13.6,17.0,21.4,23.1,19.4,11.2,6.5,0.2,23,42,28,22,41.0,23.0,18.0,1.0,1.0,79.0,37.0,26.0
17170,TR,VAN,LTCI,Van,38.45,43.3167,1667,1980,-5.0,-4.0,0.4,7.4,12.9,18.4,24.0,21.5,16.1,9.8,4.8,1.5,41,30,67,67,18.0,1.0,1.0,0.0,12.0,37.0,92.0,12.0
17170,TR,VAN,LTCI,Van,38.45,43.3167,1667,1981,-0.9,-0.9,2.5,5.5,10.8,17.0,22.0,21.8,18.0,11.4,2.3,2.1,35,51,1,67,53.0,8.0,3.0,0.0,0.0,16.0,16.0,17.0
17170,TR,VAN,LTCI,Van,38.45,43.3167,1667,1982,-2.3,-7.5,-0.2,8.6,12.8,17.2,20.8,20.0,17.0,9.5,1.2,-2.0,27,23,42,51,93.0,16.0,0.0,1.0,3.0,114.0,27.0,13.0
17170,TR,VAN,LTCI,Van,38.45,43.3167,1667,1983,-6.4,-3.2,1.4,7.4,13.1,17.6,22.0,21.0,17.1,10.2,6.2,0.8,25,19,24,15,81.0,27.0,11.0,14.0,0.0,18.0,92.0,10.0
17170,TR,VAN,LTCI,Van,38.45,43.3167,1667,1984,-3.7,-2.8,3.3,8.2,11.2,18.6,23.4,20.3,17.4,9.7,4.3,-3.4,39,18,38,25,136.0,0.0,4.0,7.0,0.0,45.0,74.0,12.0
17170,TR,VAN,LTCI,Van,38.45,43.3167,1667,1985,-2.2,-4.1,-4.2,8.7,14.7,19.3,21.2,21.3,16.7,8.9,6.7,-1.4,49,73,92,38,26.0,0.0,0.0,0.0,0.0,25.0,20.0,63.0
17170,TR,VAN,LTCI,Van,38.45,43.3167,1667,1986,-3.9,-1.2,1.6,9.7,11.3,16.9,22.9,22.0,19.2,10.9,2.7,-1.6,33,18,20,36,79.0,25.0,0.5,0.0,4.0,60.0,40.0,9.0
17170,TR,VAN,LTCI,Van,38.45,43.3167,1667,1987,-0.4,-0.4,-0.4,6.4,14.8,18.6,21.4,20.9,16.1,8.8,3.9,0.1,15,77,57,57,13.0,3.0,0.0,25.0,13.0,56.0,28.0,114.0
17170,TR,VAN,LTCI,Van,38.45,43.3167,1667,1988,-3.4,-3.5,1.8,7.0,13.1,16.4,20.6,19.1,15.3,10.9,2.4,0.0,69,16,60,43,58.0,83.0,10.0,23.0,16.0,57.0,53.0,37.0
17170,TR,VAN,LTCI,Van,38.45,43.3167,1667,1989,-9.5,-7.2,3.7,11.4,13.9,17.5,23.3,21.0,15.7,10.0,4.1,-0.4,55,6,36,30,42.0,7.0,0.0,0.0,20.0,82.0,39.0,37.0
17170,TR,VAN,LTCI,Van,38.45,43.3167,1667,1990,-6.5,-4.5,1.2,7.5,13.1,18.5,23.4,21.7,17.9,11.6,6.0,0.5,49,13,50,92,18.0,12.0,5.0,0.3,7.0,34.0,29.0,71.0
17170,TR,VAN,LTCI,Van,38.45,43.3167,1667,1991,-2.7,-2.8,3.4,10.5,11.9,19.1,23.0,23.7,17.7,12.3,6.9,-1.6,16,27,63,43,68.0,0.0,2.0,5.0,0.0,43.0,97.0,63.0
17170,TR,VAN,LTCI,Van,38.45,43.3167,1667,1992,-6.6,-4.8,-2.9,6.3,11.2,16.5,20.8,21.2,16.7,11.6,3.3,-2.3,64,33,37,65,66.0,23.0,113.0,6.0,53.0,7.0,104.0,40.0
17170,TR,VAN,LTCI,Van,38.45,43.3167,1667,1993,-4.6,-3.5,-0.7,6.6,11.7,17.6,22.4,21.9,18.3,11.3,2.4,1.1,39,148,30,112,78.0,27.0,1.0,0.8,73.0,20.0,138.0,12.0
17170,TR,VAN,LTCI,Van,38.45,43.3167,1667,1994,0.7,-1.0,3.3,10.6,13.2,18.0,22.7,22.2,18.0,12.2,4.7,-3.1,134,30,21,126,47.0,38.0,0.0,28.0,33.0,67.0,83.0,157.0
17170,TR,VAN,LTCI,Van,38.45,43.3167,1667,1995,-1.9,-1.1,2.9,7.7,14.4,18.4,22.3,23.1,17.7,10.2,4.6,-1.1,21,41,51,55,34.0,19.0,3.0,0.0,139.0,39.0,23.0,20.0
17170,TR,VAN,LTCI,Van,38.45,43.3167,1667,1996,-1.1,-0.4,2.9,7.4,15.1,18.2,23.2,23.0,17.5,10.4,4.9,3.7,19,41,47,41,47.0,0.5,0.0,0.0,7.0,53.0,8.0,167.0
17170,TR,VAN,LTCI,Van,38.45,43.3167,1667,1997,-1.7,-2.8,-1.7,6.2,13.9,18.7,21.7,22.5,17.1,10.8,5.1,-0.2,17,23,59,33,18.0,25.0,32.0,4.0,13.0,47.0,11.0,70.0
17170,TR,VAN,LTCI,Van,38.45,43.3167,1667,1998,-3.6,-5.0,1.9,8.7,14.0,20.9,23.6,23.1,18.0,11.8,8.8,3.0,30,39,30,43,39.0,14.0,0.3,1.0,0.5,1.0,15.0,61.0
17170,TR,VAN,LTCI,Van,38.45,43.3167,1667,1999,0.3,0.4,2.6,8.4,14.9,20.0,22.8,23.8,17.5,11.6,4.6,1.0,10,21,56,42,46.0,4.0,0.0,2.0,18.0,82.0,39.0,5.0
17170,TR,VAN,LTCI,Van,38.45,43.3167,1667,2000,-2.5,-2.5,0.9,9.5,14.3,19.4,25.4,22.9,17.9,11.8,5.6,1.0,23,44,24,36,24.0,3.0,0.0,0.0,2.0,3.0,14.0,61.0
17170,TR,VAN,LTCI,Van,38.45,43.3167,1667,2001,-0.6,0.3,6.3,9.6,12.5,19.6,23.1,24.0,18.9,11.4,3.9,1.2,17,28,46,33,28.0,5.0,7.0,0.0,2.0,56.0,83.0,51.0
17170,TR,VAN,LTCI,Van,38.45,43.3167,1667,2002,-3.3,-0.8,3.4,6.9,12.3,17.9,22.6,22.2,18.1,12.8,5.3,-2.6,31,8,67,107,55.0,20.0,3.0,0.0,6.0,59.0,50.0,73.0
17170,TR,VAN,LTCI,Van,38.45,43.3167,1667,2003,-1.4,-1.4,0.1,8.4,14.5,18.2,23.1,22.8,17.0,12.9,4.5,0.2,26,53,83,79,6.0,50.0,0.0,16.0,16.0,24.0,60.0,15.0
17170,TR,VAN,LTCI,Van,38.45,43.3167,1667,2004,-0.9,-0.6,3.7,6.9,12.4,18.5,21.4,22.2,18.0,12.0,4.6,-3.7,25,40,70,27,85.0,3.0,2.0,0.0,0.0,48.0,105.0,41.0
17170,TR,VAN,LTCI,Van,38.45,43.3167,1667,2005,-3.3,-3.3,2.5,8.9,13.3,18.7,24.1,23.2,17.2,11.2,4.6,1.9,34,27,59,56,36.0,13.0,1.0,4.0,9.0,35.0,29.0,34.0
17170,TR,VAN,LTCI,Van,38.45,43.3167,1667,2006,-3.1,-1.3,3.0,9.8,14.6,21.5,22.3,24.1,18.0,11.6,3.0,-3.4,90,48,46,40,35.0,0.0,22.0,2.0,4.0,47.0,49.0,44.0
17170,TR,VAN,LTCI,Van,38.45,43.3167,1667,2007,-4.6,-0.9,3.0,5.9,15.7,19.9,22.7,21.8,17.8,12.2,4.2,-2.0,18,11,35,87,27.0,9.0,29.0,7.0,0.0,8.0,75.0,44.0
17170,TR,VAN,LTCI,Van,38.45,43.3167,1667,2008,-5.6,-3.6,5.8,10.5,12.3,19.5,22.7,23.9,18.3,11.0,4.9,-1.8,13,31,31,25,40.0,2.0,11.0,7.0,45.0,58.0,21.0,37.0
17170,TR,VAN,LTCI,Van,38.45,43.3167,1667,2009,-3.9,0.1,1.9,6.5,13.2,17.6,21.2,20.1,15.5,10.6,4.5,1.9,43,49,75,47,32.0,27.0,21.0,3.0,46.0,16.0,90.0,35.0
17170,TR,VAN,LTCI,Van,38.45,43.3167,1667,2010,0.1,1.4,5.8,8.4,13.3,19.8,24.0,23.2,19.5,12.6,4.3,2.1,52,71,38,46,73.0,41.0,0.0,1.0,4.0,46.0,0.0,6.0
17170,TR,VAN,LTCI,Van,38.45,43.3167,1667,2011,-1.3,-0.8,2.3,8.6,12.4,18.7,22.6,21.2,18.0,9.9,0.8,-0.6,14,28,31,133,63.0,30.0,11.0,0.0,53.0,126.0,19.0,12.0
17170,TR,VAN,LTCI,Van,38.45,43.3167,1667,2012,-1.3,-3.4,-0.7,9.2,14.6,19.5,21.7,23.0,18.0,12.4,7.2,1.5,54,44,78,42,38.0,8.0,3.0,2.0,9.0,40.0,26.0,57.0
17170,TR,VAN,LTCI,Van,38.45,43.3167,1667,2013,-1.3,0.1,3.7,9.5,13.6,18.5,21.6,20.9,17.4,9.9,6.5,-3.7,65,40,39,36,54.0,8.0,0.0,0.0,9.0,21.0,36.0,34.0
17170,TR,VAN,LTCI,Van,38.45,43.3167,1667,2014,-1.5,-1.2,4.2,9.9,14.8,19.0,23.1,23.9,18.5,11.4,4.0,2.4,28,124,39,67,21.0,23.0,11.0,5.0,20.0,70.0,44.0,50.0
17170,TR,VAN,LTCI,Van,38.45,43.3167,1667,2015,-2.0,0.7,3.5,8.8,13.5,20.1,22.6,23.3,19.6,12.6,5.4,-1.9,26,8,58,52,69.0,5.0,0.0,28.0,2.0,113.0,48.0,41.0
17170,TR,VAN,LTCI,Van,38.45,43.3167,1667,2016,-2.4,1.7,4.2,10.0,14.1,18.5,22.8,24.1,17.4,11.7,4.2,-1.9,118,11,61,34,68.0,41.0,2.0,0.0,26.0,98.0,32.0,77.0
17170,TR,VAN,LTCI,Van,38.45,43.3167,1667,2017,-3.3,-3.5,3.3,8.5,13.9,19.6,23.9,24.2,20.3,11.5,5.8,2.8,18,15,44,62,94.0,0.0,3.0,3.0,0.0,28.0,67.0,22.0
17170,TR,VAN,LTCI,Van,38.45,43.3167,1667,2018,0.6,1.9,7.4,10.2,13.4,18.2,23.3,22.1,18.4,12.9,6.5,2.8,30,27,29,39,84.0,17.0,0.5,0.2,0.5,41.0,22.0,31.0
17170,TR,VAN,LTCI,Van,38.45,43.3167,1667,2019,-0.8,-0.6,2.9,7.2,15.4,20.4,23.0,23.6,18.7,13.4,5.2,3.0,14,23,56,48,18.0,16.0,0.8,3.0,3.0,12.0,27.0,63.0
17170,TR,VAN,LTCI,Van,38.45,43.3167,1667,2020,-2.5,-1.7,4.9,8.6,14.6,19.4,23.1,21.5,20.1,13.3,6.6,1.3,45,60,45,60,32.0,12.0,5.0,0.4,0.1,2.0,18.0,33.0
17170,TR,VAN,LTCI,Van,38.45,43.3167,1667,2021,-1.4,0.4,3.5,11.0,16.1,20.6,23.1,22.4,18.0,11.7,6.5,0.7,15,22,57,9,20.0,0.3,5.0,1.0,8.0,65.0,24.0,33.0
17170,TR,VAN,LTCI,Van,38.45,43.3167,1667,2022,-3.5,-0.7,0.7,9.2,11.6,19.8,22.3,23.2,19.0,13.5,6.5,2.5,63,15,51,14,57.0,6.0,0.1,0.0,0.0,41.0,40.0,12.0
17170,TR,VAN,LTCI,Van,38.45,43.3167,1667,2023,-2.6,-2.9,6.1,8.6,12.6,18.5,22.2,23.3,18.3,11.7,7.3,2.8,37,20,44,51,60.0,5.0,0.0,7.0,18.0,87.0,53.0,41.0
17170,TR,VAN,LTCI,Van,38.45,43.3167,1667,2024,0.5,0.4,2.8,11.0,12.8,19.2,22.2,22.6,18.0,10.9,4.7,0.1,84,15,92,50,110.0,7.0,6.0,0.2,13.0,20.0,47.0,18.0
17170,TR,VAN,LTCI,Van,38.45,43.3167,1667,2025,-2.4,-2.9,4.2,9.3,14.6,19.3,23.0,23.6,18.1,12.4,6.6,1.2,14,14,15,55,27.0,0.2,0.6,0.4,15.0,54.0,1.0,65.0
17170,TR,VAN,LTCI,Van,38.45,43.3167,1667,2026,-2.5,2.5,2.0,6.9,,,,,,,,,35,56,57,83,,,,,,,,
17340,TR,MER,,Mersin,36.8167,34.6,3,1961,9.6,9.2,11.4,16.5,19.8,23.4,26.1,26.8,22.5,19.5,15.8,12.8,27.0,301.0,45.0,8.0,39.0,2.0,,0.0,7.0,61.0,46.0,334.0
17340,TR,MER,,Mersin,36.8167,34.6,3,1962,11.2,10.4,15.4,16.0,19.9,23.4,26.3,27.1,23.9,20.6,18.0,12.8,94.0,136.0,18.0,27.0,33.0,,,,0.0,51.0,1.0,247.0
17340,TR,MER,,Mersin,36.8167,34.6,3,1963,12.1,12.5,10.8,16.6,19.4,23.1,26.6,26.8,24.5,20.7,15.5,10.5,159.0,120.0,29.0,51.0,10.0,5.0,62.0,,20.0,10.0,23.0,43.0
17340,TR,MER,,Mersin,36.8167,34.6,3,1964,6.1,9.9,13.9,15.2,17.8,23.8,26.1,26.3,22.8,19.0,15.1,11.6,12.0,129.0,54.0,14.0,30.0,11.0,,2.0,12.0,,109.0,82.0
17340,TR,MER,,Mersin,36.8167,34.6,3,1965,9.6,9.8,13.9,15.7,19.3,23.9,26.2,26.4,23.7,17.9,14.0,11.6,172.0,184.0,40.0,49.0,19.0,1.0,,0.2,0.3,16.0,9.0,125.0
17340,TR,MER,,Mersin,36.8167,34.6,3,1966,11.0,12.7,13.2,16.8,18.9,23.1,26.0,27.9,24.0,21.4,18.5,11.7,239.0,47.0,55.0,14.0,2.0,4.0,4.0,0.1,10.0,0.4,108.0,184.0
17340,TR,MER,,Mersin,36.8167,34.6,3,1967,9.1,7.4,11.0,14.5,19.8,22.3,25.3,26.5,23.8,21.0,14.0,11.3,98.0,65.0,162.0,78.0,28.0,0.3,,,0.9,83.0,115.0,98.0
17340,TR,MER,,Mersin,36.8167,34.6,3,1968,8.0,9.5,11.9,16.9,21.6,23.7,26.3,25.3,23.3,20.7,15.8,12.1,176.0,53.0,42.0,3.0,3.0,1.0,0.0,19.0,19.0,16.0,285.0,422.0
17340,TR,MER,,Mersin,36.8167,34.6,3,1969,9.6,10.6,14.4,15.0,20.4,24.5,25.4,26.5,24.3,20.6,14.9,12.6,322.0,18.0,80.0,23.0,38.0,3.0,,2.0,11.0,34.0,39.0,133.0
17340,TR,MER,,Mersin,36.8167,34.6,3,1970,11.4,12.1,14.0,17.8,19.0,23.3,26.5,26.8,23.9,19.1,17.0,10.3,71.0,96.0,87.0,1.0,27.0,,50.0,,1.0,46.0,104.0,27.0
17340,TR,MER,,Mersin,36.8167,34.6,3,1971,12.3,10.0,13.7,15.0,20.0,22.6,26.1,26.6,24.7,19.0,15.3,10.1,34.0,64.0,22.0,110.0,0.7,2.0,0.1,16.0,,50.0,57.0,84.0
17340,TR,MER,,Mersin,36.8167,34.6,3,1972,7.7,7.9,12.6,17.8,19.2,23.1,25.8,26.3,24.8,20.9,14.8,10.0,33.0,92.0,38.0,54.0,34.0,46.0,19.0,0.0,2.0,45.0,22.0,
17340,TR,MER,,Mersin,36.8167,34.6,3,1973,8.9,11.9,12.1,15.6,19.9,22.4,25.6,26.3,24.7,21.2,13.6,11.3,28.0,28.0,22.0,13.0,0.9,12.0,40.0,,,9.0,57.0,70.0
17340,TR,MER,,Mersin,36.8167,34.6,3,1974,8.3,11.2,14.6,16.3,19.5,23.3,26.2,26.3,24.8,21.9,16.3,11.4,33.0,45.0,128.0,13.0,2.0,,,9.0,8.0,22.0,23.0,201.0
17340,TR,MER,,Mersin,36.8167,34.6,3,1975,9.8,10.0,13.3,18.6,19.6,23.3,26.7,26.6,24.6,20.8,14.9,10.1,126.0,89.0,30.0,108.0,22.0,3.0,0.0,,,0.0,92.0,99.0
17340,TR,MER,,Mersin,36.8167,34.6,3,1976,10.1,8.5,13.4,16.3,20.3,23.6,25.5,25.9,23.9,20.6,16.9,12.5,121.0,63.0,25.0,57.0,42.0,0.8,12.0,0.2,34.0,99.0,156.0,138.0
17340,TR,MER,,Mersin,36.8167,34.6,3,1977,8.6,13.0,12.8,16.5,20.3,24.1,26.8,27.2,25.2,19.2,17.0,10.7,83.0,34.0,59.0,88.0,0.3,0.3,1.0,0.0,0.9,16.0,7.0,170.0
17340,TR,MER,,Mersin,36.8167,34.6,3,1978,11.0,12.2,13.8,16.2,20.3,23.8,26.8,26.3,24.1,21.3,14.5,12.5,196.0,81.0,57.0,54.0,,5.0,,,,85.0,10.0,161.0
17340,TR,MER,,Mersin,36.8167,34.6,3,1979,11.0,13.0,14.3,17.5,20.5,24.8,26.7,27.0,25.6,22.1,18.5,12.0,67.0,53.0,49.0,22.0,11.0,14.0,,0.0,,78.0,167.0,132.0
17340,TR,MER,,Mersin,36.8167,34.6,3,1980,8.6,10.5,13.0,16.6,19.9,23.6,27.6,27.4,24.8,21.7,16.6,13.0,163.0,119.0,116.0,42.0,7.0,,,,0.4,27.0,62.0,72.0
17340,TR,MER,,Mersin,36.8167,34.6,3,1981,10.6,10.9,15.3,17.0,19.0,24.2,27.3,28.0,25.8,22.7,14.9,13.9,374.0,154.0,39.0,10.0,32.0,29.0,0.0,14.0,3.0,17.0,42.0,199.0
17340,TR,MER,,Mersin,36.8167,34.6,3,1982,11.4,9.5,12.2,17.9,20.6,23.9,26.5,27.1,25.7,21.4,14.7,10.9,,,,,,,,,,,,
17340,TR,MER,,Mersin,36.8167,34.6,3,1983,8.1,9.4,11.9,16.5,20.7,24.0,26.6,26.6,24.8,20.3,16.8,12.9,76.0,97.0,71.0,16.0,47.0,0.0,,,,5.0,113.0,112.0
17340,TR,MER,,Mersin,36.8167,34.6,3,1984,11.8,12.3,14.4,16.0,20.5,23.4,26.3,25.5,24.9,21.0,15.2,10.0,196.0,,16.0,71.0,0.4,4.0,1.0,8.0,,9.0,91.0,77.0
17340,TR,MER,,Mersin,36.8167,34.6,3,1985,11.2,8.0,12.7,17.5,21.5,24.3,26.3,28.0,25.7,19.3,17.5,12.2,149.0,121.0,71.0,55.0,38.0,0.7,,10.0,17.0,125.0,168.0,76.0
17340,TR,MER,,Mersin,36.8167,34.6,3,1986,11.4,12.5,14.8,19.0,19.5,24.0,27.3,28.2,26.2,21.9,14.8,11.9,137.0,102.0,13.0,2.0,58.0,6.0,,,0.9,12.0,52.0,128.0
17340,TR,MER,,Mersin,36.8167,34.6,3,1987,11.6,13.5,10.3,16.2,19.7,23.8,27.3,27.9,25.6,20.3,15.8,12.6,94.0,55.0,184.0,14.0,25.0,2.0,0.8,0.9,,27.0,55.0,131.0
17340,TR,MER,,Mersin,36.8167,34.6,3,1988,11.2,11.9,12.5,17.3,21.6,24.4,28.3,28.3,25.4,20.7,13.4,12.4,32.0,108.0,117.0,42.0,44.0,26.0,1.0,,0.0,106.0,91.0,148.0
17340,TR,MER,,Mersin,36.8167,34.6,3,1989,9.0,11.5,15.3,19.6,21.8,24.2,27.4,27.7,25.7,20.8,16.5,12.2,105.0,6.0,32.0,,0.5,9.0,0.0,,0.2,76.0,96.0,58.0
17340,TR,MER,,Mersin,36.8167,34.6,3,1990,9.5,10.7,14.3,17.2,20.6,23.9,27.6,27.2,25.2,22.6,18.4,13.8,44.0,135.0,68.0,11.0,12.0,2.0,45.0,0.3,,31.0,19.0,55.0
17340,TR,MER,,Mersin,36.8167,34.6,3,1991,10.8,10.6,14.9,18.4,20.6,24.8,27.5,28.2,25.8,22.4,16.7,10.1,65.0,83.0,24.0,64.0,5.0,0.0,2.0,3.0,4.0,44.0,60.0,424.0
17340,TR,MER,,Mersin,36.8167,34.6,3,1992,8.0,7.8,12.2,17.3,20.9,24.4,26.4,28.1,25.1,21.7,15.5,9.1,31.0,51.0,22.0,4.0,70.0,41.0,32.0,0.0,8.0,0.0,97.0,200.0
17340,TR,MER,,Mersin,36.8167,34.6,3,1993,9.7,9.8,13.1,17.4,20.3,25.3,28.1,28.7,25.5,23.4,14.2,13.8,42.0,58.0,65.0,20.0,68.0,14.0,0.0,0.0,0.0,10.0,35.0,67.0
17340,TR,MER,,Mersin,36.8167,34.6,3,1994,12.8,11.4,14.8,19.4,22.1,25.5,27.3,28.4,28.2,24.6,15.5,10.2,160.0,95.0,46.0,17.0,14.0,1.0,0.0,0.0,1.0,35.0,186.0,141.0
17340,TR,MER,,Mersin,36.8167,34.6,3,1995,11.6,12.9,14.7,17.1,22.3,26.1,27.8,28.6,26.4,21.0,12.7,11.8,112.0,135.0,43.0,36.0,19.0,1.0,24.0,0.0,41.0,56.0,203.0,73.0
17340,TR,MER,,Mersin,36.8167,34.6,3,1996,10.9,12.4,13.4,16.4,23.0,25.7,28.5,28.6,25.8,20.7,18.3,14.4,218.0,79.0,106.0,58.0,20.0,14.0,0.0,60.0,1.0,348.0,19.0,12.0
17340,TR,MER,,Mersin,36.8167,34.6,3,1997,12.3,10.4,15.8,15.8,22.4,25.5,28.3,27.3,24.8,21.2,17.1,12.7,39.0,55.0,63.0,63.0,15.0,6.0,22.0,10.0,14.0,165.0,157.0,106.0
17340,TR,MER,,Mersin,36.8167,34.6,3,1998,10.7,10.4,13.3,19.1,22.3,26.0,28.5,30.0,27.0,22.7,18.9,13.6,75.0,58.0,105.0,21.0,113.0,0.0,59.0,0.0,1.0,57.0,79.0,259.0
17340,TR,MER,,Mersin,36.8167,34.6,3,1999,12.9,12.5,14.9,18.1,23.1,26.0,28.8,29.2,26.5,23.3,17.2,14.4,77.0,81.0,21.0,39.0,0.0,34.0,0.0,1.0,0.0,19.0,1.0,71.0
17340,TR,MER,,Mersin,36.8167,34.6,3,2000,8.5,11.0,13.0,18.8,21.7,26.3,29.0,28.9,26.2,21.5,17.5,13.0,179.0,100.0,21.0,82.0,29.0,28.0,0.0,0.5,3.0,22.0,117.0,40.0
17340,TR,MER,,Mersin,36.8167,34.6,3,2001,12.9,12.7,17.4,19.3,22.1,26.1,28.7,29.5,27.0,22.8,15.5,11.7,23.0,62.0,19.0,32.0,8.0,0.0,0.5,22.0,1.0,31.0,117.0,677.0
17340,TR,MER,,Mersin,36.8167,34.6,3,2002,9.6,13.9,15.9,17.4,21.8,26.4,29.1,28.6,26.4,22.8,18.0,10.6,81.0,75.0,16.0,102.0,69.0,6.0,0.0,61.0,1.0,8.0,37.0,70.0
17340,TR,MER,,Mersin,36.8167,34.6,3,2003,13.1,9.8,13.0,17.7,23.9,26.0,29.3,29.5,26.3,22.8,17.1,13.1,40.0,116.0,95.0,46.0,2.0,16.0,10.0,0.0,4.0,5.0,36.0,90.0
17340,TR,MER,,Mersin,36.8167,34.6,3,2004,10.3,11.2,15.3,17.7,21.8,25.7,28.9,29.0,26.3,24.0,17.0,11.8,277.0,71.0,5.0,40.0,3.0,0.0,0.0,0.0,0.0,29.0,84.0,25.0
17340,TR,MER,,Mersin,36.8167,34.6,3,2005,11.9,11.6,15.2,18.6,21.7,25.4,28.8,29.4,26.5,20.8,15.2,13.4,54.0,65.0,17.0,56.0,14.0,6.0,0.0,0.0,2.0,23.0,86.0,59.0
17340,TR,MER,,Mersin,36.8167,34.6,3,2006,10.7,11.8,14.8,19.0,22.3,26.0,28.5,29.5,26.8,22.2,15.1,11.9,47.0,59.0,31.0,11.0,3.0,24.0,4.0,0.0,22.0,97.0,164.0,0.0
17340,TR,MER,,Mersin,36.8167,34.6,3,2007,11.0,12.8,15.2,17.6,23.2,26.3,29.2,29.6,27.2,24.1,17.5,12.0,9.0,105.0,75.0,7.0,81.0,1.0,7.0,1.0,0.0,2.0,124.0,165.0
17340,TR,MER,,Mersin,36.8167,34.6,3,2008,9.4,11.8,17.5,19.5,21.9,26.6,29.5,30.2,27.3,23.2,18.5,12.2,40.0,32.0,8.0,18.0,32.0,3.0,0.0,4.0,14.0,25.0,78.0,74.0
17340,TR,MER,,Mersin,36.8167,34.6,3,2009,11.1,12.1,13.9,18.0,22.0,27.0,29.0,29.6,26.1,24.2,16.6,13.7,172.0,135.0,99.0,13.0,28.0,0.0,2.0,0.0,12.0,23.0,126.0,227.0
17340,TR,MER,,Mersin,36.8167,34.6,3,2010,12.6,13.3,16.4,19.0,22.8,26.2,28.9,31.0,28.8,23.1,19.7,14.4,101.0,90.0,22.0,47.0,8.0,4.0,11.0,0.0,0.0,50.0,1.0,193.0
17340,TR,MER,,Mersin,36.8167,34.6,3,2011,12.0,12.4,14.4,17.7,21.6,25.8,29.0,30.1,27.9,21.9,14.4,11.7,79.0,60.0,79.0,51.0,37.0,34.0,0.0,9.0,33.0,37.0,49.0,114.0
17340,TR,MER,,Mersin,36.8167,34.6,3,2012,9.4,10.3,12.5,18.7,22.2,26.8,30.0,30.3,28.2,23.3,18.2,12.2,300.0,95.0,70.0,17.0,30.0,19.0,,0.0,0.0,113.0,98.0,290.0
17340,TR,MER,,Mersin,36.8167,34.6,3,2013,11.4,13.9,16.0,19.1,23.6,26.4,29.3,29.8,26.9,21.0,19.1,11.7,51.0,59.0,17.0,36.0,43.0,14.0,0.0,0.0,32.0,35.0,8.0,28.0
17340,TR,MER,,Mersin,36.8167,34.6,3,2014,13.1,13.6,16.5,19.2,22.0,25.6,28.9,29.5,26.9,22.2,16.4,14.7,111.0,16.0,146.0,13.0,74.0,4.0,0.0,21.0,64.0,33.0,185.0,106.0
17340,TR,MER,,Mersin,36.8167,34.6,3,2015,10.7,12.1,15.6,17.5,22.3,25.4,28.7,30.2,28.7,24.0,18.5,13.0,123.0,211.0,58.0,11.0,7.0,8.0,0.0,1.0,2.0,41.0,38.0,17.0
17340,TR,MER,,Mersin,36.8167,34.6,3,2016,9.9,14.9,16.8,20.3,21.7,26.9,29.6,30.0,26.7,23.5,17.2,10.1,127.0,85.0,80.0,3.0,18.0,12.0,0.0,7.0,34.0,0.0,30.0,371.0
17340,TR,MER,,Mersin,36.8167,34.6,3,2017,9.7,12.0,15.5,18.7,21.9,26.0,30.1,30.0,28.0,22.8,17.0,14.5,100.0,2.0,161.0,96.0,13.0,9.0,0.0,7.0,13.0,12.0,131.0,35.0
17340,TR,MER,,Mersin,36.8167,34.6,3,2018,11.9,14.8,17.6,20.2,24.7,26.7,29.2,30.0,28.4,23.6,18.1,13.1,234.0,55.0,15.0,21.0,57.0,16.0,0.5,0.5,2.0,37.0,33.0,170.0
17340,TR,MER,,Mersin,36.8167,34.6,3,2019,11.1,12.8,14.7,17.8,23.4,27.0,28.9,30.0,27.9,25.1,19.6,13.4,128.0,115.0,143.0,5.0,2.0,9.0,2.0,8.0,16.0,14.0,28.0,238.0
17340,TR,MER,,Mersin,36.8167,34.6,3,2020,11.0,11.6,16.1,18.5,23.1,25.2,29.6,30.1,29.6,25.9,18.3,14.9,220.0,133.0,56.0,8.0,17.0,11.0,0.0,2.0,0.0,0.0,36.0,81.0
17340,TR,MER,,Mersin,36.8167,34.6,3,2021,13.3,14.3,14.9,18.4,23.2,25.7,29.7,30.3,27.2,23.2,18.8,13.6,130.0,33.0,65.0,22.0,16.0,0.1,1.0,43.0,37.0,1.0,54.0,105.0
17340,TR,MER,,Mersin,36.8167,34.6,3,2022,10.2,12.9,11.7,19.6,22.4,26.4,29.3,29.9,27.8,24.1,18.9,15.5,219.0,93.0,35.0,0.2,11.0,23.0,0.0,0.2,1.0,39.0,71.0,40.0
17340,TR,MER,,Mersin,36.8167,34.6,3,2023,13.8,11.6,16.4,18.6,22.5,25.9,29.9,30.8,28.4,24.8,19.7,15.6,5.0,37.0,51.0,34.0,38.0,11.0,0.0,0.2,9.0,3.0,91.0,102.0
17340,TR,MER,,Mersin,36.8167,34.6,3,2024,13.6,14.7,16.6,21.3,22.8,29.2,30.9,30.7,27.8,23.3,17.6,13.5,73.0,46.0,27.0,14.0,35.0,0.5,21.0,3.0,38.0,0.0,78.0,173.0
17340,TR,MER,,Mersin,36.8167,34.6,3,2025,13.7,11.0,17.0,18.3,22.9,26.9,29.5,30.6,28.3,23.2,20.4,14.2,0.8,40.0,22.0,22.0,1.0,0.2,0.0,0.0,0.2,31.0,29.0,98.0
17340,TR,MER,,Mersin,36.8167,34.6,3,2026,10.6,14.4,14.5,18.6,,,,,,,,,166.0,172.0,231.0,37.0,,,,,,,,
