station_id,date,SPI3,SPEI3,SPI6,SPEI6,SPI9,SPEI9,SPI12,SPEI12,SSFI3,SGI3
17150,1950-01-01,,,,,,,,,,
17150,1950-02-01,,,,,,,,,,
17150,1950-03-01,-0.17118507687219875,-0.11364766169679219,,,,,,,0.27746093023259116,-2.4794668853016644
17150,1950-04-01,-1.1147696386625259,-1.2769301964088218,,,,,,,-0.4571507591674164,-2.4794668853016644
17150,1950-05-01,-0.209854538184563,-0.2853305210570469,,,,,,,-0.5977549303630905,-2.4794668853016644
17150,1950-06-01,0.1000472923278286,0.046618017077257615,-0.20807974635122675,-0.19381023313794085,,,,,-0.5584297774078512,-2.4794668853016644
17150,1950-07-01,0.28029092536479566,0.26031692090952674,-0.8063177851464968,-0.9613564546149974,,,,,0.020724591097083255,-2.4794668853016644
17150,1950-08-01,-0.34667052335308846,-0.3410335284492811,-0.4889735347918808,-0.6029007500687064,,,,,-0.017556036733408956,-2.4794668853016644
17150,1950-09-01,0.3120175680414103,-0.027331516991910058,-0.029240841497027163,-0.16362678353872454,-0.28409293420919685,-0.29578342475061103,,,-0.026619337733694827,-2.4794668853016644
17150,1950-10-01,-0.14733979930850652,0.02636014358256824,-0.047624164796410885,0.005090927955758998,-0.8731769124277227,-0.9769512463653478,,,-0.34776350459406485,-2.4794668853016644
17150,1950-11-01,-0.47217913706744263,-0.40963594713316537,-0.7406474984323029,-0.6830584978499288,-0.7392191020764645,-0.784832615878841,,,-0.37090706665792605,-2.4794668853016644
17150,1950-12-01,0.041241897082999024,0.1279673091880358,-0.12810968229874356,-0.0891061695543744,-0.11228438031730371,-0.1374033203376314,-0.23756293271428497,-0.20090751990504307,-0.27499603391417277,-2.4794668853016644
17150,1951-01-01,-0.015147686972098092,-0.08309256221010372,-0.1946546298108496,-0.21638918323905057,-0.10718454034781068,-0.12220661578242781,-0.6156207716808725,-0.775080092306285,-0.14096742876598234,-2.474739649219484
17150,1951-02-01,0.2812528954682091,0.21185978138882403,-0.05660685956697856,-0.1058275257771191,-0.25788940873783506,-0.3129105425312298,-0.2919698141257236,-0.3874866419620761,0.09348079377222966,-2.474739649219484
17150,1951-03-01,0.19176672262639313,0.029238690972475626,0.028181814174888603,-0.047533380912758966,-0.04671370428657529,-0.13962354370341543,-0.0427860884896483,-0.19496057018557544,0.1434603758245065,-2.05921460987167
17150,1951-04-01,-0.0088900351676206,-0.19955416801516213,-0.07966765156700097,-0.2517694141771847,-0.2147940432195287,-0.3563143113737488,-0.16731251429813065,-0.3012170071435227,0.1763614468094091,-2.05921460987167
17150,1951-05-01,0.23689550404380683,0.16100141966911272,0.294341453025102,0.16415082379871,0.020218012494273074,-0.08575038790739763,-0.14315733071978134,-0.2586635627972589,0.16316051118935238,-2.05921460987167
17150,1951-06-01,-0.3130177025892309,-0.37235560468415574,-0.06779303115617277,-0.26972710566251146,-0.15369496904741803,-0.26642081214181135,-0.1979073102913084,-0.3182527030733595,0.012473678940889386,-2.05921460987167
17150,1951-07-01,0.7089130877613269,0.7000398734083128,0.3008827283303244,0.15990941980724022,0.12294199955058428,0.02739564696277891,0.003386141891049107,-0.058628169159085766,0.24912859572354398,-2.05921460987167
17150,1951-08-01,0.07989272330956189,0.09988749633127487,0.1098181052592411,0.02298725963327862,0.21453019378644775,0.09007761698274289,-0.02293709112579331,-0.13461520465862717,0.11299936210781991,-2.05921460987167
17150,1951-09-01,0.4294266551412651,0.14232957813652333,-0.2517456052784611,-0.40018108326859586,-0.09449557938358097,-0.3150648798201721,-0.1663755943259322,-0.2968039902527217,0.4400466607198931,-2.05921460987167
17150,1951-10-01,0.15516587397660042,0.27980399415703766,0.4510450024638232,0.5085857358333526,0.22690564254445642,0.1493092050177957,0.10919590686454884,0.019598906984400033,0.11523405089769904,-2.05921460987167
17150,1951-11-01,-0.5102318966365035,-0.5544187034570393,-0.5531017314382896,-0.587050497114086,-0.3043714429055663,-0.40813991031224117,0.0037552740703161885,-0.17232092577057814,-0.16968815972224088,-2.05921460987167
17150,1951-12-01,-0.4215956172177565,-0.370239323560786,-0.4704117259825733,-0.4740934628352577,-0.6406707398315489,-0.6944792988621249,-0.3326722459244813,-0.5238887550645965,-0.42422082684086826,-2.05921460987167
17150,1952-01-01,-0.10944993243857525,-0.18172301828866336,-0.13118408831293996,-0.16278449515699453,0.1473464076465534,0.1418735401515211,0.17629350951833522,0.0973959470629291,-0.38396960320605433,-2.053748910631823
17150,1952-02-01,1.5162389219970893,1.5527559575207326,1.0042177042780596,1.0709081078173532,0.9118845329226223,0.9925345495881985,0.8372752831514966,0.8230814160690544,0.46814073229642067,-2.053748910631823
17150,1952-03-01,1.3020595115867193,1.3427087163261215,0.7813694711392114,0.8659456009256723,0.7170609000946755,0.7963983163519852,0.5407432913432948,0.5288408085818439,1.0733359461417544,-1.8398553707779415
17150,1952-04-01,0.6821721842964487,0.7231575030662721,0.29275539109608595,0.29249248832217434,0.2415612406957008,0.24904372729529248,0.414096928723066,0.4136162559805938,1.3441394923567744,-1.8398553707779415
17150,1952-05-01,-1.340189272333519,-1.4574945051285493,0.6961005394230219,0.7925791110724488,0.37350845375910185,0.4537564219697996,0.29487583014053964,0.3673659818272478,0.6782903658528472,-1.8398553707779415
17150,1952-06-01,-0.8341794928971893,-0.7240328498298029,0.8750332740522702,0.9848764549969146,0.4326076235982304,0.556783893903194,0.39962061570671836,0.49964832126616365,-0.3138917117996234,-1.8398553707779415
17150,1952-07-01,0.33712575197799866,0.5260328175130498,0.6802237787969854,0.7961935973624723,0.33358094341971967,0.4468765661657971,0.30237954398472894,0.4197346493317889,-0.8647384970945979,-1.8398553707779415
17150,1952-08-01,0.1828923359512129,0.27561954903851144,-1.1479608038775289,-1.172446197049732,0.6378087788205923,0.7804356734400987,0.3488482046997706,0.4514608520909864,-0.24177339152511534,-1.8398553707779415
17150,1952-09-01,0.3798128370986399,-0.1481468189417811,-0.6921541850254384,-0.8096405572568348,0.7852631634708194,0.8722638990068499,0.3720593389710623,0.44098451952971596,0.2490498021349757,-1.8398553707779415
17150,1952-10-01,1.1805269660430282,1.018243145962792,1.0659469577567677,1.0722461013186124,1.0850188475611549,1.1114143662736495,0.7361332987582959,0.7771396679787781,0.8171250683930784,-1.8398553707779415
17150,1952-11-01,1.8157058641954529,1.5847119974869286,1.593160461097108,1.4460645842430866,0.5680880221238008,0.5975547943525292,1.3071238039895883,1.3231930260345948,1.3788770628208997,-1.8398553707779415
17150,1952-12-01,1.1198091169232645,1.0005748649649415,1.000723906077981,0.8072451184480027,0.4953649891127506,0.3271459380893147,1.1928031279558398,1.1261341189893215,1.5450402705245705,-1.8398553707779415
17150,1953-01-01,0.47317235328614016,0.28618022144748134,1.0176326923522732,0.7842430277159526,1.0324813725227058,0.8856675649445854,1.0899759479097062,0.9710049402945069,1.239612972635021,-1.8339146358159146
17150,1953-02-01,0.32488732793101927,0.19861820671864264,1.2603842859739607,1.091342864602301,1.2021994456823728,1.05512077370038,0.598968322578359,0.4761557568639935,0.6891631394059023,-1.8339146358159146
17150,1953-03-01,0.6254339519152071,0.696819699861161,1.0852215789390323,1.0518867278337118,0.9906683677648515,0.9279276342937482,0.67153202533331,0.5706615151704657,0.5129741614225105,-1.6843954831101975
17150,1953-04-01,0.1746943969781619,0.2822659295873667,0.38036195708856163,0.3196748596816985,0.8042381199455302,0.7118852413765223,0.8315967279685746,0.7681357658670978,0.44902481830384844,-1.6843954831101975
17150,1953-05-01,-0.4429057033425313,-0.262212129253538,0.004099470203904243,-0.052455161790947384,0.8398575285509895,0.8039284556424553,0.7848162636453326,0.7506521208454229,0.26902357305527735,-1.6843954831101975
17150,1953-06-01,0.8939134724462817,0.9491170005796152,0.8828506815049232,1.027006114771043,1.288453479963957,1.2854024637423045,1.1819929370877333,1.136857239459542,0.2794684542011495,-1.6843954831101975
17150,1953-07-01,1.473150966016714,1.4502617233890955,0.877749401989602,1.0188464284883205,0.8475072324016384,0.9028387550757815,1.1922980034073773,1.1430768771036797,0.7497142064653075,-1.6843954831101975
17150,1953-08-01,1.5177454234642695,1.3972417184821568,0.4937618586821264,0.7198652334695838,0.4709118689319879,0.5131888438382335,1.1800968898988562,1.1637754368772346,1.4690892135920306,-1.6843954831101975
17150,1953-09-01,0.49003168623052556,0.3826242460061939,0.7492152270593276,0.8129269949483335,0.8380373999919152,1.0384482269664954,1.2282781455008314,1.2640332865039627,1.3492535635423382,-1.6843954831101975
17150,1953-10-01,0.5412239062725448,0.6624112375433664,1.2035675362087106,1.2852808633292718,0.8829599576668542,1.0445279982974904,0.8795060391573186,0.9363128015101668,0.9843498021506669,-1.6843954831101975
17150,1953-11-01,-0.6855714752250011,-0.5669117811094697,0.36333141237402583,0.5347050937990141,-0.08675870330149668,0.19310292003021717,0.1780232191357062,0.22985370424239665,-0.0028244211748178405,-1.6843954831101975
17150,1953-12-01,-1.1913972803604138,-0.9945736140842042,-1.0348061194594211,-0.8586127162815097,-0.302360512213128,-0.09303060923889844,0.2368242041204601,0.4303333095703436,-0.6503801221148864,-1.6843954831101975
17150,1954-01-01,-1.1103166593627847,-0.9581629945266208,-0.7653070860117578,-0.5569129759844827,0.006010333906758123,0.2781290460262597,0.16447863775505353,0.4242638245601131,-1.2570904446278302,-1.678070518220909
17150,1954-02-01,-0.11662407190445483,0.18266401542857744,-0.5001977918037583,-0.21484558421882935,0.03405610305001797,0.3727951896364996,-0.1273931925009033,0.2131527856551292,-0.8783894650338799,-1.678070518220909
17150,1954-03-01,0.23286318901795314,0.3712250689183195,-0.563802720233546,-0.37858072074671606,-0.5264526532140614,-0.3403213924345243,-0.1377300704490991,0.06781213381814187,-0.379858387409307,-1.5614354093618503
17150,1954-04-01,0.22909887458247707,0.3944848512552653,-0.7117760301331727,-0.5260905915723737,-0.49829095637538007,-0.2691230908213502,0.04927327490130158,0.32804314145094315,0.11145017390709032,-1.5614354093618503
17150,1954-05-01,-0.06484327945977714,0.023082776099558732,-0.16743060061618956,0.07202287416237266,-0.4831046974920704,-0.24119411982416802,-0.03709155412496639,0.252683497131914,0.17932914345496004,-1.5614354093618503
17150,1954-06-01,-0.13136250324116447,-0.10279262308648972,0.0484855166858708,0.18274305050099351,-0.6492592057822242,-0.4822945355415081,-0.5946534620366296,-0.41126279587671694,0.06274414127147793,-1.5614354093618503
17150,1954-07-01,-0.3012370092727866,-0.5795143190497428,-0.006005911553072069,-0.03019066750836054,-0.8285212631616642,-0.7401420025002907,-0.612014245295562,-0.44841226732435613,-0.21983786950293377,-1.5614354093618503
17150,1954-08-01,-0.6991364180510605,-1.2814973253831914,-0.48374716623660646,-0.6960923587404007,-0.4176955276669005,-0.32645997757981,-0.6916622941882423,-0.5849981652339594,-0.47611341773880644,-1.5614354093618503
17150,1954-09-01,0.13629471124263567,-0.6645670781131983,-0.3555953071454961,-0.5620398732815802,-0.11027302894010907,-0.08150454480089778,-0.7484592942947924,-0.6837155692984771,-0.652554693659282,-1.5614354093618503
17150,1954-10-01,-1.0542571967528542,-1.6138313964346636,-1.0766033381743376,-1.5340795581049644,-0.4913631690097735,-0.6687461934233349,-1.1580603974201942,-1.1734362141322516,-1.2334285366598616,-1.5614354093618503
17150,1954-11-01,-0.7254932132995291,-0.9242473010573535,-1.167778497123901,-1.5850270175120071,-0.9037742122959815,-1.2281238914427943,-0.7264832033764268,-0.7761478870486275,-1.0200526094446596,-1.5614354093618503
17150,1954-12-01,-0.07059613475651033,-0.14850383568239617,-0.3395875436440979,-0.5759143363836965,-0.42294036723149653,-0.6341910397790956,-0.15168081125415656,-0.19001826314890571,-0.6727424694521615,-1.5614354093618503
17150,1955-01-01,0.11267677941897829,-0.0076654332569897,-0.3749744135818392,-0.640290243372847,-0.5273500886079094,-0.9043166022974038,-0.21377487794128178,-0.42934404734200415,-0.19881166410366138,-1.5547735945968535
17150,1955-02-01,0.34657352481292975,0.19596403423036618,-0.12206358986624438,-0.3967841419852441,-0.3935728565022451,-0.7992698568265182,-0.34802139424179956,-0.7013747789458156,0.13381140521574555,-1.5547735945968535
17150,1955-03-01,0.054155433805718425,-0.2560615921178744,-0.1499775885199692,-0.4393467996554752,-0.2801165437174893,-0.6623159061757626,-0.34911409200898696,-0.7173693551667729,0.16016998509774424,-1.4583763270590426
17150,1955-04-01,0.4757945763449149,0.4210505844605852,0.3087785553760904,0.197929936441249,-0.06112417361068006,-0.3159397288447131,-0.19626193843273168,-0.5444065166464214,0.30679461578054784,-1.4583763270590426
17150,1955-05-01,-0.3629437384521957,-0.3509412123865023,0.05680433490798953,-0.09556078694792984,-0.2960641415895008,-0.5606531770158166,-0.5169105768224045,-0.8872626679960802,0.10296938945587572,-1.4583763270590426
17150,1955-06-01,-0.5083971373208486,-0.3830813040940751,-0.28023897278155857,-0.5407352786951494,-0.3915477883414145,-0.6515830258423044,-0.48797949722480155,-0.831434077926666,-0.03149598540140472,-1.4583763270590426
17150,1955-07-01,-1.8614667632525548,-1.6436248265947797,-0.29040605838043865,-0.5072299285250265,-0.1722288762102221,-0.37719650619191275,-0.5067292587680798,-0.8394191222765066,-1.033145241842074,-1.4583763270590426
17150,1955-08-01,-0.4303855830053856,-0.37479417401086085,-0.6689003047818132,-0.6773421492617627,-0.14000961233494713,-0.305641804243771,-0.4502063721092965,-0.7356418691175969,-1.1414219032878576,-1.4583763270590426
17150,1955-09-01,-0.08884852291902097,-0.6750782317074789,-0.8438376174432477,-0.7943552720978327,-0.5087215543887695,-0.815233269626777,-0.5639220796126619,-0.8485828092578114,-1.6657278482575424,-1.4583763270590426
17150,1955-10-01,0.06398695972458299,0.048398083854018115,-1.1801181184065104,-1.3716085015865467,-0.31339246705541957,-0.5558061450503758,-0.19209820730658375,-0.4415146996992641,-0.4849243125542389,-1.4583763270590426
17150,1955-11-01,2.7937639957659246,2.333649534665283,2.278406179529226,2.009735705221573,1.5293901026991212,1.5813884800924796,1.255431309603772,1.2420829623341043,1.3515772019966192,-1.4583763270590426
17150,1955-12-01,2.028187019871928,1.7906295471284421,1.8239301674909458,1.697392149540376,1.3473552613813915,1.302207790306116,0.9733229609736614,0.9333381370786895,1.9970492867651277,-1.4583763270590426
17150,1956-01-01,1.7095888001064472,1.7019954410724432,1.4235140766824212,1.3622413457148017,0.8809501397371401,0.851136378940165,0.9077852617557073,0.8469480205137698,2.3536112347254745,-1.451406622807292
17150,1956-02-01,-0.1999773987555219,-0.26039085184480454,1.5625749731118055,1.5027389377623135,1.3824456629454258,1.3637052327085868,0.986829035001583,0.9798447876196943,1.3530832454336803,-1.451406622807292
17150,1956-03-01,0.4304626083145207,0.524385341060348,1.6498223365012272,1.6460079376441368,1.4197061369620818,1.475379901212933,1.1476109207273109,1.1884750243664604,0.7168393931469272,-1.368829326221626
17150,1956-04-01,0.5131287172007378,0.6869686880631292,1.4471786210920965,1.5717767150130482,1.27837063931326,1.3607280383066633,0.8772988443725287,0.9278824393344937,0.2713394592975857,-1.368829326221626
17150,1956-05-01,-0.209854538184563,-0.05736941284921227,-0.3082283931115018,-0.31290239655683777,1.1651324036357957,1.2443493451326642,1.0070920725438157,1.0854138905142368,0.3555810041890487,-1.368829326221626
17150,1956-06-01,-0.8341794928971893,-0.8151702042445563,-0.028642885777200172,0.04157023793255194,1.3010354659342096,1.3825272075375192,1.0822363454959245,1.1699467548720173,-0.03890518426688791,-1.368829326221626
17150,1956-07-01,-0.3294486139634364,-0.3085800731195871,0.24399982043952193,0.37928816737265864,1.2562121025594468,1.42801454767662,1.1165921356981867,1.2203668371298697,-0.6034917163735036,-1.368829326221626
17150,1956-08-01,0.14158608611303578,0.13929801845737258,-0.25448285750015825,-0.1476621321946487,-0.3556030890497498,-0.3693664613458774,1.111217461873797,1.211904716963914,-0.5633680665655968,-1.368829326221626
17150,1956-09-01,0.0680177112079533,-0.4350538766694121,-1.0045283311728286,-1.013566864212479,-0.21004575076975074,-0.17292453658981122,1.12100969149795,1.2410596279158557,-0.33334643137217856,-1.368829326221626
17150,1956-10-01,-1.3090624532453492,-1.2860162004541933,-1.2313204268896043,-1.1843350333999005,-0.2998277760618361,-0.20299041296247594,0.8341180571956446,0.9955053636677492,-0.8907317026120715,-1.368829326221626
17150,1956-11-01,-1.1976241916390806,-1.163135936297642,-1.1810875473967646,-1.1548635728635688,-1.0190258600174704,-0.9768826189801573,-0.8883657250778676,-0.9502642248040334,-1.5178530698350587,-1.368829326221626
17150,1956-12-01,-1.4108361135890746,-1.3753723129362039,-1.5496463971215746,-1.5066045328893851,-2.0311229762445002,-1.861529023920113,-0.947885982713265,-0.9304802407679068,-1.6646946474479836,-1.368829326221626
17150,1957-01-01,-1.1648434473839662,-1.2203924919038243,-1.6863905165264625,-1.66870268972631,-1.9653354640845275,-1.830480539268092,-1.2427698903491833,-1.1336243177778063,-1.5503017696584869,-1.2815515655446004
17150,1957-02-01,-1.5165758254995674,-1.6598241670540759,-1.9439529645608147,-1.991048427760605,-1.8537370895877223,-1.9193610158287,-2.0842818202563196,-2.0702499197184303,-1.5841617259950445,-1.2815515655446004
17150,1957-03-01,-1.4574205982814692,-1.5538724211402175,-2.0105819344467086,-1.9889988037517057,-2.078817871840132,-2.0965923817205105,-2.600066837294171,-2.2648415931577075,-1.6110533656531936,-1.216789777201825
17150,1957-04-01,-2.0785374589784387,-2.0097637926819996,-2.0103989858165088,-2.052788080211004,-2.4781355481903127,-2.39984545947698,-2.687977155960814,-2.4083002774437356,-2.030142174493451,-1.2890853356658603
17150,1957-05-01,-1.340189272333519,-1.3386337300900075,-2.0605073433939123,-2.048103342879898,-2.375680047147481,-2.345904676881998,-2.22589111863903,-2.2245268265990217,-2.169840619400663,-1.2890853356658603
17150,1957-06-01,-0.36047302233906,-0.2673304052818906,-1.5189403976544837,-1.605577740978248,-2.09178492424019,-2.0845803897683517,-2.2276999198512795,-2.2541629892224626,-1.7558012181129725,-1.2890853356658603
17150,1957-07-01,0.09822619623819168,0.13669855074693862,-1.6280797916066667,-1.5846056844960437,-1.8815431486873515,-1.9443859661558973,-2.4960588516620748,-2.470697466616782,-0.7715293418243934,-1.2890853356658603
17150,1957-08-01,0.2640577829064778,0.22096872875529786,-1.0863639520412205,-1.1238433943310735,-1.9108047868539755,-1.9453512450638681,-2.4068633898469174,-2.3530866411128697,-0.12728899410468064,-1.2890853356658603
17150,1957-09-01,0.27339007063692,-0.198304324080098,-0.43341646119179456,-0.49586453357443944,-1.5239062383255724,-1.7133630127872657,-2.0589863884805157,-2.1086773335733247,0.09065349752220346,-1.2890853356658603
17150,1957-10-01,-0.5307084298593654,-0.8735855738326981,-0.4315917241526408,-0.6289934101211055,-1.8846162150645989,-1.9849787402258272,-2.200058597615261,-2.2395506296574896,-0.3111726265126196,-1.2890853356658603
17150,1957-11-01,-0.4532716493201299,-0.6588510604388448,-0.3897450253383757,-0.6113629838906327,-1.136528738051,-1.341178529933454,-2.47279860736955,-2.442992109810143,-0.5529440088309328,-1.2890853356658603
17150,1957-12-01,-0.6443870281183629,-0.8223688897883623,-0.7806340580588121,-0.9963696169595856,-0.9525427427934571,-1.0950571400838083,-2.2345996765722353,-2.301857511840362,-0.7468642792143746,-1.2890853356658603
17150,1958-01-01,-0.13320663564678814,-0.19021507204927193,-0.4569199823661104,-0.6456409729240978,-0.4405497309555902,-0.5904539619023061,-1.7207208335414461,-2.162448090280345,-0.45812762875496643,-1.3615709340755844
17150,1958-02-01,-0.8124393118685272,-1.053632557908258,-0.9471845131034959,-1.2477691270283384,-0.9313559926051747,-1.2184856178469028,-1.5101133440827406,-1.8414961476742187,-0.6101838880863882,-1.3615709340755844
17150,1958-03-01,0.3134256391027942,0.20871672063866448,-0.24584758874489696,-0.4372455081812336,-0.3228834042479189,-0.5596933498130588,-0.4721647833887835,-0.6856593332574049,-0.24089747272579953,-1.2890853356658603
17150,1958-04-01,0.3998609258271708,0.3313868786680455,0.08876032437051704,0.0050409486510885025,-0.16750309635797436,-0.37925223625071064,-0.18154127983813037,-0.3674036558153705,-0.0518170836066166,-1.216789777201825
17150,1958-05-01,0.8963360144341014,0.9631081201381552,-0.08527488536514824,-0.21633757833962947,-0.3120370324603315,-0.5447580598942554,-0.33073183494733926,-0.5526621733585466,0.5981960633176235,-1.216789777201825
17150,1958-06-01,-0.2206303464582509,-0.26218511921371146,0.08648380033784861,-0.047413780300095486,-0.3831693394363316,-0.6030210066304245,-0.4322022206975595,-0.6854079521543943,0.5295505112989766,-1.216789777201825
17150,1958-07-01,-0.8838260015409383,-1.0042157688210611,-0.07601755915762519,-0.2941853190229348,-0.20994440744245468,-0.36691543290732515,-0.4322357996199169,-0.6997836386570386,0.1534727579825416,-1.216789777201825
17150,1958-08-01,-0.4132664902917935,-0.40909325850552686,0.5448509682619277,0.6057731102490637,-0.27896342618963493,-0.4358020657072439,-0.4633014606596534,-0.7276114561681348,-0.6766197180290249,-1.216789777201825
17150,1958-09-01,0.41828399144937217,0.32173307737010415,-0.19172699616423705,-0.21578992841295197,0.045759074447517166,-0.034069019421436406,-0.38794140651221837,-0.5669676034238526,-0.6411629103488425,-1.216789777201825
17150,1958-10-01,0.8107759799344024,0.918273744360261,0.14571706246102342,0.19776831295558758,0.30492744379542114,0.284701890665985,0.0979791028049324,0.059339006299293964,0.41346480170074834,-1.216789777201825
17150,1958-11-01,0.1645076791638203,0.25898949015417244,-0.13474304036460627,-0.05644483569326173,0.4422095046824468,0.5848534287522683,-0.1507456174839489,-0.2501109881454691,0.5250291051421297,-1.216789777201825
17150,1958-12-01,0.33973334573048997,0.3575421200963629,0.22871426912855888,0.27735492624961505,0.03383375389892325,0.021058688137462072,0.21564391384863665,0.15225619523250408,0.48478039053408634,-1.216789777201825
17150,1959-01-01,0.5499136343260685,0.5461557048353168,0.8226824363019402,0.8782050344180863,0.48120979428510496,0.49027773521360624,0.611116870724242,0.5863167073424095,0.43728441351728137,-1.2089900535709217
17150,1959-02-01,0.2921945485094998,0.3744216130368206,0.27844773887490804,0.38340377171123136,0.060838949305353586,0.16206115346982902,0.495713195389571,0.5589396806458159,0.4142095390510074,-1.2089900535709217
17150,1959-03-01,-0.033858085755356294,-0.009916236109185367,0.04483244552692357,0.07822722387636709,0.01183564224177368,0.07680293623671412,-0.09969541928556032,-0.10966432863953228,0.2672935582794453,-1.1503493803760079
17150,1959-04-01,-1.7942896446813252,-1.6333386984463731,-0.4320777800620303,-0.5217390003581229,-0.10287370641371764,-0.06396664817321067,-0.38752671235933583,-0.42997051569879613,-0.37208517310710054,-1.1503493803760079
17150,1959-05-01,-0.9593352424155094,-0.997183339279435,-0.2325142944499089,-0.2207887770128844,-0.16240843025811713,-0.1023695863059285,-0.33671216967462114,-0.28916168548083904,-0.982430208589047,-1.1503493803760079
17150,1959-06-01,-0.2206303464582509,-0.0931655563308421,-0.23883389349296225,-0.17195297510430646,-0.1057511452282685,-0.03791695500226881,-0.11134950906020995,-0.010528037308828227,-1.3765095523956015,-1.1503493803760079
17150,1959-07-01,1.016009858890673,1.092281952820986,-0.6646423678640224,-0.5938669711962952,-0.06689302255937118,-0.011862459214563111,0.22144740202298455,0.37945475844162163,-0.1061005892464845,-1.1503493803760079
17150,1959-08-01,1.2732030521533797,1.25373817937361,-0.021902517050351747,0.11020495144242737,0.14902881723922162,0.26502518572707806,0.17957839617455537,0.3190911884700621,0.751039591745317,-1.1503493803760079
17150,1959-09-01,0.6309450894869056,0.7151006977850801,0.01960033495393563,0.15983096356584925,-0.1410739005083504,0.011772909392537159,-0.031333946303848774,0.09964449316785053,1.1367210803169718,-1.1503493803760079
17150,1959-10-01,-0.3792349003110148,-0.03954397715340619,0.35591457341474925,0.6080060840429145,-0.8731769124277227,-0.6812685328403236,-0.23376458005780423,-0.1395415969423104,0.5659775559844774,-1.1503493803760079
17150,1959-11-01,-0.6855714752250011,-0.5087142465016907,0.15422664322215,0.4093820605488671,-0.5163891273066561,-0.30562031180791976,-0.1297675928536645,0.01733329630985059,-0.39444001306891074,-1.1503493803760079
17150,1959-12-01,0.3025259876431409,0.379395292914345,0.34283881207775285,0.4845420107939242,0.13500531625632264,0.28016984861032973,0.04326983926611669,0.2003253588909521,-0.27499603391417277,-1.1503493803760079
17150,1960-01-01,0.6259362782630328,0.6201498493756467,0.29545207221813485,0.36835202333001565,0.668633964130806,0.7841423576698725,-0.07087098491513569,0.05310676671798538,0.21983040707718077,-1.1422903927149717
17150,1960-02-01,1.0950287895415804,1.1134028894415609,0.554724031946861,0.6528453340182989,0.8875593829435264,1.0076345953927794,0.4335614395200297,0.5406163963985109,0.7475639095069243,-1.1422903927149717
17150,1960-03-01,0.5891916334663416,0.5974859365508471,0.5138384048416353,0.557778407435504,0.5481460717420664,0.6523698675105776,0.4086363667092405,0.47183504725586883,0.8336836046141312,-1.0886329293768875
17150,1960-04-01,0.020068097864402702,0.033312774979456845,0.4040367261655232,0.4227574693557482,0.17442633052757173,0.24551529751464918,0.4625943695823552,0.570213358507458,0.6962881984195862,-1.0886329293768875
17150,1960-05-01,0.2999872557242404,0.45921866837858283,0.9382302397537959,0.9947124157629009,0.5380586479937324,0.673745690184713,0.8016649429277501,0.9397474906949477,0.40510592444796356,-1.0886329293768875
17150,1960-06-01,1.4148504824859554,1.3885487632975893,1.1260784688070706,1.2536728289217443,1.0117489499765555,1.1352482597633695,1.013223038771339,1.1489387009424572,0.6744066468504106,-1.0886329293768875
17150,1960-07-01,1.777895900973823,1.7389929099498553,0.9586835501620314,1.0964842271135267,1.0023836341187646,1.1481705202420358,0.7706959811296613,0.9486024686450653,1.3206478716023162,-1.0886329293768875
17150,1960-08-01,1.1073239269929747,1.1647703446095212,0.7243757826590087,0.9512632231231002,1.1531267136037942,1.275186323445806,0.763973566443688,0.9508147734310252,1.6678090242934327,-1.0886329293768875
17150,1960-09-01,0.29100388875950195,0.13528998725626493,1.058146024129622,1.1667430560662884,0.9974337347820599,1.208383629600812,0.8987124056930748,1.071343021861507,1.258941246140213,-1.0886329293768875
17150,1960-10-01,-0.14733979930850652,-0.18229279425676811,1.029181808556761,1.1075193227947728,0.6654072216224076,0.7721290032544058,0.8001348757845176,0.8876761617877205,0.3728767618716386,-1.0886329293768875
17150,1960-11-01,-0.35988960208686344,-0.5877586706789791,0.27197108471371345,0.25126045814966474,0.28857450359949827,0.4054991992399134,0.8988487230117995,0.9468737880899514,-0.31313924649478175,-1.0886329293768875
17150,1960-12-01,0.5190486050163462,0.3409885734725886,0.331090135176597,0.1845497576835643,1.0147897985686656,0.9660192704184061,1.0419826906488934,1.0474958522207487,0.04471333094063221,-1.0886329293768875
17150,1961-01-01,0.30622124557959857,0.16818629602743837,0.09598849053061406,-0.0903973573426031,0.8850231780758824,0.8421632091037664,0.7249100419627846,0.7111177852232828,0.2509526329289992,-1.0803193408149558
17150,1961-02-01,0.43246593185813464,0.44406107846252635,0.12670886251489177,-0.0011257359811667276,0.40492969140559754,0.39194843852161615,0.47994663284713257,0.48989583213355475,0.4391850889098607,-1.0803193408149558
17150,1961-03-01,-0.7593272019233827,-0.8995077150314965,-0.3167390553407764,-0.5703357478737491,-0.38343427382817935,-0.6001362961445413,0.24478639217518175,0.17866657245142542,-0.009801628093816826,-1.0308064799022894
17150,1961-04-01,-0.6756662532504207,-0.8300607005575764,-0.19182690790857418,-0.4132026610396979,-0.3209438221224475,-0.5836545282128692,0.3440324801040633,0.2619041321203825,-0.3450918357094148,-1.0308064799022894
17150,1961-05-01,-1.0617013515210496,-1.3268931012006082,-0.1490283318563415,-0.2880306806207801,-0.328063887451091,-0.5745834105639741,-0.06919478539444425,-0.18217787715459074,-1.0826658889243481,-1.0308064799022894
17150,1961-06-01,0.3512732422957754,0.3484369218866356,-0.5502346111694116,-0.6972126018940856,-0.2182774686185831,-0.45628969335278485,-0.2673822075751782,-0.45893660410480164,-0.5953664336911105,-1.0308064799022894
17150,1961-07-01,0.21065528061194877,0.2404778126056253,-0.5150488410317685,-0.6280810367400691,-0.1640609111991288,-0.32587306919494863,-0.27304351609163174,-0.46898455564599734,-0.24903800313610006,-1.0308064799022894
17150,1961-08-01,0.5731184990386557,0.6489643714797609,-0.6503824682215811,-0.7695203000985301,-0.06173112639525228,-0.14348001815120473,-0.22739246601471064,-0.4289106918965785,0.3679370944433203,-1.0308064799022894
17150,1961-09-01,-0.07229328087348644,-0.3376388813433124,-0.06229295237844451,-0.03656126833769652,-0.7691509814917799,-0.8817228319409492,-0.3911047161467728,-0.5939204820531592,0.13403090166159515,-1.0308064799022894
17150,1961-10-01,-0.5269138735360825,-0.3615273629800793,-0.34100397226110085,-0.26922874223484605,-0.8037645591822042,-0.8675855569139179,-0.3653990446026851,-0.5317636987920159,-0.3313096164600481,-1.0308064799022894
17150,1961-11-01,-0.9098001375352329,-1.021499844422949,-0.589769912676,-0.6349037370304623,-1.1530554191278979,-1.3532318742015685,-0.4352619892400949,-0.6388931953897041,-1.06033864514404,-1.0308064799022894
17150,1961-12-01,-0.8708376170941499,-1.187741318279688,-1.1947530318725317,-1.3329226788548652,-0.8282818100002508,-0.9823803568156245,-1.3386071043738355,-1.5639834103731347,-1.072819265847945,-1.0308064799022894
17150,1962-01-01,-0.8176397944896964,-1.1163917329087363,-1.1025946508380284,-1.3111133375570712,-1.0284989784745002,-1.1986812000605367,-1.531822904709907,-1.9481759765711244,-1.0639263817412081,-1.022241387477896
17150,1962-02-01,-0.16408831087439912,-0.23118772304006321,-0.6522498826505475,-0.8086601772001346,-0.5464464303068148,-0.634682357960908,-0.9372002075194383,-1.1437581965134433,-0.695982633183227,-1.022241387477896
17150,1962-03-01,0.5891916334663416,0.5847524725195776,-0.0984395352026055,-0.26855700314497527,-0.2909391767964481,-0.42813786949013716,-0.1711766021909838,-0.32353482052801874,-0.12830072267752746,-0.9762363202907715
17150,1962-04-01,0.8434440640031586,0.9157806760543312,-0.06260419667085067,-0.22188452565252997,-0.312699672643238,-0.4634733195170691,-0.28575176519737866,-0.4077737597153409,0.47839573250149797,-0.9762363202907715
17150,1962-05-01,0.31555872086525544,0.3391138001728771,0.004099470203904243,-0.06964364550947084,-0.4171979066070599,-0.5825525697458496,-0.3397864270143201,-0.43994453413281365,0.7087231739562072,-0.9762363202907715
17150,1962-06-01,-0.7766687933511293,-0.7420683573560203,0.1521089415299807,0.13324018399578547,-0.42519340650352083,-0.6131269406834318,-0.5811248873973249,-0.7267817942356761,0.37429109810675437,-0.9762363202907715
17150,1962-07-01,-0.8627487887402919,-0.835946613184837,0.3679241741289964,0.3920346212680825,-0.35479038870285623,-0.5342717260582989,-0.5767858586459617,-0.7312753700976684,-0.4310874592808771,-0.9762363202907715
17150,1962-08-01,-0.1596458857478904,-0.13113676013617911,0.07925416079141376,0.07350868724162768,-0.13230781109465695,-0.2134768792522897,-0.517105386077901,-0.6967551871990676,-0.8685508599692376,-0.9762363202907715
17150,1962-09-01,0.09966171456481203,-0.4265912178202109,-0.927960385849805,-0.9575065998720456,-0.022150784989072882,-0.07710457618739558,-0.5445256291382385,-0.7633626442819922,-0.7868599016735954,-0.9762363202907715
17150,1962-10-01,0.3921945708210075,0.3953887672173126,-0.2886212149472196,-0.4098061800686528,0.3996031251232526,0.40591090616880726,-0.2270784265772938,-0.4284990819412592,-0.007948070778801013,-0.9762363202907715
17150,1962-11-01,0.7133347395864532,0.5750694303346897,0.4818742704776167,0.3672752282001621,0.44690941230234266,0.41105195932800564,0.23897938278367503,0.11843742862352331,0.474090341853042,-0.9762363202907715
17150,1962-12-01,2.5272105669456413,2.0590562946788675,2.4467939847045477,2.0753192608702564,1.8332016883202737,1.6084119418450502,1.5834991586034421,1.5003458468105015,1.6993464181977713,-0.9762363202907715
17150,1963-01-01,3.345279506478143,2.7703432032413495,2.9526696608807947,2.3776742615218853,2.4774363189262947,2.087132716292632,2.0185738819738535,1.686072830399315,2.6379327390397034,-0.967421566101701
17150,1963-02-01,2.920029040098707,2.4558844522839736,2.7528441944598914,2.251053104796135,2.7111989748750034,2.2075221606820667,2.103341888391789,1.724660155362941,3.2251668218858374,-0.967421566101701
17150,1963-03-01,1.0323864763957247,1.0918426770332201,2.467322722152235,2.163350806317642,2.260432496224459,2.039465625145928,1.8702736702685943,1.701271992140559,2.637974755760151,-0.9244286998588876
17150,1963-04-01,-0.0088900351676206,-0.0005146565963616728,2.3798319544361783,2.2220231125912053,2.232840213278505,2.0456797364581942,1.9769482621342889,1.8157025415015373,1.6174380730721476,-0.9244286998588876
17150,1963-05-01,-0.42268633929457367,-0.262212129253538,2.0940639226005957,1.9733051102966201,2.0856185529944127,1.9194130817402302,2.0060771649042186,1.8220910584513288,0.448833584401822,-0.9244286998588876
17150,1963-06-01,-0.0027502896274183815,0.18220507120273022,0.8672020489633142,1.0076711620430503,2.3081970561327787,2.087424029818495,2.0633771966728216,1.8764092125635323,-0.16072276094960586,-0.9244286998588876
17150,1963-07-01,0.06636408190367862,0.06646228417435829,-0.04332307922753338,-0.058870370512519976,2.2585212419328204,2.1423156905271474,2.0969352888061725,1.9095842924680264,-0.21017397906714563,-0.9244286998588876
17150,1963-08-01,0.5457811357352373,0.494881513571953,-0.19264127800839312,-0.0908283943568194,2.118966664913971,2.046826135384628,2.0729077787104733,1.9336627599719893,0.13142776836913986,-0.9244286998588876
17150,1963-09-01,0.24481265487899673,-0.3706025424450528,-0.16604595326959085,-0.19933910426445683,0.7280554442109685,0.8525139999020844,2.1407071661333203,1.9819862898659566,0.19405686340917352,-0.9244286998588876
17150,1963-10-01,0.5091042534535013,0.4954212415824463,0.32640524441410873,0.27531704856668676,0.1398765142113835,0.10666610573638449,2.040609313763406,1.9273138503756522,0.43270627274240614,-0.9244286998588876
17150,1963-11-01,-0.1964085071852065,-0.33599971598848366,0.015341911198102055,-0.1272291881221907,-0.3404199656973106,-0.34700222472121267,1.751238936529697,1.7068070231390258,0.10765857911321397,-0.9244286998588876
17150,1963-12-01,1.1581454947845065,1.1530103267294627,0.9752636001367271,0.9359217443531439,0.7826293040893872,0.7848733675255323,1.1745642401802319,1.1993083029166869,0.6837455201853517,-0.9244286998588876
17150,1964-01-01,-0.0034402330778784368,0.06707124550352885,0.1653180280926747,0.18588671104786106,0.1461921541510809,0.17046301774175562,0.17541228189510835,0.21578067643679877,0.46663432650732195,-0.9153650878428143
17150,1964-02-01,0.38968843475628334,0.6063575311586883,0.17171498365408502,0.2684198771681445,0.22296790743979178,0.3124528858224744,0.045050827184320005,0.163383612630013,0.5619351279587793,-0.9153650878428143
17150,1964-03-01,0.04329878155192497,0.16664087874323635,0.6936075950049555,0.8389314534707569,0.5686705963904412,0.6731799075283399,0.49414487126762774,0.5769038778162855,0.13088716706432035,-0.8749907341475217
17150,1964-04-01,0.3221530395541612,0.42398473800895725,0.1301229003255469,0.2533445265004309,0.24066197190533783,0.3178532522198752,0.2073855811934289,0.26091385630462316,0.26687984285117045,-0.8749907341475217
17150,1964-05-01,0.34646735814089147,0.5265890862594885,0.4323700298048354,0.645861283255448,0.25370648282752745,0.3949197815307073,0.29403447797388815,0.4138309509109191,0.2534285037909713,-0.8749907341475217
17150,1964-06-01,-1.5120374863878834,-1.4085231279513726,-0.6411299706938175,-0.5509340446313034,0.19623342783442474,0.3555644744978967,0.11267800442122296,0.20840659556991667,-0.053794007506046,-0.8749907341475217
17150,1964-07-01,-0.5978347880240948,-0.4958166761147393,-0.04332307922753338,0.037905610243528585,-0.09911024984276,0.04692335323704188,0.04694466519262602,0.16518997972745705,-0.559402119413024,-0.8749907341475217
17150,1964-08-01,-0.8823006408804869,-0.6172461698884133,-0.12827155562642548,0.06167208950007253,0.16548879346520415,0.4205102509202422,0.04315882681659809,0.1991336399989929,-1.2867266314936532,-0.8749907341475217
17150,1964-09-01,0.9773612211624872,1.2758887477765457,-0.2877082060310582,-0.08319219603310553,-0.24545701682697738,0.00949133829112583,0.43136113631747636,0.6941985639608413,-0.026619337733694827,-0.8749907341475217
17150,1964-10-01,0.3595222648147,0.5549894350647225,-0.18108627132377134,-0.00584004011026066,0.05268042425898162,0.22560967490355965,-0.011558996963865281,0.1694676555782531,0.4155722144026103,-0.8749907341475217
17150,1964-11-01,0.09780153117940302,0.17865068253400604,-0.358237795996179,-0.22075761047219813,-0.10189849089812011,0.12522733501910804,0.21131596312107095,0.45426608235544674,0.5669391552708912,-0.8749907341475217
17150,1964-12-01,0.4722727389757483,0.5079516382656897,0.7890393110519651,0.9351244995353959,0.09318945475889931,0.23426390409370526,0.06599287217815458,0.28040966980160337,0.35166717315227597,-0.8749907341475217
17150,1965-01-01,0.31746035112646037,0.3389187298698295,0.35406768477009404,0.44705266304139,0.09951763176508083,0.21188024633333405,0.30989773175944874,0.4452462732493052,0.36788151943969233,-0.865678184456376
17150,1965-02-01,1.6389017309537863,1.688069525529784,1.3738029511521892,1.4466450105578526,1.1123021420260906,1.2668641210470615,1.0240524669073512,1.1165716918681177,0.9220986681156411,-0.865678184456376
17150,1965-03-01,0.7318319509310202,0.8601522199304019,0.7376593022111514,0.846467105167157,0.9349263813089019,1.1208162267566486,0.48836179975374966,0.6270937960100835,1.003988578111919,-0.8276041153933821
17150,1965-04-01,2.1768214116418494,2.093698621594318,1.6711416069748521,1.784341946293877,1.5775285138456492,1.6892451816545688,1.3698230142818462,1.4900654646933396,1.643929908224733,-0.8276041153933821
17150,1965-05-01,1.1592186074279944,1.3045228752876716,1.746972444408287,1.7675728670517519,1.5578037556200441,1.6362189687765525,1.362039028306316,1.4744838170296541,1.5028250776353747,-0.8276041153933821
17150,1965-06-01,1.4683486401783725,1.4088931095901913,1.2717830092374207,1.4463485034823051,1.231527291926492,1.3595482487581925,1.3642527431323965,1.4849597398319971,1.783758411340336,-0.8276041153933821
17150,1965-07-01,-0.4751459275450518,-0.4958166761147393,1.7674524565665495,1.8412247239423913,1.443870198283725,1.609528779661829,1.3737348766296202,1.5021517387204328,1.0797067832229346,-0.8276041153933821
17150,1965-08-01,-0.6632581064000501,-0.515315319459985,0.7363511800760153,0.9605634108145603,1.550776313065007,1.6935094226164866,1.375847271475933,1.531267426777095,0.4484663890414384,-0.8276041153933821
17150,1965-09-01,-0.17781078510041284,-0.5871861090676909,0.9049776519659127,1.012595750762533,1.019136695760745,1.290759254589619,1.0055448777832272,1.1992445145007773,-0.9714492844049092,-0.8276041153933821
17150,1965-10-01,-0.7670220399659674,-0.47109137581147087,-1.0581605618072067,-0.9165187410784846,1.2251005667859598,1.4114050992712617,1.0676137938724966,1.2734055726182203,-1.3089057894120995,-0.8276041153933821
17150,1965-11-01,-0.10798524259587232,-0.07233408801484481,-0.4988400785727818,-0.4299277929755576,0.4382789242593515,0.6925593039009209,1.3103544984857725,1.4509748129300215,-0.6049711072438396,-0.8276041153933821
17150,1965-12-01,0.33973334573048997,0.379395292914345,-0.06302254954789019,-0.01805661893187238,0.7748864966317782,0.8709512525083489,0.976097069855652,1.121259477742186,-0.11086772216705627,-0.8276041153933821
17150,1966-01-01,1.0371096741834178,1.049823894785433,0.5550517878639152,0.6125439028991378,0.33377007907342093,0.3773943344854187,1.4247798207399822,1.374965123649516,0.5817640853037495,-0.8180417759124541
17150,1966-02-01,0.09174363032482227,-0.0646509171966568,-0.028764271638092524,-0.14341830759856206,-0.2946098522437352,-0.3932502261050419,0.3730224613334329,0.4053723129548199,0.5295409851475187,-0.8180417759124541
17150,1966-03-01,0.8434125478982495,0.8281430601410275,0.7522669602237902,0.7450100309906934,0.5195039051734428,0.5408940416721502,1.0110385881144424,1.0214838878626198,0.7279132501300123,-0.7820068867537173
17150,1966-04-01,1.1873735996497543,1.1701512584829752,1.3933944497274244,1.393566869162243,1.0351426890723878,1.0799618300995635,0.854885653566115,0.8610199182481632,0.8074231819198399,-0.7820068867537173
17150,1966-05-01,2.0686605911942157,1.9229659463429636,1.2896581238741467,1.2770793181472784,1.0649266682445897,1.094884163175193,0.8718958514539681,0.9089606131392312,1.4688106511386119,-0.7820068867537173
17150,1966-06-01,1.4683486401783725,1.4033796914838663,1.3641177978371182,1.4206470593421494,1.2442213491376046,1.2819610083671096,1.013223038771339,1.0804412385214432,1.7073298429329868,-0.7820068867537173
17150,1966-07-01,0.2572549800954771,0.34791663267134615,1.0884066812522395,1.1151867962650073,1.3539022411036092,1.4018289665828223,1.023995552752016,1.0996063492254233,1.655442271010542,-0.7820068867537173
17150,1966-08-01,0.3424023425221805,0.391254800441574,1.8968784048961,1.8571136025326294,1.2668604462167201,1.3066274183008575,1.055460071543594,1.1105540440893455,0.9071052042453872,-0.7820068867537173
17150,1966-09-01,0.7339146330965751,0.7570993738029616,1.3878290119610215,1.3825708716191014,1.4076128308741511,1.5176470484089486,1.2799538311399439,1.3388248136443823,0.5141043146108477,-0.7820068867537173
17150,1966-10-01,0.23227122430447972,0.22235425673964002,0.2138049494229276,0.21790635732329194,0.9183734738821349,0.9248246906005023,1.2069370486935513,1.214590083369858,0.47750486152009636,-0.7820068867537173
17150,1966-11-01,-0.5873132647308756,-0.8650992934611237,-0.46314363017239957,-0.6911124750819302,1.2293230182122146,1.2821028155885983,0.9277875838160667,0.8971270598156511,0.024069909393402814,-0.7820068867537173
17150,1966-12-01,-0.14294600352330783,-0.41889914646449333,0.02640158589067572,-0.17657120122550055,0.8361677312583493,0.7773534259759296,1.085189353086353,1.046444260595427,-0.2826718927215182,-0.7820068867537173
17150,1967-01-01,0.9544058397150181,1.0009103204953007,0.8407427253854709,0.8112159192229913,0.844141807536469,0.8470624844079062,1.198692980006995,1.1155275625884884,0.2354243097915492,-0.7721932141886848
17150,1967-02-01,0.7128900836949874,0.8981660941692887,0.26078232956859565,0.2825100541807757,0.241401906094835,0.2884367814873616,1.2457957031435614,1.2037274314146165,0.5860733973249959,-0.7721932141886848
17150,1967-03-01,0.2834628419352458,0.40122841120334374,-0.005280803849276613,-0.0634779084116447,0.11780591311257341,0.09348723902402485,0.6817842194688397,0.7032751989732597,0.6871840786386321,-0.737980472204168
17150,1967-04-01,-0.603210065567094,-0.5947531007136627,0.34069789076137874,0.4095560902658584,0.31519567007603155,0.3309866187185072,0.3369743367499399,0.36327960545712795,0.2354876738649517,-0.737980472204168
17150,1967-05-01,-0.26625396077421837,-0.262212129253538,0.3922267696106532,0.5318291733284619,0.0648346723383379,0.06813577082696974,0.05453612123683448,0.07451684705269755,-0.16534628950601296,-0.737980472204168
17150,1967-06-01,0.49595364070577336,0.6142127230743808,0.38684395204748256,0.5832221528122277,0.12796557150987153,0.15379909566851277,0.24815826453950576,0.30045726504483306,-0.18427280330328472,-0.737980472204168
17150,1967-07-01,-0.059528175715054726,0.013488518001942085,-0.6189466447137956,-0.5783466313381878,0.2539863926104919,0.3689430653544598,0.2568092913076357,0.3280274987363769,0.05586291145172744,-0.737980472204168
17150,1967-08-01,0.4559821417012437,0.570687223121351,-0.12363784792852478,-0.03594119900623798,0.41600267719559386,0.6110660320693871,0.11762334827987127,0.16415040198976025,0.29733563425088616,-0.737980472204168
17150,1967-09-01,0.7795998308383315,0.8520830387414613,0.6843796482333432,0.7621112961226377,0.5193919893501232,0.7737120919269476,0.2598522169106391,0.3284621422585727,0.45725590762501295,-0.737980472204168
17150,1967-10-01,1.0891720163028606,1.0722617464898507,0.7937244090078104,0.9062125628701293,0.13426975872757438,0.253132314091525,0.6251026859158377,0.7578800452155864,1.021601491278011,-0.737980472204168
17150,1967-11-01,0.13126774361244947,0.13409911864476468,0.24725182973072074,0.3330664219486442,-0.07665908442380362,0.023028220028596762,0.44119868545373686,0.5964899248229661,0.8199134532595199,-0.737980472204168
17150,1967-12-01,-0.15765744204142734,-0.2252287409259863,0.05536791167750946,0.04451786775406579,0.26071429543506247,0.3071034823819075,0.34742197081074194,0.48529477403798743,0.37817978394450874,-0.737980472204168
17150,1968-01-01,1.4389746752347035,1.5155264942412405,1.7296775418751915,1.6691519028298043,1.550737544338694,1.5372322961092544,0.9845030597552322,1.0424150684485038,0.6612118864661382,-0.7279132908816444
17150,1968-02-01,1.877305267736272,1.8445048352135265,1.5953810892888032,1.576101136305529,1.6252410026508137,1.6129795619375913,1.1931283843664129,1.1905884090221288,1.2356187714245763,-0.7279132908816444
17150,1968-03-01,1.5605387340349621,1.6378619528950975,1.1536657401391741,1.2339332349254892,1.217621678365868,1.3158963863701962,1.2373647239579981,1.2779242412073564,1.7944102560137503,-0.6953402346145302
17150,1968-04-01,-0.603210065567094,-0.719372876140864,0.7112967481773611,0.8251322708458836,1.0370765968307385,1.1401431814963865,0.9522082505140576,1.0351929742466655,1.3055702088268253,-0.6953402346145302
17150,1968-05-01,-0.26625396077421837,-0.4082019530957417,1.316178715023118,1.3552096567134597,1.174154766799897,1.2307670452429773,1.1841024847375177,1.2310330155897866,0.6430252291467602,-0.6953402346145302
17150,1968-06-01,-0.1756235718812027,-0.3245933032875823,1.3358984535268323,1.4219413226294728,0.9787705432938376,1.04660915628068,1.0451365985043077,1.1056033415566864,-0.46834908763511385,-0.6953402346145302
17150,1968-07-01,0.6378658145104684,0.5438215968577245,-0.19054915301359163,-0.34388738342595504,0.8265853545107194,0.9357951964005047,1.1301899428336406,1.1985928319442019,0.025137873091175374,-0.6953402346145302
17150,1968-08-01,1.2463009938634548,1.2660483997525032,0.4046083547129318,0.48912490315457896,1.5602027376823226,1.6372238559325498,1.395236782408824,1.4693125674181913,0.595054961394887,-0.6953402346145302
17150,1968-09-01,1.5034822431610242,1.8258332276153877,1.1095992189617774,1.1070747287722231,1.8458487632665714,1.9424590067045822,1.4653425940818043,1.5438363600048537,1.5025443303304933,-0.6953402346145302
17150,1968-10-01,1.1462436667238127,1.1889626858598468,1.1840418413001923,1.2719258244903688,0.4579980316763795,0.5536756441488838,1.1154311371646186,1.2489576051326328,1.6342070424666317,-0.6953402346145302
17150,1968-11-01,-0.16084094994077858,-0.08015439923152357,0.5313122516135802,0.7261917173580522,0.13934259918508518,0.285651675048797,1.3025540115533247,1.4010248317449292,1.1543067470751356,-0.6953402346145302
17150,1968-12-01,-1.3349520179107524,-1.4625133614136923,0.13246062133850356,0.26252491389690535,-0.029775903013314706,-0.02085904490490137,1.10924689005396,1.1994061440052657,-0.1254240414461603,-0.6953402346145302
17150,1969-01-01,-0.24103174121613186,-0.28964025122420234,0.42177070961070207,0.5725579671762314,0.6129963904569056,0.7097716907194056,0.27901348327306996,0.3459718541570452,-0.623852364648967,-0.6850167784751026
17150,1969-02-01,0.20403223895204478,0.2197812124655121,0.035721844963332756,0.07802965369059596,0.3835682682432525,0.526174803198446,0.23815822609031084,0.2922224837982026,-0.397753852650793,-0.6850167784751026
17150,1969-03-01,0.45905231825676024,0.4958255140110736,-0.4067996162792263,-0.47512875056345993,0.31855664604770584,0.4375127545774247,0.20635994396781404,0.20307833562234784,0.14764361955015953,-0.653928463849197
17150,1969-04-01,-0.02347211639758047,-0.020971433257130224,-0.2531417418803727,-0.2989060892006111,0.2489696099913373,0.38738081854237194,0.3966641332683532,0.48076398947374555,0.2624140134617766,-0.653928463849197
17150,1969-05-01,-0.6988383715518495,-0.749983407549514,-0.2044910018728423,-0.25205889656304975,-0.2880977851159763,-0.2985095961029187,0.022019821579821294,0.12030827079942294,0.02993769649288345,-0.653928463849197
17150,1969-06-01,0.2186911103416468,0.22823098157932706,0.41307734035874716,0.45912535176885116,-0.35811223000623815,-0.4263617350377519,0.32789532051221654,0.4417427954687525,-0.18427280330328472,-0.653928463849197
17150,1969-07-01,1.2126530469984422,1.1809109959473774,0.5825862122441196,0.623825089970153,0.17723355973730698,0.23813265024061414,0.6097341652748351,0.7858281692353186,0.26526386471643615,-0.653928463849197
17150,1969-08-01,1.8196956532511583,1.6477830812415166,0.5899616889725489,0.7723590982077541,0.44478190328536704,0.5631074061537773,0.3051568131118604,0.4328532531359662,1.2388244620014568,-0.653928463849197
17150,1969-09-01,0.7604217207110466,0.8856291237135543,0.465393964445074,0.5027907522478409,0.5322272215724663,0.6753103321393524,-0.1975969694306768,-0.19151323380456264,1.4767967197053153,-0.653928463849197
17150,1969-10-01,-2.865671476705817,-2.6285211952463188,0.014837469124638288,-0.03704813066965261,-0.08086446022060459,-0.12287193979619872,-0.2574430879326681,-0.3178477717832075,0.6477715498576089,-0.653928463849197
17150,1969-11-01,-2.991056142607053,-2.7268718100514637,-0.7619488361544787,-0.8804349437564504,-1.0710041491625106,-1.2188810005134254,-0.5744190752917094,-0.7378709616019354,-2.306972976850242,-0.653928463849197
17150,1969-12-01,-0.5048554914771983,-0.7554634444009434,-0.24931906769219073,-0.3484989770526174,-0.14695858049904784,-0.2450520465799564,0.2049144897440619,0.17899010278896824,-2.034991550542077,-0.653928463849197
17150,1970-01-01,-0.1809415386464575,-0.43244014645631534,-0.8359277213584336,-1.1348293849185094,-0.21019350787959637,-0.4397248993891124,-0.11335651737991932,-0.29983640844202614,-1.1084558648932723,-0.6433454053929171
17150,1970-02-01,1.4807439877147004,1.4086899462620404,0.15285135146632015,-0.04775263872820316,0.7888321645326828,0.7224834710701067,0.4262173238988157,0.3572723705742737,0.40585189391314025,-0.6433454053929171
17150,1970-03-01,0.8264828104025101,0.7566566053683651,0.2884479966893421,0.09757453396672126,0.4027339302047232,0.29472206736958023,0.4146649702877169,0.25759641551032786,0.8264616081461389,-0.6136090765610288
17150,1970-04-01,1.1770874111219432,1.0964498700266965,0.5978504844251786,0.43215713572962644,0.10568460745344822,-0.16610574766572328,0.475681821083905,0.26598344545773533,1.2828656406766057,-0.6136090765610288
17150,1970-05-01,0.18869894354322003,0.12924403243288662,1.182125564163265,1.1117742687813812,0.1666886824207787,-0.05177875003082878,0.6779372761293572,0.5860911119881033,0.9153713558005551,-0.6136090765610288
17150,1970-06-01,0.018113155065551646,-0.012898849888716162,0.6749299735062166,0.5988171793656237,0.21129381701959532,0.012635550077848242,0.3375209925384442,0.2234039713295932,0.6958449196001596,-0.6136090765610288
17150,1970-07-01,-0.21831166771229082,-0.2286590156884508,0.9017349265212947,0.8231830705883538,0.4566943571008665,0.3105260651446221,0.010081975310699457,-0.22910990444334076,0.011865629349442323,-0.6136090765610288
17150,1970-08-01,-0.4740655586949942,-0.4882833437923904,-0.15934138602454698,-0.28787758374121547,0.9953280428730554,0.9603871304466719,0.01317003325076515,-0.24202519445568074,-0.30702717238163746,-0.6136090765610288
17150,1970-09-01,0.2695132826239203,0.02606189159034268,-0.12963401743854838,-0.1858904024256014,0.5490183094554522,0.5152279065654085,0.12224212276606282,-0.05702791667161213,-0.41164233011355833,-0.6136090765610288
17150,1970-10-01,0.032435713386174805,0.23490557190792252,-0.2507823073466661,-0.16730149495963043,0.6817786437350217,0.6817973254052391,0.3672223777049993,0.251907228479164,-0.2988387752130109,-0.6136090765610288
17150,1970-11-01,-0.12553858278094387,-0.05283481224502187,-0.4454349233187237,-0.39898067300395623,-0.2699938218227166,-0.29434076741251913,0.8402454868929988,0.8267283172263868,-0.0962207276902207,-0.6136090765610288
17150,1970-12-01,-0.26303965660896544,-0.23231028734257209,-0.4419036864383015,-0.4038362046537042,-0.4265965502792662,-0.4356191343284316,0.32485199489315986,0.2672638576302046,-0.2293427403717276,-0.6136090765610288
17150,1971-01-01,-0.35040418655437106,-0.5211518499129515,-0.41127057043185716,-0.4847332999607206,-0.5306917314360334,-0.6000699388270172,0.39668085286133287,0.3273505222935895,-0.3172305244922821,-0.6027625453630571
17150,1971-02-01,-0.2361209718093078,-0.35469818249981966,-0.3033320102677974,-0.35776033843845684,-0.5275482365235754,-0.5949914219496893,-0.34211755132453725,-0.4534283924213007,-0.35249263985957624,-0.6027625453630571
17150,1971-03-01,0.391935468343443,0.32203480677536317,0.019836414344465435,-0.02965330893380493,-0.07063399103138328,-0.10871541303393896,-0.09517429472454976,-0.18980509411967864,-0.08404460954383833,-0.5742635458221239
17150,1971-04-01,0.13327253905444178,0.1555144648424795,-0.23555582157300914,-0.35917245241986384,-0.2962513157674594,-0.3642132845605485,-0.4071595117747741,-0.4782194008702302,0.10676339290409569,-0.5742635458221239
17150,1971-05-01,-0.08256499709511889,-0.07029487549569943,-0.27018958689041245,-0.39277083037154903,-0.328063887451091,-0.40497822391608423,-0.5113684477494113,-0.5970607810143022,0.22194119181128205,-0.5742635458221239
17150,1971-06-01,-1.2142726407525224,-1.2459145074149136,-0.18771663409042286,-0.331618195661144,-0.42519340650352083,-0.5324656130408831,-0.47413102046785327,-0.5615340384599582,-0.3055859258751492,-0.5742635458221239
17150,1971-07-01,-0.38677369434261843,-0.3897535544506886,-0.1321192425973853,-0.16059092232318647,-0.397072734727098,-0.5135332349784434,-0.43452853531401436,-0.4808900505194696,-0.6823062216401586,-0.5742635458221239
17150,1971-08-01,-0.1917453844087187,-0.05273493558990452,-0.30319572156534275,-0.2648026401267275,-0.4111672216571792,-0.5094130407655415,-0.4338950809661333,-0.49726536934713433,-0.8669477183914482,-0.5742635458221239
17150,1971-09-01,0.29100388875950195,0.14933971777213711,-1.0717507656547496,-0.9896017243510319,-0.27439904410456256,-0.3731953394451309,-0.47882853867311276,-0.5496641836178646,-0.3779571312705903,-0.5742635458221239
17150,1971-10-01,-0.43637609577014047,-0.22946344151155476,-0.7447251247203038,-0.6680073269823726,-0.4114592167293261,-0.38530257074972657,-0.5674739396336109,-0.6663416120970775,-0.48492431255423657,-0.5742635458221239
17150,1971-11-01,-0.055709134538231106,0.03205586033196891,-0.2564136520379899,-0.11411353778766793,-0.32743655110605646,-0.2160486020251411,-0.38192783178207834,-0.4444134907445567,-0.2457559072042026,-0.5742635458221239
17150,1971-12-01,0.3025259876431409,0.4539525376587177,0.11394360544514744,0.3041152734094239,-0.48812967412958225,-0.36631026375294323,-0.0654297228735339,-0.040804622973188674,-0.039133895165944406,-0.5742635458221239
17150,1972-01-01,-0.16897993773973172,-0.10837027956261608,-0.45557134801567867,-0.35457815130176873,-0.6436801499041418,-0.5409578306835625,-0.3748095394111781,-0.2747361102762401,0.027386791572713703,-0.5631491384553193
17150,1972-02-01,-0.8809356508357336,-0.874289012153602,-0.766322388860058,-0.7046987944129643,-0.9035239821145292,-0.8047955884598587,-0.8456942935972981,-0.7548055699439732,-0.32258236176858784,-0.5631491384553193
17150,1972-03-01,-1.8068171233568977,-1.7156954820236086,-1.0372744748561444,-1.0410846595777636,-1.0641707432529304,-1.0467753081336313,-1.5379652749553825,-1.4244017285032624,-1.009301414093246,-0.5357877300556414
17150,1972-04-01,-0.8074108869180378,-1.0229081979915136,-0.6263574939356964,-0.7353739562857049,-0.8332033597585483,-0.8992056730168512,-1.0008900240620298,-1.0320636934554777,-1.42385476439666,-0.5357877300556414
17150,1972-05-01,0.2686047512909511,0.24235582471262296,-0.5548178348122473,-0.6121799883796898,-0.533156014561212,-0.5467434594527989,-0.6555785346371633,-0.6306128767372344,-1.057297141739917,-0.5357877300556414
17150,1972-06-01,1.0762692282614945,0.9881975677229178,-0.6991660135982779,-0.8526801687027398,-0.4760633238327234,-0.4923122160990897,-0.514983140841788,-0.48975880513061687,0.22057938116268955,-0.5357877300556414
17150,1972-07-01,0.8273031025041505,0.8047736581843057,-0.2102598174511443,-0.3847928124153394,-0.32118011609304037,-0.36897102004333343,-0.5176248604098577,-0.5267219840626406,0.8500717540024476,-0.5357877300556414
17150,1972-08-01,1.3608527825837373,1.2835973265667189,0.865569937265427,0.9087847270076087,-0.08767602189177977,-0.0566809952154938,-0.12018563625185458,-0.06127478376801662,1.245661204261471,-0.5357877300556414
17150,1972-09-01,1.3857371132335539,1.6450929528267655,1.6999590422384705,1.5504950964140265,0.07787906410041152,0.09090546912454879,0.12224212276606282,0.22213562654640132,1.5163666243393303,-0.5357877300556414
17150,1972-10-01,1.7977672200595267,1.5400300272439562,1.8575587889318748,1.781922720469645,0.9487374843749479,1.0117263032803698,0.5920291074350416,0.7206086792662595,1.8554557127586715,-0.5357877300556414
17150,1972-11-01,0.6834963257007142,0.7694257680248728,1.2581672956344088,1.298053009912394,0.9963185564291926,1.102260493219102,0.26106209328115626,0.35060323126423715,1.6227687208058958,-0.5357877300556414
17150,1972-12-01,-1.141212492233417,-1.1239109786317056,0.06664806931225004,0.18731913535368255,0.6147848931090971,0.6606227384307639,-0.5043988914141296,-0.543580999855541,0.6522961124366524,-0.5357877300556414
17150,1973-01-01,-2.436926766780347,-2.2957217642555734,-0.5655638361573193,-0.522537659114204,-0.18651855481605747,-0.12220661578242836,-0.5363730414790716,-0.6097917030836542,-1.3075547974958028,-0.5244005127080409
17150,1973-02-01,-1.0039801408222038,-1.1217679625961767,-0.38915750233809104,-0.3898847371217796,0.050212514120167105,0.13391044727694998,0.18629259156716924,0.21019783045420326,-1.8494747694590417,-0.5244005127080409
17150,1973-03-01,-0.0005380888990098908,-0.04683678938837672,-0.7533579941945234,-0.7965687558281858,-0.0690359574681851,-0.0113194973486362,0.342460199779894,0.3557589391998566,-1.3130579124012267,-0.49808936995031894
17150,1973-04-01,1.1873735996497543,1.2616576964103248,-0.7772207371423475,-0.8682577705582125,0.2873314704366404,0.4194150470046953,0.4983364633035559,0.6025773416669534,0.06997201036547722,-0.49808936995031894
17150,1973-05-01,0.2843362921618468,0.4385404266648319,-0.6351433628988413,-0.6739550937423389,-0.22327070665027474,-0.1806987106516597,0.127608049793849,0.23204263947323678,0.5800259628883395,-0.49808936995031894
17150,1973-06-01,0.7503537100368469,0.8505470748031687,0.28019684202912415,0.37180757604840037,-0.41507745972817006,-0.36677689716896117,0.18626773254441123,0.3338899973908989,0.9326244483366348,-0.49808936995031894
17150,1973-07-01,-0.3012370092727866,-0.3028288727628316,0.8825628867732832,0.9683762255475212,-0.8910506368887187,-0.9686541417474601,0.16573977724161496,0.3199041599477473,0.36770261643163826,-0.49808936995031894
17150,1973-08-01,0.9085755150082537,1.0279831154108994,0.5899616889725489,0.8331501363018183,-0.3721991210034688,-0.2947081392165613,-0.01406735900299049,0.12360558763471982,0.5269462147563523,-0.49808936995031894
17150,1973-09-01,0.6462119521584304,0.6911602317105973,0.7570657844162647,0.8640584705609209,0.3449191174435588,0.5112748145421586,-0.31100896962269114,-0.2165315164022074,0.4721751272493966,-0.49808936995031894
17150,1973-10-01,0.8793653096862001,0.9436043377174153,0.4776223682723584,0.5913305989992361,1.0603523253678189,1.1744356667293938,-0.45139258696108897,-0.4443497108666021,0.9797893613492628,-0.49808936995031894
17150,1973-11-01,1.223986242391465,1.298488490409876,1.4155746526580348,1.5051779024836616,1.1270027500464397,1.3631953504997192,0.3044657866938395,0.4897935876303041,1.1026742029785104,-0.49808936995031894
17150,1973-12-01,1.3165442658976532,1.3495626125795068,1.3592469627794845,1.4372909945957368,1.4352660795280352,1.4485091426147987,1.0092045818231326,1.1450202995158865,1.3393662614661885,-0.49808936995031894
17150,1974-01-01,0.41790712014690196,0.6250275837723661,0.7590789418806181,0.9554142695341974,0.5827763385209168,0.7774092679322666,1.0485602009700044,1.1194222293937268,1.1182273778357272,-0.4864238746285882
17150,1974-02-01,-0.2119967476271619,-0.13008287314808664,0.5123198376509649,0.6897123603732637,0.6907549407743039,0.9264442598497321,0.6909805292503823,0.8580615981986678,0.5659674712120196,-0.4864238746285882
17150,1974-03-01,-0.5616439438269624,-0.5942659239909188,0.4448854869611002,0.6012823698754373,0.49071685978110813,0.6849242897473894,0.6880942749221095,0.8386797169873785,-0.1550664309197224,-0.46108608852533467
17150,1974-04-01,-0.03812401985196485,0.0028831597726185964,0.22011802259119734,0.4095560902658584,0.5021585868001311,0.7263650767598222,0.36515004757090885,0.5509092902069007,-0.3666692969165246,-0.46108608852533467
17150,1974-05-01,0.6678760500160162,0.8630211622980438,0.17724469283666333,0.33885606561579024,0.6713644795992774,0.8839625028194783,0.8080800270867451,1.034132094495424,-0.04524318240075648,-0.46108608852533467
17150,1974-06-01,0.634162993069684,0.7658616077598648,-0.22855431389830377,-0.13571661060997534,0.5967928645569941,0.818791314012171,0.6381692626441149,0.8658844667642455,0.500539627621591,-0.46108608852533467
17150,1974-07-01,0.6887712036375269,0.765118253871204,0.266866615799485,0.3562079865956286,0.3898375473322716,0.6485875877879947,0.6553342474156836,0.910105444989149,0.7987971949506552,-0.46108608852533467
17150,1974-08-01,-0.5655385910910136,-0.40909325850552686,0.27754694422426557,0.49651846239962943,-0.044515240133428016,0.13456528898054274,0.5072077463470179,0.7510789569487629,0.39501413715984707,-0.46108608852533467
17150,1974-09-01,0.3120175680414103,0.18395371840471655,0.41094335390310244,0.5610628894317908,-0.3035514204164047,-0.16938123962198426,0.5061709586960643,0.7673413061369361,0.15950565153639565,-0.46108608852533467
17150,1974-10-01,-0.8453784869821609,-1.054765654218902,-0.1134156067277899,-0.14040986275020625,-0.17524838161494005,-0.17400208238943005,0.09517019154257006,0.2437544539348245,-0.8776766353221798,-0.46108608852533467
17150,1974-11-01,-0.41569021363185876,-0.571078687107988,-0.7794822582109382,-0.8742703578544834,-0.1129152340446075,-0.015211585504270077,-0.203054073288127,-0.1369965941146746,-0.6179739937599347,-0.46108608852533467
17150,1974-12-01,-0.24771849461320763,-0.3223303900873329,-0.39953084165822617,-0.4133725510344709,-0.01349278851907722,0.07762056747185747,-0.4316442787180939,-0.36584272119847344,-0.5979108699443834,-0.46108608852533467
17150,1975-01-01,0.5171135546952026,0.6686129720285794,0.05531041243239862,0.10269347852579769,0.30628597532865204,0.4050749776825507,0.2824708900299988,0.3918508194187082,0.027386791572712867,-0.44913630343942496
17150,1975-02-01,0.06899740249467995,0.24343901145516045,-0.2072574598558762,-0.16564778597592666,-0.4523512792384452,-0.3888933495492897,-0.021914287917760362,0.12078079616377378,0.12934921084466333,-0.44913630343942496
17150,1975-03-01,0.21238490912804392,0.23807085016459342,-0.12414335040852528,-0.14996889591568707,-0.19188246612677684,-0.18237885906725654,0.03824262625431875,0.09232051484659758,0.2672935582794453,-0.42470377494533385
17150,1975-04-01,-0.17328458001487673,-0.26814033371117346,0.22011802259119734,0.2963869393479629,-0.11078852190306906,-0.13250326862863548,0.07625427871049012,0.10187249884597506,0.04521071828939012,-0.42470377494533385
17150,1975-05-01,0.8439477186950384,0.8846340757819099,0.4800615655766073,0.5998817412118118,0.2107439191168875,0.2567318439056021,0.011148512454336047,0.06445558136825495,0.3354868892256597,-0.42470377494533385
17150,1975-06-01,0.9710817822308535,0.9622690204288425,0.5754857689604463,0.6772523217373373,0.24129639846309903,0.28667676970466405,0.17776801172216766,0.25690104999677804,0.6418382907470422,-0.42470377494533385
17150,1975-07-01,0.788296483539109,0.804773658184306,0.22097836890310915,0.17896571846035678,0.4270661184608201,0.5660612006741641,0.12822459561335334,0.19012531196078022,1.039027511331636,-0.42470377494533385
17150,1975-08-01,-0.26729756663629317,-0.21907501480048322,0.539802949586283,0.5860660436442535,0.31909802375672736,0.45545774889206253,0.09389965434967235,0.13400195957079744,0.6781425375240406,-0.42470377494533385
17150,1975-09-01,-0.25820258610579055,-0.844110541452175,0.42499880667630446,0.4280136885688441,0.3029463659205812,0.4086001403790354,0.020319929109593807,0.04680861526887924,0.055429645025482005,-0.42470377494533385
17150,1975-10-01,-0.8866471702015675,-0.8495605569737621,-0.047624164796410885,-0.024155320401911002,-0.22968657348920737,-0.2912390271190096,0.12317476740948878,0.19772324614826917,-1.205451009825227,-0.42470377494533385
17150,1975-11-01,-0.34143862261925717,-0.3278577048457164,-0.5713855167604083,-0.5434638409380788,0.14457207812062073,0.21577680072834657,0.16802530675682575,0.274280731206965,-0.8506387584687124,-0.42470377494533385
17150,1975-12-01,-0.9724287294499303,-0.8861153490041104,-1.3739275393027157,-1.2712952339906405,-0.47573173522673784,-0.39284288520840543,-0.20386185806621182,-0.12648309811000544,-0.9381678462802342,-0.42470377494533385
17150,1976-01-01,-1.0427419512258012,-1.0083998887573016,-1.4505987911970535,-1.3717214974611596,-1.0284989784745002,-0.9359874937574166,-0.9985887968486589,-0.9994108134042979,-1.0134076688236198,-0.41246312944140495
17150,1976-02-01,-1.7116430739284436,-1.6073782266683447,-1.5639686049038148,-1.4820590009812655,-1.6544573384185732,-1.567864830892967,-0.9683900207375744,-0.9184112782485093,-1.4803412979294421,-0.41246312944140495
17150,1976-03-01,-1.6908633960728598,-1.5223188103357883,-1.9075386330640465,-1.7419816456224517,-2.09969624800414,-1.9398515594550334,-1.4720758154585654,-1.3301198423022662,-1.6970188816046552,-0.3888752642829679
17150,1976-04-01,0.8434440640031586,1.0433127846732222,-0.2092783056721799,-0.019811450583813287,-0.5401647645575777,-0.39785633486935457,-0.28575176519737866,-0.11736140835660279,-0.9804776000226744,-0.3888752642829679
17150,1976-05-01,1.3588841257847515,1.4788004346247914,-0.2891629793805781,-0.0739520181363055,-0.4418038935607129,-0.2621441877866862,-0.5830273987545408,-0.4015203384597394,0.2742001764456627,-0.3888752642829679
17150,1976-06-01,2.115513853107946,1.8301017641795705,0.18912613471582151,0.42617000328702126,-0.43363803818754226,-0.2099512502818194,-0.631379171303278,-0.42825198715909896,1.5486009241853071,-0.3888752642829679
17150,1976-07-01,-0.059528175715054726,0.11345156000175095,0.6547854700569172,0.9032300515959246,-0.27111748296795063,-0.003989662495542773,-0.5767858586459617,-0.3356266651313084,1.5251717331287793,-0.3888752642829679
17150,1976-08-01,1.2732030521533797,1.3902926215764162,1.6667634711212629,1.8162525941892878,0.09930309098567779,0.4899932687272365,-0.07503461721014414,0.26634148003357117,1.4825898819360868,-0.3888752642829679
17150,1976-09-01,0.9655888972635233,1.3187349915860067,2.0690478227337294,1.9808648408139948,0.4603619914102823,0.8741602199617463,-0.14364118752318217,0.23062083904511527,0.9493028543256333,-0.3888752642829679
17150,1976-10-01,1.5337623757286543,1.4380563627224077,1.230621308374968,1.4366800153805581,1.2945113003629234,1.5273630159336231,0.45852318164897476,0.8351395076091626,1.5524411161870733,-0.3888752642829679
17150,1976-11-01,-0.1964085071852065,-0.17089983269829093,0.5245289962557628,0.7931753401816065,1.1954291568548112,1.475719809423006,0.026696483989266738,0.37010731000372105,1.0352107169382927,-0.3888752642829679
17150,1976-12-01,-0.028111897860518185,0.0017775824988557458,0.34283881207775285,0.5798307880779913,1.4729637886200455,1.53267807464121,0.35897961182282484,0.6609008856456569,0.5548328402359027,-0.3888752642829679
17150,1977-01-01,-1.444017794473928,-1.5609700966223723,-0.15226617400133893,-0.026009530519466115,-0.20916143965288422,-0.009114178871697024,0.3901275419964066,0.6289212283122462,-0.7697626271534084,-0.3763366085086758
17150,1977-02-01,-1.2694308331501867,-1.5024089327394043,-1.1452002754291901,-1.309402159012608,-0.6606838375485075,-0.6082163374438702,0.22048684925723366,0.39827008807156267,-1.1396716197895542,-0.3763366085086758
17150,1977-03-01,-1.3028522731407142,-1.5317791660063278,-1.0476714766796935,-1.2486867657098963,-0.6624828581246051,-0.7042073007824454,0.41533431558712514,0.5358827368571244,-1.5867524700469011,-0.35353924775488016
17150,1977-04-01,-1.1366783039932242,-1.3516170298046855,-1.82814082151583,-2.0007890466382294,-0.7245872170522508,-0.7876685836809998,-0.7824389296412675,-0.7558813690236021,-1.5635664565983087,-0.35353924775488016
17150,1977-05-01,-1.2245146834074612,-1.3327601854699,-1.7562725795145624,-1.914594158497124,-1.547053720991375,-1.7332127596287887,-1.0588773885982108,-1.073901565500737,-1.658047661740765,-0.35353924775488016
17150,1977-06-01,-1.8161992283944046,-1.7658512808515536,-2.1402353596878267,-2.198321469097069,-1.6606394118856225,-1.8483720907404997,-1.226308522278511,-1.3015134013346907,-1.8402693367668561,-0.35353924775488016
17150,1977-07-01,-2.164676858102327,-1.7612689921425977,-2.308444326187489,-2.0941171353655053,-2.426185861486637,-2.496083309032625,-1.282022172777821,-1.3737121699505548,-2.277079345255477,-0.35353924775488016
17150,1977-08-01,-1.2996805572955084,-1.2386251955938645,-1.8816181333953872,-1.8846790856759807,-2.123842708203909,-2.2053333780473796,-1.9470634182391655,-2.0894506103297363,-2.088350307503552,-0.35353924775488016
17150,1977-09-01,1.74482325582512,2.0208231422336955,0.8441541166594586,0.9111624288821024,-0.4424989682936456,-0.5795064866839018,-0.4868746817786767,-0.5785135734255504,0.48275345067535397,-0.35353924775488016
17150,1977-10-01,1.594680028546068,1.4505870634019793,0.6815570009806975,0.8482415194686834,-0.2407023978383911,-0.25263658564394054,-1.1806314734472056,-1.3071553039364399,1.5985160931008664,-0.35353924775488016
17150,1977-11-01,2.079176593897856,1.965791173381388,1.4814180456516821,1.515341305433365,0.5066200820320493,0.7253088760890001,-0.3643813229223819,-0.4106823705276358,2.07938161709785,-0.35353924775488016
17150,1977-12-01,0.27745340519003614,0.4117125666350359,1.4620742987659787,1.528714701700141,0.6857217781272097,0.8163829464131407,-0.22065569976790592,-0.23481560151566203,1.4756584915622897,-0.35353924775488016
17150,1978-01-01,1.623510291598154,1.6797741635593535,2.225454337475724,2.0555156139124793,1.6197907363697528,1.6176082442838462,0.8945941357789907,0.9430530003724363,1.460975011294298,-0.3406948270877956
17150,1978-02-01,1.8437871948394875,1.8129565811182107,2.530911582066546,2.2194826514924455,2.3164871811445984,2.07817014282024,1.4715406737519112,1.406120461519027,1.3973371477589653,-0.3406948270877956
17150,1978-03-01,3.180281919195297,2.6959266875621926,2.9996602643523564,2.5405254404300006,3.444841329946877,2.7936365023811955,2.8242508343748023,2.399190356276749,2.691817313287484,-0.31863936396437503
17150,1978-04-01,3.2945523256214684,2.671950070702508,3.2970202721585364,2.8075062354261244,3.500396671976232,2.8413804611457083,3.107095432272814,2.5856675145117407,3.052656523753416,-0.31863936396437503
17150,1978-05-01,3.290443402113591,2.5634733114350428,3.114844060193813,2.566214238687218,3.4778586908128224,2.744476849046763,3.3832532029619315,2.638890527304159,3.1566224761716315,-0.31863936396437503
17150,1978-06-01,0.4117897770319029,0.48831313340125704,3.175626629202714,2.708196441268286,2.937193265843912,2.501672021847126,3.2511560907108628,2.590288821332702,2.5884826976002273,-0.31863936396437503
17150,1978-07-01,-0.23743813501455946,-0.24851721664505103,2.8883791272252357,2.544299598594259,3.0943531465371255,2.6846402595502337,3.2212540358611066,2.597178554162599,1.9031976228969734,-0.31863936396437503
17150,1978-08-01,0.5066598939940419,0.6875649029883638,3.0974037905463527,2.5812077829103615,3.1416129373626074,2.691760436248753,3.3842740393079302,2.7568783492227906,0.2089133653387867,-0.31863936396437503
17150,1978-09-01,1.825103058994713,2.1467168228210847,1.8358362426681856,1.7873865389952637,3.692856900654315,3.0701909893257318,3.409993646033721,2.8060373151602565,1.3203456170553283,-0.31863936396437503
17150,1978-10-01,2.0988579552673983,1.7277299616858373,1.7469743766712655,1.7751991306168864,3.2016734443792183,2.643318470828609,3.283293445251868,2.744479500503411,2.0183209114479865,-0.31863936396437503
17150,1978-11-01,1.6795454788311386,1.73097351259532,1.6029592666489512,1.6999677595667178,3.3430117357678117,2.7268266382564623,3.0378337548911336,2.5471449357018705,2.1783114597177073,-0.31863936396437503
17150,1978-12-01,-0.7360158971303873,-0.7596121070689142,0.9148387148866592,1.1384576520126064,0.9162094747347762,1.0741791371251233,2.73391589317031,2.3173245484538523,1.2820909413300727,-0.31863936396437503
17150,1979-01-01,-0.5362933057047031,-0.6383611633299331,1.0798827883535482,1.2255379512521607,0.9037163949049055,1.0552261620425367,2.262501308340109,1.8693906883445335,0.13553275885551816,-0.3054807880993975
17150,1979-02-01,-0.5996519331989548,-0.8064758302765911,0.5462650293224215,0.6616724384792168,0.5766024379639183,0.7594512689839484,2.144992475572921,1.8365925754710735,-0.7285941656433876,-0.3054807880993975
17150,1979-03-01,-0.09026879316790624,-0.29515486696143667,-0.6394864326550188,-0.8115687615775374,0.4399850211549435,0.5651655938007327,0.51659171348587,0.5908598587608993,-0.4990261740891491,-0.28412343330913115
17150,1979-04-01,-0.5676960955373711,-0.786404802080863,-0.7888529169861925,-1.0113977692031415,0.5233324670003938,0.6562727439588127,0.4022515676459987,0.4959961206892984,-0.5103504006508125,-0.28412343330913115
17150,1979-05-01,-0.46328275790737067,-0.5554149339569174,-0.764370294968308,-0.9954887195292219,0.23227060759333049,0.30847014407475437,0.2621924516274816,0.3942074022284277,-0.443611982649286,-0.28412343330913115
17150,1979-06-01,0.15998069351785763,0.2364848948527844,-0.1073478723751442,-0.247588950723317,-0.5966973349691953,-0.7409164758727953,0.4199277300986453,0.5598672702778335,-0.39851999631589735,-0.28412343330913115
17150,1979-07-01,-0.059528175715054726,-0.0619926468704803,-0.5888808363568925,-0.775188295182103,-0.8193839645219393,-1.0162292630003507,0.45682989787410877,0.6119399173412818,-0.2005445055601973,-0.28412343330913115
17150,1979-08-01,0.01595441775774923,0.05955058936505653,-0.5417659029874269,-0.6152442486295147,-0.8317267740048447,-1.0476173766602237,0.17249993078234654,0.2513420998016485,-0.027825036352623945,-0.28412343330913115
17150,1979-09-01,0.10285072519506562,-0.18054004277815672,-0.12963401743854838,-0.07237147969930945,-0.27439904410456256,-0.3950988660587661,-0.708846420466109,-0.8320705476753145,-0.21745805882618505,-0.28412343330913115
17150,1979-10-01,-0.2458513835388604,-0.13112100157454207,-0.359490873438536,-0.34979774314700995,-0.7362573081814001,-0.8933566994758625,-0.9244854042984461,-1.1071856584464483,-0.39802446905779104,-0.28412343330913115
17150,1979-11-01,0.23032451665853418,0.27700088434822434,0.10911367381799536,0.172065139729831,-0.29288309200335017,-0.2774651103499829,-0.6212163293909101,-0.820361225346191,-0.07568792677080412,-0.28412343330913115
17150,1979-12-01,0.29001687078251454,0.33821592515566506,0.0010485042022409367,0.06610081003621597,0.029556816247077004,0.09623748877666116,-0.07336945165259465,-0.14005032869592596,0.11952406504786434,-0.28412343330913115
17150,1980-01-01,0.9855152418699769,1.1204614522805674,0.6671327396888319,0.7816539358347093,0.5741054855719778,0.6844226356712646,0.26166422462341965,0.2985675260201564,0.6333640387846085,-0.2706416397758346
17150,1980-02-01,0.20403223895204478,0.3313491225322943,0.24306804767593923,0.35994572171819583,0.12786011440389566,0.25916796649218415,-0.05253458219743044,0.017427042909095365,0.5336035003368201,-0.2706416397758346
17150,1980-03-01,2.201902518510969,2.1445843597530554,1.9975520764810553,1.9461525334307945,1.8002428585140167,1.8375286850222414,1.6571553000604424,1.655555845047095,1.4143595821649573,-0.24994280625282178
17150,1980-04-01,2.3284305379106165,2.1782789648969465,2.177464891051292,2.172635850126833,1.8772304630185217,1.9076856603761432,1.7724714411051732,1.77930970622748,1.8686359258534488,-0.24994280625282178
17150,1980-05-01,3.078755275813411,2.497143006278581,2.0769411855070405,2.0103556160791594,1.9075819506334595,1.892215744266612,1.848042066398886,1.8136169246388283,2.54887382464603,-0.24994280625282178
17150,1980-06-01,1.441695311745085,1.4125542852161859,2.560593953780549,2.413587961860168,2.3406212326971954,2.196648288154014,2.0941781780826125,1.9982301915678764,2.3742703584264575,-0.24994280625282178
17150,1980-07-01,1.7476840858594507,1.716507779364762,2.66675217022301,2.4744779875480307,2.566684857493699,2.437771823831741,2.2154847419753825,2.0906612283215344,2.4166372683782096,-0.24994280625282178
17150,1980-08-01,1.5115937097239485,1.4624159496607505,3.254360074660612,2.679785600068737,2.3768403917125718,2.2929061432656717,2.146521738277962,2.095536607616731,1.80332474174152,-0.24994280625282178
17150,1980-09-01,0.39180187306175573,0.42491035792310805,1.1378679508480638,1.277665631644433,2.4420012094082018,2.429916685658484,2.2093656856984554,2.167992835327747,1.4198032963796627,-0.24994280625282178
17150,1980-10-01,-1.4232435698046497,-1.2799270688044309,0.6068035433386363,0.7843918513692337,1.9575675753559287,1.9498487002416276,1.9800348412903648,2.0059512393450047,0.3065904779397081,-0.24994280625282178
17150,1980-11-01,0.14791574482553158,0.16014906452307023,0.962525941742568,1.0736653132971214,2.817229910895066,2.460462362989741,2.047638889627979,1.9955863515963776,-0.31313924649478087,-0.24994280625282178
17150,1980-12-01,0.688364308714677,0.7040421286203344,0.5603060127500589,0.6668168947318067,1.194227622008027,1.252165981928672,2.174297007330341,2.0201499003173042,0.11280176643357619,-0.24994280625282178
17150,1981-01-01,1.4976706466173604,1.5582207090288116,0.8587538355786384,0.9485037316791705,1.4836968922399318,1.508752875781847,2.054722899295994,1.7738044299689781,0.9888180431869448,-0.23612801801200567
17150,1981-02-01,0.5899913235998062,0.7393470699268955,0.5123198376509649,0.6226023471029201,0.9603556114357978,1.1062405261306942,2.226598935116517,1.8974512664041154,0.9996446249326764,-0.23612801801200567
17150,1981-03-01,0.25320403282557796,0.25263980289184657,0.49859040386066217,0.522139320695622,0.4327002829873144,0.531126850201277,0.9278261323888586,1.01693538490228,0.8300739184610306,-0.21605180249725836
17150,1981-04-01,-1.7650090663463187,-1.7960343591019257,0.3565946478930064,0.4076662070280782,-0.06347848570339502,-0.060183289348904954,0.5515049652153713,0.6561448418728836,-0.08149499987793733,-0.21605180249725836
17150,1981-05-01,-0.3045138459930282,-0.2853305210570454,0.27780890639351646,0.3860982359753321,0.26083176743548925,0.36422131618103937,0.6326660976037449,0.7904183982148502,-0.5407126959221632,-0.21605180249725836
17150,1981-06-01,-0.6929797592137377,-0.6120136483711053,-0.157377521642328,-0.15742919992233959,0.18868833915428984,0.22702743995386424,0.15645456962225057,0.2633942298544402,-1.232374832582844,-0.21605180249725836
17150,1981-07-01,0.41502128592495513,0.5416178100765516,-1.1501507991488475,-1.1610766659256284,0.419637671436536,0.5575114826738747,0.04046040711612831,0.1473267305131179,-0.28846535378138294,-0.21605180249725836
17150,1981-08-01,0.20122708798991595,0.3290843128898327,-0.30319572156534275,-0.22283353724546218,0.2307661659940658,0.38515294645234577,0.24279616852255598,0.37734072438207655,-0.14301670934683353,-0.21605180249725836
17150,1981-09-01,0.719731871136533,0.8710671618985002,-0.19871707266483843,-0.05799951011946552,-0.011956402069648396,0.1043265799652675,0.2858649785085662,0.40268500738553276,0.5244287425558909,-0.21605180249725836
17150,1981-10-01,0.3769857909424353,0.4434766448008928,0.42420563152651847,0.5288886455899091,-0.790115008095543,-0.8675855569139196,0.4520643624801001,0.5521216886438058,0.4976110263911167,-0.21605180249725836
17150,1981-11-01,0.21395198229064516,0.25175899457483636,0.184005441584188,0.29005878785885497,-0.14612421596867858,-0.025827183633766355,0.31695462815846986,0.4558231651271701,0.47597466305993363,-0.21605180249725836
17150,1981-12-01,2.2849586648434395,1.9476844361421204,2.4322697641912026,2.137486513922033,1.8409941139312938,1.692661004214548,1.4222076103386194,1.4550132824277424,1.4253020118628807,-0.21605180249725836
17150,1982-01-01,2.100683805646841,2.0212026546627917,1.8919605254348284,1.760012185139436,1.8348471850451384,1.7310964151043102,0.9261378177469853,0.9494494177714461,1.94310426848289,-0.20189347914185088
17150,1982-02-01,1.4896368103460236,1.5281173186827133,1.2983926451077208,1.3288137351238747,1.2463215810773072,1.3090412468584685,0.9024967726501939,0.9512300531898141,2.1322465526487107,-0.20189347914185088
17150,1982-03-01,-1.3595001898161303,-1.3465914781627604,0.9669982358229303,1.0559931950806196,1.0146058680235002,1.158550082359857,0.7257767298316983,0.8262477507195797,0.9654561741093127,-0.182407222834474
17150,1982-04-01,-0.657368521703882,-0.5831816237108708,1.1947309557542,1.3626712114282986,1.1500827428456377,1.2770105216119538,1.1851091923641057,1.2882397644079742,0.030839148810629782,-0.182407222834474
17150,1982-05-01,0.34646735814089147,0.5691221073692048,1.2563061716725152,1.3609802472831922,1.1500632454083513,1.270670722456254,1.102922968818223,1.222056057195655,-0.783761450330068,-0.182407222834474
17150,1982-06-01,0.6677909430028487,0.7897188927413049,-0.7581954259793893,-0.7359594681311276,1.090194811687943,1.2224777257362178,1.1208659990298384,1.2611991536549667,0.13271210679220335,-0.182407222834474
17150,1982-07-01,0.5652813936970494,0.7611099815103739,-0.27690332889220637,-0.08772414686164692,1.2562121025594468,1.4839553493318154,1.2133951286917934,1.3662282948817768,0.6242336779754843,-0.182407222834474
17150,1982-08-01,-0.1917453844087187,0.13279287934636017,0.09544585370076357,0.4154452493396672,1.1192159758697384,1.341212984452096,1.0377259804225127,1.237310445400834,0.4396217295689526,-0.182407222834474
17150,1982-09-01,0.17815253814779364,0.06324199302461783,0.35405351177410205,0.5356799135827839,-0.8695530164685766,-0.7964367717362943,0.9429227480023905,1.1464393936977326,0.12116006468064465,-0.182407222834474
17150,1982-10-01,-0.43637609577014047,-0.3353960847811417,-0.015391931061507885,0.17405617079333752,-0.5439478889076258,-0.3642303374568062,0.9589635652742643,1.1746446097518495,-0.5759970757664856,-0.182407222834474
17150,1982-11-01,-1.9256251112880411,-1.8366296992761826,-2.2405095211555555,-1.8487945551773002,-1.1111254462070983,-0.9601490114718817,0.4258469852296725,0.627489347485262,-1.5948184182798237,-0.182407222834474
17150,1982-12-01,-0.6989260548439259,-0.7596121070689131,-0.893896299014054,-0.8348593450856466,-0.36617296566181956,-0.21816796257334387,-1.3386071043738355,-1.2177783887477345,-1.390875804562727,-0.182407222834474
17150,1983-01-01,-1.0967502546469214,-1.1712855685988819,-1.3320412839192677,-1.3515353701366197,-1.0538699424689393,-0.9435965336893964,-1.5542827371494952,-1.2834076916190063,-1.4833420219621098,-0.1678940047881056
17150,1983-02-01,-0.34612702862328326,-0.31918604540240014,-1.2812400066268221,-1.3401933579813543,-1.3793158939850552,-1.3334641212306937,-1.0641680407075327,-0.9138407014667097,-0.8446638555259978,-0.1678940047881056
17150,1983-03-01,-1.247658143212762,-1.2748835152019766,-1.4733054905006047,-1.5122698950994857,-1.5247727331293208,-1.5219192264142807,-1.1505182673327603,-1.060214832338349,-1.0363358510956753,-0.14896791903016518
17150,1983-04-01,-1.1587870507019125,-1.260389116930254,-1.5502448854696849,-1.6599025541853758,-1.7410414658232956,-1.804304381388019,-1.504918478027185,-1.4445345629265312,-1.0717053881678347,-0.14896791903016518
17150,1983-05-01,-1.310681712954037,-1.6038361581936558,-0.9298086053199583,-1.0616525018055154,-1.7095009407116764,-1.8540730364120548,-1.755116928083695,-1.7848014262569722,-1.6682001223623115,-0.14896791903016518
17150,1983-06-01,-0.5339251720988081,-0.5946724181485867,-1.459109835200322,-1.5297502709639779,-1.671475666751194,-1.7500964605831508,-1.7421001313129592,-1.7718759405654496,-1.3888410685562067,-0.14896791903016518
17150,1983-07-01,0.5652813936970494,0.5768274014007434,-0.634097869473263,-0.7343672760113891,-1.2560388288815632,-1.378136227489771,-1.4912873618025475,-1.5865468814187174,-0.6034917163735024,-0.14896791903016518
17150,1983-08-01,0.8023814523154156,0.9217516293495984,-0.6319865428701789,-0.6856688094198625,-0.6802640729261283,-0.7191826414008782,-1.4692804311152228,-1.557875019703932,0.22888613705002037,-0.14896791903016518
17150,1983-09-01,0.6761640023303087,0.7888283014580793,-0.14673691515721746,-0.1158679112475636,-1.17629831588807,-1.2435954223809351,-1.4388669871375528,-1.4898832882232733,0.7905010474124139,-0.14896791903016518
17150,1983-10-01,-0.4658758369291596,-0.1707517565485898,-0.03145436745891141,0.11548863269031272,-0.8873003225096265,-0.8761666806201763,-1.4575413249860771,-1.4718766475824625,0.317831697259628,-0.14896791903016518
17150,1983-11-01,0.21395198229064516,0.355135861355276,0.5245289962557628,0.7487706480062781,-0.36225821641869665,-0.2634426195142475,-0.48968079023390115,-0.4550081930392441,0.12852661901256276,-0.14896791903016518
17150,1983-12-01,0.18793323913837226,0.29047516339184,0.27186506464236687,0.4443679361948123,-0.06803916092072192,0.02818704248749772,-0.9328916677538418,-0.9149259966649944,0.0030878705099800763,-0.14896791903016518
17150,1984-01-01,-0.0034402330778784368,-0.03831751471490282,-0.31280636540560736,-0.26793419079354175,-0.0870742482420963,-0.015815274235759163,-0.6156207716808725,-0.6382011762179999,0.14085805011935704,-0.13408756399198823
17150,1984-02-01,-0.3214727058315962,-0.4411829861077463,-0.17872783857280974,-0.17456325931785738,-0.013802320000091838,0.09339558834500405,-0.47119081741565255,-0.4899686443660609,-0.090582835118265,-0.13408756399198823
17150,1984-03-01,0.08648556638959758,0.0057961499393087475,0.036513805780709,0.043190561830289576,0.12551661686430235,0.20486643183576303,-0.08764996289668696,-0.0944576795962059,-0.11941434204615414,-0.11569440979028699
17150,1984-04-01,0.798104642036052,0.927336660194317,0.4432915866875381,0.5466093266301238,0.1894173833901487,0.3206311481530014,0.31574257063520894,0.43228836480050425,0.18094838371297217,-0.11569440979028699
17150,1984-05-01,0.45229171003744895,0.613848159042486,-0.031415969863336016,-0.04816935167685932,0.02768205397990986,0.08939403846532373,0.154614146177931,0.28463375407464814,0.5012287403599088,-0.11569440979028699
17150,1984-06-01,0.17968347310831514,0.3131757009409628,0.058019776746083995,0.06237894382704863,0.03564432701730181,0.10117512481836036,0.13504866256702322,0.26501533331718957,0.6418382907470427,-0.11569440979028699
17150,1984-07-01,-0.7600404153522177,-0.7374052611796126,0.35684026234395744,0.44497512456236493,0.16950642708123512,0.266128821609956,-0.041508832145789654,0.09871136021063094,0.07325584540623814,-0.11569440979028699
17150,1984-08-01,0.14158608611303578,0.44560981013252804,0.3316306858093336,0.6113694221073409,-0.08767602189177977,-0.0003180411747753447,-0.0007958975720775091,0.14264236099513933,-0.22945903746983337,-0.11569440979028699
17150,1984-09-01,0.3325808894895719,0.30911900715464186,0.05168723713040678,0.22233992575059175,-0.021046832073851104,0.06844169683021491,-0.023925900845587208,0.10139497283473746,-0.377957131270591,-0.11569440979028699
17150,1984-10-01,-0.8453784869821609,-0.8045015751897887,-1.3725704561276555,-1.3093511083920522,-0.09026856653564906,-0.023960447121376682,-0.11373705886176949,-0.08231740685602933,-0.4849243125542376,-0.11569440979028699
17150,1984-11-01,-0.7455907749002788,-0.8904414284542244,-0.7406474984323029,-0.6750124501136299,-0.25859251874494127,-0.1117635876665418,-0.39074388872329346,-0.42540735194644846,-0.8363147988134397,-0.11569440979028699
17150,1984-12-01,-1.600580630685147,-1.688683437608301,-1.4672331625886204,-1.394697231267372,-1.1790662207489744,-1.0620572697663528,-0.7992639406999644,-0.832031438047753,-1.4016210774043458,-0.11569440979028699
17150,1985-01-01,-0.39952626042184336,-0.5068435156905663,-0.8110206816994696,-0.9092005625320979,-1.1702016233836783,-1.239706308837092,-0.279942574934854,-0.2682430614597373,-0.9919442696957718,-0.10043372051146988
17150,1985-02-01,-0.6783453133295959,-0.6745107862175195,-1.0014921222221358,-1.0863382166534954,-1.0225250488795015,-0.9836070997782935,-0.643077051631102,-0.5351762104417236,-0.9123704400175355,-0.10043372051146988
17150,1985-03-01,0.15010038820420593,0.1914608372479455,-0.7945598868759263,-0.8480137730243541,-0.8173368796371606,-0.8127754948548941,-0.7387984121765577,-0.6781823425195168,-0.3704594660252621,-0.08254853290411258
17150,1985-04-01,-1.3920052035932202,-1.3266756574099148,-1.0780092237430483,-1.198430924714458,-1.3968678023367729,-1.490420387535569,-1.7093606421034258,-1.690549476482986,-0.6484984178613679,-0.08254853290411258
17150,1985-05-01,-0.7903286744752713,-1.0414559387909692,-0.998190149527104,-1.1157375599811374,-1.2404735817108243,-1.4324882336325142,-1.2359041337851722,-1.299794302766382,-0.6781156266871853,-0.08254853290411258
17150,1985-06-01,-1.2847210621351368,-1.5711670879279551,-0.46161761422694453,-0.581587027099949,-1.2663895333492368,-1.4214324416653334,-1.2652133378397319,-1.3590660537885997,-1.5800569522514476,-0.08254853290411258
17150,1985-07-01,-0.4159041055916446,-0.46617296624869403,-1.5255577585929707,-1.4213076220432312,-1.2166600271573338,-1.339705210199882,-1.578460245984033,-1.6797197194191953,-1.1507301945722443,-0.08254853290411258
17150,1985-08-01,-1.384440284313553,-1.0177566772890456,-1.4401932663462589,-1.5558759023892508,-1.369791598864062,-1.4401054702605893,-1.6102763016625254,-1.7464129829649435,-1.2133715785609787,-0.08254853290411258
17150,1985-09-01,-1.7568266072519054,-1.1561749076036292,-2.1145500439831832,-1.8234046714205716,-0.8582610401491826,-0.9596080257773705,-1.566803142197841,-1.657976182683953,-1.5107117706525333,-0.08254853290411258
17150,1985-10-01,-2.1953816674345545,-1.3675783984288221,-1.6078479820922769,-1.349120275687189,-2.468943229970099,-1.965213391010472,-1.7366950300346167,-1.7165418690291547,-2.8735986778738014,-0.08254853290411258
17150,1985-11-01,-0.30475587665152387,-0.20679528257696989,-0.9192383015287159,-0.7639431526606304,-1.2382596846093863,-1.2975541871095846,-1.5513590184634012,-1.5366252420746833,-1.254849130930547,-0.08254853290411258
17150,1985-12-01,-0.5218562960471813,-0.5418680337525023,-1.1427830201656195,-1.0738021178121087,-1.8604317254855203,-1.8111009127148172,-1.189615335554561,-1.2457540940286123,-0.8543513606053229,-0.08254853290411258
17150,1986-01-01,0.27240838768542847,0.20331691337288293,-0.367304134241317,-0.4019560183748024,-0.5642594069888488,-0.6198582754364117,-1.4255807905847113,-1.487874770068706,-0.15822739835980468,-0.06689327519370958
17150,1986-02-01,0.368173595142477,0.3415372362181188,0.09955060044611698,0.10971181103634262,-0.2670556545930285,-0.2482279889950688,-0.5423525932837964,-0.6295165500258997,0.0754315947407478,-0.06689327519370958
17150,1986-03-01,0.4112580402243808,0.3572618627986072,-0.0984395352026055,-0.1662003535990854,-0.42603441714927126,-0.4805093808431413,-0.8557255704745177,-0.9956057006280303,0.3679545044233266,-0.04949312519186322
17150,1986-04-01,-0.48087020111326634,-0.6606931876977938,-0.12254774260195238,-0.2924665111519513,-0.6008713890942075,-0.7532322452007866,-0.7735626428160448,-0.9203999925021519,0.1763614468094091,-0.04949312519186322
17150,1986-05-01,-3.0777377961254215,-2.7770470807551284,-0.679122523592015,-0.8760954105729526,-0.7566034578054721,-0.8914135804712177,-1.0588773885982108,-1.1555199716658138,-0.5905610827615853,-0.04949312519186322
17150,1986-06-01,-1.6797433402529822,-1.7180640174536534,-0.2906629828278913,-0.4544610406934229,-0.6492592057822242,-0.7999591160485328,-0.9455878379535717,-1.0645138501125935,-1.9123567497686615,-0.04949312519186322
17150,1986-07-01,-1.2008500459962774,-1.0733872784892777,-1.0956548456431956,-1.2118573654507643,-0.49117464187923604,-0.6818616661103425,-0.9602325376484403,-1.1102380917452066,-2.6618359015670086,-0.04949312519186322
17150,1986-08-01,-0.5190817574776262,-0.6650846410784926,-3.0560429852932525,-2.6837208961667454,-0.8938866122927749,-1.139053462385165,-0.9448276673819869,-1.1338196065338733,-1.4999250944961584,-0.04949312519186322
17150,1986-09-01,-1.7568266072519054,-1.8810983633892777,-2.6326920238325533,-2.162204005086398,-0.6821271924980223,-0.9570944401893425,-0.949439219316904,-1.1660860432011821,-1.7692895724019204,-0.04949312519186322
17150,1986-10-01,-1.1199931272893167,-1.2799270688044286,-2.0696548405946507,-1.8278391394081999,-1.634808301612175,-1.7329823317105575,-0.8163365043864671,-1.069654434564903,-1.8411241519600319,-0.04949312519186322
17150,1986-11-01,-1.8192313352699512,-1.657148788692852,-2.3756521365578283,-2.1031259208440503,-3.456228770071372,-3.2103355690955944,-1.9842382372056555,-2.1023811777014183,-2.4467695422597764,-0.04949312519186322
17150,1986-12-01,-0.9724287294499303,-0.8265878259593689,-1.5828126611706872,-1.4807369973237654,-2.6522875611165313,-2.2756240516036597,-1.296816770665926,-1.4247711113939108,-1.704152181870014,-0.04949312519186322
17150,1987-01-01,0.3845646924928849,0.5386717247664383,-0.13118408831293996,-0.06885167693456934,-0.5755103692338059,-0.5286928745519247,-0.744950478072863,-0.8255236645062102,-0.6762905085589405,-0.03342793483025538
17150,1987-02-01,0.6925919267734005,0.8106139075029628,-0.26471980895967423,-0.20811370167658844,-0.4992755008125719,-0.49164185826396445,-1.4236601223011545,-1.5052371955280723,0.15161316938499397,-0.03342793483025538
17150,1987-03-01,0.4016116246040058,0.4780814909287724,-0.3167390553407764,-0.20082979444571275,-0.6445802946947807,-0.6143895996940346,-1.1903785182715696,-1.1526099277605422,0.5245350824672456,-0.01649172302185786
17150,1987-04-01,-1.3676055106517018,-1.2232465800990258,-0.42299421148788524,-0.31609557027342683,-0.7967245614031048,-0.7613324772207836,-1.191549287701434,-1.1152647865990528,0.11145017390709032,-0.01649172302185786
17150,1987-05-01,-1.1416199278631805,-0.8827702031731952,0.048066757482384266,0.2202025145180991,-0.7040522137493558,-0.6045007570870402,-0.8873292426356763,-0.8221023392814174,-0.5905610827615848,-0.01649172302185786
17150,1987-06-01,-0.6929797592137377,-0.5149843860786928,-0.009216225481187753,0.110521357523574,-0.6141591912759393,-0.46828440797604665,-0.9095301735070737,-0.8324351546845933,-1.5021383899471086,-0.01649172302185786
17150,1987-07-01,-0.24567598450809872,-0.23432432199590528,-1.380556551676435,-1.215031384075984,-0.5344527038140329,-0.4163326389906106,-0.8952675403753306,-0.8280392152024145,-1.0076051513623072,-0.01649172302185786
17150,1987-08-01,-0.4740655586949942,-0.3663038902565278,-1.415229684274799,-1.1233743392148763,-0.15758805867214765,0.02038810934096748,-0.8806781578627355,-0.7778812654439037,-0.674117587519143,-0.01649172302185786
17150,1987-09-01,-0.7721079250676214,-1.3007543470588196,-1.341293474259498,-1.1256608172756275,-0.36250346653133797,-0.28375790987152016,-0.8882297578076003,-0.7738266378431955,-0.9279551381959498,-0.01649172302185786
17150,1987-10-01,-0.6935305151892758,-0.49258786108958763,-0.8126947188883671,-0.7256316580902153,-1.736637129158603,-1.47343027292989,-0.7722121324179123,-0.6528094208198602,-1.4172975396794683,-0.01649172302185786
17150,1987-11-01,0.19752531457805286,0.3091861610374721,-0.12505675324582027,0.010911273320290297,-0.8291185402037535,-0.5943974482647847,-0.027114370972603895,0.17624863574593352,-0.478796531590396,-0.01649172302185786
17150,1987-12-01,1.0516738574599327,1.1645620613896486,0.5936937893941041,0.7748229468115333,0.1660592829675064,0.37160097315969604,0.3657564817946031,0.5783965535027525,0.44909183370815914,-0.01649172302185786
17150,1988-01-01,0.29496625602387977,0.3858724099765984,-0.110175849451779,-0.009441147689839835,-0.2402323281332045,-0.13827178101492754,-0.9135912330808673,-0.758520276299684,0.6473138717193784,-1.3914582123358836e-16
17150,1988-02-01,-0.3709033265220717,-0.3665727143139699,-0.22635144895479842,-0.14785736578104489,-0.4523512792384452,-0.3606115286066014,-0.8657697724535989,-0.6787028319910201,0.3511251201433298,-1.3914582123358836e-16
17150,1988-03-01,-0.35299904187302356,-0.45442978944693324,0.35156827877309543,0.47739575297438147,0.04791176936334167,0.15594030275178386,-0.20970870441816913,-0.11643757270864326,-0.19100526100471388,0.01649172302185786
17150,1988-04-01,0.28259863546759373,0.3586196245162578,0.31677420804897344,0.43965886279603145,0.0144361429794674,0.12906028052574905,-0.105294986612984,-0.011759579274046302,-0.22882144394389387,0.01649172302185786
17150,1988-05-01,0.18869894354322003,0.3061109682313926,-0.22315121735798846,-0.18971564986418488,-0.13920266466245462,-0.05086419293657816,-0.3244309233886323,-0.23009112078235539,-0.004487894083487343,0.01649172302185786
17150,1988-06-01,-0.8341794928971893,-0.8151702042445539,-0.8061643520170286,-0.9151645070890185,0.00453114255682089,0.11939711875829354,-0.25961172855767745,-0.17003455271503906,-0.002091174022946133,0.01649172302185786
17150,1988-07-01,-1.0444274632502275,-1.1112520465116604,-0.25007385063988885,-0.31823487877487106,-0.01888317504283354,0.04107228521899549,-0.2809756687738992,-0.20732136240271612,-0.5924057295172033,0.01649172302185786
17150,1988-08-01,-0.34667052335308846,-0.4972581851812088,-0.11285266651741468,-0.11801299983278836,-0.4018578320688034,-0.43135796676044835,-0.2741654150806605,-0.2429689082622711,-1.0291332441640022,0.01649172302185786
17150,1988-09-01,-0.5910421867030514,-1.3279650876290876,-1.42965991992283,-1.3637175800014614,-1.1517376814946454,-1.3163289764982729,-0.2582559733101036,-0.19428848385728525,-1.403513799166613,0.01649172302185786
17150,1988-10-01,-0.929482289397115,-0.7780894701750685,-1.7203423022994073,-1.5988306891741297,-0.6966135053548657,-0.7372122713120254,-0.3106617218874022,-0.29097991955389657,-1.4452087980371995,0.01649172302185786
17150,1988-11-01,0.9176502987800709,1.132762259967894,0.6052752477251194,0.7905902850411799,0.4579008069080449,0.715127341177663,0.12410954530500565,0.2810160118822297,-0.005360536638172216,0.01649172302185786
17150,1988-12-01,1.2242334360199476,1.335250784898519,0.8102420909082478,1.000848928046871,0.3175739906794878,0.4895272208715935,-0.026090226047640015,0.09608284069056869,0.7818060811591802,0.01649172302185786
17150,1989-01-01,0.5389950089607799,0.8028579290941331,0.05531041243239862,0.2965571219114753,-0.33483092569264833,-0.16362780357970186,-0.030124975422076164,0.15233814901827689,1.031027433668155,0.03342793483025524
17150,1989-02-01,-1.3758520877014797,-1.3973187373643272,-0.48021679673496503,-0.29389344299638637,-0.6702701808025456,-0.535560580734485,-0.47119081741565255,-0.30938019099596753,0.2089562046349955,0.03342793483025524
17150,1989-03-01,-2.497353400981324,-2.1008621191252312,-0.4341416650285251,-0.33065920384457964,-0.7165821774672203,-0.6694630195332624,-1.033545188673237,-0.9624100006780931,-0.9877838178948513,0.04949312519186336
17150,1989-04-01,-2.67268578037833,-2.4948112551841355,-0.664155606559757,-0.7092001772595499,-1.000914572993913,-1.0290240262847343,-1.3706602746677619,-1.3751962237301263,-2.4318760709949854,0.04949312519186336
17150,1989-05-01,-1.340189272333519,-1.672383337886539,-1.9198011519714808,-1.9709127167634657,-0.964006432952763,-0.9567737932582552,-1.1026029234129684,-1.1175533612688726,-2.8721014548388246,0.04949312519186336
17150,1989-06-01,-0.7766687933511293,-0.7967501504879237,-2.524633311258235,-2.299135738303289,-0.7560075740454208,-0.6921458423362927,-1.009432031238835,-0.9834112277752892,-2.2171289825619342,0.04949312519186336
17150,1989-07-01,0.016660201893024865,0.2054354286345966,-2.0779104126157275,-1.8778366008298155,-0.6751507960267056,-0.6215245748936707,-1.0073006116947856,-0.9318886767650894,-1.0076051513623072,0.04949312519186336
17150,1989-08-01,0.14158608611303578,0.3633120666450211,-1.1788331417920308,-1.260942301988822,-1.8457427447148953,-1.8231038431344722,-0.9913058847173964,-0.9174957559991259,-0.386471192317108,0.04949312519186336
17150,1989-09-01,-0.21681093690101683,-0.5770590119189053,-1.1754043886013472,-1.0639202896041824,-2.7312234338673824,-2.472413395801057,-0.949439219316904,-0.8689844530231478,-0.2642727983777466,0.04949312519186336
17150,1989-10-01,0.26957118027061444,0.4875082198460916,0.09418756850945467,0.3541046241388582,-1.5568776332300494,-1.4978450315110818,-0.5757841145385082,-0.45759315819957214,-0.11542774884135215,0.04949312519186336
17150,1989-11-01,0.03017379288105626,0.21538616293195761,-0.013920058356775344,0.27718546738727157,-0.8291185402037535,-0.7638333880460451,-1.845725488638898,-1.686731747006578,-0.05535287183382411,0.04949312519186336
17150,1989-12-01,0.688364308714677,0.8728206371092581,0.2956523552517835,0.5484814601465547,-0.14583472054205043,0.04711494963957788,-1.7472277838183725,-1.5531339305847442,0.41294794528699097,0.04949312519186336
17150,1990-01-01,-0.6246524528453565,-0.5869394073576726,-0.52266414663879,-0.3720070766832338,-0.5418503076290442,-0.2947104853947486,-2.7600873500061818,-2.0750842503575266,0.03286964203083702,0.06689327519370958
17150,1990-02-01,-0.8534174028799321,-0.8928095555386982,-0.6934720907630035,-0.6036071289490007,-0.7376667235140191,-0.5663587070393485,-1.2667532050085002,-1.2068511504885509,-0.332529204697205,0.06689327519370958
17150,1990-03-01,-2.09027576251437,-1.9309952358075466,-0.8143077482437725,-0.7944262716621325,-1.0253565107580134,-0.9872568840117676,-1.3440263504019605,-1.2432106261449443,-1.2639381562307488,0.08254853290411288
17150,1990-04-01,-0.6211425311452865,-0.7587376978628718,-0.8867851665236863,-0.9572821584306966,-0.7967245614031048,-0.7795635880652919,-0.8270825405102202,-0.714372353383783,-1.4166348749973243,0.08254853290411288
17150,1990-05-01,-0.5464337444246511,-0.5604204922342947,-1.0212820715421684,-1.0665631047576638,-0.8635977706709169,-0.8262681510862406,-0.8873292426356763,-0.7693416575009737,-1.470714077338484,0.08254853290411288
17150,1990-06-01,-0.08781581603205135,0.0646107494329762,-1.7547222136569183,-1.7336833208646905,-0.8650217324727265,-0.8060726813636604,-1.0556315691500717,-0.9672356607139562,-0.5676145254797542,0.08254853290411288
17150,1990-07-01,-0.8873570255894148,-0.6976574045653127,-1.090267377458702,-1.0992060782347293,-1.1746443387577645,-1.1900399234223753,-1.0905766898274287,-1.0103148277033693,-0.6561733528166472,0.08254853290411288
17150,1990-08-01,-0.5989777636404374,-0.32851025462728994,-0.9156554681995897,-0.8352092025645991,-1.2504755499082796,-1.2315703563040858,-1.0735404285506,-0.9917743086931511,-0.6541656254839449,0.08254853290411288
17150,1990-09-01,-0.16652816877999227,-0.388115816099626,-0.5089458773321219,-0.30885557800420044,-1.975865247574972,-1.888091472902158,-1.0444490745122774,-0.9399231371317541,-1.22868151509245,0.08254853290411288
17150,1990-10-01,-0.2977115634548094,-0.0395439771534041,-0.9988249476934873,-0.745741667441741,-1.2166727455476996,-1.1421193932134375,-1.3080334866874892,-1.2407582550679894,-0.9082672543204047,0.08254853290411288
17150,1990-11-01,1.1695327616629827,1.2440353462757852,0.7659796696045688,0.950649205193552,0.17890548632380093,0.4228598552448396,-0.3969322839402318,-0.2916773944312094,0.39915379523277544,0.08254853290411288
17150,1990-12-01,1.379771916668381,1.3623044399087205,1.0705357410370726,1.1911952369903283,0.8300803465912371,0.9606158593939814,-0.3834499045775761,-0.3068391376569426,1.0551595036299186,0.08254853290411288
17150,1991-01-01,0.6798079008534417,0.7587511964714279,0.37348552588638106,0.4908601924690516,0.034614260197193596,0.18553481741681874,-0.22269592284393333,-0.14197672511526946,1.22763511930402,0.10043372051146988
17150,1991-02-01,0.13694436032420645,0.2460577488189563,0.7299131122759227,0.8805120033871431,0.4839594993189169,0.7003935645325519,0.22261269787678492,0.3918551520120762,0.8052142429400747,0.10043372051146988
17150,1991-03-01,-0.7740705447062425,-0.8268446785095713,0.3828530071375458,0.4843238415472793,0.1585488135011898,0.3087536886013703,0.0839627285765575,0.21092323784708034,0.016109777236119168,0.11569440979028714
17150,1991-04-01,0.24255707926504722,0.39448485125526644,0.5672463968410942,0.731341405554406,0.351644625005038,0.5362602935771674,0.07848269343467532,0.25618537059191143,-0.18239551253896635,0.11569440979028714
17150,1991-05-01,0.8963360144341014,1.1156435549472468,0.5584210152280399,0.7560269014656326,0.9472793264911714,1.1470337852164785,0.7585243904459112,0.9898718861018614,0.08072093338313178,0.11569440979028714
17150,1991-06-01,1.3782994907380521,1.38761556312771,0.10816713158344864,0.28731764746451266,0.8807869243400637,1.0806222689065965,0.6678763702628114,0.9082911473429124,0.9530020960128354,0.11569440979028714
17150,1991-07-01,1.252466515286597,1.3467106366721435,0.7980219710086991,1.0188519301187489,0.9222939395007921,1.1717559173180123,0.7152722830579059,0.9699938979861047,1.354777206216228,0.11569440979028714
17150,1991-08-01,-1.2752741271919708,-0.9355845736049767,0.3490232717776795,0.6294528019637474,0.249369869851168,0.48547271878638926,0.7092681751976491,0.961428672629909,0.9516768589516935,0.11569440979028714
17150,1991-09-01,-0.14088662283896294,-0.4493339769263057,0.8355488231481774,1.01805311824864,-0.1382642385753399,0.07631747230468598,0.6682023908156836,0.9251709646122009,0.17963363718008613,0.11569440979028714
17150,1991-10-01,-0.6935305151892758,-0.4998239249782225,0.40118098049109535,0.6259027871257362,0.3585835191140599,0.610770486124439,0.6126506048974237,0.8474294508966485,-1.4934349804892832,0.11569440979028714
17150,1991-11-01,-1.541098280581658,-1.4686132977677548,-2.435471240966385,-2.0198245711057834,-0.6723994027659175,-0.47887783151117413,-0.35303657026437146,-0.19508167453937833,-1.6719602000870752,0.11569440979028714
17150,1991-12-01,-2.8028860087898826,-2.2487879906236756,-2.5421062644963475,-2.0825201488118865,-0.7966850909763122,-0.5018732148859489,-1.3203852640377791,-1.0640932147740316,-2.1351052091742178,0.11569440979028714
17150,1992-01-01,-2.59106287986599,-2.2815178206778226,-2.967340829225136,-2.494703879588998,-2.089615386556214,-1.687355383195008,-1.8880804544133456,-1.3026490254838814,-2.9105220692002285,0.13408756399198807
17150,1992-02-01,-2.64256804280216,-2.2658351341190164,-3.060285371159475,-2.627803074563769,-3.1360467765554754,-2.7396894109980026,-2.774667080913369,-2.160439666863291,-3.03111437277532,0.13408756399198807
17150,1992-03-01,-1.6028089859458305,-1.3872415544858658,-2.6316110824644285,-2.218696535438956,-2.7531969404779604,-2.319334030973864,-1.7051501378680305,-1.3254973571988014,-2.707436093217394,0.14896791903016532
17150,1992-04-01,-0.603210065567094,-0.4686077598498709,-2.42502908194084,-2.1404072533705065,-2.737753607225556,-2.319977251389601,-1.979912166185516,-1.6134263594728016,-2.0890164656125583,0.14896791903016532
17150,1992-05-01,-0.3629437384521957,-0.18036505189762,-2.417954420315868,-1.9786106245112285,-2.881718740860292,-2.444466434189703,-3.0111856241944404,-2.5592272090459076,-1.1950640156202175,0.14896791903016532
17150,1992-06-01,-0.15340183201727112,0.06012658560547356,-1.4888764540226913,-1.2890353229355798,-2.530334755497704,-2.168677365941181,-2.7962207531552807,-2.3493837255619563,-0.5040007270947995,0.14896791903016532
17150,1992-07-01,0.3258521324511723,0.5504702836058314,-0.3866321188284721,-0.1459361844137824,-2.1363211989829303,-1.8618614022321978,-2.6294703067495453,-2.177518299962517,-0.14347963199096306,0.14896791903016532
17150,1992-08-01,0.824026840125994,0.9068318393147381,0.0373089021794398,0.2931668244154388,-1.8860873490193513,-1.5627724256404123,-2.5938557875736072,-2.146554545981864,0.2852557274986141,0.14896791903016532
17150,1992-09-01,0.2018735374330171,0.048464237603324065,-0.3241798857657394,-0.11586791124756317,-1.540040464388304,-1.3338701020855317,-2.504668434608491,-2.129228008735832,0.4400466607198931,0.14896791903016532
17150,1992-10-01,-0.4075067887690772,-0.44291267079489705,-0.18108627132377134,-0.061149356647931884,-0.6318932786093178,-0.45979057274037743,-2.459129222785751,-2.0448457890733716,0.0373447881459755,0.14896791903016532
17150,1992-11-01,-0.35988960208686344,-0.3115989238671901,0.0634518068376889,0.21852059898444212,-0.2699938218227166,-0.02317060344380494,-2.31845543268582,-1.7409853015642578,-0.478796531590396,0.14896791903016532
17150,1992-12-01,-0.17245212382072275,-0.04732848369568827,-0.39953084165822617,-0.22554749702298557,-0.48812967412958225,-0.24376762266901963,-1.677910693901634,-1.2764457018295916,-0.4242208268408677,0.14896791903016532
17150,1993-01-01,-0.9758011568202196,-0.8598428055510775,-1.203358020420043,-1.1081112107889446,-1.0666194304082257,-0.8272856791561286,-1.5097911353523243,-1.033383649269636,-0.6696974737024252,0.16789400478810546
17150,1993-02-01,-0.8397184350189832,-0.6714532057424151,-0.9148483029730103,-0.7542628502028432,-0.6798668986124992,-0.44783187712398564,-0.766798177268387,-0.46556365698156094,-0.8278959196686669,0.16789400478810546
17150,1993-03-01,-0.7889037935803049,-0.7157812345446024,-0.8341393710445653,-0.7130994486078968,-0.9107772260244653,-0.7615250894575116,-0.9764525202154792,-0.7420233694457742,-1.0417611648035858,0.18240722283447428
17150,1993-04-01,-0.11246233063193277,0.05010019740989134,-0.847396092661591,-0.6873861201552386,-1.039009761421297,-0.9215232999667845,-0.9452689448720395,-0.7087165073844532,-0.7679136397543378,0.18240722283447428
17150,1993-05-01,0.08990615636392792,0.3245094404761436,-0.6372258474950053,-0.40656983579887407,-0.7478020913355637,-0.5447580598942564,-0.5590433630052858,-0.2927589192435158,-0.4164847188631084,0.18240722283447428
17150,1993-06-01,0.1000472923278286,0.321069915086132,-0.7226561216208993,-0.5585894173522763,-0.8011476375436198,-0.6050416997958031,-0.8648800362018195,-0.6260962766811345,0.034151609403652035,0.18240722283447428
17150,1993-07-01,0.016660201893024865,0.19029157134802396,-0.15795127670355386,0.05195804366922307,-0.8468403255558689,-0.6069689167544186,-1.0453670619151152,-0.8280392152024145,0.07325584540623814,0.18240722283447428
17150,1993-08-01,-0.3064762641679869,-0.15691828201508518,-0.19072746772516255,0.047660844267608325,-0.800992840169885,-0.5542640177878114,-0.8897781135795501,-0.6655532388596369,-0.12176272915655764,0.18240722283447428
17150,1993-09-01,0.4477348459996442,0.3952968375202609,0.0834082449522441,0.2738294909915793,-0.6928953411553797,-0.5004515294203602,-0.7679544901037335,-0.5458215993997385,-0.06901479348713731,0.18240722283447428
17150,1993-10-01,-0.35153005561970635,-0.3225090481775911,-0.37813269970988855,-0.2851932965295026,-0.3997357007568075,-0.23219474698546275,-0.9891173869013656,-0.7829037483909398,-0.34776350459406485,0.18240722283447428
17150,1993-11-01,-0.7657809126401809,-0.7428404082351484,-1.0230046651530433,-0.9154337234289597,-0.7012680237160198,-0.518164188754859,-1.1814866494310963,-0.9120567924596243,-0.5663912045495065,0.18240722283447428
17150,1993-12-01,-0.9109082217389943,-1.0077761958516953,-0.8619852420597875,-0.8615917995634721,-0.7330893795529514,-0.6049722581366876,-1.269455287946362,-1.0653243358412428,-0.9665770392234522,0.18240722283447428
17150,1994-01-01,-1.0427419512258012,-1.174021215611252,-1.2416374012632394,-1.3490109254846454,-1.2767512217020847,-1.2628037160415562,-1.237519955387834,-1.115794765805704,-1.1519807387183216,0.20189347914185074
17150,1994-02-01,-0.6651403258385216,-0.8033974491575582,-1.0014921222221358,-1.1029662402785378,-1.1533171059770324,-1.2051636648039954,-0.9999406193717546,-0.9413392043572216,-1.0275217117385842,0.20189347914185074
17150,1994-03-01,-0.701225793028013,-0.8479904774623267,-1.2173690587282189,-1.34035713325056,-1.1526892583903767,-1.255615291416508,-1.1013141452927893,-1.0712973153350462,-0.966363261541213,0.2160518024972585
17150,1994-04-01,-0.7313248845873365,-0.8340399936690615,-1.276549505228238,-1.4439585999850357,-1.4384396910007757,-1.5941309254167622,-1.463145649654963,-1.4819450792820315,-0.8789003926833995,0.2160518024972585
17150,1994-05-01,-1.7317049386283012,-1.944069047605444,-1.387672495239689,-1.590661674527617,-1.5790185680482431,-1.7561021217419475,-1.6665696685995606,-1.7734458409805067,-1.2662889293043895,0.2160518024972585
17150,1994-06-01,-0.9232503933571319,-0.9853653453891252,-1.176311303330111,-1.3335320259709444,-1.5748503801236737,-1.7159539099672985,-1.5068371905504483,-1.6320874480025298,-1.4639035594653138,0.2160518024972585
17150,1994-07-01,2.165737048178832,1.9785252338771657,0.7753522100658526,0.8635764256466144,-0.1722288762102221,-0.16127842159398378,-0.344961748304589,-0.35504908910775757,0.07325584540623814,0.2160518024972585
17150,1994-08-01,2.342497847760892,1.9414046700967127,0.6147778198229459,0.7307098407897469,-0.13124570798060614,-0.15843758320973225,-0.45838598052569374,-0.5149378220930119,1.5826386121454037,0.2160518024972585
17150,1994-09-01,1.573873018091402,1.8016293082064574,0.8686176660124929,0.8205514726558951,-0.0667994400376588,-0.1364129600296907,-0.600810565903578,-0.7350388634197057,2.246681809232865,0.2160518024972585
17150,1994-10-01,-0.14733979930850652,-0.3484015962940876,1.3118103924622195,1.2800746879005638,0.5057197513328615,0.5059011055284262,-0.2643440837377286,-0.3747274810334181,1.6473429425849502,0.2160518024972585
17150,1994-11-01,0.013118898057687248,-0.04505594372821341,1.5463440651442812,1.508573346598562,0.40869983013670724,0.5079646334131401,-0.08985242027566778,-0.15853985960050962,0.7899577010236688,0.2160518024972585
17150,1994-12-01,0.08202390914137676,0.23282322305335856,1.107442921816681,1.1938346479698985,0.56678601776644,0.6367767026106836,-0.026090226047640015,-0.005429103274350495,-0.0533427960473756,0.2160518024972585
17150,1995-01-01,0.20434733520699142,0.3598479763444443,0.004079070917991812,0.016487136134556202,1.0294903367566264,1.0908320148967612,0.5605987444770575,0.627723713238843,0.13019979154556277,0.23612801801200567
17150,1995-02-01,-0.4839494223239771,-0.5194337186063023,-0.42067313533007344,-0.47997531724323195,0.6075649384941313,0.7148576127331663,0.00842284379490928,0.03102400109672371,-0.10471659489960053,0.23612801801200567
17150,1995-03-01,0.4304626083145207,0.4331568606914673,0.24861658530882064,0.3354756488320004,0.9215425542154078,1.0299611416908918,0.5860896270234526,0.6162100707930598,0.05042613891076943,0.24994280625282192
17150,1995-04-01,0.28259863546759373,0.36463246897183427,0.25250988898884247,0.4246393993632207,0.09883782969679096,0.15262249622988133,0.8804933890825257,0.9803335569899821,0.08322724494929667,0.24994280625282192
17150,1995-05-01,0.5402599823931895,0.7474453054487008,-0.09432116468061393,-0.009803060589726261,-0.11610741253735202,-0.07286595620164571,0.6851258366469626,0.8242060718179033,0.49178647076564413,0.24994280625282192
17150,1995-06-01,-0.7766687933511293,-0.8028794168696513,-0.009216225481187753,-0.04977935355205616,-0.08193432999465348,-0.024760861068954674,0.612199446489603,0.718252886992711,0.17368904560421256,0.24994280625282192
17150,1995-07-01,-1.8614667632525548,-1.7350460514699129,-0.5005030420769278,-0.6094072783037308,-0.22971615491153885,-0.16732050529854767,-0.33691140717370077,-0.3686848534339368,-0.5159816935623519,0.24994280625282192
17150,1995-08-01,-0.4303855830053856,-0.5890008044055203,0.19474741359717176,0.3091883719408812,-0.2916456708162878,-0.27071219115831807,-0.26633442562658055,-0.2846500693098355,-1.2867266314936523,0.24994280625282192
17150,1995-09-01,0.29100388875950195,0.0778954399841252,-0.7434789422947612,-0.741699684666051,-0.10376910596332076,-0.11999970504574009,-0.15120902249486173,-0.08058971054552093,-1.2756070837978535,0.24994280625282192
17150,1995-10-01,-0.2458513835388604,0.006442417917354091,-1.6078479820922769,-1.4853650753778258,-0.6575837708234064,-0.6701363649562868,-0.3496814095086722,-0.26514934554028097,-0.4672203727571646,0.24994280625282192
17150,1995-11-01,0.08098229728018343,0.3761258562222611,-0.2231174552027864,-0.010224913206469082,0.12364330112397273,0.4378140913424855,-0.203054073288127,-0.038934292685825336,-0.08592941636704335,0.24994280625282192
17150,1995-12-01,-0.11376805281362702,0.11874055276841232,-0.2887295661549929,-0.056387794098413324,-0.706410166406608,-0.5278020799606226,-0.17060658890825536,-0.06339165337835148,-0.15475071096574491,0.24994280625282192
17150,1996-01-01,0.29496625602387977,0.5111007750754317,0.045098504250065216,0.2921582474738781,-0.5418503076290442,-0.39744654117476735,-0.189905322818631,-0.02036291936643351,0.1195107448693966,0.2706416397758346
17150,1996-02-01,0.12568030294794,0.2355708858429165,0.09955060044611698,0.34223779819224565,-0.12148671600065805,0.079134128734342,0.17769027057176498,0.3954216920649965,0.10247652046860956,0.2706416397758346
17150,1996-03-01,0.8009298350402061,0.9796214069248346,0.4602836901345559,0.7339951967280862,0.3593289419120823,0.6523698675105769,0.0745684321480152,0.2783906057787066,0.4586383029660406,0.28412343330913115
17150,1996-04-01,0.33523225525709144,0.5579521116944609,0.3486514816457556,0.6535865879674411,0.15939347593313707,0.4775822726611414,-0.2937511371272001,-0.08369827239721717,0.5074979581346174,0.28412343330913115
17150,1996-05-01,-0.209854538184563,-0.014722877754547045,-0.04928994415004328,0.09477253398532391,-0.047471205067342016,0.21779303771947675,-0.22556652036769986,-0.008357170981625611,0.4870514441538903,0.28412343330913115
17150,1996-06-01,-2.825003861171763,-2.392931425698885,-0.04816804829282299,0.10139630994439301,-0.22640413075250765,0.025655626904962002,-0.2751656327154397,-0.014045572627080973,-0.5040007270947984,0.28412343330913115
17150,1996-07-01,-2.09983898184122,-1.7875405209986681,-0.5005030420769278,-0.42744929003799215,-0.1640609111991288,0.06638140156670148,-0.3048595633753433,-0.029520628789687964,-1.7634221264974,0.28412343330913115
17150,1996-08-01,-1.074172273697279,-0.8248520786604582,-0.7442336211096305,-0.5660265872027741,-0.3556030890497498,-0.21432660865844333,-0.2898705350597741,-0.025054229700733035,-2.3103804118479907,0.28412343330913115
17150,1996-09-01,0.8927722249988657,1.1257978472856516,-0.9015726955385647,-0.7291284476214738,0.20053063176396102,0.48144969322676223,-0.0017598028279028352,0.33258347779477876,-0.7819558356878489,0.28412343330913115
17150,1996-10-01,0.5590007408635395,0.7849537795794986,-0.6152848756639749,-0.4867479579837173,-0.17524838161494005,0.05451683789505883,0.01717240341321174,0.32117164495771267,0.4364915049710189,0.28412343330913115
17150,1996-11-01,-0.8064433842721682,-0.675621532915629,-1.405001005005796,-1.1611664229175984,-1.1530554191278979,-0.9510288004229069,-0.6995052867599688,-0.5320310001927606,0.21017828501959046,0.28412343330913115
17150,1996-12-01,-0.8314815617187571,-0.9205196884857966,-0.35761346483742545,-0.2688019429678088,-1.4556074178658434,-1.3362002993316118,-0.24605969615136822,-0.07285883966333402,-0.5473036392700302,0.28412343330913115
17150,1997-01-01,-0.5614315613768406,-0.7352303996135277,-0.2803484639494625,-0.24334496802786992,-0.9533843727452814,-0.9867697332576957,-0.48561300046524425,-0.3726165688837043,-0.8723963362417024,0.3054807880993974
17150,1997-02-01,-0.15218102929632313,-0.17896910386003256,-0.5909566621728027,-0.5731714109845508,-0.9133788054352492,-0.8777120519816931,-0.9268819758851682,-0.7989723413540452,-0.573170094137903,0.3054807880993974
17150,1997-03-01,-0.17118507687219875,-0.135260229495591,-0.7553118256515086,-0.7687245767780815,-0.4603724540050281,-0.3780198648837749,-1.170392250000694,-1.076839163344709,-0.3704594660252616,0.31863936396437514
17150,1997-04-01,0.5131287172007378,0.7936426406746517,-0.13116211952558424,-0.042679641092902454,0.02988199247248303,0.2402163921647944,-0.46488841271248327,-0.3488265936720922,0.026034498118842918,0.31863936396437514
17150,1997-05-01,0.525765604093916,0.8244756720174078,0.13462709697627737,0.27915366914616807,-0.25636492952209794,-0.0968232079107687,-0.527217013701663,-0.36327465287851546,0.29479884882587676,0.31863936396437514
17150,1997-06-01,0.07978593485478547,0.2610378293491009,-0.2183029987629926,-0.09256161708309468,-0.7380621534749746,-0.6880860811019639,-0.4497949123692753,-0.2920084123899177,0.5063729659080773,0.31863936396437514
17150,1997-07-01,-1.9767943323236519,-1.7547087705536348,-0.27690332889220637,-0.1430100296837773,-0.6396537089915346,-0.656889193122292,-0.4263079501294919,-0.27969314941204504,-0.1813880338127587,0.31863936396437514
17150,1997-08-01,-0.768357061136029,-0.6747685051232654,0.08100956843671064,0.3660245962997497,-0.1224985702008415,0.01211682830688709,-0.46658167299568215,-0.32663059965531194,-0.9068124827465576,0.31863936396437514
17150,1997-09-01,-0.5202803441243079,-0.7445437625786534,-0.49514262444436774,-0.2686967948494176,-0.5448540668022155,-0.38292347521038894,-0.9847488066394561,-0.8961917223160716,-2.2624355825681532,0.31863936396437514
17150,1997-10-01,0.9458475261024828,1.0785368645016338,-0.08029346167115373,0.07684833397068846,0.25499694963296055,0.556572384677608,-0.1958681264948086,-0.04161738457969002,0.0896707431950502,0.31863936396437514
17150,1997-11-01,0.46971952810466944,0.6647017759626905,0.04810614384005414,0.2545140755975411,0.28857450359949827,0.6676735122479294,0.13147326077816568,0.3489703410353057,0.514405595855963,0.31863936396437514
17150,1997-12-01,1.6055040897452877,1.56669086305995,1.254273620749104,1.3942101548163168,1.0562311512044915,1.2024087749354773,0.6432371322344094,0.8948313828102218,1.27763706700492,0.31863936396437514
17150,1998-01-01,0.42899056688194576,0.5386717247664402,0.8136337381241051,1.0149721100379874,0.2508200783098484,0.4168538378276678,0.511426912681221,0.7376967625091391,1.043602461648079,0.3406948270877954
17150,1998-02-01,0.7331158869531602,0.8899772566274248,0.7954614682220249,0.98399286520825,0.5236525875372153,0.7469071529976344,0.6660352907646604,0.872042947336992,1.0252148547539892,0.3406948270877954
17150,1998-03-01,-0.17118507687219875,-0.1433935127801579,0.9176092150343218,1.0899010753925633,0.6332222092973862,0.8788704877094269,0.5796389487486843,0.7859906307939605,0.343998736825248,0.35353924775488044
17150,1998-04-01,-0.2197324253958795,-0.20672308832815334,0.1301229003255469,0.22572436947321606,0.4595688945662178,0.6885088700601119,0.008940885504937478,0.14080027451542046,0.15794815091994183,0.35353924775488044
17150,1998-05-01,0.7230425193997134,0.9138731449627829,0.8806806336856855,1.0452077830200561,0.9159013988796108,1.1286597483114464,0.7046914309831285,0.9237943770572407,0.08630139246548543,0.35353924775488044
17150,1998-06-01,0.36974017162609285,0.431844244343062,-0.06779303115617277,0.004321902613438117,0.932305027385121,1.1215745395746786,0.6704516779763752,0.9045857796725644,0.36187991282072196,0.35353924775488044
17150,1998-07-01,0.8273031025041505,0.8436617925434327,0.2094087802225909,0.2515272210724861,0.3598980070615072,0.521344134855655,0.6618141816391412,0.903823057136886,0.7727455816565447,0.35353924775488044
17150,1998-08-01,-1.9379315108528288,-1.843233714902309,0.08100956843671064,0.16132500585868467,0.5369844824688061,0.7002201280338665,0.6372890166638229,0.8507095871544307,0.15210655532383513,0.35353924775488044
17150,1998-09-01,-0.07229328087348644,-0.712234369785709,-0.04571673008255244,-0.09404857720216711,-0.2938103432257299,-0.27655216409140915,0.7316928978656821,0.9337377743543637,-0.2020958907557544,0.35353924775488044
17150,1998-10-01,0.9327113614739881,0.9641836811778863,1.1048915528147152,1.171292028748109,0.5907269927125768,0.7070143214836707,0.6356600108146478,0.7971816922510213,0.02400590191267187,0.35353924775488044
17150,1998-11-01,1.4367089551680663,1.4548944139819981,0.8004380438995528,0.8492066198497419,0.9342211302557789,1.1156181549105373,1.0745948679891675,1.214648059146426,1.0237127024440562,0.35353924775488044
17150,1998-12-01,1.1581454947845065,1.2113726891264291,0.852360818352801,0.939172787883888,0.8448485247437122,0.8919958923982958,0.48509974271352607,0.6228781321670314,1.3524219986607653,0.35353924775488044
17150,1999-01-01,-0.06215505643772871,-0.06347687062323304,0.40250080972858077,0.4784078316899567,0.6771362307205244,0.7553804269087828,0.480142219231724,0.567611615643526,0.9375576777179779,0.3763366085086755
17150,1999-02-01,0.5170359788664054,0.6545208444857947,1.168317918873011,1.2609179012604224,0.797848565791152,0.9060885321878296,0.9492499300201658,1.0059451898473395,0.5900834866847335,0.3763366085086755
17150,1999-03-01,0.7055499084406763,0.7781731064726908,1.174045136520864,1.2649645523464623,0.9549459596355252,1.068086154423701,0.9636635462331063,1.0066633661473445,0.43515409344749795,0.3888752642829679
17150,1999-04-01,1.1770874111219432,1.257867728199129,0.6737092911481141,0.8053106282084529,0.92450976695388,1.0527855059502673,1.093577008832127,1.1677400545260261,0.889225178911041,0.3888752642829679
17150,1999-05-01,-0.654339376186508,-0.776241135638391,0.07422443154432018,0.11737457221942538,0.6976308582581451,0.8282583555822844,0.38441451517676095,0.46585806644226946,0.6695230456335493,0.3888752642829679
17150,1999-06-01,-1.8640640824766601,-2.0255051792429075,-0.009216225481187753,-0.06162509126335762,0.6318932822315777,0.7295112301820811,0.4468787735158365,0.5203776684750155,0.02694806073130463,0.3888752642829679
17150,1999-07-01,-1.369167461550604,-1.4945272328696482,0.5616915282597901,0.5383174731469337,0.2768311419017986,0.3197130115561152,0.5834852972677138,0.6733472003791574,-1.653323539420638,0.3888752642829679
17150,1999-08-01,-0.236644109543546,-0.5062687899411973,-0.8453740486953757,-1.1057684347816052,-0.08074308024411846,-0.12005484237391442,0.5843802206700107,0.6768333383847495,-1.5187539075645835,0.3888752642829679
17150,1999-09-01,0.17333106005393067,-0.37423059785665885,-1.6941427055004614,-1.7463720457631597,-0.15233188588004679,-0.26216255487006046,0.49805529381069724,0.575116229519945,-1.0473147464393389,0.3888752642829679
17150,1999-10-01,-1.4376594684101096,-1.7348564025187214,-2.628216487955113,-2.399857865710495,-0.009764124089960781,-0.1216336833521341,-0.0930952746692135,-0.17021489933372203,-1.096956492145306,0.3888752642829679
17150,1999-11-01,-0.9307727628407351,-1.0341875352704357,-1.1567325067349785,-1.3812727385534047,-1.3136177965690075,-1.605223412162498,-0.4641467449123912,-0.621291217181135,-1.2615868670221773,0.3888752642829679
17150,1999-12-01,-0.9109082217389943,-1.1511538941806094,-1.0780518993208328,-1.319214853003331,-2.0718886782603643,-2.2405796285737267,-0.6450035007200896,-0.905378969429859,-1.3081362592407721,0.3888752642829679
17150,2000-01-01,-0.8962875952324195,-0.991680614621892,-1.4399509960296184,-1.5401021292593853,-2.167593935957072,-2.200983900485344,-0.5954385150242443,-0.7861900411255525,-1.1297930777750813,0.41246312944140495
17150,2000-02-01,-0.3214727058315962,-0.28972533487058183,-0.7978272235123882,-0.8631505712621547,-0.9449893276203717,-1.0759918381399451,-1.1997461069799562,-1.3941016033358702,-0.811190755747239,0.41246312944140495
17150,2000-03-01,0.33324010942631577,0.47808149092877306,-0.35256680865914997,-0.353546382631746,-0.46209545524638984,-0.518924185774245,-1.02588070371188,-1.1341246517562817,-0.3377169287548995,0.42470377494533396
17150,2000-04-01,1.0300889021273434,1.1275539972315374,0.030360595919713428,0.07489070053651023,-0.38905609410178965,-0.45151451885216054,-0.7931133970612638,-0.9487922174699824,0.38085625814405305,0.42470377494533396
17150,2000-05-01,0.5975956686621194,0.7239163210995071,0.05680433490798953,0.13371896155311314,-0.3764730517759885,-0.39717814573832605,-0.5129513792712147,-0.5933381534079022,0.7472845804604752,0.42470377494533396
17150,2000-06-01,0.23800060102647763,0.27319765803232116,0.3071215826984946,0.4652620569635174,-0.30009532132511074,-0.28991895796202105,-0.38712107725939504,-0.41869206170039225,0.8200957781420183,0.42470377494533396
17150,2000-07-01,-0.4453583617316675,-0.4839429612570205,0.6852972551479798,0.7600791572169763,-0.15590395414397332,-0.1251250955878336,-0.5445660277091339,-0.6010658909381763,0.2652638647164373,0.42470377494533396
17150,2000-08-01,-0.38794848949047683,-0.3918758384049508,0.2638890188772238,0.35350790912891134,-0.13124570798060614,-0.0756124513818765,-0.5244088848718623,-0.5741084152571823,-0.2514340921266539,0.42470377494533396
17150,2000-09-01,-0.5202803441243079,-1.2472106418949305,-0.3426125529959532,-0.4198637510132118,-0.011956402069648396,0.10655922782446033,-0.5516825621535975,-0.5919938721719448,-0.9714492844049069,0.42470377494533396
17150,2000-10-01,0.032435713386174805,0.2139116008060728,-0.3969328424361909,-0.3620430287233318,0.4970961023594498,0.6192010852867784,-0.1883318393692118,-0.14494102696249114,-0.6715680049150186,0.42470377494533396
17150,2000-11-01,-0.8064433842721682,-0.8060225828819959,-1.1086050895437318,-1.0982610571814875,-0.35062085851164076,-0.29715848425823027,-0.4623322477802923,-0.4592531834606828,-0.8079158301716257,0.42470377494533396
17150,2000-12-01,-1.4368061259753244,-1.5216150789279537,-1.8699388297896837,-1.8631347892201755,-1.4556074178658434,-1.502961283671951,-0.7249631880081933,-0.7161385809466617,-1.053256014889298,0.42470377494533396
17150,2001-01-01,-2.1647561650956053,-2.2173299740354953,-2.0884798122572783,-2.11007950609557,-2.5357691837726644,-2.3843501105607077,-1.0281070324888877,-1.1946666561775212,-1.982163012128205,0.4491363034394248
17150,2001-02-01,-1.3147276830499888,-1.5672562167370139,-1.5518858528316266,-1.722282697272793,-1.6760033518239463,-1.8282258196335301,-1.1860961844791857,-1.3509484019873559,-1.9655380215209628,0.4491363034394248
17150,2001-03-01,-0.9744680579289634,-1.3341010770568311,-1.6847843616242817,-1.9054015563151596,-1.9426274780781634,-2.1614595813366555,-1.815531224326034,-1.9251621010980278,-1.7844265425711465,0.46108608852533495
17150,2001-04-01,0.10535321241448402,-0.06570173518950999,-1.5502448854696849,-1.8638971764614765,-1.5334312275773665,-1.7944238339793341,-1.7426048987993086,-1.8959963308026389,-0.9548189756342549,0.46108608852533495
17150,2001-05-01,0.7907448207525376,0.8020274357675753,-0.4941734854311566,-0.7409292916648943,-0.827645945204246,-1.0736267275936688,-0.9810289971222871,-1.202982609256778,-0.09860541190599159,0.46108608852533495
17150,2001-06-01,1.5471956592389102,1.4198422570127285,0.10534564510641102,-0.04741378030009493,-0.6845977503051813,-0.9142000483894704,-0.9275210251916676,-1.1929271830112271,0.9278565632552325,0.46108608852533495
17150,2001-07-01,1.2472976063199819,1.1616067014769453,0.6954119590424818,0.579049806556365,-0.9114305626665526,-1.2665929304617505,-0.9415619311911321,-1.2436573612930149,1.3772617990370026,0.46108608852533495
17150,2001-08-01,-0.11958326082442974,-0.44394005009346876,0.539802949586283,0.41849983335216506,-0.6113977005039545,-0.956190196907166,-0.9263912698412092,-1.2672145425693973,1.2044184567660716,0.46108608852533495
17150,2001-09-01,0.3120175680414103,-0.28391831410515933,1.1826181822560065,1.0936231087668504,0.015196751951206278,-0.2239371148851329,-0.7172495841312397,-1.0205673147981995,0.6146381645587309,0.46108608852533495
17150,2001-10-01,-0.6935305151892758,-0.9149548330284909,0.39709730381208463,0.2967482834329947,0.26430417433277,0.07791564710010597,-1.1609960392680994,-1.5632880234939983,-0.5759970757664842,0.46108608852533495
17150,2001-11-01,0.09780153117940302,0.10411993284909737,-0.07701073890495479,-0.2244820767159162,0.398800715239194,0.34443862677537607,-0.48968079023390115,-0.8363115955421564,-0.22374842456122795,0.46108608852533495
17150,2001-12-01,0.688364308714677,0.8150916042534898,0.5153997793530007,0.5557525006131208,1.2260728660872904,1.1957396987036204,0.39940307511712014,0.3337948054810179,0.19246034208157609,0.46108608852533495
17150,2002-01-01,0.6798079008534417,0.9047532542701295,0.2461833845896344,0.3618870574512118,0.7362387778077347,0.8141810284015657,0.6558950762360758,0.6584919107455482,0.6193619422868535,0.48642387462858805
17150,2002-02-01,0.0803827861934827,0.2039207011894579,0.07227478598240954,0.166123580658893,-0.0764655536575722,-0.06774499268253913,0.3389361771166113,0.31983743097304856,0.5091710485087723,0.48642387462858805
17150,2002-03-01,-0.26664158867462734,-0.3713887011705227,0.12729662686307583,0.18923006956305205,0.04791176936334167,0.033883998335204654,0.6628026207789903,0.6728225797920546,0.1559984162030471,0.49808936995031894
17150,2002-04-01,0.33523225525709144,0.32224565481156603,0.6207051024950294,0.7986699931109961,0.3078767298537769,0.3958419038427231,0.6722340594432735,0.7254254248424234,0.016403897208213718,0.49808936995031894
17150,2002-05-01,0.7230425193997134,0.8630211622980455,0.4163569594885499,0.559983657895927,0.35955810660091037,0.492802675657957,0.23914363066346656,0.2956838194253836,0.2534285037909713,0.49808936995031894
17150,2002-06-01,0.2186911103416468,0.2852803259907288,-0.22855431389830377,-0.284528685058907,0.13559144736890894,0.22525809614759623,0.07750605731011463,0.09861909069046007,0.5467720725234111,0.49808936995031894
17150,2002-07-01,-0.3579580814774669,-0.6156812496561656,0.06736900267084193,-0.11674760598784102,0.44189729567944297,0.5609342176087221,0.17148433615512437,0.20877314241184738,0.352211800288374,0.49808936995031894
17150,2002-08-01,-0.6632581064000501,-1.250799939824287,0.30469724599951836,0.24121313508921757,0.18189200836925254,0.21221162331841367,0.17957839617455537,0.20422269416676953,-0.2958328279210788,0.49808936995031894
17150,2002-09-01,0.9051808990135041,0.8918163700573873,0.6152745150930617,0.5469996650704602,0.051129429759165373,-0.0019332900597799935,0.3347642340407441,0.40912997652148814,0.055429645025482005,0.49808936995031894
17150,2002-10-01,0.9847954705569562,0.9922227371473095,0.5558478175583643,0.5085857358333532,0.522898755819241,0.4841061278310365,0.7277636761297772,0.8454936453021104,0.7875180170138069,0.49808936995031894
17150,2002-11-01,0.9319516276643536,1.0522664491481104,0.5245289962557628,0.5056993517077417,0.7434035746915602,0.8572120091576961,0.5889394516346623,0.6990805439710892,1.1354623273778746,0.49808936995031894
17150,2002-12-01,0.041241897082999024,0.20041779100852755,0.34283881207775285,0.4265931042184154,0.3471621793394208,0.4129601079607074,0.050865689259137446,0.08004468652499405,0.7118084501868939,0.49808936995031894
17150,2003-01-01,-0.4613834355862744,-0.5268747702751968,0.11622682507902692,0.1531803101089786,-0.05708163380885275,-0.12679101336482743,0.20514422814439276,0.15907181895406297,0.13019979154556277,0.5244005127080407
17150,2003-02-01,-0.3214727058315962,-0.26331847311074874,0.25193131993476703,0.424033224146767,-0.013802320000091838,0.038161845796175445,0.35261035701996163,0.4251166320257209,-0.3275528868148061,0.5244005127080407
17150,2003-03-01,-0.23045606740386163,-0.19525984032324212,-0.29892157364127636,-0.16823224214651936,-0.04671370428657529,0.054460356850305716,0.001603801500962242,0.06961654167979536,-0.4223977204361797,0.5357877300556416
17150,2003-04-01,0.09129998146442321,0.42398473800895936,-0.341898914673395,-0.1772353157780315,0.07595163111959888,0.2928649305306666,-0.07457523625052156,0.03506183020071227,-0.2288214439438936,0.5357877300556416
17150,2003-05-01,-0.46328275790737067,-0.24842081672189067,-0.5344949865610426,-0.41348069291288136,-0.017272231637017164,0.19900555830465355,-0.23311412950056287,-0.134663622455327,-0.24646810866434488,0.5357877300556416
17150,2003-06-01,-0.3845338442773783,-0.3616706386851712,-0.4945913429479421,-0.4746907227387934,-0.49312881670297887,-0.38064601393905817,-0.22095157684014136,-0.1264362902785887,-0.2563331077632257,0.5357877300556416
17150,2003-07-01,-1.551950446711048,-1.6696903666465746,-0.6189466447137956,-0.5164788265409904,-0.7829815466283762,-0.7630360502789815,-0.31285024077969664,-0.19787945755337352,-0.9571496425946568,0.5357877300556416
17150,2003-08-01,-1.9379315108528288,-2.113435623698689,-1.2014752386900862,-1.2074558217364502,-0.9464129238919017,-0.9516205487104255,-0.32938824105256015,-0.22412553929777163,-1.2867266314936532,0.5357877300556416
17150,2003-09-01,0.48341797700700373,0.31543895122597687,-0.2517456052784611,-0.2915949801222698,-0.46275542184112733,-0.4513131645734529,-0.4627722917011805,-0.3570692482745832,-1.4035137991666118,0.5357877300556416
17150,2003-10-01,0.6664860566605231,0.7420216093769311,-0.286440576827692,-0.4825259726698628,-0.18605199376215775,-0.05540128551669743,-0.4772450791904262,-0.421698499970794,0.08967074319504964,0.5357877300556416
17150,2003-11-01,0.08098229728018343,0.20073512063547672,-0.589769912676,-0.6549325054118017,-0.8032365208044273,-0.7398816539019895,-0.8217036137295408,-0.7727603927886295,0.43675817640259995,0.5357877300556416
17150,2003-12-01,-0.38906838606538424,-0.33699157256459716,-0.39953084165822617,-0.36268015095202705,-0.6147464429775203,-0.5911114806117236,-0.6733795866729063,-0.6278322634134315,0.0584583973689884,0.5357877300556416
17150,2004-01-01,0.0664369857716464,0.1817236921847439,0.3248282329882221,0.4617248739360383,-0.1783142864522425,-0.18679412743290685,-0.022079087693739795,0.17245158520792908,-0.08965933525659579,0.5631491384553193
17150,2004-02-01,0.0803827861934827,0.21185978138882602,0.06315649321896877,0.22580549295805294,-0.3499700308494279,-0.2977785676944667,-0.48882327906508954,-0.35796243580539494,-0.090582835118265,0.5631491384553193
17150,2004-03-01,-0.05628850592325266,-0.07876675936209429,-0.42501071914122734,-0.4141584294326419,-0.40043178002645174,-0.39603359777748964,-0.5572082764916432,-0.5712077827757629,-0.0011477765424015975,0.5742635458221242
17150,2004-04-01,-1.1811005680745414,-1.2397415353509442,-0.6075562112679119,-0.6219505023858293,-0.337472345686174,-0.2972933169546398,-0.7735626428160448,-0.8522756021373699,-0.35586340111399756,0.5742635458221242
17150,2004-05-01,-1.2528575031158735,-1.3799311230004487,-0.5243743671592718,-0.5180099310216602,-0.4418038935607129,-0.379659469833635,-0.7868538922497994,-0.8202159719935449,-0.8933757589863102,0.5742635458221242
17150,2004-06-01,-0.4831296116703,-0.4373225092498052,-0.37513665146043135,-0.40158115341519773,-0.6492592057822242,-0.6475312193724507,-0.5978136081933841,-0.5908195348225564,-1.351997206138675,0.5742635458221242
17150,2004-07-01,-0.8280264360733482,-0.885561496806108,-1.6125252864048365,-1.5735117404580152,-0.8836580712066917,-0.9355042987760641,-0.5938443194763853,-0.576874495377712,-1.2044265988411418,0.5742635458221242
17150,2004-08-01,-0.08465866133626104,-0.11905137369713181,-1.270667647590379,-1.3778436701269217,-0.6309605905231849,-0.6512066074023276,-0.5244088848718623,-0.489423121219049,-0.6866464035491174,0.5742635458221242
17150,2004-09-01,-0.4013295882137601,-1.1181422430872914,-0.9971864705188549,-1.0026641748930885,-0.6821271924980223,-0.7738959539350486,-0.87954498451129,-0.9195148620986651,-1.0157767238403017,0.5742635458221242
17150,2004-10-01,-1.5791952847522492,-1.9166846989993465,-1.9286312224341837,-1.8936996173031095,-2.437926472937167,-2.2394278951065814,-1.3008847082037054,-1.3944426919435624,-1.4734572051635577,0.5742635458221242
17150,2004-11-01,0.7430057385032355,0.7543056809516144,0.538099336098125,0.5437493976468839,-0.32743655110605646,-0.36806191051287146,-0.15398676159952798,-0.14481453205827377,-0.21282770887699526,0.5742635458221242
17150,2004-12-01,0.31498137123879466,0.3270859450630258,-0.15443862888256243,-0.21632673499925612,-0.43881273041320207,-0.50051218024739,-0.39518177335192195,-0.461125815526373,0.13959827118919274,0.5742635458221242
17150,2005-01-01,0.5825817281875172,0.6541475290364107,-0.01653479456915652,-0.05691732849544584,-0.3454738453404393,-0.44336057772510623,-0.9413603615148086,-1.1581695438592354,0.6193619422868535,0.6027625453630571
17150,2005-02-01,-0.2361209718093078,-0.27210916769739735,0.19856616978949257,0.20943718125472438,0.05729815088938919,0.058689224075674486,-0.3845384944046606,-0.4493932695658264,0.22207948629310323,0.6027625453630571
17150,2005-03-01,0.6434060455642294,0.7048965980798864,0.5668760254072326,0.612877584570135,0.29993072924721487,0.3236004225933056,0.09621655518701196,0.06310618357568415,0.3679545044233266,0.613609076561029
17150,2005-04-01,0.5254827255701531,0.5936609589798885,0.6661647058277587,0.7752959055837507,0.22671412090409535,0.2402163921647944,-0.03644033396782727,-0.09430712865731981,0.3635838909388624,0.613609076561029
17150,2005-05-01,0.15613206335047358,0.21170484225914307,-0.1398587345128881,-0.17425454376616958,0.18912539815506,0.20071788452620112,0.07611685389189124,0.06948928801875986,0.5708888926835158,0.613609076561029
17150,2005-06-01,-0.2896127804292475,-0.28282658010379247,0.37806220097765625,0.43650944920341034,0.37441003919084387,0.42302798388858026,0.14219430393810598,0.15950986690102292,0.2600099054945701,0.613609076561029
17150,2005-07-01,0.09090386920228366,0.0027987243346783795,0.43369935345768934,0.4324575729217807,0.6100544833758291,0.7174953136903405,0.21434268512222365,0.2390441178881237,-0.023872738181855077,0.613609076561029
17150,2005-08-01,0.20122708798991595,0.05955058936506071,0.09544585370076357,0.04766084426760776,-0.175234591814985,-0.259831963019429,0.17249993078234654,0.14264236099513933,-0.12176272915655806,0.613609076561029
17150,2005-09-01,0.15377521429506372,-0.5369887501548666,-0.4755572566066649,-0.6583878351705208,0.21776902646262808,0.21227711677321764,0.24362345698892318,0.23570283114656942,-0.01269464261292755,0.613609076561029
17150,2005-10-01,-0.6935305151892758,-0.7014902038469423,-0.5332780619889808,-0.6548097085706218,0.022630676572160332,-0.007153095380066783,0.3275003072990258,0.37171948788270615,-0.5208351574583492,0.613609076561029
17150,2005-11-01,-0.07307112845883056,0.03205586033197086,-0.07701073890495479,-0.056444835693261454,-0.04720431834242401,0.013832863027540037,-0.1702481889820846,-0.21200055151706249,-0.418222330514254,0.613609076561029
17150,2005-12-01,-0.2022961911603036,-0.13820758013116413,-0.4561314281310309,-0.5256407179777575,-0.6147464429775203,-0.6916617680389703,0.06599287217815458,0.06210072350442778,-0.3842465365312427,0.613609076561029
17150,2006-01-01,-0.44897112889814295,-0.4553305047010321,-0.8110206816994696,-0.8326190773337714,-0.7954847082531059,-0.8373668058631751,-0.21644656628882214,-0.21500068409638534,-0.3232496680941176,0.643345405392917
17150,2006-02-01,-0.6651403258385216,-0.6745107862175183,-0.6113165947733361,-0.5521402319456437,-0.6415421579990515,-0.6258581123425049,-0.4624131857955149,-0.43932726904723896,-0.5469231242718772,0.643345405392917
17150,2006-03-01,-0.14782675803158107,-0.14068069673736516,-0.38865568988403554,-0.34521688013896845,-0.5036240795613179,-0.5452708783591129,-0.6253771308673011,-0.6781823425195168,-0.5135393672975643,0.6539284638491971
17150,2006-04-01,-0.15796240127897393,-0.19239735808629374,-0.4868927071009393,-0.5304427998612358,-0.7695463485941655,-0.8444345626445026,-0.7735626428160448,-0.8484922553382359,-0.4267232043638059,0.6539284638491971
17150,2006-05-01,-0.8374022364730344,-1.0137411307211657,-1.0097171152699531,-1.1034325162510923,-0.9089533670284955,-0.9567737932582563,-0.912729242285123,-0.9828680751375842,-0.4232414279697391,0.6539284638491971
17150,2006-06-01,-0.06630113812448354,-0.05504582856910848,-0.2698442712525173,-0.27219168210638817,-0.45905256006670114,-0.430347137789755,-0.5479325586014472,-0.5888639520469131,-0.42447925253737456,0.6539284638491971
17150,2006-07-01,0.4586770073173556,0.4832582465501261,0.04309301543942486,0.026629871106185088,-0.34636998655656426,-0.3320206941602591,-0.6109731625185463,-0.6253308775913038,-0.25884152837799,0.6539284638491971
17150,2006-08-01,1.0298233834199475,0.9725353394123003,-0.1437674583775365,-0.22663081418134673,-0.6407757300202894,-0.7259930752836122,-0.6084518893639664,-0.6436127116615219,0.4660799540852672,0.6539284638491971
17150,2006-09-01,0.941742310545528,1.0882671189023767,0.46677735829289957,0.47231084861158706,0.042175026388283514,0.12659857880191516,-0.18158361425886252,-0.09696042765759366,1.0040629887236325,0.6539284638491971
17150,2006-10-01,0.9718883689142258,0.976308466079645,0.9403355555296979,1.0063716631248438,0.4970961023594498,0.566181941914605,0.06697653242213168,0.13593192328442155,1.211144911646552,0.6539284638491971
17150,2006-11-01,0.24664338452813694,0.4382621966008925,0.6974992612860516,0.8466942787974042,-0.014693749339413248,0.10989269428187888,-0.4352619892400949,-0.4106823705276358,0.8858763625305829,0.6539284638491971
17150,2006-12-01,-1.544382433488123,-1.3514751508221343,-0.7524476352231948,-0.6068819158995323,-0.7465135298510703,-0.6327962857210461,-0.7041862363455004,-0.6166449741918276,-0.11086772216705683,0.6539284638491971
17150,2007-01-01,-2.03907424081656,-1.921073226851897,-1.177989680886475,-1.1488168323861259,-0.9658015210821079,-0.9055823738657193,-0.9135912330808673,-0.900483570506219,-1.4593861575295382,0.6850167784751022
17150,2007-02-01,-2.2435590806694603,-2.256481931348862,-1.5158014129577622,-1.4985822343452437,-1.102777133937313,-1.1001333114442478,-1.4867311590322365,-1.5367837697064268,-2.338958265872087,0.6850167784751022
17150,2007-03-01,-1.6463470310268944,-1.7380336300667023,-2.1975706313437007,-2.0996615152864084,-1.6448735636361405,-1.6792774441129161,-1.6853743486073747,-1.618391191011241,-2.333910082298293,0.6953402346145304
17150,2007-04-01,-1.9792681166813475,-1.8870288370022112,-2.77814751921831,-2.5306162549272004,-1.9592898230008662,-1.9384207631819395,-1.7649220021658865,-1.6924055171342876,-2.450163344228585,0.6953402346145304
17150,2007-05-01,-0.9098017270425551,-1.0637345964338163,-2.5101958140127234,-2.4298675915243253,-1.7651663285263932,-1.8019241512331168,-1.354132196549362,-1.4079332271861649,-2.0547273720176196,0.6953402346145304
17150,2007-06-01,-1.1128464761977093,-1.365410158913979,-2.1214857597833072,-2.230093473715771,-2.6103228788981054,-2.5538769607617517,-2.1004540782430094,-2.1923430686691723,-1.8689161850450864,0.6953402346145304
17150,2007-07-01,-0.4751459275450518,-0.9416289476258619,-2.0779104126157275,-2.087736617114726,-2.842581160601731,-2.7623140604341803,-2.218424205708957,-2.3584461551079072,-1.17746547652579,0.6953402346145304
17150,2007-08-01,-1.220044906231993,-2.1876242971546382,-1.5167102757236746,-1.9667062507119155,-2.848856952271095,-2.8088673939622923,-2.1876164630936787,-2.2958120022332924,-1.1414219032878563,0.6953402346145304
17150,2007-09-01,-1.7568266072519054,-2.451580292956998,-1.907210390329613,-2.0654264813760426,-2.5720858506364963,-2.7324227996649695,-2.91809030486146,-2.8767906140817976,-1.5107117706525337,0.6953402346145304
17150,2007-10-01,0.6057817982744479,0.6065815088254098,0.12462682946029098,-0.21786424568885407,-1.2052770915726407,-1.5837820411944326,-2.550209653462462,-2.534937596421081,-0.46722037275716616,0.6953402346145304
17150,2007-11-01,0.9176502987800709,1.0067307945574155,0.38622542502788504,0.257763983776438,-0.3043714429055663,-0.4774268694165014,-1.9842382372056555,-2.1722081874402135,0.5144055958559623,0.6953402346145304
17150,2007-12-01,1.343777839475603,1.3983953294940878,0.8941046429290102,0.9632851298667601,0.3076600238096029,0.27800255377249117,-0.7564989995752954,-1.004132295407512,1.168589976206136,0.6953402346145304
17150,2008-01-01,0.19294668220740294,0.4297564992349409,0.3928438322480153,0.5543763557477608,0.17580158538171475,0.16749957674701357,-0.6614146757891318,-0.8113950694332495,0.9547196077686646,0.7279132908816441
17150,2008-02-01,-0.7583481382080978,-0.6134771181539087,-0.0659155408018353,0.15573768523489415,-0.4149872822400567,-0.38018417478539107,-0.7377699604519661,-0.7702077013035638,0.31709454578418084,0.7279132908816441
17150,2008-03-01,-1.3787228641744633,-1.3903720483107458,0.061429893026550525,0.20054211321992502,-0.26599783246417774,-0.26082677308842234,-0.6426091197720379,-0.7420233694457746,-0.6964379544379871,0.737980472204168
17150,2008-04-01,-1.1366783039932242,-1.3266756574099143,-0.4868927071009393,-0.46306201352605725,-0.26351281182187586,-0.2503783335474251,-0.4483227430978741,-0.5921395751748797,-1.3310096136500829,0.737980472204168
17150,2008-05-01,-0.9593352424155094,-1.3151782378365149,-1.1510995250940361,-1.1847792643933301,-0.4665403493614819,-0.4245153584877719,-0.753752416689323,-0.8711950757766236,-1.5977585146824915,0.737980472204168
17150,2008-06-01,-1.2847210621351368,-1.5037289797616762,-1.9759871978434533,-1.9902670891842473,-0.39993936555176607,-0.3667768971689616,-0.6907354313548785,-0.7864685243435955,-1.527894493451277,0.737980472204168
17150,2008-07-01,-1.7006247591771766,-1.6371150275903716,-2.0779104126157275,-2.014460088710571,-0.9580264899984522,-1.0286236383378384,-0.6977000934986085,-0.768228313131593,-1.7474817614162166,0.737980472204168
17150,2008-08-01,-0.5655385910910136,-0.9626811780874894,-1.2941707401971088,-1.7562784262684303,-1.369791598864062,-1.4923905668126265,-0.6511305152778135,-0.7195860949094931,-1.531356494208461,0.737980472204168
17150,2008-09-01,0.4294266551412651,0.12822079939708647,-0.9488610922475982,-1.1611561061263838,-1.8118450278939613,-1.9736472750455485,-0.3990210674127282,-0.39683738805415325,-1.1070297823547384,0.737980472204168
17150,2008-10-01,0.3769857909424353,0.4330548482960551,-0.7006596106049499,-0.916518741078484,-1.44521445570797,-1.6798541871731252,-0.7897977702194023,-0.8669767694424807,0.05057939638805444,0.737980472204168
17150,2008-11-01,-0.1431569406534689,-0.16295160242429735,-0.4988400785727818,-0.6991743086532738,-1.0285510185597173,-1.3966165524395722,-1.4254245040883275,-1.566891982763259,0.1469584606933203,0.737980472204168
17150,2008-12-01,-0.5910946243970476,-0.6856074851857331,-0.6162208298151252,-0.7450639954274779,-1.2736414670574052,-1.4718413131878356,-2.721253175482274,-2.5489762077966764,-0.25208373191061134,0.737980472204168
17150,2009-01-01,-0.10944993243857525,-0.15063335853400364,-0.006219118485291168,-0.03787613762500705,-0.5642594069888488,-0.7143764607302671,-1.2201736612092309,-1.6390223667725872,-0.3232496680941176,0.7721932141886848
17150,2009-02-01,0.7432018686711697,0.8485632630419978,0.4952812096490973,0.5628741699860271,0.2500794075232352,0.2375656166890938,-0.11465300884682934,-0.2540035547514459,0.0709072035111759,0.7721932141886848
17150,2009-03-01,1.4046628174713338,1.464232626957862,0.810323272775597,0.8778507071139388,0.7447402667287059,0.8052173524750387,0.34109938293917824,0.27378095310075,0.8336836046141312,0.7820068867537175
17150,2009-04-01,1.4167673651305757,1.4670646564976573,0.8227338356660158,0.9456391885778294,0.8117527215682288,0.900317284240994,0.414096928723066,0.4058032333853463,1.347333809051574,0.7820068867537175
17150,2009-05-01,1.1349995746022068,1.255536274051495,1.1136952100396877,1.2115872328385155,0.8906700826273337,1.0033883326252833,0.7046914309831285,0.7534603870871522,1.493597910863157,0.7820068867537175
17150,2009-06-01,0.600175915637816,0.6600066056198175,1.4615930091906397,1.5418121947197245,0.9189649474333904,1.0139999496839822,0.8539052595517399,0.9230428632170004,1.2659644374026198,0.7820068867537175
17150,2009-07-01,0.4802824291964124,0.3953934669025364,1.3784839939900355,1.4119956902322288,0.8787718912010161,0.998204081640977,0.8772587255215897,0.9535134362238845,0.9494548630399812,0.7820068867537175
17150,2009-08-01,0.14158608611303578,0.04589477569722064,0.9568130108524405,1.0661842630394625,1.0438493621316072,1.1655009949519974,0.8446048686666457,0.9520664260616584,0.45728575162375457,0.7820068867537175
17150,2009-09-01,0.3120175680414103,0.041028368364837454,0.3826337141124571,0.40402235325917757,1.3336523646591916,1.4867847824609668,0.8157661897223711,0.9337377743543637,0.2699312797825837,0.7820068867537175
17150,2009-10-01,0.07436972462777103,0.14860252878630484,0.24285334443472978,0.19439523928612912,1.1040484502456929,1.1565265791332853,0.7520140858575162,0.8338417001691435,0.010561384865259373,0.7820068867537175
17150,2009-11-01,0.3274486267901776,0.3900422834718737,0.2574495884612729,0.27072649804223703,0.8623474312273114,1.019981507884674,1.0356558474945634,1.136095902478643,0.20126748991686264,0.7820068867537175
17150,2009-12-01,0.6441089274394678,0.6652344767662052,0.47003779213375524,0.4870319364415791,0.6495001231048574,0.6606227384307637,1.34842278448903,1.3615164034427933,0.4370949846138842,0.7820068867537175
17150,2010-01-01,1.4291534258768441,1.4754862817437329,1.183503647136571,1.1934644661370544,1.2311804297669462,1.1997778341349534,1.5188644462416825,1.3875168899635235,0.9888180431869448,0.8180417759124541
17150,2010-02-01,2.091055954431837,1.921841907566175,1.8667051558912438,1.7220665749323376,1.8247742295012332,1.6639048860805985,1.8059353372977847,1.572344306391584,1.5347252212586597,0.8180417759124541
17150,2010-03-01,1.4762947545385794,1.4786168488006584,1.491026411715946,1.4455820265310315,1.3607641488886995,1.3562389751556263,1.3964248577249312,1.3263630597897675,1.8345579842010982,0.8276041153933821
17150,2010-04-01,0.8770793071320319,0.8711966253996639,1.460558152273983,1.4980769018188473,1.2938320198450861,1.315057504550262,1.3404213762094437,1.28931101607534,1.6760474742533014,0.8276041153933821
17150,2010-05-01,-0.5253927247482117,-0.672119294727925,1.4014079380232225,1.3701709031275853,1.3224710226428986,1.3200787267406215,1.2667430931178387,1.2241722069603211,0.981672412538108,0.8276041153933821
17150,2010-06-01,1.1639643127105739,1.1107673106810076,1.768805503252073,1.7401592477772445,1.7679023447654152,1.6781680305725373,1.608591916044569,1.5311851228910653,0.6958449196001596,0.8276041153933821
17150,2010-07-01,1.448713939208272,1.3423659528535432,1.3784839939900355,1.3377333098399151,1.804981392862039,1.778865242176801,1.6110965222878304,1.5509547388317082,0.8309713523331211,0.8276041153933821
17150,2010-08-01,1.4788231175932043,1.264694502885074,0.4111741992306217,0.32510818292982097,1.7242842820041613,1.6500707893835198,1.6040851577002002,1.5456089844320329,1.557905652873568,0.8276041153933821
17150,2010-09-01,0.8025036959749114,0.6716850004207208,1.204781810924315,1.081098494064282,1.8243181149265646,1.8028492015285351,1.8020291803437418,1.696962629869353,1.4488599989902895,0.8276041153933821
17150,2010-10-01,2.3885158836868277,1.8013431356946505,2.6680580941465273,2.2490478746468687,2.3476770199193373,2.0880829268952206,2.4946428602525366,2.229944265136521,1.937381658415979,0.8276041153933821
17150,2010-11-01,2.18380196428916,1.964219691619251,2.4830056832829595,2.091092107704827,1.6443039260781398,1.5882661761289576,2.2008095552513622,1.969663934550426,2.0855515999289747,0.8276041153933821
17150,2010-12-01,1.974868195094416,1.7609458404687661,2.146585726608128,1.8831642816147902,2.2473737961821927,1.8729485568347257,2.3160270560094496,1.9988178134358512,2.453551627242752,0.8276041153933821
17150,2011-01-01,-0.22897581566085026,-0.3838237605370712,1.5911903764460742,1.4922892941378791,1.9493679885634976,1.7330481398711697,1.718344543527901,1.480199954348984,1.5099258200389036,0.8656781844563757
17150,2011-02-01,-0.057902290338517085,-0.03927916293975934,1.2374805691710762,1.2688804456561373,1.6455938736657703,1.5422054099037124,1.136447509338786,1.059553900066725,0.7087151836006256,0.8656781844563757
17150,2011-03-01,-1.247658143212762,-1.2966789260680356,0.7083298834311724,0.7839488297166389,0.8133706455464268,0.8488249561612071,1.1275082908029663,1.0851903244508494,-0.5622539979914212,0.8749907341475217
17150,2011-04-01,-0.550110710664492,-0.47996844020814716,-0.5422552080708948,-0.6459403773328405,0.9441845246647484,1.038408375852637,1.322709715605305,1.3190617598756504,-0.7256606367177846,0.8749907341475217
17150,2011-05-01,-0.11834563769442172,0.10917956761305514,-0.1490283318563415,-0.05459976859505059,0.9284739357059453,1.0759844688837015,1.248730121892895,1.2875704106755383,-0.9093717472534901,0.8749907341475217
17150,2011-06-01,-0.08781581603205135,0.14805428490459857,-1.1898596374636166,-1.1607788260449339,0.5756332478107583,0.7354682745829281,0.6897264467913347,0.7874905573741708,-0.3389782711548517,0.8749907341475217
17150,2011-07-01,-0.6938879261858919,-0.731279017764953,-0.9217275775190159,-0.8886367338896546,-0.7829815466283762,-0.9064661163684556,0.7197545470939667,0.8228832859281733,-0.35885789318624023,0.8749907341475217
17150,2011-08-01,-1.1450366017211762,-1.2144506321998392,-0.6689003047818132,-0.5864830815065964,-0.4674417597809285,-0.4469212661871535,0.7010412054185134,0.8520244297613203,-0.6992207763169941,0.8749907341475217
17150,2011-09-01,1.1948226365905168,1.3705673975629165,0.7570657844162647,0.8400202244932133,-0.4831176953921065,-0.4684858361251422,0.90504733919442,1.0602103635384168,0.14681242612264425,0.8749907341475217
17150,2011-10-01,1.7317086809106415,1.5144980782707862,1.2100046558778645,1.305107194232731,0.5057197513328615,0.7034315736324761,0.19923896082669057,0.29878832895693036,1.3606161115770767,0.8749907341475217
17150,2011-11-01,0.8310386391548704,1.0785867043127941,0.3152107775733013,0.5437493976468832,0.060298594053811584,0.40782050118070895,0.026696483989266738,0.2334727213783466,1.55204270535607,0.8749907341475217
17150,2011-12-01,0.7102606930453881,0.9706263438742826,1.2058158054993688,1.3738099227717346,0.9476335958330904,1.1482351027460989,0.04326983926611669,0.2967295694136886,1.2820909413300727,0.8749907341475217
17150,2012-01-01,-0.1213191173097391,0.0890680352615545,1.0186977860136903,1.2541131679280677,0.7194254638054605,0.9612348555649749,0.38355444663827915,0.632506924444716,0.5150398147712727,0.9153650878428138
17150,2012-02-01,1.2263565661510827,1.4489190463297748,1.3813001795178608,1.5827676530615542,1.0884643028048753,1.347784929264378,0.8432503967076104,1.06891261654116,0.6813181527353096,0.9153650878428138
17150,2012-03-01,0.37249295632808604,0.5612227862329388,0.6044506684282979,0.9378978079100518,0.948280225498665,1.239121551508719,0.8186827991076411,1.0807865476184038,0.5552245373510104,0.9244286998588878
17150,2012-04-01,0.6939378581807181,0.866440983049311,0.29275539109608595,0.5826859768769976,1.0737020231601218,1.3579409043089476,0.8484652862340603,1.1016603373118181,0.8597203093678678,0.9244286998588878
17150,2012-05-01,0.7230425193997134,0.854839494174487,1.2361861223077324,1.4097781673896108,1.3691382336816058,1.571691903558636,1.1396632978734271,1.3507942888216211,0.6739107543458459,0.9244286998588878
17150,2012-06-01,0.8308765862968225,0.7748534093423389,0.6337761022205367,0.8125961587066444,0.8247674118133458,1.1140765255427207,1.1208659990298384,1.322030633050238,0.8844449678032816,0.9244286998588878
17150,2012-07-01,0.4369241900827556,0.21548950265963301,0.7355966870891129,0.7798524846628562,0.367396056538084,0.6017103371355906,1.1077027530488688,1.3172127099018698,0.8245707612229869,0.9244286998588878
17150,2012-08-01,-0.768357061136029,-1.4147326433507452,0.27754694422426557,0.18821521306314767,1.009236605334468,1.1828954686712947,1.177918106807705,1.3833705768393587,0.3588584784533048,0.9244286998588878
17150,2012-09-01,0.0761871755503251,-0.8782087158971827,0.43898909868301056,0.20930339536158346,0.4440527032379432,0.5505556202970313,0.6596429461610321,0.9059411002762636,-0.20209589075575596,0.9244286998588878
17150,2012-10-01,-0.22060090307279612,-0.45693392019041495,0.016418169835815774,-0.34572519480286285,0.4448658871912963,0.39477406367065054,0.21292298366823514,0.3115987379100242,-0.7515032253736679,0.9244286998588878
17150,2012-11-01,-1.32735912077773,-1.627874672524198,-1.9027798144629955,-2.3798013361723407,-0.6263630279639903,-1.0241293620066494,0.47893172991505684,0.5186954445652566,-1.1076224230554494,0.9244286998588878
17150,2012-12-01,0.1354803507717295,0.037166316203397116,-0.16766755245890316,-0.4580611388548547,0.28775417285684596,0.051828474530099734,0.4260408350006664,0.4228717733704062,-0.5725067278473991,0.9244286998588878
17150,2013-01-01,0.7119617433293343,0.7376340912735829,0.4313837494102824,0.3250177950596993,0.539263628854179,0.35945446124822084,0.7864740774388822,0.7387915801746665,0.03286964203083758,0.967421566101701
17150,2013-02-01,1.5339105180445884,1.5397569854220974,0.7051664878934,0.6439873934973498,0.43049464890142136,0.2513260304309604,0.6847598478025532,0.564139521617559,0.9109155661274551,0.967421566101701
17150,2013-03-01,1.1965644586385877,1.2019874975561942,0.9529301416256326,0.900006056379329,0.7722889872518582,0.6601580299567935,0.9636635462331063,0.7859906307939603,1.2796288433109724,0.9762363202907715
17150,2013-04-01,0.8882222476920903,0.8711966253996639,0.9827303755258727,1.0060362605674307,0.7646801464637772,0.6946038002514805,0.8227094022626535,0.6604407836207655,1.363260391330848,0.9762363202907715
17150,2013-05-01,-0.17288823333166092,-0.3746857033803491,1.079113504739877,1.0740364007696472,0.47012454170969653,0.3528286576560281,0.24613697328903272,0.001875958644892708,0.9074458569667344,0.9762363202907715
17150,2013-06-01,-1.1461193395225289,-1.4085231279513688,0.6831136001851825,0.6316409202510614,0.5330871540915955,0.4246960953522003,0.38603738592946363,0.1945197037632966,0.13271210679220277,0.9762363202907715
17150,2013-07-01,-1.551950446711048,-1.6436248265947773,0.22097836890310915,-0.001689246948495747,0.5593356215596798,0.5039754092208797,0.3956520594231502,0.2473988384015363,-1.111044877529011,0.9762363202907715
17150,2013-08-01,-0.613553308945445,-0.8769741832683636,-0.559581878778291,-0.9229808966144751,0.8684703807550928,0.8567706694727866,0.2982692343447905,0.10969665573689617,-1.4378061042221426,0.9762363202907715
17150,2013-09-01,-0.21681093690101683,-1.0194244591142738,-1.5222064903771773,-1.6654508194542768,0.4194763480947104,0.32767803110499927,0.313857324062747,0.1622134004633119,-1.709625941031904,0.9762363202907715
17150,2013-10-01,0.3769857909424353,0.520182779951563,-0.6362991611377433,-0.8020376096817091,0.273583499263653,0.1697108528645944,0.5731997996305733,0.5403692067309203,-0.3313096164600481,0.9762363202907715
17150,2013-11-01,0.9033111493720025,1.0229170695575294,0.5109126625616306,0.5697299871900053,0.17579441399425094,0.16326186917324012,1.1076424579650583,1.1286515309139964,0.49143979989918335,0.9762363202907715
17150,2013-12-01,0.14868571612818615,0.3929278908718745,-0.27509558066925455,-0.11907157369203454,-0.8560198505175806,-0.8427159473988272,0.4127525704318033,0.4396142309786743,0.5141805422703787,0.9762363202907715
17150,2014-01-01,-0.7916120574696404,-0.8513794886710679,-0.6019405322168425,-0.5806863760586968,-1.1965523829529663,-1.275641827821075,-0.2253808624383453,-0.35218461487648667,0.021895836623301017,1.022241387477896
17150,2014-02-01,-2.300840051368257,-2.3283149793420264,-1.056328449091117,-1.0982154990860546,-1.2758443033648263,-1.3745750390493625,-1.3021093463047024,-1.5420650351183658,-1.1396716197895547,1.022241387477896
17150,2014-03-01,-1.5184653835391124,-1.7476173009949854,-1.0269011994958308,-1.1118119339051111,-1.2328049141901445,-1.3717939022813923,-1.7086525092837395,-1.760609402454582,-1.7343009599972767,1.0308064799022894
17150,2014-04-01,-0.05284662633285042,-0.1852527102664025,-0.6736463041655251,-0.8290876309616422,-0.5487915801599986,-0.6400450788775023,-1.0008900240620298,-1.1700353578812612,-1.6467087366112088,1.0308064799022894
17150,2014-05-01,0.7907448207525376,0.8738646751768997,-1.1271309994160585,-1.278816910558228,-0.45828025630616126,-0.48737425708088195,-0.6636961111995836,-0.750529928912776,-0.3564152565948225,1.0308064799022894
17150,2014-06-01,2.070115402415325,1.757684282370863,0.22580276649896247,0.15131789099980913,0.15081256672795418,0.23762569826517702,-0.04707690700105498,-0.012286408414055547,1.0752133594131263,1.0308064799022894
17150,2014-07-01,1.4158762282352426,1.365402204793947,0.6852972551479798,0.65631338558561,-0.09103997950914838,-0.11711479308209494,-0.004065340743978885,0.03338486385925326,1.632691164627834,1.0308064799022894
17150,2014-08-01,1.8631973748104915,1.6100067822080226,1.5808323791440748,1.5658995489143952,-0.2645132371918035,-0.3363409993910678,0.17957839617455537,0.24297827975991412,2.097505997304786,1.0308064799022894
17150,2014-09-01,1.5077027078562484,1.7511719554932403,2.4967985944465485,2.1226697271698867,0.9170075850263922,0.9857456378298756,0.7511965974206823,0.8912424741708159,1.896628828050908,1.0308064799022894
17150,2014-10-01,1.9343900885991459,1.5933010067134956,2.2484956668326603,2.02551651289045,1.59219650775649,1.566816145965689,0.8536795533695624,0.9524492427875688,2.0616608832719128,1.0308064799022894
17150,2014-11-01,1.3046918034135624,1.3422953096816472,2.055795820475112,1.875379076691822,1.9051490086686496,1.8424432314464776,0.4258469852296725,0.4897935876303041,1.8964391864712788,1.0308064799022894
17150,2014-12-01,0.5765246316437476,0.6136136300481096,1.415593130888213,1.384826574195897,2.1634876820260835,1.866364401697245,1.0092045818231326,1.0059122907539528,1.4714954404792842,1.0308064799022894
17150,2015-01-01,0.08959102695412532,0.06707124550352885,1.3611547579741043,1.3587110308607926,1.7456736709735163,1.6426433420977768,1.2822001479403937,1.2037306834313508,0.7025994268089805,1.0803193408149558
17150,2015-02-01,0.4960145133822511,0.5666927289463877,1.0750225290237678,1.1386956212008565,1.6756728211220895,1.6057454353810292,1.5775667185260305,1.4303153497664325,0.40585189391314025,1.0803193408149558
17150,2015-03-01,0.23286318901795314,0.22342976169662854,0.40619834948615957,0.4337304399002118,1.0013993043992164,1.0641743214806707,1.6675277701715592,1.585781906368462,0.2794916616717815,1.0886329293768884
17150,2015-04-01,0.29583679215964154,0.3676335924191813,0.17937976861714433,0.21581759863378877,1.1247303864809401,1.226274825867013,1.474477308153185,1.4785108901437256,0.3808562581440522,1.0886329293768884
17150,2015-05-01,0.31555872086525544,0.428119246350778,0.4958446836675718,0.5669709869312097,0.9597808933289598,1.0640751675467568,1.4268163348851783,1.4260622044058968,0.32537779577226184,1.0886329293768884
17150,2015-06-01,1.4550456822407778,1.3959877293032104,0.8672020489633142,1.0109066311158386,0.9389643032785591,1.04919590789378,1.4150771635002328,1.4391590943264994,0.7998905590951696,1.0886329293768884
17150,2015-07-01,1.2472976063199819,1.2126035851334596,0.8342068323915566,0.9114850225406229,0.5738670177801364,0.6914441481519391,1.3962550542420598,1.4453347584817697,1.164609860030846,1.0886329293768884
17150,2015-08-01,1.3780320750695645,1.2728374850523019,0.9114675510007287,1.0175699530341973,0.8470251610085731,0.9544278136482933,1.2409293521966924,1.3292871687498464,1.5764723921422321,1.0886329293768884
17150,2015-09-01,0.6309450894869056,0.35282108987981525,1.3028449231451265,1.2384413215209387,0.8874229092789437,1.0147537525920645,0.9492131099159536,1.0277126999821464,1.2654542604641004,1.0886329293768884
17150,2015-10-01,1.4502857446744284,1.2667180378534122,1.7531575491316058,1.6356996820019873,1.3626713131760302,1.379410151454084,1.0676137938724966,1.1360367230280577,1.4191090223428264,1.0886329293768884
17150,2015-11-01,1.4367089551680663,1.364936649908934,1.8482447694603978,1.6812434447538804,1.485189107740905,1.5102145650109216,1.29995419144525,1.3307519412947801,1.4195232268187217,1.0886329293768884
17150,2015-12-01,-0.09929920687859782,-0.011221363525718717,-0.02446063940882532,-0.05638779409841486,0.7924885488161668,0.8380783466033009,0.6799894127208087,0.7663602768340431,1.0551595036299177,1.0886329293768884
17150,2016-01-01,0.12419421214647865,0.2435765700187981,0.956951460865696,1.0216758556914316,1.3366210172720203,1.3352875151364234,1.1319315995088135,1.1279394739652755,0.5150398147712719,1.1422903927149712
17150,2016-02-01,-0.022986117218667234,0.019391061276363846,0.7791341560247881,0.8285236402127556,1.15190592924196,1.1672352831146844,1.0411150195558208,1.0214732221534673,-0.02061481330881974,1.1422903927149712
17150,2016-03-01,1.3901742314748886,1.3984887031108593,1.0159693781487489,1.0696231468171087,1.0211982865132225,1.0405478703232771,1.4182054750503759,1.3664500443937995,0.6385988657908959,1.1503493803760079
17150,2016-04-01,0.2693063573953297,0.01644099613638039,0.18754971288130487,0.12568563691900084,0.8050514614621846,0.7901636727638774,1.124249868913568,1.0695916627879596,0.7350500280434404,1.1503493803760079
17150,2016-05-01,0.7093364546816644,0.7060519497442037,0.33539672820656125,0.3350417290890331,0.8969887466701567,0.9189973842691535,1.182281816707207,1.1563333080923468,1.0273616593118564,1.1503493803760079
17150,2016-06-01,-0.6929797592137377,-1.0047755779839411,1.0061014155816472,0.9766730219063371,0.7014844737441948,0.708547295537374,0.7280661394742496,0.6855312642877477,0.2665148892103143,1.1503493803760079
17150,2016-07-01,-0.00851329071966151,-0.2343243219959063,0.16272965137336157,-0.20478963882528817,0.12294199955058428,0.009762442506271106,0.7389186299175245,0.6943719764607711,0.12474512081102156,1.1503493803760079
17150,2016-08-01,-0.5655385910910136,-1.085457783272242,0.3181907882683417,0.10332007473171016,0.11593649661176032,-0.008626436368482338,0.7326081173486803,0.6938584072537247,-0.5876709304734171,1.1503493803760079
17150,2016-09-01,-0.7721079250676214,-1.8810983633892757,-1.341293474259498,-1.6701858204570565,0.6749559948417437,0.5969585103617104,0.41765776337307037,0.36210961801831804,-0.7819558356878527,1.1503493803760079
17150,2016-10-01,-1.2301972591405892,-1.4609219980946957,-0.8830911161946964,-1.1867612009977277,-0.3648680926325489,-0.807782204420189,-0.21856271049779072,-0.4386807112468861,-1.8411241519600345,1.1503493803760079
17150,2016-11-01,0.19752531457805286,0.26620518626133305,-0.15744625928837072,-0.29960325160312357,0.28857450359949827,0.21577680072834574,0.21131596312107095,0.13025268842721419,-0.6310493575202127,1.1503493803760079
17150,2016-12-01,-0.08490893505227697,0.09394891052214516,-0.6460673798713183,-0.6330466902994497,-1.013215098027878,-1.148493745238285,0.5109716825967325,0.4860346401191983,-0.29036709207574524,1.1503493803760079
17150,2017-01-01,1.0679153996497666,1.3321299381746916,0.4887588861333067,0.6907876724926103,0.4242245013680721,0.5412145131085565,0.511426912681221,0.4952930867531748,0.5294390987044654,1.208990053570921
17150,2017-02-01,0.38968843475628334,0.636281402875642,0.3747494783801685,0.5920018482358124,0.12786011440389566,0.24739928050447496,0.4535144040765787,0.4926017415110244,0.5214045097951475,1.208990053570921
17150,2017-03-01,0.7923693783776707,0.8953182226892998,0.467966529308672,0.6457325000962085,0.16390727092972213,0.26737636259104874,-0.09517429472454976,-0.14873216588608915,0.8156088668939929,1.2167897772018257
17150,2017-04-01,-0.43004752991899264,-0.5600991085287248,0.5055807597692296,0.7228071748141346,0.10644481960494992,0.23490999212850813,0.05391603275654402,0.08995424347975761,0.38515977697867665,1.2167897772018257
17150,2017-05-01,-0.24732447570212307,-0.2576083732700706,0.14318525808286411,0.31012254849090043,0.16741400715876026,0.3462986169190951,-0.03254527655200036,0.040884268664995616,0.21135621193422943,1.2167897772018257
17150,2017-06-01,-0.4831296116703,-0.4814535713516902,0.45643295603362455,0.5616234067365946,0.21880918607482422,0.39453177690878327,-0.04707690700105498,0.041850615807988434,-0.4861123777093876,1.2167897772018257
17150,2017-07-01,-0.21831166771229082,-0.3432204071356226,-0.5591236027515961,-0.7500570660588983,0.367396056538084,0.5626441614766967,0.010825344477956121,0.12831311057021347,-0.4415602774667357,1.2167897772018257
17150,2017-08-01,-0.050451277380351045,-0.21907501480048236,-0.38618987661827286,-0.5172345173044925,0.03217508208913597,0.1506212217602941,0.09389965434967235,0.2261848132489294,-0.43273797315937296,1.2167897772018257
17150,2017-09-01,0.0761871755503251,-0.6075733536343061,-0.7002401281800567,-0.8431823889070366,0.2690755614390431,0.3297786615774861,0.07150833597350449,0.1948559887155152,-0.36132034909971444,1.2167897772018257
17150,2017-10-01,-0.12369329741704843,-0.044756641020080486,-0.37813269970988855,-0.4909743801227558,-0.6447061613177775,-0.8248210570194313,0.24015963404292834,0.3826623941706679,-0.36436583686583734,1.2167897772018257
17150,2017-11-01,-0.8064433842721682,-0.8060225828819969,-0.9192383015287159,-1.0106719660341268,-0.8813680530839325,-1.008874601343551,-0.2953026357573489,-0.23200862313574597,-0.6975352725531601,1.2167897772018257
17150,2017-12-01,-0.26303965660896544,-0.25723572943202044,-0.5572261404715223,-0.6592877673317586,-0.8145048551137772,-0.9151333232825718,0.08103508591925125,0.09963256438822998,-0.5725067278473995,1.2167897772018257
17150,2018-01-01,-0.8699766779379543,-1.019531045165152,-0.9670342132845119,-1.085195461081595,-1.1051283976815793,-1.247403823775782,-1.3660972458173868,-1.7191531628169683,-0.8105024258098928,1.2815515655446004
17150,2018-02-01,-0.4712604924355748,-0.6653398208957805,-0.8613598104035983,-1.0316988991243334,-0.9529099243121516,-1.157091458735342,-0.9893830074088151,-1.223993379446894,-0.6636109930869893,1.2815515655446004
17150,2018-03-01,0.07574844104339325,-0.11095393555500703,-0.24584758874489696,-0.39321483919670064,-0.3919259760161896,-0.6062434945443871,-0.5826311591196186,-0.8005949347485315,-0.5038587526962505,1.2890853356658607
17150,2018-04-01,0.2155841387773944,-0.017553673119333413,-0.5515365355245808,-0.8552060302576967,-0.65350891490625,-0.9438406356698427,-0.7647036287708184,-1.0585473472252054,-0.10643274301952212,1.2890853356658607
17150,2018-05-01,0.07311423183163972,-0.17140475403705605,-0.3659885977730784,-0.6882691344315371,-0.7127682159098427,-1.0284681328955299,-0.7951593303304599,-1.121349750166508,0.13597913119563487,1.2890853356658607
17150,2018-06-01,0.2186911103416468,0.07800735350294842,0.06753081242190168,-0.17437734244782596,-0.21016288126810512,-0.41839566285582563,-0.3300168908933108,-0.5908195348225564,0.22719929459498847,1.2890853356658607
17150,2018-07-01,1.5615051161337892,1.3965412885017439,0.9586835501620314,0.7885857313253197,0.08387078669885496,-0.11911653901788932,-0.026494003510473346,-0.22246802770636173,0.7130835528257035,1.2890853356658607
17150,2018-08-01,1.7382320130337656,1.4791065852507848,0.9960510599102675,0.8615810834538005,0.26709763153824717,0.04408401129833612,-0.10131619875349973,-0.3563800792881311,1.3431860026630207,1.2890853356658607
17150,2018-09-01,0.8612389719598863,0.8175859353239706,0.568792680968153,0.35064478227185086,0.28180798208811525,0.060551536751561115,-0.005448130958211127,-0.2137471910375594,1.601832777633002,1.2890853356658607
17150,2018-10-01,-0.7482227531795285,-1.0495456860848034,0.6256768361877069,0.495421281562447,0.49277567099373076,0.25532182514711793,-0.17705395603758972,-0.4965009533961863,0.8558256688376182,1.2890853356658607
17150,2018-11-01,-1.0372137409174123,-1.215933489939498,0.32237072014034207,0.16369383570507878,0.1809784146204262,-0.061864368823698376,-0.14993590814581584,-0.543911119279706,-0.5410225699287735,1.2890853356658607
17150,2018-12-01,-1.1684336918745308,-1.3182374011718656,-0.6236603077683184,-0.8131802077270122,-0.45722111702523655,-0.7269731337401919,-0.30200989779037274,-0.6672283562318279,-1.342910893281208,1.2890853356658607
17150,2019-01-01,-0.2773144329020528,-0.346683912088264,-0.6650100747922089,-0.8313429782305537,0.14258637302528615,0.005366850464713933,0.28591875867573385,0.07894330223435896,-0.9002116423389095,1.3615709340755844
17150,2019-02-01,-0.1999773987555219,-0.19632443602951297,-0.7454143297262265,-0.8892369804251249,-0.054037068848763636,-0.14045236786685328,0.01219541447248139,-0.18579871533580422,-0.5574028912211183,1.3615709340755844
17150,2019-03-01,-0.2788108410123657,-0.4457862781387181,-1.0062252730486614,-1.1952753124060886,-0.7030017093317084,-0.9472213950655817,-0.612503575564816,-0.9007044600787891,-0.3237570590752045,1.3688293262216265
17150,2019-04-01,-0.4133089261313714,-0.5256297930349586,-0.505285329989653,-0.6437592587998077,-0.8012692510482758,-1.0259830629721924,-0.1712146398759906,-0.3589316110642365,-0.37208517310710054,1.3688293262216265
17150,2019-05-01,-0.1545885205641724,-0.22101806770802468,-0.27966485279369346,-0.34699817099318275,-0.7302510089322436,-0.9281544938672097,-0.14687906322456842,-0.2756892133188055,-0.3829493944294191,1.3688293262216265
17150,2019-06-01,0.36974017162609285,0.3092159962475173,-0.157377521642328,-0.3341054994794756,-0.8284241965318188,-1.0693970683374974,-0.5520682203797075,-0.8114291320470992,-0.10665708324467647,1.3688293262216265
17150,2019-07-01,0.4802824291964124,0.30446037298238166,-0.14500888490356437,-0.34841381093728063,-0.35479038870285623,-0.5176795725863118,-0.6324843469162154,-0.8871268669691492,0.241022326040465,1.3688293262216265
17150,2019-08-01,0.5487559408843017,0.4077728072830989,0.0226088014561983,-0.11801299983278836,-0.19294990540273274,-0.3034537721677366,-0.6254696323946188,-0.8728564681065281,0.47484913242012095,1.3688293262216265
17150,2019-09-01,0.48341797700700373,0.2510554531320164,0.32519580728669867,0.18962536051467013,-0.1504534007728857,-0.3392349956010753,-0.7764534989152485,-1.0322219914008484,0.534691306243546,1.3688293262216265
17150,2019-10-01,-0.054867692600841754,-0.12555421371004905,0.15470210292105846,-0.06860625998682983,-0.25176197711965087,-0.5055562001552067,-0.40497335085280867,-0.6354335690492081,0.23743927856907962,1.3688293262216265
17150,2019-11-01,-0.5486075339417966,-0.7765205395093253,-0.29002706105101556,-0.5950044082009776,-0.3973535811232396,-0.6772629956819647,-0.4084628190952429,-0.6742743616697443,-0.26798776894833326,1.3688293262216265
17150,2019-12-01,-0.5389783309957884,-0.7430437838424095,-0.5280687372947472,-0.7318209938966328,-0.2833485586357921,-0.5059585142614638,-0.4500868250489773,-0.7598255466685958,-0.5809523162728164,1.3688293262216265
17150,2020-01-01,-1.0427419512258012,-1.2149503649314095,-1.090130497485019,-1.3035269666429614,-0.8675659063483557,-1.1577062746963103,-1.0281070324888877,-1.5383242505277543,-0.928218502325492,1.451406622807292
17150,2020-02-01,-0.6519714452874262,-0.757270566639523,-0.8720174492728203,-1.0863382166534947,-0.7570176739127713,-0.9990252602204626,-0.7377699604519661,-1.0319608573099115,-0.9066890887142991,1.451406622807292
17150,2020-03-01,-0.4164338648878343,-0.5825077261519339,-0.7945598868759263,-1.0174938585299045,-0.7438559889059952,-0.9934154552408507,-0.5826311591196186,-0.8409581526526816,-0.8502562597316332,1.4583763270590433
17150,2020-04-01,-0.15796240127897393,-0.224698027516934,-0.9264689874511923,-1.1363329531813107,-0.9819827349961574,-1.2373837630689462,-0.8270825405102202,-1.1039255288215202,-0.5443772620261724,1.4583763270590433
17150,2020-05-01,0.13971409357106582,0.2194067873881174,-0.46421023919016946,-0.5367543668385595,-0.6866705757192442,-0.8832579327069782,-0.5990717564856187,-0.8070154781171436,-0.2401390764963787,1.4583763270590433
17150,2020-06-01,1.2776173882525845,1.262710432654147,0.28019684202912415,0.3271723041001251,-0.1617263271945464,-0.2352081015875592,-0.13700014338637614,-0.215886845652034,0.49469056379456744,1.4583763270590433
17150,2020-07-01,1.325779432432799,1.2862943901297148,0.5574980461586677,0.5671355075026451,-0.3497367147147724,-0.4617690317581821,-0.42138321905138487,-0.5809011886204739,1.0542179434095227,1.4583763270590433
17150,2020-08-01,1.002090606968224,0.9510391043108273,0.5347476881970243,0.6169505585710041,-0.1787721297035021,-0.21648633609319684,-0.41278503528959093,-0.5840076725500567,1.3937994620324425,1.4583763270590433
17150,2020-09-01,-1.206127708972954,-2.3572188135561514,0.5701303829401202,0.5157215903157516,-0.08894146539027956,-0.19778566010751764,-0.457964744183098,-0.6653403183468056,0.7799304000100477,1.4583763270590433
17150,2020-10-01,-0.929482289397115,-1.7180518332026105,0.37795757534265056,0.21456195545276513,0.07847920431303361,-0.08958810436916026,-0.6378573804031736,-0.9219163184301995,-0.4461923997051345,1.4583763270590433
17150,2020-11-01,-1.6149902314335505,-1.815784601170705,-0.8069477444798124,-1.1066324345259986,-0.5333145136921703,-0.7368913328310855,-0.8680684669734932,-1.1517099655822438,-2.145360799832654,1.4583763270590433
17150,2020-12-01,-2.0908142603226882,-2.400519248629633,-2.499134748486058,-2.678113870592047,-0.8755850317113683,-1.1454986249360786,-1.055989378385591,-1.4274120216322315,-2.0578793108597284,1.4583763270590433
17150,2021-01-01,-0.015147686972098092,-0.1252562320636342,-0.46669956517667505,-0.7637393653082312,0.1720179053807616,-0.020288794518257637,0.12181770963297651,-0.050683656763728435,-1.151980738718323,1.5547735945968535
17150,2021-02-01,0.6517757825103768,0.663590617990728,-0.22635144895479842,-0.4475390566105715,0.027146875563055967,-0.1393929871182671,0.10953993728129263,-0.01690676587870699,-0.21951882247418997,1.5547735945968535
17150,2021-03-01,1.3094816549406696,1.3819593370075633,0.24861658530882064,0.19677508271936786,-0.07383149931908581,-0.256883808398874,0.4327023904784133,0.3437478858070872,0.782906815073536,1.5614354093618503
17150,2021-04-01,1.1873735996497543,1.2897982410084174,0.7112967481773611,0.7970072201455142,0.351644625005038,0.28239611351210686,0.7420957723051058,0.6888992262182846,1.2004941857797955,1.5614354093618503
17150,2021-05-01,0.9351122954360739,1.0760253823212216,0.9382302397537959,0.9890164754841304,0.24657121926681402,0.17494160944306084,0.4293989176929221,0.3735221267810649,1.3275142081376274,1.5614354093618503
17150,2021-06-01,1.0762692282614945,1.0727757690487338,1.5773718455765298,1.6434545673207994,0.617877802522632,0.6492061686265048,0.3285870728946898,0.2666355596524835,1.2292204409085479,1.5614354093618503
17150,2021-07-01,0.1006629504417096,-0.051117206520060826,1.0277865012483607,1.085175258709184,0.6560842727868192,0.7223525952729026,0.336449568398924,0.2623781103526082,0.9335824441946481,1.5614354093618503
17150,2021-08-01,0.6067494859625008,0.4772760312184205,0.9725567244112411,1.0464683352386661,0.9911483402146228,1.034919067520019,0.33534139270513974,0.2362714104410428,0.7172359974270303,1.5614354093618503
17150,2021-09-01,-0.3802145175816933,-1.5126522466908996,0.48607924743610786,0.40402235325917846,1.295580115457818,1.4091119207801184,0.3722104178762638,0.33587696035428016,-0.009921924795396093,1.5614354093618503
17150,2021-10-01,-0.010616505160614886,0.06047605206575457,-0.07372389240134022,-0.19442753192668374,0.7736124123774252,0.8400927952280772,0.5314943233489889,0.5594395618396826,-0.11833417201441458,1.5614354093618503
17150,2021-11-01,-0.03840971798376913,-0.03728912052535016,0.18993326324627616,0.12489238445967558,0.6725785735620669,0.7873767480820758,0.8661519710692903,0.8958950764429837,-0.2859372521210113,1.5614354093618503
17150,2021-12-01,-0.07059613475651033,-0.121135611803192,-0.5513767944954944,-0.7749191660422085,0.17018022993086887,0.08461584508343643,1.0223548602892063,1.0432849138091647,-0.11086772216705683,1.5614354093618503
17150,2022-01-01,-0.8046142916274824,-0.9805196461479567,-0.8466363355649923,-0.9959744991474317,-0.8265570596704349,-1.024936954689988,0.2293534318580825,0.21676184985197378,-0.4270543421523352,1.678070518220909
17150,2022-02-01,-0.057902290338517085,-0.05053898915059899,-0.11267006806276378,-0.11244258933783322,-0.028087990008692925,-0.057275981469859225,0.4495327090979362,0.47766856400135366,-0.3927011530887595,1.678070518220909
17150,2022-03-01,-0.05628850592325266,0.01623380250342323,-0.23705635644009657,-0.21309535094091167,-0.49147635255544814,-0.579794307575468,-0.017574462623525928,-0.04744791343521465,-0.37515647523914086,1.6843954831101982
17150,2022-04-01,0.463257674259114,0.6072421433267468,-0.3329601925942682,-0.3807617370046612,-0.40413123959196234,-0.4614793528313652,-0.4120803527890952,-0.5098731491357846,0.09266222229760504,1.6843954831101982
17150,2022-05-01,-1.2528575031158735,-1.2569854600137265,-0.6476557839819643,-0.695434015863613,-0.6007483824781249,-0.6525481279162013,-0.500299857724779,-0.5691685950546405,-0.18384695966177392,1.6843954831101982
17150,2022-06-01,-0.4831296116703,-0.6294488841200476,-0.37513665146043135,-0.3965625712895435,-0.46755112937945315,-0.5204061403502755,-0.6873221355479059,-0.8384432495726599,-0.33058773508942524,1.6843954831101982
17150,2022-07-01,0.41502128592495513,0.31417678842817504,0.5301207020949732,0.593274668996371,-0.2214700308032638,-0.26458268588002914,-0.2809756687738992,-0.32013795697148845,-0.6370074996139159,1.6843954831101982
17150,2022-08-01,1.4120566409601503,1.2592305876201815,-0.067048274521204,-0.04496324755999571,-0.14000961233494713,-0.14988563534083615,-0.15817075290435129,-0.1754440284266031,0.4748491324201213,1.6843954831101982
17150,2022-09-01,0.9773612211624872,1.0707793944150514,0.2517892941428675,0.11282298878473876,-0.021046832073851104,0.002639907182692609,-0.1663755943259322,-0.1887391388025622,1.164730133976319,1.6843954831101982
17150,2022-10-01,-0.8866471702015675,-1.1188458951794193,-0.359490873438536,-0.5807440826027369,0.06262956756201377,0.04510728260879167,-0.5016414479810029,-0.6470145983924067,0.7372927800521623,1.6843954831101982
17150,2022-11-01,-1.397342958087621,-1.5483193765772936,-0.23972638924790768,-0.4493541430988827,-0.9744183134635829,-1.171182669291478,-0.729498697154747,-0.9282390574978738,-0.6707165472779398,1.6843954831101982
17150,2022-12-01,-1.238116915891673,-1.5765392547418278,-0.5280687372947472,-0.7749191660422085,-0.7871316304477453,-1.0947401973256037,-0.6530745442957162,-0.8484942587999219,-1.5892455451793543,1.6843954831101982
17150,2023-01-01,-0.39952626042184336,-0.6383611633299321,-0.8228673074298334,-1.1081112107889455,-0.6436801499041418,-0.956284916950646,-0.14651012076630654,-0.3053374906920725,-1.1077220331934972,1.8339146358159146
17150,2023-02-01,-0.6651403258385216,-0.861947683912365,-1.3273465834340596,-1.599955822615908,-0.7376667235140191,-0.9924183961840215,-1.2318775334853125,-1.5209804465666403,-0.8278959196686669,1.8339146358159146
17150,2023-03-01,-0.2545264539405882,-0.42279572990139014,-1.0165515114982961,-1.2913569004265493,-0.6267419879130817,-0.9071834392389283,-0.8193576568710553,-1.1193382871289967,-0.5378315039534333,1.8398553707779424
17150,2023-04-01,0.5744566959769215,0.6448212909894687,0.021970148675609997,-0.09284888680713059,-0.312699672643238,-0.5214348956793642,-0.2143440812503926,-0.4336745436016581,-0.18752210556754756,1.8398553707779424
17150,2023-05-01,1.971694220873923,1.8698039659974057,0.7856213704895422,0.854648025547728,0.16015605701884947,0.12805530572421536,0.4996538559623145,0.48071700243585475,0.8471324238818931,1.8398553707779424
17150,2023-06-01,2.2815723334665288,1.90712919649707,1.058980491866787,1.1781358664935344,0.30083626520871976,0.30056676493436657,0.5335046706314052,0.546775394245193,1.7170452466825101,1.8398553707779424
17150,2023-07-01,1.4158762282352426,1.3796323455375643,1.1337204560393443,1.20603661227213,0.508218369734594,0.5317201851274397,0.2001005645948291,0.14560280217482044,2.1386442440186304,1.8398553707779424
17150,2023-08-01,0.0028783823325984072,-0.26699437053906167,1.7006586694480663,1.6667458194070481,0.6840222079761108,0.7185026924008006,0.09822234173596144,-0.008855721870488548,1.6893714971514457,1.8398553707779424
17150,2023-09-01,0.09228759535469486,-0.9360910152865585,1.7250157164671216,1.5746072512585592,0.8695832802572888,0.94643567059286,0.15533898885687997,0.04680861526887924,0.6551434159642914,1.8398553707779424
17150,2023-10-01,-0.41898103487245586,-0.8045015751897893,0.6394378587460902,0.5518331614841856,0.7352476052068593,0.7248303216013194,0.29143568264915626,0.17280381645348733,-0.52446371617359,1.8398553707779424
17150,2023-11-01,1.1007108713168534,0.9958696742893681,0.8959451448077893,0.7248637634917302,1.8871111265434877,1.7646922999870007,1.0445931768068701,1.0227794898526736,0.3902464666406785,1.8398553707779424
17150,2023-12-01,0.9111387944295616,0.85245593504566,0.6444145560718025,0.4418360831339373,1.7752757066093945,1.5411386645119702,1.1415930603410258,1.0940419845277165,0.7583100189226287,1.8398553707779424
17150,2024-01-01,1.2704788358852737,1.2442780567954244,0.8641476316910544,0.7176300048020225,1.3336375878434168,1.1861744098653433,1.234260506976101,1.1155275625884884,1.239612972635021,2.0537489106318225
17150,2024-02-01,-0.15218102929632313,-0.336920897861512,0.47819815646381786,0.33433627666077453,0.35873925054987804,0.1459964942060564,1.2651715603822853,1.1029944022578226,0.7398211117461684,2.0537489106318225
17150,2024-03-01,0.15010038820420593,-0.012541460681543621,0.5819364857883659,0.46000499371493414,0.4151783809602332,0.19043281375548443,1.3172394873457933,1.1733109611583405,0.45473258506946007,2.05921460987167
17150,2024-04-01,-0.4133089261313714,-0.7547926746046282,0.6661647058277587,0.5538578856382048,0.41377814487439923,0.170656460441504,0.8330260932934623,0.644654291727928,-0.1518010240794973,2.05921460987167
17150,2024-05-01,0.022150349927052334,-0.07461685079036903,-0.1490283318563415,-0.38129506262067964,0.35955810660091037,0.18699487069999776,0.26428365308291724,0.02396710015107661,-0.08069574893271053,2.05921460987167
17150,2024-06-01,-1.0160021423955097,-1.4668124199125827,-0.37513665146043135,-0.7514828755063749,0.18868833915428984,-0.07948537566730207,0.060110485579276694,-0.31449591922641257,-0.5129922220807953,2.05921460987167
17150,2024-07-01,-0.7937961153230271,-1.219016934771823,-0.8388004092807624,-1.3610266547854204,0.38236579961062767,0.12816162066386655,0.1757880715306753,-0.19599337749782558,-0.6937417188307894,2.05921460987167
17150,2024-08-01,-0.7148026445110275,-1.827515999697865,-0.4030715665274531,-0.9618226172165963,-0.4018578320688034,-0.8808300379616538,0.17249993078234654,-0.20534803385536968,-1.1271973288989519,2.05921460987167
17150,2024-09-01,0.4107877212184837,-0.3106054200013133,-0.7875405462967443,-1.3865318042962342,-0.39231157441061665,-0.926936484293476,0.1510327811104777,-0.22210350343376267,-0.722189297731385,2.05921460987167
17150,2024-10-01,-0.929482289397115,-1.4472046025673575,-1.4692956036903961,-2.0284119988822877,-1.287982876356263,-1.9233233990521745,0.07404285737802747,-0.32249169458555477,-0.8776766353221805,2.05921460987167
17150,2024-11-01,-0.5873132647308756,-0.7008042300676067,-1.0230046651530433,-1.5268470901816436,-0.7519452290237877,-1.2574157917139976,-0.6405644453446746,-1.2285707624268922,-0.6975352725531591,2.05921460987167
17150,2024-12-01,0.27745340519003614,0.30745611210361146,0.16316161830429488,-0.009263468022337374,-0.36617296566181956,-0.759634167496698,-0.1788794462581582,-0.6099473162273247,-0.3763131221834477,2.05921460987167
17150,2025-01-01,0.4511117502575885,0.46809497420118834,-0.026868035416767418,-0.16764009107110306,-0.3454738453404393,-0.6869313188352144,-0.4649154444372375,-1.090112475926994,0.1514856881422454,2.474739649219482
17150,2025-02-01,0.21513201629087073,0.2434390114551613,-0.16924742071082297,-0.2350836918269299,-0.4429957443511268,-0.7296457564810881,-0.3505550766792675,-0.6830107974845447,0.32562773798163186,2.474739649219482
17150,2025-03-01,-0.6027120725370931,-0.8389230627553863,-0.39771929636964043,-0.5533632129493342,-0.40895174706323495,-0.6980725638492588,-0.765460324417866,-1.167399707969678,0.007489336469126155,2.4794668853016666
17150,2025-04-01,-0.7501406356594005,-0.8659361090689636,-0.11394621839668692,-0.18784578557677825,-0.4547107692922126,-0.6662782574141606,-0.7294385758324887,-1.0698947862988508,-0.415725355861357,2.4794668853016666
17150,2025-05-01,-0.5676496166002045,-0.7343012227153031,-0.1398587345128881,-0.22524399623200875,-0.4171979066070599,-0.5725921394033598,-0.6393774713622882,-0.9733928737944967,-0.8537584843196276,2.4794668853016666
17150,2025-06-01,-0.5597207400324494,-0.6120136483711053,-0.9166538491814052,-1.166012880442267,-0.6492592057822242,-0.844811995350721,-0.631379171303278,-0.9490572225750941,-0.8387961863278101,2.4794668853016666
17150,2025-07-01,-1.0444274632502275,-1.378698918669449,-1.3013900147580726,-1.5291308964186243,-0.4482142720461173,-0.6797804255575489,-0.7684294134877525,-1.1207913439712598,-0.9571496425946573,2.4794668853016666
17150,2025-08-01,-1.384440284313553,-2.22594364998781,-1.2014752386900862,-1.6858384403359228,-0.48636193872336064,-0.7759974534493541,-0.7116464055493359,-1.0540229606319171,-1.1414219032878572,2.4794668853016666
17150,2025-09-01,-0.10578373251834726,-1.3693527539154915,-0.9015726955385647,-1.2236467711300438,-1.1395217423041988,-1.563780860180187,-0.8191586055661884,-1.1447704293236574,-1.6225390146190741,2.4794668853016666
17150,2025-10-01,1.1462436667238127,1.0891890674653286,0.4510450024638232,0.2935174771539974,-0.22968657348920737,-0.45979057274037743,0.08109720687169662,-0.05043390521667549,0.2838684807247385,2.4794668853016666
17150,2025-11-01,0.9319516276643536,0.9462905521668462,0.37212529762211427,0.1787457127599024,-0.14612421596867858,-0.3709159964142357,0.06454063974022038,-0.12335927500882271,0.8982908665609851,2.4794668853016666
17150,2025-12-01,0.20089536377004627,0.2560788916891226,-0.18093993422077334,-0.353222245452011,-0.5005741563024246,-0.7085862787839393,-0.8874131764384756,-1.2610772460831883,0.8449009575876936,2.4794668853016666
