дата;температура;осадки;влажность;испаряемость;ГТК
2007-07-25;20.2;0.4;83.0;2.017;0.198
2007-07-26;17.825;3.0;77.5;2.396;1.683
2007-07-27;18.95;;72.5;3.084;
2007-07-28;19.425;;76.25;2.722;
2007-07-29;19.225;1.0;79.0;2.385;0.52
2007-07-30;19.775;;72.75;3.172;
2007-07-31;20.4;;68.75;3.74;
2007-08-01;22.85;;63.5;4.853;
2007-08-02;21.425;3.0;75.5;3.066;1.4
2007-08-03;21.35;;77.25;2.838;
2007-08-04;20.675;;69.25;3.725;
2007-08-05;17.375;;75.75;2.528;
2007-08-06;17.4;0.3;72.0;2.923;0.172
2007-08-07;17.1;4.0;78.0;2.264;2.339
2007-08-08;18.7;;73.8;2.905;
2007-08-09;20.675;11.0;79.75;2.453;5.32
2007-08-10;16.3;0.3;73.0;2.674;0.184
2007-08-11;14.15;;75.25;2.203;
2007-08-12;14.025;0.7;74.0;2.299;0.499
2007-08-13;13.075;5.6;76.0;2.02;4.283
2007-08-14;11.05;;76.75;1.754;
2007-08-15;11.175;3.0;79.75;1.539;2.685
2007-08-16;10.85;2.9;86.5;1.007;2.673
2007-08-17;12.1;;74.5;2.038;
2007-08-18;13.275;0.0;78.5;1.829;0.0
2007-08-19;16.6;;67.25;3.291;
2007-08-20;16.475;0.1;66.75;3.321;0.061
2007-08-21;15.725;;74.5;2.456;
2007-08-22;16.625;4.0;83.75;1.635;2.406
2007-08-23;15.2;;68.0;3.003;
2007-08-24;17.525;;65.75;3.596;
2007-08-25;11.2;4.0;69.25;2.34;3.571
2007-08-26;12.475;;65.75;2.793;
2007-08-27;14.375;2.4;78.5;1.935;1.67
2007-08-28;18.125;;70.25;3.213;
2007-08-29;21.05;;70.5;3.632;
2007-08-30;19.7;;81.333;2.166;
2007-08-31;20.725;;62.5;4.552;
2007-09-01;21.525;;67.25;4.253;
2007-09-02;22.825;;66.5;4.597;
2007-09-03;22.9;;68.25;4.371;
2007-09-04;19.275;;74.25;3.029;
2007-09-05;12.825;5.0;79.25;1.781;3.899
2007-09-06;15.125;;77.5;2.174;
2007-09-07;16.05;;73.0;2.73;
2007-09-08;10.375;4.0;79.75;1.52;3.855
2007-09-09;11.6;;69.0;2.492;
2007-09-10;17.975;0.0;51.5;5.374;0.0
2007-09-11;19.525;;58.0;4.996;
2007-09-12;21.45;;48.0;6.732;
2007-09-13;17.05;;62.75;3.952;
2007-09-14;9.725;2.0;86.0;1.013;
2007-09-15;8.2;;74.25;1.703;
2007-09-16;10.1;;70.25;2.199;
2007-09-17;11.35;;64.25;2.834;
2007-09-18;12.275;;70.0;2.501;
2007-09-19;12.575;;78.0;1.864;
2007-09-20;8.425;2.0;86.5;0.905;
2007-09-21;6.5;6.4;95.0;0.298;
2007-09-22;5.15;2.6;94.5;0.3;
2007-09-23;5.725;0.1;85.25;0.835;
2007-09-24;6.5;;71.5;1.697;
2007-09-25;6.2;;75.25;1.446;
2007-09-26;9.1;3.7;87.0;0.907;
2007-09-27;7.4;0.0;72.75;1.716;
2007-09-28;9.025;;73.0;1.875;
2007-09-29;12.15;;66.75;2.753;
2007-09-30;11.575;4.0;78.75;1.706;3.456
2007-10-01;9.675;9.0;94.5;0.384;
2007-10-02;9.075;2.0;92.75;0.489;
2007-10-03;0.3;6.5;80.25;0.734;
2007-10-04;1.55;0.4;81.75;0.747;
2007-10-05;4.6;0.0;87.0;0.661;
2007-10-06;7.95;1.5;84.0;1.009;
2007-10-07;7.65;0.0;81.75;1.13;
2007-10-08;4.675;1.5;86.0;0.716;
2007-10-09;0.85;;52.5;1.843;
2007-10-10;-0.3;;58.75;1.461;
2007-10-11;1.175;;59.25;1.621;
2007-10-12;3.925;;66.75;1.615;
2007-10-13;8.3;;55.0;2.897;
2007-10-14;7.5;0.0;71.0;1.779;
2007-10-15;4.825;0.9;77.25;1.175;
2007-10-16;0.35;;86.25;0.513;
2007-10-17;4.7;;66.25;1.729;
2007-10-18;9.225;;53.0;3.197;
2007-10-19;6.975;;68.25;1.885;
2007-10-20;3.275;;72.5;1.277;
2007-10-21;4.425;0.4;84.75;0.767;
2007-10-22;0.475;0.0;67.75;1.215;
2007-10-23;-2.725;0.3;74.0;0.749;
2007-10-24;-2.95;2.6;91.5;0.24;
2007-10-25;-1.85;0.3;74.75;0.786;
2007-10-26;-1.6;;79.5;0.652;
2007-10-27;-0.225;8.0;95.5;0.16;
2007-10-28;-1.25;3.3;70.25;0.974;
2007-10-29;-2.2;7.2;85.25;0.445;
2007-10-30;0.875;1.0;90.0;0.389;
2007-10-31;1.45;;86.0;0.569;
2007-11-01;0.575;0.3;94.0;0.235;
2007-11-02;-0.625;0.4;93.25;0.241;
2007-11-03;-1.275;;91.75;0.279;
2007-11-04;-0.675;;85.0;0.533;
2007-11-05;3.275;;61.25;1.859;
2007-11-06;3.05;0.1;67.0;1.558;
2007-11-07;1.925;;74.25;1.12;
2007-11-08;2.175;7.6;89.0;0.487;
2007-11-09;-5.875;17.0;87.25;0.28;
2007-11-10;-10.5;1.0;74.75;0.319;
2007-11-11;-11.3;0.5;78.75;0.239;
2007-11-12;-11.55;;76.5;0.255;
2007-11-13;-10.425;;73.25;0.341;
2007-11-14;-11.875;;82.25;0.183;
2007-11-15;-8.425;2.0;83.75;0.268;
2007-11-16;-7.45;0.4;81.5;0.342;
2007-11-17;-3.5;1.4;88.75;0.312;
2007-11-18;-2.85;0.4;86.25;0.405;
2007-11-19;0.9;;87.5;0.503;
2007-11-20;0.0;0.3;72.5;1.031;
2007-11-21;-6.45;0.3;65.5;0.712;
2007-11-22;-3.7;2.0;69.0;0.844;
2007-11-23;-6.95;7.0;89.0;0.215;
2007-11-24;-12.65;3.0;80.0;0.183;
2007-11-25;-6.275;;71.25;0.605;
2007-11-26;-9.925;;80.0;0.273;
2007-11-27;-8.525;0.0;85.5;0.236;
2007-11-28;-10.2;0.0;88.0;0.158;
2007-11-29;-10.35;;84.5;0.2;
2007-11-30;-6.575;0.0;91.5;0.173;
2007-12-01;-4.575;0.3;86.5;0.327;
2007-12-02;-7.475;0.4;88.5;0.205;
2007-12-03;-9.225;0.0;89.5;0.152;
2007-12-04;-5.45;0.8;87.25;0.283;
2007-12-05;-5.95;0.0;88.5;0.242;
2007-12-06;-7.9;0.8;93.25;0.115;
2007-12-07;-10.675;0.2;93.0;0.083;
2007-12-08;-12.05;0.7;93.75;0.061;
2007-12-09;-12.5;0.4;90.0;0.091;
2007-12-10;-10.3;1.0;89.5;0.132;
2007-12-11;-13.425;0.3;87.5;0.097;
2007-12-12;-13.3;0.6;85.0;0.119;
2007-12-13;-9.975;1.5;89.25;0.141;
2007-12-14;-9.125;4.0;90.0;0.146;
2007-12-15;-13.525;0.5;91.25;0.067;
2007-12-16;-9.225;2.2;83.5;0.238;
2007-12-17;-11.55;2.0;80.5;0.205;
2007-12-18;-13.55;2.3;85.0;0.114;
2007-12-19;-10.125;0.3;81.25;0.241;
2007-12-20;-6.275;1.0;77.75;0.453;
2007-12-21;-7.725;2.0;88.5;0.199;
2007-12-22;-4.375;1.3;88.5;0.284;
2007-12-23;-4.85;0.6;78.75;0.501;
2007-12-24;-3.925;3.0;85.25;0.38;
2007-12-25;-14.475;3.0;72.75;0.175;
2007-12-26;-21.575;;77.5;0.015;
2007-12-27;-19.05;5.0;80.0;0.041;
2007-12-28;-11.333;0.9;85.0;0.163;
2007-12-29;-9.55;2.2;85.0;0.208;
2007-12-30;-14.4;;82.5;0.114;
2007-12-31;-15.475;;75.0;0.132;
2008-01-01;-13.075;12.0;82.5;0.144;
2008-01-02;-12.5;4.7;85.0;0.136;
2008-01-03;-19.975;3.8;79.75;0.03;
2008-01-04;-32.6;;77.25;0.076;
2008-01-05;-29.425;2.0;77.75;0.025;
2008-01-06;-18.575;2.0;81.25;0.045;
2008-01-07;-17.85;0.7;82.5;0.052;
2008-01-08;-18.25;0.4;88.75;0.03;
2008-01-09;-14.775;0.6;88.75;0.068;
2008-01-10;-18.25;0.9;87.5;0.033;
2008-01-11;-25.05;;85.25;0.0;
2008-01-12;-28.075;;83.75;0.009;
2008-01-13;-28.8;;82.25;0.015;
2008-01-14;-24.567;;84.667;0.0;
2008-01-15;-18.025;0.8;85.0;0.042;
2008-01-16;-15.6;1.4;82.5;0.09;
2008-01-17;-26.2;;85.0;0.001;
2008-01-18;-25.275;0.9;81.25;0.0;
2008-01-19;-19.925;3.0;82.5;0.026;
2008-01-20;-15.0;1.4;83.75;0.094;
2008-01-21;-12.425;1.2;86.25;0.126;
2008-01-22;-14.125;0.7;85.0;0.103;
2008-01-23;-17.775;;90.0;0.03;
2008-01-24;-19.05;;88.75;0.023;
2008-01-25;-17.45;0.6;85.0;0.05;
2008-01-26;-17.625;;78.75;0.067;
2008-01-27;-18.675;;87.5;0.029;
2008-01-28;-22.475;;82.5;0.006;
2008-01-29;-22.55;;83.75;0.006;
2008-01-30;-20.975;;88.75;0.011;
2008-01-31;-17.4;;85.0;0.05;
2008-02-01;-15.675;0.9;80.0;0.108;
2008-02-02;-18.175;;87.5;0.036;
2008-02-03;-15.2;0.8;82.5;0.104;
2008-02-04;-17.7;;90.0;0.033;
2008-02-05;-15.725;;81.25;0.1;
2008-02-06;-16.325;0.4;83.75;0.076;
2008-02-07;-11.9;1.3;87.5;0.133;
2008-02-08;-13.7;0.6;88.75;0.089;
2008-02-09;-15.525;0.7;83.75;0.091;
2008-02-10;-16.5;0.0;86.25;0.062;
2008-02-11;-16.0;0.9;78.75;0.107;
2008-02-12;-14.025;8.0;85.0;0.112;
2008-02-13;-13.733;1.4;81.667;0.144;
2008-02-14;-16.975;;81.25;0.075;
2008-02-15;-15.275;;73.75;0.154;
2008-02-16;-14.8;0.7;78.75;0.137;
2008-02-17;-12.925;1.6;85.0;0.136;
2008-02-18;-9.925;3.0;78.25;0.307;
2008-02-19;-15.275;;77.5;0.132;
2008-02-20;-16.25;;75.0;0.119;
2008-02-21;-10.3;0.6;65.0;0.469;
2008-02-22;-4.025;0.5;75.0;0.683;
2008-02-23;-8.175;1.3;77.75;0.391;
2008-02-24;-9.7;;71.667;0.412;
2008-02-25;-4.7;;63.0;0.946;
2008-02-26;-5.467;;73.667;0.624;
2008-02-27;-1.8;1.4;87.5;0.418;
2008-02-28;-0.5;2.0;81.0;0.708;
2008-02-29;-5.0;5.4;85.25;0.366;
2008-03-01;-0.6;2.0;90.5;0.328;
2008-03-02;-2.525;0.3;73.25;0.785;
2008-03-03;-4.125;;84.75;0.386;
2008-03-04;-6.725;;77.75;0.431;
2008-03-05;-7.375;;71.75;0.51;
2008-03-06;-0.725;;75.75;0.83;
2008-03-07;-0.6;0.0;77.0;0.795;
2008-03-08;-2.15;;74.5;0.773;
2008-03-09;0.4;2.5;84.0;0.599;
2008-03-10;-2.175;2.8;74.75;0.764;
2008-03-11;-10.475;0.0;57.5;0.521;
2008-03-12;-9.025;;68.5;0.467;
2008-03-13;-5.65;2.0;72.0;0.609;
2008-03-14;-3.65;;64.5;0.94;
2008-03-15;-3.525;;89.5;0.281;
2008-03-16;-11.125;2.0;61.75;0.428;
2008-03-17;-10.95;;44.5;0.636;
2008-03-18;0.1;2.8;83.0;0.622;
2008-03-19;-2.45;5.0;80.25;0.583;
2008-03-20;-2.275;8.0;72.0;0.84;
2008-03-21;-3.125;;82.25;0.493;
2008-03-22;3.8;;76.0;1.156;
2008-03-23;4.5;;70.5;1.491;
2008-03-24;4.0;0.0;61.75;1.868;
2008-03-25;-1.45;;61.25;1.248;
2008-03-26;-1.725;;59.25;1.282;
2008-03-27;0.875;;59.75;1.565;
2008-03-28;4.575;;61.75;1.943;
2008-03-29;4.575;;50.75;2.501;
2008-03-30;3.75;;62.5;1.8;
2008-03-31;3.175;;58.5;1.913;
2008-04-01;2.967;;40.0;2.816;
2008-04-02;2.675;;58.0;1.93;
2008-04-03;3.85;;65.75;1.71;
2008-04-04;4.65;;72.0;1.477;
2008-04-05;2.175;0.8;73.25;1.185;
2008-04-06;-6.65;0.0;56.5;0.879;
2008-04-07;-5.35;;44.5;1.286;
2008-04-08;-1.1;1.0;57.0;1.474;
2008-04-09;-2.85;;49.25;1.494;
2008-04-10;-1.75;;54.75;1.468;
2008-04-11;8.15;0.3;69.75;1.995;
2008-04-12;9.375;0.0;63.5;2.588;
2008-04-13;8.325;0.0;71.75;1.882;
2008-04-14;11.8;;48.25;4.205;
2008-04-15;-4.0;0.5;57.5;1.125;
2008-04-16;-2.625;0.0;64.0;1.081;
2008-04-17;-5.5;4.0;74.5;0.582;
2008-04-18;-6.675;0.7;72.25;0.559;
2008-04-19;-3.075;0.0;69.25;0.887;
2008-04-20;5.225;;66.0;1.864;
2008-04-21;9.5;;55.75;3.16;
2008-04-22;11.85;;43.25;4.624;
2008-04-23;15.225;;35.5;6.262;
2008-04-24;17.125;0.0;44.25;5.936;0.0
2008-04-25;14.8;3.0;62.75;3.54;2.027
2008-04-26;8.45;0.6;57.75;2.836;
2008-04-27;7.875;0.0;48.0;3.372;
2008-04-28;3.525;3.7;65.25;1.697;
2008-04-29;2.1;0.8;63.5;1.608;
2008-04-30;1.4;23.0;93.333;0.279;
2008-05-01;2.1;2.0;76.75;0.991;
2008-05-02;3.75;;71.0;1.392;
2008-05-03;3.375;6.0;81.5;0.865;
2008-05-04;6.425;5.0;61.75;2.193;
2008-05-05;6.225;0.0;53.5;2.633;
2008-05-07;19.1;;28.5;8.074;
2008-05-08;16.525;;32.25;6.783;
2008-05-09;20.525;;29.75;8.454;
2008-05-10;22.225;;33.0;8.676;
2008-05-11;14.625;0.5;71.25;2.621;0.342
2008-05-12;11.525;;57.0;3.331;
2008-05-13;15.6;;41.25;5.623;
2008-05-14;19.7;;34.75;7.57;
2008-05-15;19.575;;37.75;7.182;
2008-05-16;21.375;;41.0;7.368;
2008-05-17;17.425;0.9;66.0;3.553;0.516
2008-05-18;17.125;;44.5;5.719;
2008-05-19;19.025;;40.75;6.668;
2008-05-20;11.875;2.0;71.75;2.23;1.684
2008-05-21;11.95;;50.75;3.904;
2008-05-22;10.825;;43.25;4.229;
2008-05-23;11.8;3.0;62.25;2.968;2.542
2008-05-24;6.8;;65.75;2.011;
2008-05-25;4.65;;60.75;2.004;
2008-05-26;9.125;;57.75;2.857;
2008-05-27;10.925;;49.5;3.784;
2008-05-28;14.95;2.0;50.5;4.587;1.338
2008-05-29;14.825;3.0;68.25;2.924;2.024
2008-05-30;17.175;;62.25;3.899;
2008-05-31;23.967;;59.0;5.708;
2008-06-01;23.34;7.0;69.0;4.346;2.999
2008-06-02;21.075;;48.5;6.56;
2008-06-03;20.8;0.1;50.5;6.23;0.048
2008-06-04;18.875;;52.0;5.544;
2008-06-05;19.35;1.4;67.0;3.895;0.724
2008-06-06;15.65;4.0;91.75;0.818;2.556
2008-06-07;17.5;1.0;65.75;3.712;0.571
2008-06-08;19.6;1.0;72.5;3.282;0.51
2008-06-09;18.5;;56.5;4.939;
2008-06-10;12.325;13.0;87.5;1.045;10.548
2008-06-11;12.525;;58.25;3.527;
2008-06-12;13.975;6.5;79.5;1.868;4.651
2008-06-13;13.475;1.0;75.0;2.22;0.742
2008-06-14;15.425;4.0;73.75;2.574;2.593
2008-06-15;17.0;;68.5;3.334;
2008-06-16;17.675;2.0;76.5;2.568;1.132
2008-06-17;11.9;1.0;83.5;1.348;0.84
2008-06-18;14.15;2.3;85.5;1.333;1.625
2008-06-19;17.65;;68.5;3.438;
2008-06-20;23.175;;57.5;5.918;
2008-06-21;19.95;0.3;64.0;4.364;0.15
2008-06-22;22.35;;68.5;4.237;
2008-06-23;19.675;4.0;72.25;3.323;2.033
2008-06-24;16.375;;74.5;2.619;
2008-06-25;16.925;;71.0;3.058;
2008-06-26;17.975;;61.75;4.239;
2008-06-27;21.7;0.0;56.0;5.758;0.0
2008-06-28;24.25;0.0;57.25;6.222;0.0
2008-06-29;18.125;4.0;73.0;3.013;2.207
2008-06-30;19.65;0.0;67.0;3.947;0.0
2008-07-01;20.95;;66.5;4.107;
2008-07-02;21.8;0.0;63.25;4.674;0.0
2008-07-03;24.475;;58.5;5.898;
2008-07-04;21.825;2.1;73.0;3.437;0.962
2008-07-05;16.7;2.0;70.75;2.953;1.198
2008-07-06;16.225;;67.75;3.182;
2008-07-07;16.5;4.0;72.0;2.8;2.424
2008-07-08;18.567;;52.0;5.29;
2008-07-09;18.775;;67.75;3.588;
2008-07-10;27.0;;50.0;7.85;
2008-07-11;22.967;;61.333;5.166;
2008-07-12;21.925;;61.5;4.922;
2008-07-13;21.35;;60.25;4.958;
2008-07-14;23.3;;61.75;5.181;
2008-07-15;24.5;;67.5;4.624;
2008-07-16;24.275;;53.0;6.626;
2008-07-17;23.4;;57.75;5.747;
2008-07-18;24.85;;56.75;6.241;
2008-07-19;24.55;;62.75;5.31;
2008-07-20;22.6;4.0;85.75;1.875;1.77
2008-07-21;20.25;16.0;89.0;1.308;7.901
2008-07-22;22.325;0.0;76.25;3.089;0.0
2008-07-23;17.675;;67.25;3.463;
2008-07-24;15.0;4.0;74.25;2.392;2.667
2008-07-25;17.4;0.8;70.25;3.105;0.46
2008-07-26;22.333;;59.333;5.29;
2008-07-27;24.15;2.0;65.75;4.804;0.828
2008-07-28;23.775;1.0;74.0;3.592;0.421
2008-07-29;23.725;;67.0;4.549;
2008-07-30;22.775;0.0;71.0;3.843;0.0
2008-07-31;26.033;2.1;53.667;7.007;0.807
2008-08-01;22.3;;55.5;5.781;
2008-08-02;18.225;;63.25;3.987;
2008-08-03;19.025;;63.25;4.136;
2008-08-04;20.0;;57.25;5.027;
2008-08-05;18.05;;69.0;3.336;
2008-08-06;20.25;6.0;63.25;4.369;2.963
2008-08-07;16.025;;65.0;3.42;
2008-08-08;18.3;;60.0;4.355;
2008-08-09;23.05;;60.0;5.362;
2008-08-10;21.5;;67.75;4.049;
2008-08-11;15.325;0.5;73.75;2.478;0.326
2008-08-12;19.2;;61.75;4.339;
2008-08-13;21.5;0.7;61.75;4.802;0.326
2008-08-14;17.967;;70.333;3.18;
2008-08-15;20.8;;63.25;4.476;
2008-08-16;16.6;13.0;85.5;1.457;7.831
2008-08-17;17.225;0.0;77.25;2.355;0.0
2008-08-18;16.95;;70.5;3.014;
2008-08-19;14.2;3.0;87.25;1.138;2.113
2008-08-20;13.175;1.3;80.75;1.629;0.987
2008-08-21;11.4;0.7;74.75;1.943;0.614
2008-08-22;12.475;;72.75;2.222;
2008-08-23;11.975;0.1;70.5;2.342;0.084
2008-08-24;12.3;;67.25;2.646;
2008-08-25;13.15;;62.5;3.169;
2008-08-26;12.075;;61.5;3.073;
2008-08-27;11.7;0.3;70.0;2.346;0.256
2008-08-28;17.9;9.0;67.0;3.526;5.028
2008-08-29;20.45;;64.0;4.318;
2008-08-30;20.55;;63.25;4.427;
2008-08-31;18.6;;68.5;3.477;
2008-09-01;18.625;;67.75;3.683;
2008-09-02;18.375;;61.25;4.374;
2008-09-03;16.0;3.0;78.0;2.219;1.875
2008-09-04;13.375;;67.75;2.85;
2008-09-05;13.825;;68.5;2.849;
2008-09-06;14.075;;64.25;3.275;
2008-09-07;9.975;2.0;82.25;1.303;
2008-09-08;12.25;;74.0;2.165;
2008-09-09;12.333;7.0;88.0;1.004;5.676
2008-09-10;10.775;3.0;91.75;0.634;2.784
2008-09-11;12.375;0.6;75.25;2.074;0.485
2008-09-12;10.2;;74.5;1.896;
2008-09-13;10.5;0.0;80.5;1.474;0.0
2008-09-14;10.825;;63.75;2.791;
2008-09-15;8.475;3.0;77.25;1.53;
2008-09-16;5.2;0.7;75.25;1.354;
2008-09-17;3.25;3.0;84.0;0.766;
2008-09-18;4.2;2.0;82.25;0.908;
2008-09-19;4.775;2.0;88.5;0.612;
2008-09-20;6.5;;78.333;1.29;
2008-09-21;7.7;;66.667;2.139;
2008-09-22;5.825;3.9;84.25;0.898;
2008-09-23;4.9;0.3;78.5;1.153;
2008-09-24;6.975;;69.25;1.886;
2008-09-25;7.425;;68.5;1.987;
2008-09-26;5.7;;70.75;1.654;
2008-09-27;8.5;;58.333;2.806;
2008-09-28;8.65;0.1;71.75;1.919;
2008-09-29;4.475;0.3;68.5;1.642;
2008-09-30;4.35;;50.75;2.546;
2008-10-01;5.8;;56.0;2.424;
2008-10-02;8.475;;51.25;3.172;
2008-10-03;8.925;;60.25;2.656;
2008-10-04;9.925;;62.0;2.691;
2008-10-05;9.9;;54.5;3.218;
2008-10-06;9.125;1.0;81.5;1.251;
2008-10-07;10.55;2.0;70.5;2.165;1.896
2008-10-08;4.45;;79.75;1.02;
2008-10-09;5.0;;80.25;1.032;
2008-10-10;7.95;;66.5;2.112;
2008-10-11;11.85;;55.0;3.548;
2008-10-12;7.875;2.0;69.75;1.898;
2008-10-13;2.75;0.3;69.25;1.375;
2008-10-14;5.175;0.0;70.25;1.573;
2008-10-15;7.225;12.0;91.25;0.528;
2008-10-16;6.225;6.0;89.25;0.609;
2008-10-17;5.875;9.0;90.75;0.512;
2008-10-18;2.625;0.6;86.0;0.62;
2008-10-19;-1.5;0.3;82.0;0.577;
2008-10-20;-4.25;;73.75;0.656;
2008-10-21;-0.275;;58.0;1.491;
2008-10-22;1.675;;57.75;1.746;
2008-10-23;3.35;;64.0;1.68;
2008-10-24;3.425;;68.75;1.466;
2008-10-25;2.75;;82.0;0.805;
2008-10-26;4.8;;78.75;1.096;
2008-10-27;5.575;;84.75;0.828;
2008-10-28;5.2;2.0;86.25;0.728;
2008-10-29;3.325;;81.75;0.85;
2008-10-30;3.425;0.6;82.0;0.844;
2008-10-31;3.725;;81.25;0.898;
2008-11-01;4.7;0.3;87.5;0.662;
2008-11-02;5.1;;76.0;1.305;
2008-11-03;5.775;0.0;80.0;1.137;
2008-11-04;4.875;6.0;96.5;0.187;
2008-11-05;5.8;0.0;81.0;1.081;
2008-11-06;2.45;0.7;68.25;1.435;
2008-11-07;4.2;0.9;86.0;0.716;
2008-11-08;2.25;2.5;88.25;0.524;
2008-11-09;-3.975;5.0;83.25;0.444;
2008-11-10;-5.0;0.8;82.5;0.42;
2008-11-11;-3.9;7.0;93.25;0.18;
2008-11-12;-6.775;0.7;85.0;0.299;
2008-11-13;-5.15;1.0;85.5;0.343;
2008-11-14;-4.325;6.2;92.75;0.186;
2008-11-15;-2.775;0.9;92.25;0.23;
2008-11-16;-1.45;0.0;91.75;0.275;
2008-11-17;-1.35;;86.0;0.47;
2008-11-18;-2.225;;81.25;0.584;
2008-11-19;-2.15;;89.0;0.345;
2008-11-20;-4.925;;83.5;0.399;
2008-11-21;-2.675;0.3;90.75;0.277;
2008-11-22;-2.725;0.0;81.5;0.551;
2008-11-23;-1.75;;81.0;0.616;
2008-11-24;0.175;;88.0;0.456;
2008-11-25;-0.025;;90.5;0.356;
2008-11-26;-1.75;0.0;83.25;0.543;
2008-11-27;-4.075;;97.75;0.059;
2008-11-28;-0.2;;76.0;0.886;
2008-11-29;-0.95;2.4;83.75;0.564;
2008-11-30;-2.025;1.2;90.0;0.317;
2008-12-01;-15.8;0.8;75.0;0.123;
2008-12-02;-24.975;;73.25;0.0;
2008-12-03;-20.95;;73.75;0.025;
2008-12-04;-17.475;;68.75;0.103;
2008-12-05;-9.775;3.0;83.75;0.219;
2008-12-06;-4.025;4.3;94.25;0.147;
2008-12-07;-1.025;5.0;94.0;0.2;
2008-12-08;0.25;6.0;94.5;0.204;
2008-12-09;-2.275;4.0;94.0;0.18;
2008-12-10;-0.325;1.0;93.0;0.247;
2008-12-11;-14.75;0.3;81.25;0.114;
2008-12-12;-19.7;;80.0;0.033;
2008-12-13;-12.733;;78.333;0.189;
2008-12-14;-9.65;2.0;85.0;0.205;
2008-12-15;-19.025;2.0;81.0;0.039;
2008-12-16;-21.525;0.0;78.5;0.015;
2008-12-17;-11.625;3.7;87.5;0.13;
2008-12-18;-18.15;;83.75;0.044;
2008-12-19;-14.925;0.0;86.25;0.081;
2008-12-20;-17.25;0.0;81.25;0.065;
2008-12-21;-19.25;0.4;85.0;0.029;
2008-12-22;-18.55;;83.75;0.039;
2008-12-23;-14.875;;81.25;0.112;
2008-12-24;-10.875;1.1;90.0;0.116;
2008-12-25;-13.825;0.8;86.25;0.1;
2008-12-26;-16.425;0.7;85.0;0.064;
2008-12-27;-18.425;0.3;80.0;0.05;
2008-12-28;-16.975;;73.75;0.098;
2008-12-29;-12.75;0.5;80.25;0.172;
2008-12-30;-7.875;1.2;87.0;0.221;
2008-12-31;-12.275;0.3;75.0;0.235;
2009-01-01;-10.825;4.0;76.25;0.277;
2009-01-02;-11.45;0.4;80.0;0.213;
2009-01-03;-13.125;;76.25;0.194;
2009-01-04;-11.6;;72.5;0.287;
2009-01-05;-11.5;;83.25;0.177;
2009-01-06;-13.1;0.7;78.0;0.181;
2009-01-07;-12.95;;66.25;0.285;
2009-01-08;-8.45;5.0;81.75;0.29;
2009-01-09;-17.075;;78.75;0.077;
2009-01-10;-14.55;;81.25;0.119;
2009-01-11;-8.175;0.8;79.5;0.337;
2009-01-12;-5.825;0.2;88.75;0.24;
2009-01-13;-7.0;0.4;96.75;0.061;
2009-01-14;-7.9;0.5;81.25;0.318;
2009-01-15;-13.475;6.0;81.25;0.145;
2009-01-16;-13.275;1.0;90.0;0.08;
2009-01-17;-17.8;0.5;83.75;0.049;
2009-01-18;-15.275;8.4;85.0;0.082;
2009-01-19;-15.925;3.2;83.75;0.078;
2009-01-20;-21.75;0.7;78.75;0.013;
2009-01-21;-29.675;;76.25;0.03;
2009-01-22;-27.55;;75.0;0.009;
2009-01-23;-22.325;;72.5;0.011;
2009-01-24;-22.2;;80.0;0.009;
2009-01-25;-12.075;4.5;80.75;0.187;
2009-01-26;-7.325;6.0;78.25;0.395;
2009-01-27;-20.175;;80.0;0.027;
2009-01-28;-23.75;0.0;85.0;0.001;
2009-01-29;-25.95;0.0;84.75;0.001;
2009-01-30;-27.375;;82.5;0.006;
2009-01-31;-27.45;;80.25;0.007;
2009-02-01;-26.375;0.6;81.0;0.002;
2009-02-02;-19.975;0.3;81.25;0.03;
2009-02-03;-20.1;0.5;90.0;0.015;
2009-02-04;-10.675;3.0;87.5;0.165;
2009-02-05;-9.575;3.0;90.5;0.145;
2009-02-06;-7.05;5.0;92.5;0.155;
2009-02-07;-8.6;6.0;74.75;0.437;
2009-02-08;-15.475;5.0;80.0;0.117;
2009-02-09;-24.85;2.0;72.5;0.0;
2009-02-10;-22.25;2.0;68.75;0.015;
2009-02-11;-28.025;;75.0;0.015;
2009-02-12;-31.025;0.5;76.5;0.055;
2009-02-13;-28.92;;71.0;0.029;
2009-02-14;-23.525;0.9;67.5;0.005;
2009-02-15;-24.125;;61.5;0.002;
2009-02-16;-25.175;;62.75;0.0;
2009-02-17;-25.15;;67.5;0.0;
2009-02-18;-19.075;2.2;76.0;0.054;
2009-02-19;-11.4;3.0;80.25;0.235;
2009-02-20;-17.45;0.2;72.5;0.101;
2009-02-21;-24.075;0.5;76.25;0.001;
2009-02-22;-19.0;1.1;83.75;0.038;
2009-02-23;-17.475;0.2;78.75;0.077;
2009-02-24;-19.2;;80.0;0.043;
2009-02-25;-17.9;;80.0;0.065;
2009-02-26;-17.3;;82.5;0.067;
2009-02-27;-15.375;;75.5;0.146;
2009-02-28;-13.7;;78.75;0.174;
2009-03-01;-13.2;;82.5;0.141;
2009-03-02;-12.625;;76.75;0.207;
2009-03-03;-11.2;;82.75;0.191;
2009-03-04;-9.05;;77.75;0.329;
2009-03-05;-7.15;;66.25;0.624;
2009-03-06;-9.0;;74.5;0.379;
2009-03-07;-8.75;0.0;76.25;0.364;
2009-03-08;-8.3;;53.25;0.757;
2009-03-09;-9.2;;56.75;0.627;
2009-03-10;-11.275;;72.5;0.301;
2009-03-11;-11.025;0.0;56.25;0.496;
2009-03-12;-5.067;;55.333;1.031;
2009-03-13;-1.325;5.0;80.5;0.635;
2009-03-14;-1.425;1.0;93.75;0.202;
2009-03-15;-2.1;1.7;92.0;0.244;
2009-03-16;-8.75;0.5;71.0;0.445;
2009-03-17;-13.925;;56.75;0.308;
2009-03-18;-10.3;0.8;83.25;0.21;
2009-03-19;-7.9;1.1;83.25;0.284;
2009-03-20;-10.65;;70.0;0.359;
2009-03-21;-11.1;;70.667;0.329;
2009-03-22;-7.7;;64.75;0.613;
2009-03-23;-2.4;;63.0;1.097;
2009-03-24;-0.033;2.0;88.0;0.434;
2009-03-25;-0.85;0.0;87.0;0.44;
2009-03-26;2.15;;76.5;1.006;
2009-03-27;6.525;;56.0;2.539;
2009-03-28;8.05;;51.25;3.092;
2009-03-29;4.45;;72.0;1.41;
2009-03-30;4.5;;69.75;1.529;
2009-03-31;3.35;;64.75;1.645;
2009-04-01;3.35;0.0;81.5;0.892;
2009-04-02;5.075;;78.0;1.194;
2009-04-03;7.85;;67.75;2.088;
2009-04-04;9.025;;67.0;2.292;
2009-04-05;5.625;0.0;66.25;1.899;
2009-04-06;5.2;;71.5;1.56;
2009-04-07;0.025;2.0;82.25;0.667;
2009-04-08;2.075;;67.0;1.451;
2009-04-09;3.525;1.0;77.75;1.086;
2009-04-10;0.075;0.7;67.75;1.217;
2009-04-11;0.475;;59.0;1.596;
2009-04-12;2.05;0.0;62.0;1.668;
2009-04-13;4.925;0.9;69.25;1.652;
2009-04-14;5.325;;70.25;1.641;
2009-04-15;2.025;2.0;83.5;0.723;
2009-04-16;3.725;0.0;77.5;1.114;
2009-04-17;4.9;0.1;71.0;1.556;
2009-04-18;6.65;;70.25;1.788;
2009-04-19;2.175;0.4;56.5;1.927;
2009-04-20;5.2;;37.5;3.42;
2009-04-21;10.1;;28.5;5.285;
2009-04-22;7.975;2.0;53.5;3.034;
2009-04-23;8.525;;67.0;2.225;
2009-04-24;11.725;0.0;57.25;3.459;0.0
2009-04-25;5.15;;84.0;0.873;
2009-04-26;5.075;12.0;88.25;0.638;
2009-04-27;7.15;;62.75;2.31;
2009-04-28;6.3;11.0;78.75;1.249;
2009-04-29;5.575;1.0;80.25;1.108;
2009-04-30;7.275;3.0;85.75;0.891;
2009-05-01;10.4;0.0;72.75;1.983;0.0
2009-05-02;10.5;;63.25;2.689;
2009-05-03;14.325;3.0;63.75;3.255;2.094
2009-05-04;5.15;0.0;57.75;2.23;
2009-05-05;3.475;7.0;66.5;1.577;
2009-05-06;12.0;;29.0;5.644;
2009-05-07;8.6;;44.5;3.638;
2009-05-08;12.45;;46.25;4.377;
2009-05-09;17.075;0.0;44.5;5.705;0.0
2009-05-10;18.1;;42.0;6.256;
2009-05-11;19.15;;42.25;6.536;
2009-05-12;19.55;;45.75;6.252;
2009-05-13;14.3;;47.25;4.731;
2009-05-14;10.625;;51.75;3.556;
2009-05-15;15.175;;55.0;4.217;
2009-05-16;20.05;;49.5;5.951;
2009-05-17;20.525;1.0;45.0;6.619;0.487
2009-05-18;14.825;4.9;77.0;2.118;3.305
2009-05-19;10.65;;56.5;3.21;
2009-05-20;14.4;0.0;56.75;3.898;0.0
2009-05-21;15.175;7.0;68.0;2.999;4.613
2009-05-22;6.275;3.0;84.75;0.866;
2009-05-23;5.275;0.0;77.25;1.211;
2009-05-24;5.3;1.9;80.75;1.026;
2009-05-25;5.375;0.5;52.75;2.531;
2009-05-26;9.45;;53.5;3.204;
2009-05-27;12.25;;62.25;3.041;
2009-05-28;17.225;;54.25;4.736;
2009-05-29;19.325;;52.75;5.39;
2009-05-30;19.1;;62.0;4.291;
2009-05-31;20.425;;62.75;4.463;
2009-06-01;13.225;7.6;85.0;1.315;5.747
2009-06-02;14.15;3.3;88.5;1.058;2.332
2009-06-03;13.45;13.0;92.75;0.643;9.665
2009-06-04;12.775;2.0;63.75;3.104;1.566
2009-06-05;14.0;;59.0;3.742;
2009-06-06;14.9;10.0;77.5;2.149;6.711
2009-06-07;17.025;;62.0;4.027;
2009-06-08;21.85;;48.0;6.848;
2009-06-09;23.95;;49.25;7.296;
2009-06-10;21.65;;60.75;5.125;
2009-06-11;22.425;;65.75;4.622;
2009-06-12;11.975;0.8;77.25;1.866;0.668
2009-06-13;7.95;4.0;85.75;0.928;
2009-06-14;8.625;2.6;88.5;0.78;
2009-06-15;11.775;7.6;83.25;1.359;6.454
2009-06-16;9.225;6.0;86.5;0.949;
2009-06-17;8.95;2.0;70.5;2.04;
2009-06-18;12.5;2.0;73.0;2.278;1.6
2009-06-19;13.55;;68.0;2.853;
2009-06-20;14.6;;59.25;3.834;
2009-06-21;16.325;;49.5;5.174;
2009-06-22;14.775;;57.75;4.01;
2009-06-23;17.1;1.3;65.5;3.669;0.76
2009-06-24;15.475;10.0;72.75;2.678;6.462
2009-06-25;13.675;13.7;83.5;1.481;10.018
2009-06-26;13.033;;82.333;1.533;
2009-06-27;12.725;3.4;76.0;2.049;2.672
2009-06-28;11.575;6.0;82.75;1.385;5.184
2009-06-29;11.975;2.0;81.25;1.538;1.67
2009-06-30;14.85;0.3;74.25;2.453;0.202
2009-07-01;17.15;0.3;56.5;4.487;0.175
2009-07-02;12.825;;58.5;3.448;
2009-07-03;15.3;;59.75;3.796;
2009-07-04;19.525;;58.5;4.777;
2009-07-05;20.3;0.1;66.0;4.051;0.049
2009-07-06;21.05;0.7;69.25;3.786;0.333
2009-07-07;23.25;;59.5;5.475;
2009-07-08;22.5;0.3;65.5;4.52;0.133
2009-07-09;22.85;;55.5;5.916;
2009-07-10;23.875;;55.0;6.242;
2009-07-11;20.05;5.0;71.0;3.417;2.494
2009-07-12;21.15;1.0;67.5;4.019;0.473
2009-07-13;18.775;6.6;75.25;2.754;3.515
2009-07-14;19.4;0.0;73.0;3.091;0.0
2009-07-15;18.95;5.0;77.25;2.552;2.639
2009-07-16;21.375;3.0;70.5;3.684;1.404
2009-07-17;20.975;3.0;74.25;3.16;1.43
2009-07-18;20.0;;71.75;3.322;
2009-07-19;21.225;2.0;79.0;2.605;0.942
2009-07-20;21.05;0.7;78.25;2.678;0.333
2009-07-21;21.55;1.0;74.25;3.24;0.464
2009-07-22;13.675;17.0;82.0;1.563;12.431
2009-07-23;13.975;0.9;81.0;1.676;0.644
2009-07-24;15.875;0.3;81.25;1.819;0.189
2009-07-25;16.975;3.4;86.25;1.407;2.003
2009-07-26;18.725;;79.5;2.276;
2009-07-27;20.4;;74.0;3.112;
2009-07-28;21.1;;65.25;4.288;
2009-07-29;19.225;;78.5;2.442;
2009-07-30;18.525;8.0;83.0;1.87;4.318
2009-07-31;15.133;4.0;83.667;1.528;2.643
2009-08-01;21.95;;50.0;6.4;
2009-08-02;19.075;;65.5;3.891;
2009-08-03;19.275;;74.5;2.902;
2009-08-04;20.0;9.0;80.25;2.322;4.5
2009-08-05;18.025;2.0;76.25;2.553;1.11
2009-08-06;14.9;1.0;87.0;1.202;0.671
2009-08-07;16.7;;72.0;2.827;
2009-08-08;20.15;;67.5;3.847;
2009-08-09;19.3;;70.75;3.333;
2009-08-10;18.575;;68.25;3.5;
2009-08-11;16.85;0.3;67.75;3.28;0.178
2009-08-12;14.25;3.0;72.75;2.438;2.105
2009-08-13;13.925;1.0;76.0;2.111;0.718
2009-08-14;13.925;;65.5;3.035;
2009-08-15;14.4;;69.25;2.772;
2009-08-16;16.725;;63.25;3.715;
2009-08-17;18.65;;63.0;4.093;
2009-08-18;17.775;0.0;67.0;3.506;0.0
2009-08-19;17.55;;69.0;3.259;
2009-08-20;17.8;;66.75;3.537;
2009-08-21;18.45;;65.25;3.809;
2009-08-22;19.475;;63.75;4.163;
2009-08-23;18.875;;60.75;4.387;
2009-08-24;16.975;0.4;71.0;2.967;0.236
2009-08-25;18.925;0.3;67.75;3.613;0.159
2009-08-26;19.325;;63.75;4.135;
2009-08-27;16.9;;75.75;2.472;
2009-08-28;18.325;;78.25;2.371;
2009-08-29;15.975;28.0;92.25;0.756;17.527
2009-08-30;17.2;2.4;82.0;1.861;1.395
2009-08-31;14.3;12.1;94.5;0.493;8.462
2009-09-01;8.9;6.0;90.0;0.69;
2009-09-02;8.55;0.1;70.25;2.009;
2009-09-03;10.8;0.0;75.5;1.884;0.0
2009-09-04;12.15;0.7;66.75;2.753;0.576
2009-09-05;11.35;;54.5;3.607;
2009-09-06;10.975;;57.25;3.32;
2009-09-07;11.525;;58.75;3.302;
2009-09-08;12.85;;55.25;3.847;
2009-09-09;12.725;;61.5;3.288;
2009-09-10;14.675;;68.5;2.975;
2009-09-11;16.15;;71.5;2.896;
2009-09-12;13.6;4.0;81.25;1.676;2.941
2009-09-13;13.75;;74.0;2.342;
2009-09-14;11.05;;67.5;2.534;
2009-09-15;9.725;0.4;66.0;2.46;
2009-09-16;9.875;0.0;68.5;2.299;
2009-09-17;7.65;7.0;80.25;1.263;
2009-09-18;7.5;;54.75;2.868;
2009-09-19;10.15;;54.25;3.392;
2009-09-20;11.5;;65.0;2.798;
2009-09-21;15.825;0.0;64.0;3.6;0.0
2009-09-22;13.025;;75.25;2.147;
2009-09-23;7.25;3.0;79.0;1.31;
2009-09-24;10.4;0.0;74.0;1.955;0.0
2009-09-25;13.25;0.3;75.5;2.151;0.226
2009-09-26;13.3;0.7;76.0;2.112;0.526
2009-09-27;12.15;0.8;75.0;2.07;0.658
2009-09-28;11.775;3.9;84.25;1.278;3.312
2009-09-29;8.867;;82.667;1.193;
2009-09-30;11.35;;72.75;2.16;
2009-10-01;12.25;;72.5;2.216;
2009-10-02;14.8;;63.75;3.334;
2009-10-03;16.075;;66.25;3.306;
2009-10-04;10.525;5.0;94.25;0.421;4.751
2009-10-05;10.78;0.5;74.6;1.888;0.464
2009-10-06;7.675;0.3;77.25;1.41;
2009-10-07;6.75;;74.75;1.478;
2009-10-08;9.125;;68.25;2.147;
2009-10-09;9.475;;64.75;2.433;
2009-10-10;8.725;;70.5;1.948;
2009-10-11;9.1;;66.0;2.296;
2009-10-12;7.65;0.5;67.0;2.043;
2009-10-13;2.325;;67.0;1.431;
2009-10-14;1.25;0.0;71.75;1.13;
2009-10-15;6.325;1.5;84.5;0.883;
2009-10-16;3.075;3.0;78.75;0.973;
2009-10-17;1.15;0.0;77.5;0.893;
2009-10-18;3.875;1.3;89.0;0.533;
2009-10-19;1.95;5.1;87.5;0.527;
2009-10-20;3.7;1.6;94.5;0.263;
2009-10-21;7.5;4.0;97.0;0.184;
2009-10-22;2.7;4.0;88.25;0.523;
2009-10-23;-5.275;2.0;87.75;0.277;
2009-10-24;-4.35;0.6;86.25;0.34;
2009-10-25;-1.075;10.0;97.5;0.083;
2009-10-26;-4.15;4.0;88.0;0.303;
2009-10-27;-9.0;;81.25;0.279;
2009-10-28;-6.475;0.7;80.5;0.389;
2009-10-29;-7.575;;85.25;0.26;
2009-10-30;-5.4;0.0;92.25;0.173;
2009-10-31;-2.45;;82.5;0.517;
2009-11-01;-0.7;;76.75;0.824;
2009-11-02;3.025;3.5;90.75;0.436;
2009-11-03;0.675;;86.5;0.534;
2009-11-04;-0.5;11.0;94.5;0.198;
2009-11-05;-5.975;0.2;82.5;0.38;
2009-11-06;-15.875;0.0;78.75;0.106;
2009-11-07;-16.525;;77.5;0.097;
2009-11-08;-16.25;;77.5;0.103;
2009-11-09;-14.85;;75.0;0.155;
2009-11-10;-15.65;;83.75;0.085;
2009-11-11;-15.375;;88.75;0.063;
2009-11-12;-14.7;;81.25;0.119;
2009-11-13;-15.075;;80.0;0.118;
2009-11-14;-14.475;;77.5;0.15;
2009-11-15;-11.275;2.0;86.75;0.15;
2009-11-16;-5.675;2.9;91.75;0.185;
2009-11-17;-5.3;3.0;92.75;0.169;
2009-11-18;-6.225;0.6;96.25;0.079;
2009-11-19;-3.6;1.3;95.75;0.117;
2009-11-20;-5.325;0.2;81.5;0.43;
2009-11-21;-7.25;;85.0;0.284;
2009-11-22;-6.0;6.0;92.25;0.168;
2009-11-23;-0.375;2.0;88.25;0.428;
2009-11-24;-7.175;0.3;82.0;0.343;
2009-11-25;-7.5;0.5;89.5;0.193;
2009-11-26;-0.375;2.4;94.667;0.194;
2009-11-27;-0.05;5.0;97.0;0.112;
2009-11-28;-1.1;0.0;91.0;0.308;
2009-11-29;-1.975;0.3;94.75;0.167;
2009-11-30;-0.15;0.8;89.75;0.38;
2009-12-01;0.2;3.9;91.5;0.313;
2009-12-02;-15.3;0.9;76.333;0.129;
2009-12-03;-17.95;0.0;74.75;0.073;
2009-12-04;-4.625;7.0;87.5;0.301;
2009-12-05;-3.825;4.0;89.75;0.267;
2009-12-06;-9.475;2.4;89.25;0.15;
2009-12-07;-23.125;0.8;83.75;0.003;
2009-12-08;-28.675;0.2;86.0;0.011;
2009-12-09;-25.825;0.3;86.5;0.001;
2009-12-10;-20.975;1.6;87.25;0.012;
2009-12-11;-22.4;1.0;88.75;0.004;
2009-12-12;-18.4;4.0;88.75;0.028;
2009-12-13;-17.625;0.3;86.25;0.043;
2009-12-14;-17.875;;77.5;0.066;
2009-12-15;-11.3;;69.25;0.335;
2009-12-16;-8.025;;56.75;0.724;
2009-12-17;-9.475;0.6;72.75;0.381;
2009-12-18;-21.225;;88.75;0.009;
2009-12-19;-21.425;0.4;92.5;0.006;
2009-12-20;-12.65;2.3;97.5;0.022;
2009-12-21;-18.4;2.0;92.5;0.019;
2009-12-22;-31.5;;87.0;0.032;
2009-12-23;-34.767;;85.333;0.081;
2009-12-24;-30.267;0.0;84.667;0.025;
2009-12-25;-27.625;1.1;86.25;0.006;
2009-12-26;-11.35;4.0;91.25;0.095;
2009-12-27;-12.4;3.0;95.75;0.039;
2009-12-28;-28.725;0.0;85.0;0.012;
2009-12-29;-20.85;3.0;92.5;0.008;
2009-12-30;-7.1;4.0;96.5;0.065;
2009-12-31;-27.225;1.0;86.0;0.004;
2010-01-01;-30.775;;85.5;0.028;
2010-01-02;-30.875;;79.5;0.041;
2010-01-03;-29.525;;83.5;0.02;
2010-01-04;-23.9;;74.75;0.002;
2010-01-05;-23.375;;65.0;0.005;
2010-01-06;-27.175;;72.5;0.008;
2010-01-07;-31.15;;74.75;0.055;
2010-01-08;-32.2;;80.0;0.06;
2010-01-09;-32.375;;82.25;0.056;
2010-01-10;-27.725;0.0;80.0;0.009;
2010-01-11;-15.525;7.5;91.25;0.046;
2010-01-12;-12.55;1.3;91.0;0.081;
2010-01-13;-20.775;;87.5;0.013;
2010-01-14;-14.075;0.4;85.0;0.104;
2010-01-15;-14.45;2.0;88.5;0.074;
2010-01-16;-23.275;;86.25;0.002;
2010-01-17;-29.5;0.4;84.75;0.018;
2010-01-18;-34.325;;81.75;0.092;
2010-01-19;-33.457;;82.714;0.072;
2010-01-20;-29.8;;86.429;0.018;
2010-01-21;-27.512;0.0;85.375;0.005;
2010-01-22;-25.8;;88.75;0.0;
2010-01-23;-19.2;;90.0;0.02;
2010-01-24;-21.8;;90.0;0.006;
2010-01-25;-20.533;0.0;87.5;0.014;
2010-01-26;-26.2;0.6;81.286;0.002;
2010-01-27;-30.362;;77.125;0.038;
2010-01-28;-24.65;;62.625;0.0;
2010-01-29;-23.743;;64.286;0.003;
2010-01-30;-20.3;;72.5;0.035;
2010-01-31;-19.25;;78.75;0.041;
2010-02-01;-21.929;;82.286;0.011;
2010-02-02;-23.786;;79.429;0.002;
2010-02-03;-24.06;;72.0;0.002;
2010-02-04;-23.588;0.0;74.25;0.003;
2010-02-05;-24.05;;78.75;0.001;
2010-02-06;-26.05;0.4;85.625;0.001;
2010-02-07;-28.875;0.3;85.25;0.014;
2010-02-08;-29.9;;82.125;0.028;
2010-02-09;-29.9;;84.75;0.024;
2010-02-10;-27.488;;78.625;0.009;
2010-02-11;-23.588;;71.875;0.004;
2010-02-12;-25.125;;78.625;0.0;
2010-02-13;-23.062;1.0;85.125;0.004;
2010-02-14;-17.375;1.1;87.5;0.047;
2010-02-15;-15.975;0.0;90.625;0.049;
2010-02-16;-10.6;0.4;81.5;0.247;
2010-02-17;-7.9;;63.125;0.693;
2010-02-18;-4.186;2.0;82.857;0.477;
2010-02-19;-15.7;2.0;82.875;0.095;
2010-02-20;-19.762;0.5;82.625;0.031;
2010-02-21;-14.05;2.4;76.75;0.179;
2010-02-22;-26.788;;72.125;0.006;
2010-02-23;-28.025;;76.75;0.014;
2010-02-24;-27.6;;77.5;0.01;
2010-02-25;-25.875;0.0;74.25;0.001;
2010-02-26;-23.762;;68.5;0.003;
2010-02-27;-19.762;;61.25;0.068;
2010-02-28;-17.362;1.4;83.75;0.061;
2010-03-01;-14.143;5.0;82.143;0.122;
2010-03-02;-20.938;0.0;82.5;0.017;
2010-03-03;-20.55;2.0;87.625;0.014;
2010-03-04;-14.714;4.0;92.143;0.048;
2010-03-05;-16.143;0.0;81.571;0.084;
2010-03-06;-13.55;;79.625;0.155;
2010-03-07;-11.3;;66.875;0.361;
2010-03-08;-5.8;;67.625;0.693;
2010-03-09;-1.438;2.0;90.125;0.318;
2010-03-10;-2.5;2.9;92.125;0.231;
2010-03-11;-7.225;1.3;89.375;0.195;
2010-03-12;-7.938;9.0;96.75;0.055;
2010-03-13;-8.625;2.0;88.25;0.183;
2010-03-14;-5.325;0.0;76.0;0.539;
2010-03-15;-2.412;1.0;79.25;0.615;
2010-03-16;-0.525;0.9;98.125;0.065;
2010-03-17;-3.2;0.4;93.286;0.185;
2010-03-18;-2.538;7.0;91.875;0.238;
2010-03-19;-4.35;0.9;67.75;0.799;
2010-03-20;-5.512;0.0;70.75;0.645;
2010-03-21;-9.438;0.0;85.25;0.207;
2010-03-22;-10.962;;87.125;0.147;
2010-03-23;-9.075;;76.125;0.352;
2010-03-24;0.862;;84.5;0.602;
2010-03-25;0.55;0.8;76.75;0.881;
2010-03-26;-0.663;;76.375;0.813;
2010-03-27;-0.938;0.0;87.375;0.424;
2010-03-28;-8.137;2.5;88.0;0.198;
2010-03-29;-5.025;2.0;82.25;0.411;
2010-03-30;-6.625;;78.0;0.431;
2010-03-31;-2.2;0.6;91.25;0.264;
2010-04-01;-0.55;;83.75;0.583;
2010-04-02;0.043;0.2;94.143;0.22;
2010-04-03;-0.237;;83.375;0.612;
2010-04-04;0.688;2.0;89.375;0.421;
2010-04-05;0.475;4.0;94.625;0.209;
2010-04-06;-4.9;;66.25;0.818;
2010-04-07;-7.217;;70.833;0.553;
2010-04-08;-6.257;0.0;66.143;0.714;
2010-04-09;-5.85;;51.333;1.071;
2010-04-10;-5.575;;56.75;0.979;
2010-04-11;-4.45;;65.0;0.887;
2010-04-12;-1.463;0.6;65.0;1.163;
2010-04-13;1.712;;58.375;1.782;
2010-04-14;3.262;0.2;81.875;0.869;
2010-04-15;2.388;;82.375;0.793;
2010-04-16;1.729;23.0;93.714;0.269;
2010-04-17;3.675;;78.25;1.073;
2010-04-18;3.438;0.0;82.5;0.849;
2010-04-19;4.743;;67.571;1.721;
2010-04-20;8.0;9.0;75.0;1.634;
2010-04-21;9.525;;60.5;2.825;
2010-04-22;7.225;;58.875;2.562;
2010-04-23;6.843;;47.286;3.207;
2010-04-24;7.975;;53.375;3.042;
2010-04-25;12.4;;46.0;4.532;
2010-04-26;15.9;;45.875;5.432;
2010-04-27;19.0;;36.75;7.347;
2010-04-28;16.312;;53.625;4.749;
2010-04-29;13.95;2.0;60.625;3.584;1.434
2010-04-30;6.8;3.0;58.143;2.54;
2010-05-01;10.35;;48.0;3.773;
2010-05-02;9.788;0.3;66.25;2.372;
2010-05-03;9.225;15.0;54.5;3.095;
2010-05-04;5.312;14.0;76.0;1.28;
2010-05-05;7.438;;66.375;2.054;
2010-05-06;8.825;;65.875;2.267;
2010-05-07;9.875;;58.375;2.94;
2010-05-08;9.812;3.0;70.125;2.102;
2010-05-09;6.025;;61.5;2.152;
2010-05-10;5.25;;55.125;2.384;
2010-05-11;1.475;0.0;64.25;1.455;
2010-05-12;1.488;10.0;93.5;0.265;
2010-05-13;6.9;4.0;65.25;2.053;
2010-05-14;11.712;;54.875;3.531;
2010-05-15;12.038;;59.375;3.236;
2010-05-16;16.312;;57.75;4.187;
2010-05-17;10.35;4.0;79.375;1.497;3.865
2010-05-18;2.888;0.0;77.625;1.01;
2010-05-19;1.288;0.6;76.25;0.953;
2010-05-20;3.162;;68.75;1.439;
2010-05-21;3.8;0.0;66.0;1.637;
2010-05-22;5.675;;62.0;2.076;
2010-05-23;10.362;;53.875;3.349;
2010-05-24;10.625;;55.25;3.298;
2010-05-25;10.825;;50.0;3.726;
2010-05-26;18.15;;47.25;5.703;
2010-05-27;20.85;;41.625;7.126;
2010-05-28;17.212;11.0;70.875;3.013;6.391
2010-05-29;18.825;3.0;61.5;4.294;1.594
2010-05-30;19.162;;53.0;5.323;
2010-05-31;13.343;;60.143;3.402;
2010-06-01;11.26;;56.8;3.408;
2010-06-02;14.275;;61.75;3.54;
2010-06-03;16.975;;55.875;4.665;
2010-06-04;16.938;2.0;63.5;3.852;1.181
2010-06-05;14.112;2.0;65.75;3.144;1.417
2010-06-06;15.913;;58.875;4.13;
2010-06-07;21.612;;44.5;7.235;
2010-06-08;24.112;;45.75;7.851;
2010-06-09;19.033;1.0;69.0;3.606;0.525
2010-06-10;16.783;;63.167;3.858;
2010-06-11;20.643;;51.286;6.089;
2010-06-12;16.875;1.0;65.125;3.669;0.593
2010-06-13;15.688;;56.375;4.333;
2010-06-14;19.571;;54.857;5.381;
2010-06-15;25.625;;54.0;7.074;
2010-06-16;22.075;;51.0;6.515;
2010-06-17;17.362;;46.5;5.761;
2010-06-18;19.662;;37.875;7.435;
2010-06-19;21.4;;46.333;6.933;
2010-06-20;25.95;;45.75;8.45;
2010-06-21;17.933;0.1;81.5;2.046;0.056
2010-06-22;11.688;1.0;80.5;1.575;0.856
2010-06-23;12.2;0.3;67.375;2.709;0.246
2010-06-24;14.8;;61.375;3.671;
2010-06-25;15.45;7.0;79.5;2.013;4.531
2010-06-26;16.975;0.3;60.625;4.162;0.177
2010-06-27;16.525;;59.75;4.164;
2010-06-28;16.412;6.0;71.75;2.907;3.656
2010-06-29;17.238;1.0;70.25;3.184;0.58
2010-06-30;20.412;;55.0;5.568;
2010-07-01;18.55;22.0;77.75;2.45;11.86
2010-07-02;18.262;;70.375;3.22;
2010-07-03;16.112;2.0;65.125;3.423;1.241
2010-07-04;17.8;;67.875;3.417;
2010-07-05;21.871;;61.714;4.884;
2010-07-06;21.475;0.0;61.5;4.828;0.0
2010-07-07;17.812;0.0;63.625;3.871;0.0
2010-07-08;16.638;0.3;56.75;4.354;0.18
2010-07-09;15.825;1.4;70.125;2.891;0.885
2010-07-10;16.257;;72.714;2.697;
2010-07-11;16.2;6.9;81.75;1.799;4.259
2010-07-12;17.05;2.0;77.125;2.349;1.173
2010-07-13;16.914;0.3;81.857;1.851;0.177
2010-07-14;21.675;2.0;65.25;4.396;0.923
2010-07-15;24.012;;54.5;6.347;
2010-07-16;25.288;;54.5;6.681;
2010-07-17;24.762;;63.5;5.248;
2010-07-18;22.362;3.0;77.0;2.996;1.342
2010-07-19;17.575;2.0;67.625;3.407;1.138
2010-07-20;15.85;;69.25;2.979;
2010-07-21;14.762;;64.875;3.225;
2010-07-22;17.1;;55.0;4.631;
2010-07-23;14.65;10.0;83.167;1.537;6.826
2010-07-24;19.3;;69.5;3.476;
2010-07-25;21.775;;59.75;5.113;
2010-07-26;21.117;3.0;65.833;4.219;1.421
2010-07-27;10.9;7.0;90.375;0.72;6.422
2010-07-28;11.575;0.7;70.125;2.321;0.605
2010-07-29;13.938;;64.5;3.125;
2010-07-30;15.125;;64.875;3.284;
2010-07-31;15.562;1.0;80.875;1.827;0.643
2010-08-01;15.075;;61.375;3.602;
2010-08-02;15.162;;59.375;3.805;
2010-08-03;18.562;0.1;57.625;4.669;0.054
2010-08-04;18.5;1.0;71.625;3.118;0.541
2010-08-05;17.438;;84.375;1.634;
2010-08-06;17.388;;68.375;3.299;
2010-08-07;21.312;;72.125;3.472;
2010-08-08;21.788;0.5;73.625;3.352;0.229
2010-08-09;16.5;0.8;72.75;2.725;0.485
2010-08-10;16.112;;63.625;3.57;
2010-08-11;14.475;0.3;65.75;3.099;0.207
2010-08-12;14.912;;65.125;3.226;
2010-08-13;18.125;;58.0;4.535;
2010-08-14;17.362;1.0;72.125;2.905;0.576
2010-08-15;13.975;0.5;77.125;2.018;0.358
2010-08-16;10.357;1.0;81.0;1.379;0.966
2010-08-17;15.112;;79.75;1.892;
2010-08-18;17.05;;63.875;3.709;
2010-08-19;14.05;;61.5;3.409;
2010-08-20;19.712;;46.125;6.254;
2010-08-21;23.4;;56.75;5.883;
2010-08-22;24.15;;49.125;7.136;
2010-08-23;19.762;3.0;73.625;3.069;1.518
2010-08-24;13.325;;63.75;3.092;
2010-08-25;16.438;;66.5;3.34;
2010-08-26;17.138;0.9;69.0;3.196;0.525
2010-08-27;16.888;;67.25;3.336;
2010-08-28;18.462;;65.0;3.839;
2010-08-29;20.529;;68.0;3.851;
2010-08-30;20.275;;62.5;4.463;
2010-08-31;22.775;;54.375;6.047;
2010-09-01;25.275;;54.5;6.9;
2010-09-02;14.913;0.4;78.75;2.031;0.268
2010-09-03;12.4;;65.286;2.913;
2010-09-04;10.512;;60.625;2.979;
2010-09-05;16.188;;56.5;4.428;
2010-09-06;19.512;;47.75;6.212;
2010-09-07;17.275;;62.5;4.021;
2010-09-08;22.875;;44.25;7.667;
2010-09-09;11.862;;56.25;3.567;
2010-09-10;9.65;0.3;61.875;2.746;
2010-09-11;7.875;4.0;74.75;1.637;
2010-09-12;4.362;4.3;75.875;1.248;
2010-09-13;5.45;;60.125;2.218;
2010-09-14;6.075;;72.75;1.579;
2010-09-15;6.388;0.3;72.625;1.618;
2010-09-16;8.1;0.8;67.5;2.136;
2010-09-17;10.088;4.0;78.25;1.607;3.965
2010-09-18;4.55;;72.375;1.447;
2010-09-19;5.625;0.0;66.75;1.871;
2010-09-20;8.388;;64.5;2.374;
2010-09-21;13.538;;54.875;4.021;
2010-09-22;13.95;;65.375;3.152;
2010-09-23;9.986;0.5;69.571;2.235;
2010-09-24;8.188;0.3;74.375;1.693;
2010-09-25;9.775;;73.25;1.941;
2010-09-26;11.625;;60.125;3.209;
2010-09-27;13.712;;56.75;3.889;
2010-09-28;13.125;0.0;68.125;2.78;0.0
2010-09-29;10.175;5.4;87.625;0.919;5.307
2010-09-30;11.662;2.4;78.0;1.774;2.058
2010-10-01;17.338;;47.75;5.438;
2010-10-02;13.3;0.0;63.875;3.077;0.0
2010-10-03;6.838;6.0;83.75;0.956;
2010-10-04;4.975;;70.75;1.526;
2010-10-05;4.012;;62.5;1.833;
2010-10-06;2.688;0.0;72.25;1.235;
2010-10-07;2.25;;69.625;1.31;
2010-10-08;3.012;1.3;90.875;0.416;
2010-10-09;6.6;5.0;91.875;0.471;
2010-10-10;7.238;1.1;83.5;0.996;
2010-10-11;7.988;;73.375;1.682;
2010-10-12;9.588;;66.125;2.353;
2010-10-13;8.743;;60.0;2.644;
2010-10-14;10.467;;60.167;2.909;
2010-10-15;8.462;;62.25;2.454;
2010-10-16;6.325;5.0;83.25;0.954;
2010-10-17;4.1;4.0;75.625;1.199;
2010-10-18;6.362;;67.875;1.835;
2010-10-19;1.425;0.0;81.5;0.75;
2010-10-20;0.837;0.0;77.625;0.867;
2010-10-21;0.488;0.0;71.25;1.084;
2010-10-22;1.638;0.6;80.0;0.824;
2010-10-23;2.412;;70.5;1.287;
2010-10-24;4.6;;62.5;1.908;
2010-10-25;3.588;;69.875;1.43;
2010-10-26;2.55;;72.25;1.223;
2010-10-27;2.95;;72.0;1.27;
2010-10-28;3.488;;66.125;1.596;
2010-10-29;4.638;;58.625;2.11;
2010-10-30;3.85;;67.25;1.583;
2010-10-31;6.488;;62.625;2.152;
2010-11-01;6.525;;66.125;2.02;
2010-11-02;2.1;;88.0;0.529;
2010-11-03;6.538;2.0;73.875;1.559;
2010-11-04;1.962;0.9;84.375;0.682;
2010-11-05;2.762;;80.375;0.908;
2010-11-06;4.138;;73.625;1.344;
2010-11-07;4.938;0.8;72.5;1.479;
2010-11-08;2.712;6.0;86.375;0.628;
2010-11-09;0.112;3.0;73.25;1.012;
2010-11-10;-0.462;7.0;91.875;0.294;
2010-11-11;-3.562;0.8;80.25;0.545;
2010-11-12;-4.875;;83.25;0.407;
2010-11-13;0.225;;74.375;0.978;
2010-11-14;2.95;0.1;83.125;0.791;
2010-11-15;5.55;1.0;78.375;1.211;
2010-11-16;3.088;4.0;90.5;0.45;
2010-11-17;0.462;2.3;90.375;0.374;
2010-11-18;-3.812;10.0;90.375;0.259;
2010-11-19;-6.2;2.0;83.75;0.345;
2010-11-20;-3.412;2.9;89.125;0.304;
2010-11-21;-5.1;6.0;89.667;0.246;
2010-11-22;-14.157;;73.571;0.186;
2010-11-23;-13.5;;74.286;0.204;
2010-11-24;-13.6;0.3;81.75;0.142;
2010-11-25;-10.475;2.0;74.25;0.326;
2010-11-26;-12.375;6.0;78.75;0.203;
2010-11-27;-13.025;7.0;89.25;0.092;
2010-11-28;-4.3;4.0;84.0;0.411;
2010-11-29;-11.025;4.0;90.75;0.108;
2010-11-30;-8.95;0.9;80.75;0.298;
2010-12-01;-20.55;2.0;73.25;0.031;
2010-12-02;-3.8;7.0;85.0;0.391;
2010-12-03;-19.867;1.0;75.0;0.038;
2010-12-04;-20.85;2.0;71.0;0.029;
2010-12-05;-12.775;2.0;72.5;0.239;
2010-12-06;-7.8;13.0;88.5;0.198;
2010-12-07;-6.125;8.0;84.0;0.331;
2010-12-08;-6.85;2.0;76.25;0.454;
2010-12-09;-24.325;0.0;73.5;0.001;
2010-12-10;-21.65;3.0;80.0;0.013;
2010-12-11;-23.525;0.8;73.75;0.003;
2010-12-12;-28.825;;75.75;0.021;
2010-12-13;-22.5;;76.25;0.009;
2010-12-14;-20.475;;65.25;0.041;
2010-12-15;-13.3;;62.5;0.298;
2010-12-16;-11.875;;58.75;0.413;
2010-12-17;-9.95;2.0;86.75;0.174;
2010-12-18;-11.45;5.8;86.25;0.147;
2010-12-19;-25.133;;77.667;0.0;
2010-12-20;-31.325;;77.0;0.053;
2010-12-21;-32.55;;74.25;0.085;
2010-12-22;-33.85;;75.25;0.113;
2010-12-23;-31.6;;74.5;0.064;
2010-12-24;-12.95;8.0;87.75;0.103;
2010-12-25;-19.8;0.3;82.5;0.027;
2010-12-26;-24.325;0.4;81.25;0.0;
2010-12-27;-19.7;2.4;81.0;0.031;
2010-12-28;-24.725;0.9;75.75;0.0;
2010-12-29;-23.075;0.7;74.5;0.005;
2010-12-30;-14.55;7.0;81.5;0.117;
2010-12-31;-23.1;1.0;80.5;0.004;
2011-01-01;-29.425;0.0;79.25;0.024;
2011-01-02;-29.475;0.5;77.25;0.026;
2011-01-03;-32.425;;77.25;0.073;
2011-01-04;-31.525;;75.75;0.06;
2011-01-05;-32.45;;75.75;0.078;
2011-01-06;-31.85;;74.5;0.069;
2011-01-07;-32.2;;73.25;0.081;
2011-01-08;-30.05;;74.75;0.037;
2011-01-09;-26.925;;74.5;0.005;
2011-01-10;-23.975;;72.0;0.002;
2011-01-11;-19.375;3.0;76.25;0.044;
2011-01-12;-22.025;;82.0;0.009;
2011-01-13;-15.45;0.3;83.75;0.086;
2011-01-14;-12.85;0.3;87.5;0.107;
2011-01-15;-19.175;;87.5;0.025;
2011-01-16;-21.0;;87.5;0.012;
2011-01-17;-18.225;;76.25;0.063;
2011-01-18;-15.05;;81.25;0.108;
2011-01-19;-15.25;;83.75;0.09;
2011-01-20;-19.875;;84.75;0.023;
2011-01-21;-20.933;;81.667;0.018;
2011-01-22;-23.775;;80.0;0.002;
2011-01-23;-25.875;;81.0;0.001;
2011-01-24;-26.6;;80.5;0.003;
2011-01-25;-26.0;;80.4;0.001;
2011-01-26;-22.825;;75.75;0.007;
2011-01-27;-12.525;;64.125;0.324;
2011-01-28;-11.5;;58.375;0.44;
2011-01-29;-9.438;;54.625;0.638;
2011-01-30;-6.138;2.0;77.25;0.47;
2011-01-31;-10.25;0.5;77.625;0.283;
2011-02-01;-9.562;0.0;80.875;0.293;
2011-02-02;-9.138;1.0;83.875;0.261;
2011-02-03;-8.512;3.0;92.625;0.129;
2011-02-04;-10.9;6.0;76.75;0.297;
2011-02-05;-13.338;0.0;81.875;0.158;
2011-02-06;-9.275;3.6;86.125;0.221;
2011-02-07;-13.475;0.3;81.25;0.16;
2011-02-08;-11.612;;79.5;0.236;
2011-02-09;-5.212;0.6;81.5;0.466;
2011-02-10;-9.112;0.0;81.0;0.308;
2011-02-11;-8.362;;75.5;0.436;
2011-02-12;-4.471;0.0;75.857;0.654;
2011-02-13;-8.48;;85.4;0.256;
2011-02-14;-15.0;0.0;83.125;0.108;
2011-02-15;-14.888;;77.5;0.148;
2011-02-16;-7.75;0.5;77.125;0.438;
2011-02-17;-5.65;1.5;79.0;0.505;
2011-02-18;-8.375;0.8;69.0;0.551;
2011-02-19;-17.85;;73.75;0.086;
2011-02-20;-18.575;0.3;80.625;0.051;
2011-02-21;-22.088;1.3;76.625;0.013;
2011-02-22;-23.7;0.5;74.125;0.003;
2011-02-23;-23.062;;69.75;0.007;
2011-02-24;-18.475;;63.75;0.099;
2011-02-25;-17.957;0.0;71.429;0.091;
2011-02-26;-16.117;0.0;77.5;0.114;
2011-02-27;-18.362;;78.125;0.062;
2011-02-28;-16.957;;71.429;0.119;
2011-03-01;-15.612;;71.25;0.147;
2011-03-02;-14.5;;69.375;0.196;
2011-03-03;-15.088;0.0;73.125;0.153;
2011-03-04;-15.962;;77.25;0.108;
2011-03-05;-13.5;;72.625;0.21;
2011-03-06;-9.05;;66.25;0.499;
2011-03-07;-5.375;;66.75;0.744;
2011-03-08;-0.275;0.0;78.75;0.754;
2011-03-09;-0.712;;70.75;1.002;
2011-03-10;-8.117;2.2;77.833;0.367;
2011-03-11;-12.1;0.3;72.875;0.262;
2011-03-12;-13.638;;68.0;0.24;
2011-03-13;-6.012;;53.5;0.973;
2011-03-14;-3.812;;55.125;1.17;
2011-03-15;-0.662;1.0;81.25;0.645;
2011-03-16;-4.738;0.6;79.0;0.501;
2011-03-17;-4.7;2.5;82.5;0.419;
2011-03-18;-7.788;0.7;63.75;0.624;
2011-03-19;-7.788;1.9;79.875;0.346;
2011-03-20;-2.512;0.0;77.5;0.661;
2011-03-21;-4.238;;78.143;0.547;
2011-03-22;-3.25;;70.0;0.824;
2011-03-23;-1.138;;61.875;1.261;
2011-03-24;-0.388;;51.625;1.702;
2011-03-25;2.862;;53.0;2.119;
2011-03-26;3.688;1.0;74.875;1.201;
2011-03-27;-0.712;0.6;74.5;0.873;
2011-03-28;0.388;3.0;71.375;1.071;
2011-03-29;-4.162;;66.25;0.851;
2011-03-30;-4.238;;67.625;0.81;
2011-03-31;-2.288;;53.875;1.382;
2011-04-01;3.588;0.5;67.875;1.575;
2011-04-02;1.562;2.0;81.5;0.783;
2011-04-03;-0.538;4.3;81.25;0.673;
2011-04-04;-2.812;0.3;80.0;0.591;
2011-04-05;0.14;7.0;94.8;0.197;
2011-04-06;1.45;0.5;84.667;0.644;
2011-04-07;2.562;;78.875;0.963;
2011-04-08;4.037;;74.375;1.296;
2011-04-09;5.138;;66.25;1.839;
2011-04-10;7.875;;56.25;2.837;
2011-04-11;9.862;;58.125;3.054;
2011-04-12;11.843;;54.429;3.712;
2011-04-13;12.638;0.0;64.0;3.06;0.0
2011-04-14;9.988;5.0;88.75;0.826;
2011-04-15;12.025;;65.75;2.817;
2011-04-16;15.162;;54.5;4.404;
2011-04-17;11.238;0.0;59.625;3.181;0.0
2011-04-18;10.812;;49.625;3.876;
2011-04-19;14.488;;34.0;6.175;
2011-04-20;13.025;3.0;61.375;3.351;2.303
2011-04-21;12.462;;52.625;3.989;
2011-04-22;19.15;;39.125;7.12;
2011-04-23;11.825;1.6;52.5;3.865;1.353
2011-04-24;6.812;;47.5;3.188;
2011-04-25;9.675;;47.0;3.823;
2011-04-26;9.812;0.9;50.375;3.608;
2011-04-27;5.475;5.0;72.0;1.56;
2011-04-28;3.475;5.0;75.25;1.204;
2011-04-29;6.775;;61.0;2.363;
2011-04-30;10.0;;44.25;4.098;
2011-05-01;11.112;0.6;52.375;3.606;0.54
2011-05-02;8.588;;56.75;2.833;
2011-05-03;6.862;0.4;57.125;2.527;
2011-05-04;6.9;;48.625;3.036;
2011-05-05;4.162;0.9;73.125;1.327;
2011-05-06;7.488;0.4;72.125;1.708;
2011-05-07;11.125;;43.125;4.31;
2011-05-08;4.762;5.0;55.0;2.315;
2011-05-09;3.1;;49.375;2.321;
2011-05-10;10.025;;42.75;4.078;
2011-05-11;16.087;;29.375;6.923;
2011-05-12;18.162;;24.375;8.181;
2011-05-13;19.188;;29.125;8.035;
2011-05-14;9.225;;48.125;3.528;
2011-05-15;12.05;0.4;43.0;4.543;0.332
2011-05-16;6.788;;42.625;3.366;
2011-05-17;6.725;;38.125;3.616;
2011-05-18;10.0;;39.286;4.319;
2011-05-19;13.5;;41.625;5.024;
2011-05-20;17.212;;36.5;6.57;
2011-05-21;16.838;7.0;57.75;4.294;4.157
2011-05-22;15.575;5.0;74.125;2.473;3.21
2011-05-23;13.725;0.6;59.5;3.527;0.437
2011-05-24;11.925;;54.0;3.642;
2011-05-25;12.362;0.0;59.125;3.313;0.0
2011-05-26;17.7;1.0;55.25;4.738;0.565
2011-05-27;12.288;0.0;66.125;2.735;0.0
2011-05-28;11.75;7.0;75.25;1.941;5.957
2011-05-29;17.138;;60.875;4.034;
2011-05-30;22.125;;52.0;6.189;
2011-05-31;24.638;;39.25;8.691;
2011-06-01;18.35;3.0;70.125;3.369;1.635
2011-06-02;19.775;;63.5;4.391;
2011-06-03;21.925;0.1;61.25;5.12;0.046
2011-06-04;21.125;0.4;66.0;4.34;0.189
2011-06-05;20.625;0.6;67.125;4.106;0.291
2011-06-06;20.288;;66.75;4.092;
2011-06-07;21.625;0.4;66.75;4.337;0.185
2011-06-08;23.488;;61.5;5.431;
2011-06-09;24.288;;56.875;6.286;
2011-06-10;23.662;0.7;61.25;5.506;0.296
2011-06-11;24.075;;59.625;5.834;
2011-06-12;23.475;;57.75;5.957;
2011-06-13;24.2;;59.0;5.955;
2011-06-14;20.5;;46.5;6.646;
2011-06-15;18.375;;44.125;6.307;
2011-06-16;18.1;;42.25;6.437;
2011-06-17;20.514;;46.0;6.712;
2011-06-18;22.843;;51.286;6.69;
2011-06-19;25.64;;47.2;8.124;
2011-06-20;23.775;;48.875;7.298;
2011-06-21;21.038;0.0;56.25;5.564;0.0
2011-06-22;17.788;1.0;69.625;3.337;0.562
2011-06-23;17.15;11.4;82.5;1.865;6.647
2011-06-24;19.225;4.0;74.0;3.051;2.081
2011-06-25;18.112;;58.0;4.684;
2011-06-26;17.65;;61.875;4.161;
2011-06-27;19.175;;61.875;4.464;
2011-06-28;22.45;0.5;51.75;6.518;0.223
2011-06-29;24.212;;53.5;6.757;
2011-06-30;25.062;;51.0;7.368;
2011-07-01;21.55;2.0;71.5;3.586;0.928
2011-07-02;15.012;3.0;77.0;2.138;1.998
2011-07-03;14.15;;62.25;3.36;
2011-07-04;14.612;;57.5;3.872;
2011-07-05;17.088;0.4;58.5;4.268;0.234
2011-07-06;17.95;8.0;72.0;2.999;4.457
2011-07-07;16.688;;52.5;4.793;
2011-07-08;16.625;;55.625;4.464;
2011-07-09;16.2;5.0;73.125;2.649;3.086
2011-07-10;17.025;0.3;66.375;3.448;0.176
2011-07-11;20.275;1.1;69.25;3.66;0.543
2011-07-12;19.988;18.0;90.25;1.146;9.006
2011-07-13;20.343;4.0;79.571;2.439;1.966
2011-07-14;17.012;;61.375;3.959;
2011-07-15;19.062;;60.0;4.509;
2011-07-16;18.85;0.5;66.125;3.782;0.265
2011-07-17;20.375;;65.0;4.184;
2011-07-18;21.3;;61.5;4.792;
2011-07-19;21.425;;59.625;5.053;
2011-07-20;22.85;;62.125;5.035;
2011-07-21;15.525;0.3;76.375;2.253;0.193
2011-07-22;15.6;;59.125;3.912;
2011-07-23;16.725;;61.625;3.879;
2011-07-24;18.612;;65.375;3.824;
2011-07-25;18.262;0.4;68.75;3.396;0.219
2011-07-26;16.925;;60.0;4.082;
2011-07-27;20.343;0.3;66.857;3.957;0.147
2011-07-28;16.288;0.3;63.0;3.662;0.184
2011-07-29;13.875;6.0;66.0;2.984;4.324
2011-07-30;12.9;;72.571;2.288;
2011-07-31;13.525;3.0;78.0;1.896;2.218
2011-08-01;26.48;1.0;54.6;6.986;0.378
2011-08-02;17.45;;70.875;3.047;
2011-08-03;20.038;1.2;82.5;2.061;0.599
2011-08-04;15.825;3.7;82.625;1.681;2.338
2011-08-05;12.7;6.0;85.25;1.217;4.724
2011-08-06;12.575;;65.5;2.828;
2011-08-07;13.625;;61.875;3.303;
2011-08-08;15.888;;64.625;3.434;
2011-08-09;17.362;;59.375;4.233;
2011-08-10;18.4;;62.125;4.142;
2011-08-11;18.175;4.3;80.375;2.124;2.366
2011-08-12;18.65;13.0;68.75;3.457;6.971
2011-08-13;19.088;;66.75;3.753;
2011-08-14;21.412;;64.625;4.425;
2011-08-15;21.625;;68.25;4.008;
2011-08-16;22.3;;64.75;4.579;
2011-08-17;16.425;2.0;80.375;1.955;1.218
2011-08-18;11.875;0.0;86.5;1.066;0.0
2011-08-19;12.814;;75.571;2.028;
2011-08-20;12.429;8.4;85.429;1.185;6.759
2011-08-21;13.962;0.7;75.875;2.127;0.501
2011-08-22;14.225;2.0;79.875;1.798;1.406
2011-08-23;14.429;2.0;71.857;2.54;1.386
2011-08-24;17.314;0.6;73.0;2.807;0.347
2011-08-25;16.725;;75.625;2.464;
2011-08-26;12.812;;64.375;2.958;
2011-08-27;9.975;2.0;82.75;1.225;
2011-08-28;10.588;0.0;73.5;1.949;0.0
2011-08-29;13.4;0.8;67.571;2.777;0.597
2011-08-30;13.562;6.0;74.25;2.223;4.424
2011-08-31;12.888;1.4;86.0;1.167;1.086
2011-09-01;17.0;12.0;80.75;2.037;7.059
2011-09-02;10.612;;65.5;2.625;
2011-09-03;14.55;;67.125;3.085;
2011-09-04;14.025;0.5;71.375;2.616;0.357
2011-09-05;10.35;;71.875;2.109;
2011-09-06;12.4;;59.875;3.368;
2011-09-07;12.088;;58.375;3.435;
2011-09-08;14.1;;57.375;3.91;
2011-09-09;16.425;;52.625;4.878;
2011-09-10;11.988;3.0;79.75;1.662;2.503
2011-09-11;9.188;;72.5;1.928;
2011-09-12;9.2;;70.625;2.061;
2011-09-13;10.525;;64.0;2.726;
2011-09-14;11.038;;56.25;3.409;
2011-09-15;12.738;;50.5;4.23;
2011-09-16;14.086;;47.571;4.806;
2011-09-17;13.125;;55.625;3.87;
2011-09-18;13.275;;61.875;3.351;
2011-09-19;14.725;;55.875;4.178;
2011-09-20;16.55;;46.0;5.594;
2011-09-21;17.638;;43.25;6.19;
2011-09-22;13.75;;69.875;2.714;
2011-09-23;12.438;;70.375;2.491;
2011-09-24;12.212;0.9;73.625;2.191;0.737
2011-09-25;7.288;12.0;78.25;1.36;
2011-09-26;7.175;;85.0;0.932;
2011-09-27;10.912;;65.0;2.708;
2011-09-28;11.212;;55.375;3.511;
2011-09-29;12.012;;50.5;4.069;
2011-09-30;9.788;1.0;72.375;2.006;
2011-10-01;11.562;;58.625;3.212;
2011-10-02;11.762;;56.875;3.384;
2011-10-03;12.912;0.7;60.75;3.276;0.542
2011-10-04;13.412;;80.375;1.681;
2011-10-05;13.262;;80.0;1.7;
2011-10-06;8.1;5.0;79.75;1.288;
2011-10-07;8.962;0.0;77.625;1.499;
2011-10-08;10.438;0.0;72.5;2.005;0.0
2011-10-09;7.125;0.6;82.625;1.041;
2011-10-10;9.0;;76.286;1.592;
2011-10-11;10.75;;70.375;2.198;
2011-10-12;12.525;;73.875;2.136;
2011-10-13;13.562;;66.0;2.936;
2011-10-14;11.675;;69.875;2.353;
2011-10-15;10.75;;67.75;2.393;
2011-10-16;10.888;;66.125;2.533;
2011-10-17;13.412;;56.875;3.695;
2011-10-18;4.975;4.6;81.625;0.959;
2011-10-19;3.875;;72.375;1.337;
2011-10-20;3.15;5.7;93.5;0.299;
2011-10-21;4.4;0.6;86.857;0.66;
2011-10-22;4.283;;76.5;1.17;
2011-10-23;3.8;;73.375;1.282;
2011-10-24;3.162;;79.875;0.927;
2011-10-25;3.713;;83.125;0.808;
2011-10-26;1.962;;93.75;0.264;
2011-10-27;5.1;5.0;84.857;0.797;
2011-10-28;0.838;3.5;87.25;0.494;
2011-10-29;-1.625;1.6;81.0;0.603;
2011-10-30;-3.5;0.7;84.125;0.426;
2011-10-31;-4.888;0.7;81.75;0.429;
2011-11-01;-1.75;9.0;92.75;0.235;
2011-11-02;-7.45;0.3;82.875;0.316;
2011-11-03;0.512;6.0;91.375;0.337;
2011-11-04;2.912;;75.25;1.157;
2011-11-05;4.175;0.0;68.5;1.609;
2011-11-06;4.25;2.0;68.25;1.63;
2011-11-07;-5.438;0.0;62.75;0.855;
2011-11-08;-5.312;;64.75;0.82;
2011-11-09;-9.588;0.4;70.0;0.428;
2011-11-10;-9.325;3.5;82.125;0.264;
2011-11-11;-12.075;0.6;83.125;0.169;
2011-11-12;-6.438;3.2;88.125;0.246;
2011-11-13;-3.843;1.2;76.714;0.625;
2011-11-14;-8.925;1.0;73.5;0.411;
2011-11-15;-12.775;;83.0;0.152;
2011-11-16;-10.612;0.4;86.875;0.163;
2011-11-17;-7.012;0.0;81.5;0.359;
2011-11-18;-4.562;0.6;73.5;0.664;
2011-11-19;-8.6;0.4;85.5;0.234;
2011-11-20;-8.812;0.5;81.5;0.291;
2011-11-21;-10.212;;75.75;0.318;
2011-11-22;-5.525;1.0;66.0;0.774;
2011-11-23;-9.862;1.0;81.625;0.253;
2011-11-24;-13.65;0.2;85.0;0.116;
2011-11-25;-18.25;;81.25;0.051;
2011-11-26;-13.95;0.5;79.375;0.151;
2011-11-27;-11.729;2.0;85.0;0.159;
2011-11-28;-13.238;0.7;85.0;0.125;
2011-11-29;-12.575;1.6;85.625;0.133;
2011-11-30;-12.886;0.4;76.429;0.208;
2011-12-01;-12.2;;75.875;0.23;
2011-12-02;-7.95;3.9;88.125;0.2;
2011-12-03;-7.738;3.0;91.5;0.147;
2011-12-04;-8.375;4.0;91.375;0.138;
2011-12-05;-12.7;1.6;88.75;0.099;
2011-12-06;-9.862;0.9;84.125;0.211;
2011-12-07;-5.538;0.7;88.0;0.264;
2011-12-08;-11.488;;89.125;0.115;
2011-12-09;-17.088;;90.0;0.036;
2011-12-10;-18.088;;87.375;0.035;
2011-12-11;-10.388;;91.875;0.101;
2011-12-12;-13.062;;88.75;0.093;
2011-12-13;-14.15;;80.625;0.132;
2011-12-14;-12.712;0.0;83.125;0.148;
2011-12-15;-10.438;0.4;81.125;0.232;
2011-12-16;-15.812;0.3;79.375;0.101;
2011-12-17;-19.675;;84.25;0.026;
2011-12-18;-17.7;;75.625;0.075;
2011-12-19;-17.338;0.0;83.625;0.056;
2011-12-20;-14.1;0.4;83.75;0.112;
2011-12-21;-17.238;;78.125;0.077;
2011-12-22;-14.562;0.3;75.625;0.154;
2011-12-23;-11.35;;70.625;0.318;
2011-12-24;-12.657;;60.714;0.348;
2011-12-25;-12.975;;58.125;0.352;
2011-12-26;-11.9;;69.25;0.306;
2011-12-27;-5.975;2.4;85.5;0.305;
2011-12-28;-11.388;10.4;82.5;0.188;
2011-12-29;-6.412;0.2;74.375;0.514;
2011-12-30;-2.388;4.0;89.5;0.312;
2011-12-31;-6.425;1.2;85.875;0.283;
2012-01-01;-9.388;0.5;86.875;0.186;
2012-01-02;-11.125;;85.375;0.163;
2012-01-03;-15.625;;87.5;0.064;
2012-01-04;-15.55;;81.875;0.094;
2012-01-05;-10.888;1.0;80.875;0.221;
2012-01-06;-16.762;;77.5;0.089;
2012-01-07;-13.425;0.4;83.125;0.131;
2012-01-08;-8.175;0.7;90.75;0.152;
2012-01-09;-6.388;0.0;91.125;0.179;
2012-01-10;-10.338;0.4;92.25;0.097;
2012-01-11;-12.55;0.2;93.125;0.062;
2012-01-12;-16.087;0.0;90.0;0.046;
2012-01-13;-16.475;;88.75;0.047;
2012-01-14;-19.712;;84.375;0.025;
2012-01-15;-20.775;1.3;84.375;0.016;
2012-01-16;-20.05;1.2;84.167;0.023;
2012-01-17;-27.075;0.0;76.75;0.006;
2012-01-18;-27.575;;78.625;0.008;
2012-01-19;-28.075;;78.5;0.012;
2012-01-20;-27.425;0.0;78.25;0.007;
2012-01-21;-22.4;0.0;78.0;0.009;
2012-01-22;-22.35;;78.5;0.009;
2012-01-23;-22.733;0.2;78.333;0.006;
2012-01-24;-19.812;1.0;78.125;0.034;
2012-01-25;-22.462;;80.375;0.007;
2012-01-26;-24.075;;79.125;0.001;
2012-01-27;-22.65;1.2;77.875;0.007;
2012-01-28;-23.625;0.0;77.625;0.002;
2012-01-29;-28.788;;75.25;0.021;
2012-01-30;-27.862;;71.625;0.014;
2012-01-31;-28.862;;72.5;0.024;
2012-02-01;-29.95;;71.5;0.043;
2012-02-02;-24.614;;69.714;0.0;
2012-02-03;-18.725;;78.75;0.052;
2012-02-04;-17.112;0.0;83.625;0.063;
2012-02-05;-17.525;;84.25;0.055;
2012-02-06;-18.325;0.0;80.875;0.053;
2012-02-07;-12.975;;82.75;0.155;
2012-02-08;-11.338;0.5;81.25;0.217;
2012-02-09;-19.65;;79.857;0.036;
2012-02-10;-20.8;;78.75;0.023;
2012-02-11;-22.262;0.2;78.375;0.01;
2012-02-12;-20.888;0.3;79.125;0.022;
2012-02-13;-15.562;0.0;77.5;0.124;
2012-02-14;-16.512;0.3;76.25;0.106;
2012-02-15;-14.012;0.0;76.875;0.173;
2012-02-16;-15.075;;77.375;0.138;
2012-02-17;-16.888;;77.5;0.092;
2012-02-18;-17.438;;83.125;0.06;
2012-02-19;-17.212;0.0;86.875;0.049;
2012-02-20;-18.275;;83.125;0.047;
2012-02-21;-17.988;;81.875;0.055;
2012-02-22;-16.45;;82.5;0.079;
2012-02-23;-16.55;0.0;81.875;0.08;
2012-02-24;-17.025;;74.375;0.101;
2012-02-25;-17.412;;78.125;0.078;
2012-02-26;-17.412;;79.375;0.074;
2012-02-27;-15.162;;78.0;0.132;
2012-02-28;-14.538;;78.875;0.144;
2012-02-29;-11.075;;65.75;0.412;
2012-03-01;-12.188;;72.75;0.26;
2012-03-02;-13.912;;76.875;0.165;
2012-03-03;-9.1;;70.75;0.429;
2012-03-04;-7.75;;58.875;0.711;
2012-03-05;-8.15;;72.125;0.46;
2012-03-06;-6.225;;70.625;0.601;
2012-03-07;-6.275;;69.125;0.629;
2012-03-08;-5.175;;60.375;0.904;
2012-03-09;-3.688;;44.625;1.46;
2012-03-10;-2.425;;51.0;1.45;
2012-03-11;-1.138;;62.25;1.248;
2012-03-12;-3.912;;83.25;0.432;
2012-03-13;-4.225;;85.125;0.373;
2012-03-14;-3.838;7.3;83.875;0.419;
2012-03-15;-7.8;;79.5;0.352;
2012-03-16;-5.45;;67.875;0.713;
2012-03-17;-3.488;0.6;68.375;0.85;
2012-03-18;-3.538;3.0;85.375;0.391;
2012-03-19;-7.15;2.0;76.375;0.437;
2012-03-20;-2.412;4.0;93.25;0.2;
2012-03-21;-2.212;1.2;81.75;0.55;
2012-03-22;-0.462;0.0;85.25;0.516;
2012-03-23;2.288;;69.0;1.34;
2012-03-24;1.95;;79.375;0.87;
2012-03-25;1.538;6.0;85.375;0.598;
2012-03-26;1.362;0.0;74.0;1.049;
2012-03-27;-2.225;0.9;80.75;0.58;
2012-03-28;-3.562;;66.75;0.887;
2012-03-29;2.357;;50.714;2.142;
2012-03-30;0.238;0.4;72.0;1.036;
2012-03-31;-0.325;;70.375;1.047;
2012-04-01;1.487;;61.75;1.61;
2012-04-02;5.5;;62.5;2.093;
2012-04-03;6.412;;76.75;1.377;
2012-04-04;8.788;;62.125;2.594;
2012-04-05;6.929;0.4;73.0;1.651;
2012-04-06;3.138;0.5;68.5;1.496;
2012-04-07;7.938;;49.875;3.263;
2012-04-08;4.788;1.0;58.0;2.236;
2012-04-09;5.138;;45.375;2.977;
2012-04-10;9.562;;43.875;4.023;
2012-04-11;13.312;;41.25;5.174;
2012-04-12;5.362;0.0;42.375;3.187;
2012-04-13;6.962;;34.0;4.046;
2012-04-14;11.414;;42.429;4.58;
2012-04-15;13.625;;51.125;4.375;
2012-04-16;10.962;;64.875;2.726;
2012-04-17;7.412;0.3;70.875;1.836;
2012-04-18;5.8;;61.375;2.198;
2012-04-19;9.175;0.1;68.75;2.19;
2012-04-20;13.988;0.0;65.75;3.124;0.0
2012-04-21;3.55;0.6;58.875;2.011;
2012-04-22;1.6;0.3;59.75;1.709;
2012-04-23;4.7;;38.375;3.262;
2012-04-24;12.75;;27.75;6.178;
2012-04-25;9.35;0.0;50.625;3.496;
2012-04-26;2.988;;38.75;2.879;
2012-04-27;4.825;;35.0;3.469;
2012-04-28;5.2;;26.375;4.029;
2012-04-29;5.012;;36.5;3.432;
2012-04-30;9.175;0.0;50.25;3.486;
2012-05-01;7.962;2.0;68.75;1.972;
2012-05-02;11.088;;50.25;3.762;
2012-05-03;17.025;0.0;46.125;5.525;0.0
2012-05-04;11.712;0.0;57.375;3.336;0.0
2012-05-05;9.488;5.0;76.5;1.623;
2012-05-06;7.562;1.0;62.25;2.324;
2012-05-07;4.862;;56.25;2.265;
2012-05-08;4.65;;54.75;2.31;
2012-05-09;2.912;;55.0;2.036;
2012-05-10;5.538;;50.75;2.667;
2012-05-11;9.212;;60.0;2.719;
2012-05-12;12.975;;26.5;6.155;
2012-05-13;17.75;;30.25;7.402;
2012-05-14;20.012;0.4;54.75;5.323;0.2
2012-05-15;18.812;;46.125;6.005;
2012-05-16;9.188;0.7;59.625;2.74;
2012-05-17;7.4;;55.4;2.719;
2012-05-18;10.925;;53.625;3.475;
2012-05-19;7.788;3.0;60.125;2.489;
2012-05-20;5.638;;49.625;2.746;
2012-05-21;12.362;;36.5;5.147;
2012-05-22;15.7;;44.0;5.386;
2012-05-23;18.85;;47.25;5.889;
2012-05-24;19.567;0.5;59.333;4.69;0.256
2012-05-25;8.3;;52.667;3.048;
2012-05-26;7.2;;45.375;3.289;
2012-05-27;12.762;;38.75;5.072;
2012-05-28;14.112;0.0;47.5;4.663;0.0
2012-05-29;18.262;;40.375;6.48;
2012-05-30;20.788;;34.0;8.034;
2012-05-31;22.3;;34.125;8.558;
2012-06-01;24.712;;35.875;9.508;
2012-06-02;24.225;;40.875;8.596;
2012-06-03;23.588;;47.125;7.489;
2012-06-04;23.875;;43.75;8.062;
2012-06-05;25.425;;35.25;9.878;
2012-06-06;25.088;;37.625;9.389;
2012-06-07;18.312;0.0;56.25;4.924;0.0
2012-06-08;18.438;;50.875;5.561;
2012-06-09;21.525;;52.75;6.137;
2012-06-10;26.075;;40.5;9.313;
2012-06-11;26.088;;38.5;9.631;
2012-06-12;19.55;6.3;77.125;2.724;3.223
2012-06-13;23.838;;56.25;6.261;
2012-06-14;23.662;;54.25;6.5;
2012-06-15;20.2;7.0;78.25;2.666;3.465
2012-06-16;20.5;;68.25;3.944;
2012-06-17;22.688;;59.0;5.594;
2012-06-18;23.55;2.0;63.125;5.215;0.849
2012-06-19;22.688;6.0;73.0;3.684;2.645
2012-06-20;20.762;4.0;53.625;5.827;1.927
2012-06-21;20.625;;47.0;6.62;
2012-06-22;22.6;;41.25;7.987;
2012-06-23;24.625;;43.75;8.311;
2012-06-24;25.525;;43.375;8.673;
2012-06-25;23.8;;37.125;8.984;
2012-06-26;23.938;;32.75;9.663;
2012-06-27;25.129;;40.0;9.046;
2012-06-28;23.262;;52.875;6.586;
2012-06-29;22.312;;46.25;7.219;
2012-06-30;23.512;;55.75;6.248;
2012-07-01;21.75;0.5;67.625;4.109;0.23
2012-07-02;20.55;0.8;73.625;3.177;0.389
2012-07-03;21.725;;71.875;3.565;
2012-07-04;24.638;;58.875;5.884;
2012-07-05;24.588;;60.625;5.622;
2012-07-06;23.0;;75.125;3.328;
2012-07-07;20.638;;80.375;2.373;
2012-07-08;20.588;;60.25;4.797;
2012-07-09;18.675;;48.625;5.69;
2012-07-10;19.088;;44.375;6.278;
2012-07-11;20.243;;44.857;6.554;
2012-07-12;23.2;;48.4;6.961;
2012-07-13;25.486;;49.714;7.442;
2012-07-14;25.475;;48.875;7.563;
2012-07-15;24.712;;44.25;8.0;
2012-07-16;22.825;;42.25;7.67;
2012-07-17;23.088;;44.375;7.469;
2012-07-18;24.188;;40.125;8.411;
2012-07-19;25.529;;41.857;8.619;
2012-07-20;27.938;;47.25;8.583;
2012-07-21;27.775;;45.25;8.854;
2012-07-22;27.362;;50.625;7.861;
2012-07-23;27.562;;35.25;10.387;
2012-07-24;25.75;;51.25;7.291;
2012-07-25;24.75;;66.25;4.85;
2012-07-26;24.375;;54.625;6.423;
2012-07-27;25.025;;46.625;7.756;
2012-07-28;24.237;;55.125;6.317;
2012-07-29;23.35;;57.25;5.803;
2012-07-30;24.312;;58.125;5.913;
2012-07-31;25.371;0.3;56.571;6.398;0.118
2012-08-01;25.788;;53.5;6.964;
2012-08-02;22.629;1.0;68.429;4.159;0.442
2012-08-03;18.1;62.0;82.5;1.888;34.254
2012-08-04;19.55;;55.0;5.186;
2012-08-05;19.671;1.0;62.571;4.337;0.508
2012-08-06;17.375;;62.75;3.884;
2012-08-07;21.371;;52.143;5.975;
2012-08-08;21.825;;55.875;5.618;
2012-08-09;18.212;4.0;79.875;2.182;2.196
2012-08-10;19.338;14.0;70.75;3.339;7.24
2012-08-11;22.6;;60.0;5.262;
2012-08-12;24.212;;59.5;5.695;
2012-08-13;21.825;0.0;77.375;2.88;0.0
2012-08-14;19.212;;61.625;4.356;
2012-08-15;16.225;5.0;68.5;3.108;3.082
2012-08-16;14.612;0.3;59.125;3.724;0.205
2012-08-17;13.875;;57.0;3.773;
2012-08-18;14.088;;60.625;3.493;
2012-08-19;14.238;;60.625;3.52;
2012-08-20;16.962;;52.875;4.818;
2012-08-21;19.8;1.0;61.714;4.462;0.505
2012-08-22;15.457;;76.429;2.24;
2012-08-23;13.725;;55.75;3.853;
2012-08-24;12.45;1.0;62.125;3.084;0.803
2012-08-25;12.95;3.0;85.25;1.233;2.317
2012-08-26;13.4;1.5;89.0;0.942;1.119
2012-08-27;14.875;2.3;83.5;1.523;1.546
2012-08-28;16.575;;69.625;3.049;
2012-08-29;14.638;;81.25;1.711;
2012-08-30;15.025;1.0;82.75;1.605;0.666
2012-08-31;16.087;0.3;69.875;2.953;0.186
2012-09-01;17.488;;65.125;3.777;
2012-09-02;19.843;;57.0;5.188;
2012-09-03;20.012;;48.0;6.322;
2012-09-04;14.712;0.3;56.625;4.104;0.204
2012-09-05;12.129;0.3;61.143;3.214;0.247
2012-09-06;10.3;1.0;68.625;2.346;0.971
2012-09-07;12.729;;61.429;3.294;
2012-09-08;15.8;;52.0;4.794;
2012-09-09;16.425;;51.0;5.045;
2012-09-10;17.3;;51.75;5.18;
2012-09-11;18.883;;44.5;6.413;
2012-09-12;20.912;;43.875;7.099;
2012-09-13;17.0;;58.625;4.379;
2012-09-14;13.862;6.0;72.75;2.469;4.328
2012-09-15;11.488;8.3;72.75;2.177;7.225
2012-09-16;9.475;3.3;79.5;1.462;
2012-09-17;9.725;0.9;80.375;1.42;
2012-09-18;15.6;3.5;74.75;2.497;2.244
2012-09-19;14.6;1.0;76.0;2.258;0.685
2012-09-20;9.1;1.0;82.125;1.247;
2012-09-21;9.388;0.3;80.625;1.375;
2012-09-22;9.3;;79.5;1.447;
2012-09-23;9.962;;75.75;1.779;
2012-09-24;8.45;4.0;84.0;1.074;
2012-09-25;7.812;;73.0;1.744;
2012-09-26;10.25;;67.5;2.423;
2012-09-27;12.125;;60.375;3.277;
2012-09-28;11.15;;59.333;3.189;
2012-09-29;8.375;;71.25;1.921;
2012-09-30;7.188;;72.25;1.725;
2012-10-01;8.425;;73.5;1.719;
2012-10-02;11.325;;73.25;2.049;
2012-10-03;12.3;;74.286;2.077;
2012-10-04;12.017;1.3;64.0;2.864;1.082
2012-10-05;6.125;0.3;70.875;1.638;
2012-10-06;3.912;1.1;84.625;0.746;
2012-10-07;5.638;0.3;79.0;1.145;
2012-10-08;7.212;8.5;89.875;0.61;
2012-10-09;9.075;0.3;79.375;1.391;
2012-10-10;5.112;0.3;69.875;1.586;
2012-10-11;0.45;;64.125;1.349;
2012-10-12;1.175;;66.25;1.343;
2012-10-13;-0.475;;65.875;1.192;
2012-10-14;0.838;;59.5;1.57;
2012-10-15;3.912;;46.875;2.579;
2012-10-16;5.7;;45.875;2.962;
2012-10-17;6.362;;44.25;3.184;
2012-10-18;1.562;;60.75;1.608;
2012-10-19;1.3;;63.0;1.486;
2012-10-20;4.175;8.3;80.75;0.951;
2012-10-21;8.012;11.0;89.0;0.696;
2012-10-22;3.825;5.0;84.375;0.754;
2012-10-23;1.312;4.0;91.125;0.357;
2012-10-24;-4.9;1.3;79.875;0.472;
2012-10-25;-5.888;0.6;79.0;0.445;
2012-10-26;-6.225;0.0;79.375;0.422;
2012-10-27;-6.225;0.0;74.875;0.514;
2012-10-28;-2.3;0.1;85.625;0.43;
2012-10-29;0.925;0.1;77.0;0.898;
2012-10-30;4.288;0.0;63.75;1.805;
2012-10-31;1.15;0.0;64.375;1.415;
2012-11-01;-2.362;1.0;72.375;0.849;
2012-11-02;-2.45;0.0;72.0;0.854;
2012-11-03;0.538;0.0;57.625;1.658;
2012-11-04;-0.15;0.3;80.0;0.741;
2012-11-05;-4.05;3.0;86.5;0.356;
2012-11-06;-3.537;2.5;91.125;0.245;
2012-11-07;-11.375;2.4;84.125;0.177;
2012-11-08;-15.475;2.0;79.125;0.114;
2012-11-09;-14.263;0.4;82.5;0.121;
2012-11-10;-5.762;2.0;79.75;0.45;
2012-11-11;-1.35;0.4;87.875;0.407;
2012-11-12;-1.0;9.0;88.429;0.4;
2012-11-13;-2.625;6.0;91.375;0.259;
2012-11-14;-7.438;1.3;86.125;0.257;
2012-11-15;-1.388;3.7;84.75;0.51;
2012-11-16;-1.25;7.0;94.0;0.203;
2012-11-17;-3.475;1.4;87.0;0.361;
2012-11-18;-1.429;8.0;95.429;0.152;
2012-11-19;-2.26;1.7;93.6;0.199;
2012-11-20;-9.25;0.3;87.0;0.193;
2012-11-21;-10.138;2.2;88.5;0.152;
2012-11-22;-4.512;3.0;89.5;0.264;
2012-11-23;-9.575;1.4;86.75;0.189;
2012-11-24;-9.95;2.9;89.25;0.146;
2012-11-25;-2.338;9.0;96.375;0.112;
2012-11-26;-12.488;4.1;82.0;0.169;
2012-11-27;-18.5;0.8;84.25;0.04;
2012-11-28;-20.375;0.0;82.875;0.022;
2012-11-29;-15.762;0.6;77.5;0.115;
2012-11-30;-16.838;5.0;84.25;0.063;
2012-12-01;-22.525;1.3;81.0;0.007;
2012-12-02;-19.512;1.7;81.75;0.032;
2012-12-03;-17.025;0.3;83.0;0.063;
2012-12-04;-15.1;0.0;80.0;0.114;
2012-12-05;-11.338;7.7;87.375;0.137;
2012-12-06;-18.1;0.0;83.5;0.046;
2012-12-07;-13.875;0.0;83.875;0.116;
2012-12-08;-11.712;0.5;86.875;0.135;
2012-12-09;-15.6;0.8;87.5;0.064;
2012-12-10;-23.833;0.4;78.0;0.002;
2012-12-11;-32.225;0.9;72.625;0.083;
2012-12-12;-34.512;0.0;68.75;0.164;
2012-12-13;-35.138;0.0;68.0;0.191;
2012-12-14;-36.425;0.0;66.5;0.254;
2012-12-15;-35.038;0.0;67.75;0.189;
2012-12-16;-35.2;;67.0;0.199;
2012-12-17;-33.343;0.0;69.429;0.124;
2012-12-18;-36.3;0.0;66.75;0.247;
2012-12-19;-33.7;0.0;68.625;0.138;
2012-12-20;-28.462;0.5;74.625;0.018;
2012-12-21;-29.375;0.0;74.125;0.029;
2012-12-22;-25.175;0.0;77.875;0.0;
2012-12-23;-25.925;0.7;76.375;0.001;
2012-12-24;-21.812;2.0;78.125;0.013;
2012-12-25;-26.512;0.0;76.125;0.003;
2012-12-26;-24.5;0.0;73.875;0.0;
2012-12-27;-22.975;0.0;75.625;0.006;
2012-12-28;-16.9;1.0;75.625;0.093;
2012-12-29;-9.862;5.0;83.125;0.225;
2012-12-30;-12.125;2.2;87.625;0.119;
2012-12-31;-14.275;0.0;87.875;0.081;
2013-01-01;-15.988;0.0;83.25;0.079;
2013-01-02;-17.038;0.0;83.375;0.061;
2013-01-03;-13.162;0.4;89.75;0.083;
2013-01-04;-16.175;0.0;84.875;0.068;
2013-01-05;-16.812;0.0;82.5;0.068;
2013-01-06;-17.15;0.3;83.25;0.06;
2013-01-07;-20.788;1.0;82.0;0.019;
2013-01-08;-23.975;0.6;79.5;0.001;
2013-01-09;-27.812;0.0;75.375;0.011;
2013-01-10;-17.525;5.0;84.875;0.049;
2013-01-11;-19.762;0.9;82.75;0.027;
2013-01-12;-18.875;0.0;82.75;0.038;
2013-01-13;-10.438;3.0;82.0;0.222;
2013-01-14;-10.912;1.0;80.75;0.222;
2013-01-15;-4.05;2.0;81.875;0.462;
2013-01-16;-9.088;2.4;86.5;0.198;
2013-01-17;-16.538;1.2;79.375;0.086;
2013-01-18;-22.375;0.4;75.375;0.01;
2013-01-19;-19.438;2.8;80.625;0.035;
2013-01-20;-17.625;2.0;82.5;0.055;
2013-01-21;-12.988;2.6;88.25;0.098;
2013-01-22;-12.35;0.6;88.875;0.103;
2013-01-23;-4.225;5.0;88.5;0.288;
2013-01-24;-6.45;2.1;78.375;0.432;
2013-01-25;-6.5;6.0;88.125;0.236;
2013-01-26;0.562;1.3;86.25;0.522;
2013-01-27;-13.738;1.0;75.625;0.18;
2013-01-28;-22.05;0.4;79.625;0.01;
2013-01-29;-24.35;0.0;77.375;0.001;
2013-01-30;-19.625;0.8;77.125;0.038;
2013-01-31;-18.462;0.7;80.875;0.047;
2013-02-01;-11.175;0.9;76.875;0.284;
2013-02-02;-10.714;0.0;70.571;0.386;
2013-02-03;-11.9;0.0;64.25;0.394;
2013-02-04;-12.117;0.3;75.5;0.261;
2013-02-05;-8.625;1.3;86.625;0.231;
2013-02-06;-12.238;2.9;87.0;0.136;
2013-02-07;-17.112;0.0;86.625;0.053;
2013-02-08;-20.338;0.0;76.0;0.034;
2013-02-09;-22.275;0.0;75.875;0.012;
2013-02-10;-14.487;0.9;80.375;0.139;
2013-02-11;-8.925;10.8;88.625;0.189;
2013-02-12;-14.314;0.0;85.857;0.104;
2013-02-13;-15.275;0.0;84.75;0.093;
2013-02-14;-10.575;5.0;89.25;0.144;
2013-02-15;-18.338;1.2;77.125;0.065;
2013-02-16;-21.8;0.0;75.75;0.016;
2013-02-17;-16.838;2.3;82.0;0.077;
2013-02-18;-17.188;0.7;81.25;0.074;
2013-02-19;-15.488;0.0;79.375;0.12;
2013-02-20;-15.575;0.0;75.75;0.138;
2013-02-21;-11.538;0.0;61.625;0.447;
2013-02-22;-7.175;0.5;85.375;0.299;
2013-02-23;-11.362;0.4;78.375;0.259;
2013-02-24;-10.988;2.3;83.5;0.208;
2013-02-25;-16.525;0.3;79.5;0.095;
2013-02-26;-16.8;3.0;83.5;0.071;
2013-02-27;-15.35;0.2;63.0;0.221;
2013-02-28;-8.6;0.0;68.0;0.553;
2013-03-01;-11.388;1.0;71.625;0.305;
2013-03-02;-13.0;0.3;68.0;0.268;
2013-03-03;-0.712;5.8;82.375;0.604;
2013-03-04;-1.6;0.0;80.375;0.624;
2013-03-05;-11.775;0.5;67.125;0.334;
2013-03-06;-14.488;3.0;67.625;0.208;
2013-03-07;-10.65;1.3;78.75;0.254;
2013-03-08;-11.7;4.0;83.625;0.168;
2013-03-09;-5.2;3.8;75.25;0.563;
2013-03-10;-12.238;0.0;71.5;0.27;
2013-03-11;-14.95;0.0;72.25;0.163;
2013-03-12;-9.85;0.0;56.375;0.581;
2013-03-13;-4.45;1.1;73.5;0.65;
2013-03-14;0.225;0.3;77.0;0.85;
2013-03-15;-0.457;2.9;75.143;0.869;
2013-03-16;-6.438;0.0;58.625;0.828;
2013-03-17;-2.1;0.2;73.714;0.8;
2013-03-18;-0.525;0.0;67.375;1.135;
2013-03-19;-0.162;0.0;79.375;0.739;
2013-03-20;-9.3;0.0;49.375;0.725;
2013-03-21;-9.2;0.0;61.0;0.565;
2013-03-22;-8.375;0.0;70.5;0.473;
2013-03-23;-5.038;1.0;75.375;0.57;
2013-03-24;-4.562;2.1;81.875;0.44;
2013-03-25;-7.438;0.0;56.125;0.786;
2013-03-26;-6.143;0.0;45.429;1.127;
2013-03-27;-4.85;0.0;64.375;0.84;
2013-03-28;-0.9;3.5;80.5;0.658;
2013-03-29;-2.25;0.0;72.125;0.838;
2013-03-30;0.95;0.0;64.875;1.373;
2013-03-31;0.325;4.0;88.875;0.414;
2013-04-01;-4.3;1.0;65.75;0.881;
2013-04-02;-4.275;0.6;76.75;0.599;
2013-04-03;-3.25;0.2;79.875;0.571;
2013-04-04;-1.838;2.0;78.75;0.684;
2013-04-05;0.462;0.4;66.625;1.298;
2013-04-06;-1.062;0.0;66.5;1.152;
2013-04-07;-0.325;0.0;69.875;1.101;
2013-04-08;7.125;0.3;60.125;2.469;
2013-04-09;9.062;0.0;48.375;3.594;
2013-04-10;5.888;0.0;70.375;1.696;
2013-04-11;4.462;0.0;63.0;1.927;
2013-04-12;1.713;0.0;41.0;2.526;
2013-04-13;3.512;0.0;48.625;2.506;
2013-04-14;2.975;0.0;44.25;2.618;
2013-04-15;2.65;0.0;37.625;2.861;
2013-04-16;1.237;0.0;42.625;2.37;
2013-04-17;3.438;0.0;39.125;2.954;
2013-04-18;2.212;1.2;76.875;1.027;
2013-04-19;3.3;0.0;82.125;0.859;
2013-04-20;2.9;0.3;81.125;0.882;
2013-04-21;3.312;0.0;79.75;0.974;
2013-04-22;6.9;0.0;75.0;1.526;
2013-04-23;11.362;0.6;57.0;3.411;0.528
2013-04-24;14.938;0.0;46.125;5.156;0.0
2013-04-25;10.688;0.0;71.5;2.178;0.0
2013-04-26;7.488;0.0;54.75;2.866;
2013-04-27;10.475;0.0;49.625;3.804;0.0
2013-04-28;13.375;0.4;65.125;3.082;0.299
2013-04-29;8.912;6.0;75.875;1.665;
2013-04-30;11.238;10.0;80.25;1.556;8.899
2013-05-01;6.25;2.3;71.625;1.609;
2013-05-02;7.625;3.0;72.125;1.723;
2013-05-03;9.8;0.3;56.625;3.05;
2013-05-04;7.367;0.4;68.5;1.916;
2013-05-05;7.112;3.3;68.875;1.864;
2013-05-06;6.412;0.5;72.75;1.561;
2013-05-07;10.075;0.0;61.0;2.786;0.0
2013-05-08;15.95;1.0;50.75;4.795;0.627
2013-05-09;15.4;0.8;51.625;4.585;0.519
2013-05-10;12.962;4.0;57.25;3.577;3.086
2013-05-11;5.475;2.0;64.625;1.908;
2013-05-12;4.35;15.8;87.875;0.606;
2013-05-13;1.438;1.1;75.75;0.984;
2013-05-14;5.262;2.0;70.0;1.595;
2013-05-15;10.075;0.3;51.875;3.438;0.298
2013-05-16;7.012;0.0;53.125;2.789;
2013-05-17;7.312;0.0;43.75;3.41;
2013-05-18;6.3;6.0;80.25;1.123;
2013-05-19;7.4;5.4;75.571;1.489;
2013-05-20;7.2;5.0;71.125;1.738;
2013-05-21;7.062;5.0;73.125;1.604;
2013-05-22;10.487;1.6;73.25;1.956;1.526
2013-05-23;10.071;11.0;85.0;1.071;10.922
2013-05-24;9.614;3.0;73.714;1.829;
2013-05-25;5.925;0.0;49.375;2.811;
2013-05-26;9.238;0.0;39.0;4.152;
2013-05-27;15.562;0.0;38.375;5.887;0.0
2013-05-28;14.825;;53.375;4.294;
2013-05-29;7.212;;50.5;2.982;
2013-05-30;11.375;;48.625;3.947;
2013-05-31;10.862;;64.5;2.651;
2013-06-01;7.812;;64.125;2.318;
2013-06-02;6.25;;56.75;2.534;
2013-06-03;7.15;;53.0;2.915;
2013-06-04;10.275;;60.5;2.949;
2013-06-05;11.612;;58.75;3.318;
2013-06-06;13.05;;60.375;3.442;
2013-06-07;16.562;;48.0;5.39;
2013-06-08;20.562;;43.125;7.084;
2013-06-09;21.262;;43.125;7.303;
2013-06-10;18.412;;70.125;3.378;
2013-06-11;15.25;;74.875;2.442;
2013-06-12;15.225;;77.75;2.16;
2013-06-13;15.688;;81.375;1.85;
2013-06-14;17.662;;68.875;3.399;
2013-06-15;18.112;;68.125;3.555;
2013-06-16;11.825;;70.25;2.421;
2013-06-17;10.812;;82.125;1.376;
2013-06-18;13.15;;79.75;1.768;
2013-06-19;17.757;;66.857;3.635;
2013-06-20;17.388;;70.125;3.221;
2013-06-21;20.038;;60.25;4.838;
2013-06-22;22.688;;55.875;6.021;
2013-06-23;17.862;;48.875;5.636;
2013-06-24;15.95;;44.875;5.546;
2013-06-25;15.975;;53.125;4.722;
2013-06-26;18.362;;50.5;5.585;
2013-06-27;19.062;;42.25;6.727;
2013-06-28;17.262;;66.75;3.563;
2013-06-29;14.388;;67.875;2.99;
2013-06-30;12.788;;63.25;3.149;
2013-07-01;10.938;;77.875;1.659;
2013-07-02;13.875;;72.0;2.457;
2013-07-03;16.988;;61.25;3.967;
2013-07-04;20.429;;53.857;5.529;
2013-07-05;19.95;;55.0;5.279;
2013-07-06;20.275;;59.5;4.82;
2013-07-07;20.975;;60.75;4.817;
2013-07-08;18.525;;74.0;2.86;
2013-07-09;17.1;;58.25;4.297;
2013-07-10;17.7;;69.75;3.203;
2013-07-11;18.65;;56.5;4.812;
2013-07-12;20.1;;53.5;5.492;
2013-07-13;21.275;;51.0;6.093;
2013-07-14;23.625;;47.0;7.276;
2013-07-15;25.075;;47.25;7.68;
2013-07-16;22.95;;65.75;4.572;
2013-07-17;19.725;;79.75;2.352;
2013-07-18;22.375;;67.5;4.235;
2013-07-19;21.975;;65.5;4.42;
2013-07-20;23.15;;58.25;5.62;
2013-07-21;22.775;;65.25;4.605;
2013-07-22;23.65;;63.75;4.982;
2013-07-23;19.95;;85.0;1.76;
2013-07-24;20.575;;82.5;2.111;
2013-07-25;21.675;;74.75;3.194;
2013-07-26;20.025;;82.75;2.031;
2013-07-27;20.7;;78.5;2.607;
2013-07-28;21.325;;72.75;3.396;
2013-07-29;21.7;;72.5;3.482;
2013-07-30;20.775;;70.25;3.62;
2013-07-31;18.55;;81.75;2.01;
2013-08-01;17.675;;80.75;2.036;
2013-08-02;19.925;;72.5;3.223;
2013-08-03;20.45;;72.25;3.328;
2013-08-04;19.25;;79.75;2.302;
2013-08-05;21.05;;74.25;3.171;
2013-08-06;19.3;;87.25;1.453;
2013-08-07;21.55;;75.5;3.083;
2013-08-08;21.25;;78.5;2.67;
2013-08-09;19.525;;88.75;1.295;
2013-08-10;19.55;;86.25;1.585;
2013-08-11;21.625;;78.5;2.714;
2013-08-12;18.975;;83.75;1.825;
2013-08-13;18.5;;87.25;1.401;
2013-08-14;18.45;;88.0;1.315;
2013-08-15;17.45;;72.75;2.851;
2013-08-16;15.725;;67.25;3.154;
2013-08-17;15.6;;61.0;3.733;
2013-08-18;15.65;;66.75;3.19;
2013-08-19;18.75;;68.5;3.501;
2013-08-20;18.15;;85.5;1.568;
2013-08-21;16.725;;72.75;2.755;
2013-08-22;13.1;;69.25;2.592;
2013-08-23;13.55;;64.25;3.085;
2013-08-24;17.225;;63.75;3.753;
2013-08-25;18.6;;60.0;4.415;
2013-08-26;17.675;;70.0;3.172;
2013-08-27;17.275;;86.25;1.427;
2013-08-28;19.075;;79.75;2.284;
2013-08-29;20.35;;75.5;2.926;
2013-08-30;19.6;;65.0;4.042;
2013-08-31;11.725;;78.0;1.723;
2013-09-01;13.4;;86.75;1.172;
2013-09-02;16.325;;82.25;1.819;
2013-09-03;19.425;;69.75;3.582;
2013-09-04;19.25;;71.5;3.348;
2013-09-05;18.825;;70.25;3.428;
2013-09-06;14.25;;60.0;3.697;
2013-09-07;11.7;;58.25;3.374;
2013-09-08;10.7;;62.75;2.848;
2013-09-09;11.725;;70.5;2.387;
2013-09-10;13.325;;64.0;3.173;
2013-09-11;12.15;;76.25;1.967;
2013-09-12;9.775;;64.5;2.576;
2013-09-13;7.65;;65.75;2.191;
2013-09-14;10.475;;59.75;3.039;
2013-09-15;7.875;;85.25;0.956;
2013-09-16;5.775;;84.25;0.895;
2013-09-17;5.15;;79.0;1.145;
2013-09-18;3.925;;85.75;0.715;
2013-09-19;4.825;;85.75;0.761;
2013-09-20;3.6;;91.0;0.442;
2013-09-21;4.825;;75.25;1.321;
2013-09-22;5.075;;76.75;1.262;
2013-09-23;8.425;;63.75;2.43;
2013-09-24;12.575;;56.5;3.685;
2013-09-25;13.425;;54.0;4.075;
2013-09-26;9.5;;77.75;1.589;
2013-09-27;5.45;;77.5;1.252;
2013-09-28;8.375;;89.25;0.718;
2013-09-29;2.8;;86.75;0.614;
2013-09-30;6.25;;79.25;1.216;
2013-10-01;10.4;0.0;71.0;2.11;0.0
2013-10-02;6.367;5.0;79.667;1.162;
2013-10-03;6.125;2.0;75.0;1.406;
2013-10-04;3.1;0.5;70.0;1.375;
2013-10-05;-0.05;0.0;84.75;0.551;
2013-10-06;2.5;0.0;70.25;1.306;
2013-10-07;4.125;4.5;92.5;0.369;
2013-10-08;3.625;1.4;85.75;0.678;
2013-10-09;5.575;0.4;77.5;1.221;
2013-10-10;1.975;4.0;81.5;0.782;
2013-10-11;-1.167;0.0;61.0;1.286;
2013-11-20;-1.0;2.0;87.333;0.438;
2013-11-21;-3.125;0.0;77.5;0.646;
2013-11-22;-2.312;0.3;85.25;0.456;
2013-11-23;-2.05;0.0;77.5;0.711;
2013-11-24;-2.188;0.0;86.0;0.437;
2013-11-25;-3.425;0.0;85.25;0.412;
2013-11-26;-4.3;0.0;86.375;0.35;
2013-11-27;-4.438;0.0;84.25;0.4;
2013-11-28;-2.388;0.0;77.25;0.698;
2013-11-29;1.95;0.0;73.0;1.177;
2013-11-30;2.438;2.0;88.875;0.503;
2013-12-01;0.312;0.7;88.5;0.428;
2013-12-02;-0.588;9.0;88.5;0.398;
2013-12-03;-2.85;0.5;78.75;0.605;
2013-12-04;-0.55;1.2;80.5;0.677;
2013-12-05;0.6;3.5;83.375;0.633;
2013-12-06;-5.262;0.0;76.25;0.537;
2013-12-07;-3.275;0.5;77.0;0.63;
2013-12-08;-6.025;0.0;84.125;0.332;
2013-12-09;-7.075;0.3;92.25;0.145;
2013-12-10;-7.95;0.0;82.0;0.304;
2013-12-11;-5.988;0.0;85.0;0.315;
2013-12-12;-4.975;0.6;84.75;0.355;
2013-12-13;-7.862;2.0;73.75;0.448;
2013-12-14;-3.912;2.0;75.25;0.639;
2013-12-15;-1.462;0.4;66.5;1.078;
2013-12-16;0.088;3.0;86.375;0.498;
2013-12-17;-5.85;2.0;80.5;0.415;
2013-12-18;-11.057;0.0;75.0;0.282;
2013-12-19;-11.975;3.0;83.125;0.166;
2013-12-20;-3.8;2.2;89.25;0.281;
2013-12-21;-3.325;0.6;90.625;0.256;
2013-12-22;-18.4;2.2;80.375;0.05;
2013-12-23;-24.683;0.0;81.333;0.0;
2013-12-24;-21.275;0.0;81.5;0.015;
2013-12-25;-15.675;0.0;83.25;0.085;
2013-12-26;-6.65;1.0;87.25;0.249;
2013-12-27;-3.7;0.3;86.75;0.349;
2013-12-28;-6.762;0.5;85.625;0.278;
2013-12-29;-6.188;0.8;85.5;0.298;
2013-12-30;-5.138;2.2;89.25;0.246;
2013-12-31;-7.25;0.0;80.625;0.354;
2014-01-01;-7.5;11.0;88.75;0.2;
2014-01-02;-9.862;6.0;85.375;0.195;
2014-01-03;-7.738;6.0;90.625;0.162;
2014-01-04;-19.612;3.9;79.0;0.035;
2014-01-05;-29.388;0.5;80.25;0.022;
2014-01-06;-25.562;2.4;82.5;0.0;
2014-01-07;-16.962;1.3;75.125;0.093;
2014-01-08;-15.912;0.0;69.125;0.148;
2014-01-09;-14.712;0.3;75.125;0.153;
2014-01-10;-10.212;3.5;87.125;0.163;
2014-01-11;-6.95;8.0;86.5;0.255;
2014-01-12;-10.575;0.0;82.625;0.21;
2014-01-13;-13.7;0.0;85.625;0.107;
2014-01-14;-10.014;3.0;87.714;0.16;
2014-01-15;-7.25;1.1;86.625;0.245;
2014-01-16;-3.8;0.2;79.125;0.545;
2014-01-17;-5.925;2.4;88.125;0.251;
2014-01-18;-9.7;2.3;83.375;0.226;
2014-01-19;-7.5;0.0;71.25;0.511;
2014-01-20;-4.325;0.5;80.25;0.49;
2014-01-21;-10.338;0.2;70.5;0.368;
2014-01-22;-18.975;0.5;74.0;0.055;
2014-01-23;-18.512;0.0;75.875;0.059;
2014-01-24;-17.25;0.3;80.375;0.068;
2014-01-25;-20.075;2.2;79.625;0.029;
2014-01-26;-28.3;0.0;80.5;0.012;
2014-01-27;-19.825;3.0;83.125;0.026;
2014-01-28;-21.975;1.0;82.5;0.009;
2014-01-29;-22.362;0.0;81.5;0.007;
2014-01-30;-28.25;0.0;84.0;0.01;
2014-01-31;-28.688;0.4;84.625;0.012;
2014-02-01;-27.271;1.0;84.714;0.005;
2014-02-02;-29.5;0.0;82.5;0.023;
2014-02-03;-29.688;0.0;82.25;0.025;
2014-02-04;-27.825;0.0;80.25;0.01;
2014-02-05;-24.938;0.0;82.625;0.0;
2014-02-06;-23.486;0.0;83.714;0.002;
2014-02-07;-20.675;0.0;74.375;0.031;
2014-02-08;-16.775;0.0;73.5;0.115;
2014-02-09;-16.55;0.0;73.625;0.121;
2014-02-10;-17.512;0.0;77.125;0.082;
2014-02-11;-20.0;0.0;82.375;0.028;
2014-02-12;-20.9;0.0;80.571;0.021;
2014-02-13;-20.988;0.0;83.125;0.017;
2014-02-14;-21.938;0.0;79.125;0.013;
2014-02-15;-19.675;0.4;79.875;0.037;
2014-02-16;-20.738;0.0;78.714;0.025;
2014-02-17;-16.625;1.0;81.375;0.084;
2014-02-18;-9.462;8.0;83.875;0.25;
2014-02-19;-8.225;1.6;84.625;0.278;
2014-02-20;-4.675;4.0;86.25;0.365;
2014-02-21;-3.725;0.4;80.75;0.56;
2014-02-22;-4.262;6.0;89.125;0.301;
2014-02-23;-22.688;3.7;75.5;0.008;
2014-02-24;-24.7;0.0;74.625;0.0;
2014-02-25;-19.262;0.0;66.875;0.07;
2014-02-26;-15.288;0.7;72.0;0.17;
2014-02-27;-12.275;1.0;74.0;0.271;
2014-02-28;-9.312;1.4;83.75;0.257;
2014-03-01;-9.088;1.4;84.625;0.226;
2014-03-02;-14.112;0.0;79.75;0.139;
2014-03-03;-8.012;2.4;84.75;0.256;
2014-03-04;-8.575;1.0;83.5;0.258;
2014-03-05;-11.475;0.0;81.25;0.199;
2014-03-06;-9.925;0.0;77.625;0.295;
2014-03-07;-5.5;0.0;61.375;0.853;
2014-03-08;-11.562;0.0;79.75;0.212;
2014-03-09;-12.775;0.4;81.875;0.157;
2014-03-10;-10.35;0.0;78.5;0.268;
2014-03-11;-5.8;4.4;85.25;0.316;
2014-03-12;-1.762;0.5;76.875;0.725;
2014-03-13;-1.438;0.0;70.0;0.967;
2014-03-14;0.388;2.0;69.25;1.151;
2014-03-15;0.75;0.4;76.625;0.9;
2014-03-16;-0.438;2.0;79.375;0.723;
2014-03-17;-0.888;0.0;78.875;0.713;
2014-03-18;2.212;0.0;56.125;1.887;
2014-03-19;3.525;0.4;66.375;1.589;
2014-03-20;3.288;0.5;69.625;1.411;
2014-03-21;0.788;0.0;67.625;1.25;
2014-03-22;1.475;0.0;64.75;1.435;
2014-03-23;1.425;0.0;67.875;1.303;
2014-03-24;0.425;2.0;67.5;1.22;
2014-03-25;-0.175;0.0;63.625;1.302;
2014-03-26;1.612;1.4;83.625;0.673;
2014-03-27;2.3;0.5;81.5;0.801;
2014-03-28;-1.488;0.9;70.0;0.963;
2014-03-29;0.837;0.0;60.75;1.521;
2014-03-30;6.562;0.5;64.625;2.046;
2014-03-31;6.825;0.4;68.625;1.845;
2014-04-01;12.588;0.0;49.125;4.313;0.0
2014-04-02;10.662;0.0;58.25;3.186;0.0
2014-04-03;8.35;0.0;58.375;2.778;
2014-04-04;5.575;0.0;63.75;2.033;
2014-04-05;3.462;0.0;72.625;1.331;
2014-04-06;2.488;0.0;59.875;1.819;
2014-04-07;5.312;0.0;62.5;2.067;
2014-04-08;3.875;2.1;75.75;1.213;
2014-04-09;7.912;1.0;53.625;3.014;
2014-04-10;8.312;0.6;57.625;2.821;
2014-04-11;2.362;7.0;75.75;1.089;
2014-04-12;-3.438;0.0;53.125;1.308;
2014-04-13;-1.425;0.0;48.25;1.726;
2014-04-14;2.062;0.0;53.125;2.06;
2014-04-15;5.775;0.0;42.25;3.282;
2014-04-16;6.625;0.0;48.5;3.09;
2014-04-17;9.05;0.0;44.875;3.835;
2014-04-18;10.138;0.0;48.125;3.843;0.0
2014-04-19;12.275;0.6;43.875;4.679;0.489
2014-04-20;8.825;0.0;49.75;3.45;
2014-04-21;10.112;0.0;49.875;3.708;0.0
2014-04-22;0.262;2.0;68.125;1.221;
2014-04-23;1.9;0.0;34.125;2.86;
2014-04-24;7.275;0.0;36.125;3.992;
2014-04-25;12.888;0.0;26.625;6.32;0.0
2014-04-26;10.112;1.8;43.125;4.207;1.78
2014-04-27;7.438;0.3;39.875;3.796;
2014-04-28;0.788;0.0;60.5;1.576;
2014-04-29;1.462;1.3;70.375;1.245;
2014-04-30;2.412;3.0;85.0;0.676;
2014-05-01;12.475;0.0;53.125;3.822;0.0
2014-05-02;16.712;0.0;30.25;7.047;0.0
2014-05-03;18.425;0.0;29.5;7.719;0.0
2014-05-04;19.325;0.0;43.125;6.488;0.0
2014-05-05;15.025;0.0;46.25;5.0;0.0
2014-05-06;7.088;0.0;33.375;3.983;
2014-05-07;10.912;0.0;20.125;5.982;0.0
2014-05-08;11.825;0.0;29.5;5.551;0.0
2014-05-09;14.65;0.0;31.75;6.23;0.0
2014-05-10;6.788;0.0;41.0;3.462;
2014-05-11;4.938;0.0;44.375;2.895;
2014-05-12;11.3;0.0;41.625;4.466;0.0
2014-05-13;14.2;5.3;68.625;2.799;3.732
2014-05-14;12.0;0.8;65.125;2.772;0.667
2014-05-15;9.262;0.0;63.875;2.462;
2014-05-16;11.9;0.0;58.875;3.251;0.0
2014-05-17;12.012;3.0;67.125;2.615;2.497
2014-05-18;4.162;1.0;58.375;2.055;
2014-05-19;5.375;0.0;45.0;2.946;
2014-05-20;8.688;0.0;40.625;3.912;
2014-05-21;9.512;0.3;56.125;3.034;
2014-05-22;6.575;4.5;70.5;1.708;
2014-05-23;12.212;1.3;55.875;3.548;1.064
2014-05-24;15.3;4.3;70.125;2.817;2.81
2014-05-25;6.438;12.0;68.375;1.815;
2014-05-26;7.062;3.3;85.5;0.866;
2014-05-27;8.288;0.0;57.375;2.742;
2014-05-28;8.262;8.0;75.875;1.55;
2014-05-29;9.312;0.3;59.125;2.794;
2014-05-30;7.3;0.0;62.5;2.272;
2014-05-31;8.275;0.0;55.375;2.869;
2014-06-01;6.6;0.3;63.125;2.209;
2014-06-02;6.45;0.0;57.25;2.537;
2014-06-03;8.938;0.8;70.25;2.056;
2014-06-04;10.988;5.0;61.875;2.963;4.551
2014-06-05;9.525;0.0;52.75;3.379;
2014-06-06;11.725;0.0;56.125;3.551;0.0
2014-06-07;8.6;4.0;72.0;1.897;
2014-06-08;7.325;2.5;72.625;1.716;
2014-06-09;8.775;1.3;63.625;2.49;
2014-06-10;13.925;0.0;56.625;3.943;0.0
2014-06-11;17.662;0.0;50.0;5.46;0.0
2014-06-12;15.5;0.0;54.5;4.478;0.0
2014-06-13;17.412;0.0;45.875;5.842;0.0
2014-06-14;20.35;0.0;40.25;7.373;0.0
2014-06-15;23.0;0.0;31.75;9.435;0.0
2014-06-16;24.675;0.0;38.625;9.087;0.0
2014-06-17;23.975;0.0;58.0;6.044;0.0
2014-06-18;21.812;1.3;52.625;6.229;0.596
2014-06-19;20.538;0.0;54.25;5.692;0.0
2014-06-20;21.538;0.0;45.75;7.049;0.0
2014-06-21;23.325;0.0;38.375;8.635;0.0
2014-06-22;25.862;0.0;44.25;8.653;0.0
2014-06-23;26.012;0.0;43.875;8.763;0.0
2014-06-24;27.125;0.0;42.0;9.455;0.0
2014-06-25;27.762;0.0;42.875;9.542;0.0
2014-06-26;25.838;0.0;52.5;7.366;0.0
2014-06-27;25.312;0.0;48.125;7.879;0.0
2014-06-28;24.462;0.0;54.125;6.734;0.0
2014-06-29;23.375;0.0;54.625;6.371;0.0
2014-06-30;20.562;0.0;46.625;6.648;0.0
2014-07-01;21.038;0.0;52.25;5.876;0.0
2014-07-02;20.0;0.8;66.75;3.91;0.4
2014-07-03;19.125;12.0;65.0;3.957;6.275
2014-07-04;20.7;0.0;58.5;5.033;0.0
2014-07-05;21.5;0.8;51.625;6.073;0.372
2014-07-06;24.038;0.0;47.25;7.365;0.0
2014-07-07;26.012;0.0;39.0;9.217;0.0
2014-07-08;25.35;0.0;47.0;7.802;0.0
2014-07-09;22.862;0.0;58.0;5.587;0.0
2014-07-10;22.9;0.0;59.25;5.429;0.0
2014-07-11;27.262;0.0;50.25;7.89;0.0
2014-07-12;28.05;2.0;49.5;8.252;0.713
2014-07-13;23.988;0.3;58.75;5.748;0.125
2014-07-14;19.2;2.0;61.75;4.339;1.042
2014-07-15;20.512;0.0;46.125;6.48;0.0
2014-07-16;15.312;18.8;81.75;1.722;12.278
2014-07-17;15.138;3.0;71.375;2.678;1.982
2014-07-18;18.55;0.0;65.625;3.786;0.0
2014-07-19;22.675;0.0;54.375;6.021;0.0
2014-07-20;21.713;1.0;69.875;3.817;0.461
2014-07-21;26.175;0.0;55.75;6.729;0.0
2014-07-22;24.65;0.0;52.375;6.817;0.0
2014-07-23;22.638;4.0;55.0;5.93;1.767
2014-07-24;20.25;5.5;59.625;4.8;2.716
2014-07-25;17.888;2.0;66.375;3.591;1.118
2014-07-26;18.462;0.0;66.5;3.674;0.0
2014-07-27;15.6;5.3;80.25;1.89;3.397
2014-07-28;15.15;3.3;83.25;1.568;2.178
2014-07-29;16.612;10.3;71.0;2.916;6.2
2014-07-30;17.025;5.0;69.625;3.115;2.937
2014-07-31;16.85;0.0;66.625;3.394;0.0
2014-08-01;18.55;0.0;58.25;4.598;0.0
2014-08-02;19.688;0.0;56.625;5.029;0.0
2014-08-03;19.688;0.0;67.125;3.812;0.0
2014-08-04;21.212;0.0;54.5;5.642;0.0
2014-08-05;21.65;0.0;55.875;5.576;0.0
2014-08-06;21.9;0.0;55.125;5.731;0.0
2014-08-07;19.075;0.3;70.0;3.384;0.157
2014-08-08;13.312;0.0;66.875;2.823;0.0
2014-08-09;15.45;0.0;65.75;3.254;0.0
2014-08-10;21.0;3.3;62.25;4.638;1.571
2014-08-11;24.425;0.0;53.875;6.542;0.0
2014-08-12;24.612;0.0;55.625;6.342;0.0
2014-08-13;22.988;3.0;62.5;5.014;1.305
2014-08-14;21.25;0.3;72.875;3.369;0.141
2014-08-15;21.962;0.0;72.75;3.49;0.0
2014-08-16;20.788;0.0;61.5;4.687;0.0
2014-08-17;18.362;0.5;74.125;2.825;0.272
2014-08-18;22.262;0.0;55.375;5.788;0.0
2014-08-19;26.212;0.0;47.625;7.976;0.0
2014-08-20;21.588;0.0;55.5;5.608;0.0
2014-08-21;16.525;0.0;56.25;4.38;0.0
2014-08-22;18.025;0.0;64.0;3.87;0.0
2014-08-23;19.55;0.0;59.625;4.653;0.0
2014-08-24;21.825;0.0;58.5;5.283;0.0
2014-08-25;22.812;2.3;59.5;5.376;1.008
2014-08-26;18.425;0.5;81.875;1.985;0.271
2014-08-27;8.95;30.0;85.875;0.945;
2014-08-28;8.762;0.0;69.25;2.035;
2014-08-29;9.312;0.0;67.125;2.247;
2014-08-30;11.75;0.0;68.375;2.48;0.0
2014-08-31;19.238;0.0;49.5;5.738;0.0
2014-09-01;17.625;0.3;70.125;3.257;0.17
2014-09-02;9.95;3.0;74.5;1.869;
2014-09-03;9.862;0.0;62.75;2.716;
2014-09-04;10.988;0.5;63.5;2.836;0.455
2014-09-05;9.288;0.0;49.75;3.545;
2014-09-06;9.15;0.0;59.125;2.86;
2014-09-07;11.6;0.0;70.5;2.371;0.0
2014-09-08;13.35;3.3;68.625;2.769;2.472
2014-09-09;9.762;2.0;75.5;1.776;
2014-09-10;8.113;2.3;79.5;1.349;
2014-09-11;6.288;13.0;89.25;0.631;
2014-09-12;4.738;10.0;86.125;0.736;
2014-09-13;9.988;0.0;76.0;1.763;
2014-09-14;11.488;0.0;79.75;1.618;0.0
2014-09-15;8.775;5.0;77.125;1.566;
2014-09-16;5.9;0.0;75.5;1.404;
2014-09-17;9.838;0.0;74.25;1.875;
2014-09-18;12.788;7.0;70.125;2.56;5.474
2014-09-19;4.088;1.6;79.625;1.034;
2014-09-20;4.175;1.5;76.75;1.187;
2014-09-21;6.462;3.5;78.125;1.299;
2014-09-22;6.75;0.0;67.0;1.996;
2014-09-23;10.45;0.3;68.625;2.366;0.287
2014-09-24;10.962;0.0;71.25;2.231;0.0
2014-09-25;10.812;0.0;67.125;2.53;0.0
2014-09-26;4.55;0.0;54.125;2.403;
2014-09-27;3.725;0.0;44.75;2.735;
2014-09-28;5.038;0.0;42.0;3.14;
2014-09-29;8.075;0.0;57.75;2.773;
2014-09-30;8.162;0.1;59.5;2.672;
2014-10-01;6.788;2.0;79.25;1.217;
2014-10-02;7.337;0.6;70.25;1.806;
2014-10-03;8.975;0.0;64.0;2.413;
2014-10-04;7.9;5.0;66.25;2.121;
2014-10-05;5.075;0.0;73.125;1.411;
2014-10-06;3.788;4.0;82.875;0.824;
2014-10-07;2.888;2.0;88.75;0.508;
2014-10-08;0.562;2.3;84.625;0.583;
2014-10-09;-2.05;0.0;74.75;0.772;
2014-10-10;-0.837;0.2;70.75;0.992;
2014-10-11;4.85;2.0;77.5;1.164;
2014-10-12;3.162;9.4;83.0;0.783;
2014-10-13;-0.137;2.0;66.25;1.211;
2014-10-14;1.112;1.6;86.375;0.539;
2014-10-15;3.725;11.4;89.625;0.497;
2014-10-16;0.75;2.0;86.875;0.505;
2014-10-17;-1.912;0.6;77.875;0.685;
2014-10-18;-5.762;0.0;68.125;0.685;
2014-10-19;-4.9;0.0;60.625;0.924;
2014-10-20;3.1;0.9;81.375;0.854;
2014-10-21;3.312;1.0;75.625;1.135;
2014-10-22;-0.775;0.3;75.125;0.848;
2014-10-23;2.888;0.0;79.125;0.943;
2014-10-24;3.475;0.3;85.875;0.665;
2014-10-25;2.888;19.0;85.0;0.677;
2014-10-26;-5.338;0.2;69.5;0.685;
2014-10-27;-9.612;4.7;76.75;0.32;
2014-10-28;-8.662;0.0;77.375;0.351;
2014-10-29;-5.912;2.0;81.625;0.389;
2014-10-30;-1.7;4.6;88.875;0.351;
2014-10-31;0.325;2.0;88.875;0.414;
2014-11-01;2.15;0.6;85.875;0.625;
2014-11-02;1.938;0.0;80.375;0.854;
2014-11-03;-0.55;0.0;89.25;0.386;
2014-11-04;-4.425;0.0;77.25;0.578;
2014-11-05;-4.95;0.0;86.0;0.338;
2014-11-06;0.962;0.0;89.375;0.43;
2014-11-07;2.15;0.5;91.875;0.359;
2014-11-08;0.038;5.0;93.25;0.254;
2014-11-09;-6.038;1.4;84.5;0.334;
2014-11-10;-12.088;0.0;77.75;0.223;
2014-11-11;-10.438;0.0;86.625;0.17;
2014-11-12;-6.138;0.0;88.75;0.24;
2014-11-13;-5.2;0.0;90.375;0.226;
2014-11-14;-0.525;6.0;92.125;0.283;
2014-11-15;-3.525;6.4;87.5;0.346;
2014-11-16;-7.975;0.0;81.75;0.317;
2014-11-17;-10.012;0.0;83.25;0.226;
2014-11-18;-15.838;0.0;84.0;0.081;
2014-11-19;-11.738;5.5;85.75;0.15;
2014-11-20;-7.775;5.0;89.5;0.187;
2014-11-21;-7.25;8.0;88.625;0.215;
2014-11-22;-7.512;3.0;73.75;0.482;
2014-11-23;-3.95;3.0;90.375;0.256;
2014-11-24;-20.225;5.0;76.75;0.032;
2014-11-25;-23.425;1.5;78.375;0.003;
2014-11-26;-11.412;5.0;87.125;0.143;
2014-11-27;-12.612;8.0;84.5;0.143;
2014-11-28;-28.988;0.0;69.0;0.03;
2014-11-29;-28.738;0.0;70.714;0.025;
2014-11-30;-20.325;0.0;64.875;0.046;
2014-12-01;-16.612;0.4;73.5;0.108;
2014-12-02;-12.488;0.4;75.0;0.227;
2014-12-03;-9.912;0.0;60.75;0.519;
2014-12-04;-7.388;3.8;81.25;0.338;
2014-12-05;-16.688;0.0;77.0;0.092;
2014-12-06;-8.312;3.4;86.75;0.214;
2014-12-07;-9.338;0.9;85.625;0.205;
2014-12-08;-20.638;1.3;78.5;0.024;
2014-12-09;-9.912;4.0;88.5;0.152;
2014-12-10;-8.738;1.2;87.125;0.198;
2014-12-11;-10.025;0.0;76.0;0.313;
2014-12-12;-10.15;4.0;83.25;0.214;
2014-12-13;-15.75;0.5;84.375;0.078;
2014-12-14;-15.075;0.2;82.875;0.098;
2014-12-15;-11.788;0.0;72.375;0.28;
2014-12-16;-11.612;4.0;73.5;0.276;
2014-12-17;-8.262;4.5;87.75;0.199;
2014-12-18;-9.95;0.3;85.75;0.187;
2014-12-19;-12.888;0.3;84.625;0.131;
2014-12-20;-15.825;0.0;83.5;0.081;
2014-12-21;-12.375;0.0;80.75;0.178;
2014-12-22;-3.387;0.0;85.75;0.386;
2014-12-23;-3.788;0.0;75.125;0.65;
2014-12-24;-7.938;0.0;76.0;0.406;
2014-12-25;-1.925;0.8;83.375;0.514;
2014-12-26;-0.762;3.0;80.75;0.657;
2014-12-27;-2.112;1.5;84.25;0.479;
2014-12-28;-13.462;0.4;78.625;0.165;
2014-12-29;-20.838;0.3;77.875;0.022;
2014-12-30;-19.35;0.0;78.25;0.04;
2014-12-31;-9.9;0.3;81.5;0.245;
2015-01-01;-4.3;0.0;64.5;0.883;
2015-01-02;-11.075;3.0;81.0;0.214;
2015-01-03;-22.875;0.0;75.714;0.006;
2015-01-04;-17.688;0.0;78.375;0.067;
2015-01-05;-8.775;0.0;69.0;0.474;
2015-01-06;-4.6;4.0;86.875;0.317;
2015-01-07;-2.112;2.0;87.875;0.369;
2015-01-08;-1.825;3.0;86.875;0.409;
2015-01-09;0.438;1.0;67.0;1.24;
2015-01-10;-13.575;0.3;74.875;0.19;
2015-01-11;-16.862;0.0;76.75;0.089;
2015-01-12;-18.35;0.0;83.0;0.044;
2015-01-13;-16.962;0.0;82.875;0.064;
2015-01-14;-8.212;0.2;81.25;0.307;
2015-01-15;-3.675;;89.25;0.284;
2015-01-16;-3.75;2.6;89.25;0.282;
2015-01-17;-2.938;4.0;92.0;0.226;
2015-01-18;-6.125;6.1;81.625;0.38;
2015-01-19;-7.962;0.2;84.25;0.265;
2015-01-20;-6.238;0.4;84.5;0.317;
2015-01-21;-6.612;7.0;90.0;0.196;
2015-01-22;-14.95;2.9;80.375;0.115;
2015-01-23;-20.55;0.7;79.125;0.024;
2015-01-24;-30.275;0.0;74.25;0.042;
2015-01-25;-31.088;0.0;72.75;0.059;
2015-01-26;-30.238;0.0;73.0;0.043;
2015-01-27;-22.412;0.9;76.625;0.009;
2015-01-28;-16.112;0.0;77.75;0.102;
2015-01-29;-12.612;0.0;64.875;0.313;
2015-01-30;-16.662;0.0;56.5;0.176;
2015-01-31;-18.275;0.0;62.625;0.098;
2015-02-01;-18.888;0.0;76.75;0.056;
2015-02-02;-17.488;0.0;64.75;0.128;
2015-02-03;-13.425;0.0;58.625;0.356;
2015-02-04;-15.025;0.0;67.875;0.205;
2015-02-05;-16.15;0.0;76.125;0.12;
2015-02-06;-9.838;0.0;91.0;0.133;
2015-02-07;-9.4;0.0;73.5;0.415;
2015-02-08;-5.65;0.4;79.0;0.505;
2015-02-09;-2.55;0.0;76.75;0.753;
2015-02-10;-7.688;0.8;76.75;0.448;
2015-02-11;-7.038;0.0;73.0;0.56;
2015-02-12;-4.95;0.0;84.875;0.391;
2015-02-13;-9.638;0.6;76.0;0.364;
2015-02-14;-6.562;0.7;79.125;0.456;
2015-02-15;-9.75;0.2;81.25;0.28;
2015-02-16;-11.688;0.0;81.375;0.212;
2015-02-17;-11.262;0.5;83.25;0.203;
2015-02-18;-16.838;5.0;81.0;0.081;
2015-02-19;-25.938;0.0;70.625;0.002;
2015-02-20;-21.15;0.0;66.625;0.032;
2015-02-21;-14.438;0.0;54.625;0.325;
2015-02-22;-12.825;3.0;79.0;0.2;
2015-02-23;-13.838;0.4;79.625;0.163;
2015-02-24;-4.238;0.4;86.625;0.371;
2015-02-25;-4.3;7.0;91.5;0.234;
2015-02-26;-3.925;3.2;83.625;0.468;
2015-02-27;-5.362;4.2;85.25;0.366;
2015-02-28;-4.162;11.0;90.0;0.279;
2015-03-01;-4.488;0.0;82.75;0.421;
2015-03-02;-6.5;0.0;84.75;0.303;
2015-03-03;-7.038;0.0;82.25;0.333;
2015-03-04;-6.875;0.0;83.25;0.32;
2015-03-05;-9.412;0.0;81.625;0.259;
2015-03-06;-11.275;0.2;62.625;0.409;
2015-03-07;-10.725;0.0;46.875;0.629;
2015-03-08;-10.138;0.0;44.5;0.712;
2015-03-09;-11.888;0.0;69.25;0.307;
2015-03-10;-2.7;0.4;85.625;0.415;
2015-03-11;-1.614;0.2;78.571;0.68;
2015-03-12;-2.013;4.0;83.0;0.522;
2015-03-13;-2.65;2.0;87.875;0.352;
2015-03-14;-3.275;1.3;87.875;0.332;
2015-03-15;-4.325;0.2;81.875;0.45;
2015-03-16;-3.612;4.0;89.125;0.289;
2015-03-17;-4.037;0.5;84.125;0.405;
2015-03-18;-4.162;2.2;79.5;0.517;
2015-03-19;-1.3;0.0;83.625;0.534;
2015-03-20;-4.738;0.3;86.625;0.319;
2015-03-21;-2.463;0.0;79.5;0.605;
2015-03-22;-0.125;0.0;67.125;1.181;
2015-03-23;2.738;0.0;78.5;0.96;
2015-03-24;1.612;2.0;86.75;0.545;
2015-03-25;-2.425;13.0;88.875;0.329;
2015-03-26;-5.9;1.0;82.5;0.371;
2015-03-27;-3.6;1.0;71.5;0.758;
2015-03-28;-7.712;0.0;71.5;0.495;
2015-03-29;-9.025;0.0;56.625;0.643;
2015-03-30;-5.8;0.0;48.75;1.097;
2015-03-31;-4.438;0.0;51.375;1.194;
2015-04-01;-1.875;0.0;56.5;1.396;
2015-04-02;0.425;0.0;61.5;1.493;
2015-04-03;1.125;0.0;67.0;1.351;
2015-04-04;2.8;0.0;55.875;2.046;
2015-04-05;3.638;0.0;38.25;3.038;
2015-04-06;5.462;0.0;38.875;3.403;
2015-04-07;6.875;0.0;40.25;3.642;
2015-04-08;4.875;0.0;51.25;2.611;
2015-04-09;1.562;0.5;77.625;0.947;
2015-04-10;4.15;0.0;64.75;1.797;
2015-04-11;8.414;0.0;52.714;3.168;
2015-04-12;6.562;0.0;67.875;1.92;
2015-04-13;4.962;0.0;74.25;1.387;
2015-04-14;3.762;0.0;61.125;1.93;
2015-04-15;4.738;0.0;52.875;2.5;
2015-04-16;4.812;0.0;62.625;1.993;
2015-04-17;4.3;0.0;45.625;2.801;
2015-04-18;8.662;0.0;44.625;3.765;
2015-04-19;8.688;4.0;65.75;2.332;
2015-04-20;12.2;0.6;59.0;3.404;0.492
2015-04-21;15.225;0.0;55.125;4.357;0.0
2015-04-22;17.162;0.0;45.5;5.813;0.0
2015-04-23;14.638;0.6;70.0;2.828;0.41
2015-04-24;13.625;0.6;55.5;3.983;0.44
2015-04-25;10.662;0.0;42.625;4.378;0.0
2015-04-26;13.112;0.0;39.75;5.251;0.0
2015-04-27;9.175;3.4;58.625;2.899;
2015-04-28;5.775;0.4;62.75;2.117;
2015-04-29;4.412;0.4;67.125;1.706;
2015-04-30;7.775;0.0;52.625;3.053;
2015-05-01;8.212;0.0;40.375;3.819;
2015-05-02;10.162;0.0;47.25;3.787;0.0
2015-05-03;8.088;0.0;38.125;3.933;
2015-05-04;11.538;0.0;33.5;5.155;0.0
2015-05-05;15.388;0.0;29.5;6.677;0.0
2015-05-06;15.075;0.0;39.25;5.665;0.0
2015-05-07;11.425;0.0;37.875;4.786;0.0
2015-05-08;14.0;0.0;20.875;6.988;0.0
2015-05-09;17.838;0.0;23.5;8.151;0.0
2015-05-10;18.288;0.4;44.125;6.079;0.219
2015-05-11;13.175;0.0;63.75;3.067;0.0
2015-05-12;11.662;0.0;51.375;3.795;0.0
2015-05-13;13.825;0.0;31.5;5.995;0.0
2015-05-14;14.75;0.0;38.875;5.608;0.0
2015-05-15;16.95;0.0;38.0;6.335;0.0
2015-05-16;18.2;0.0;38.75;6.637;0.0
2015-05-17;16.925;2.0;51.625;4.937;1.182
2015-05-18;16.475;8.8;66.5;3.346;5.341
2015-05-19;17.25;4.0;63.75;3.757;2.319
2015-05-20;18.512;0.0;60.0;4.397;0.0
2015-05-21;16.288;4.0;62.875;3.675;2.456
2015-05-22;13.3;2.0;71.875;2.396;1.504
2015-05-23;11.762;0.0;67.0;2.59;0.0
2015-05-24;10.238;0.6;76.75;1.676;0.586
2015-05-25;11.9;3.3;78.0;1.739;2.773
2015-05-26;12.55;23.0;78.5;1.76;18.327
2015-05-27;14.725;1.0;55.25;4.1;0.679
2015-05-28;15.6;0.0;55.25;4.283;0.0
2015-05-29;9.225;5.7;79.625;1.386;
2015-05-30;9.263;16.0;84.125;1.082;
2015-05-31;12.538;0.0;71.625;2.322;0.0
2015-06-01;17.287;0.0;56.0;4.721;0.0
2015-06-02;16.438;10.0;73.75;2.704;6.084
2015-06-03;20.562;0.0;72.5;3.425;0.0
2015-06-04;19.675;0.0;48.375;6.182;0.0
2015-06-05;19.375;0.0;41.625;6.897;0.0
2015-06-06;21.55;0.0;40.125;7.785;0.0
2015-06-07;23.625;0.0;38.625;8.707;0.0
2015-06-08;23.088;0.0;42.75;7.943;0.0
2015-06-09;19.3;9.0;66.5;3.945;4.663
2015-06-10;15.488;0.8;60.875;3.848;0.517
2015-06-11;14.738;0.3;60.5;3.742;0.204
2015-06-12;17.112;0.0;58.125;4.456;0.0
2015-06-13;19.15;0.0;46.625;6.242;0.0
2015-06-14;21.688;0.0;52.0;6.278;0.0
2015-06-15;20.225;0.3;57.0;5.277;0.148
2015-06-16;15.55;0.5;74.875;2.479;0.322
2015-06-17;19.65;0.0;57.625;5.069;0.0
2015-06-18;22.025;0.0;52.625;6.286;0.0
2015-06-19;23.762;0.0;48.125;7.401;0.0
2015-06-20;24.65;0.0;49.75;7.432;0.0
2015-06-21;21.4;0.0;52.5;6.136;0.0
2015-06-22;20.012;0.0;37.5;7.598;0.0
2015-06-23;22.188;0.0;39.25;8.116;0.0
2015-06-24;24.55;0.0;54.125;6.758;0.0
2015-06-25;19.062;0.0;50.25;5.795;0.0
2015-06-26;18.925;0.0;39.875;6.96;0.0
2015-06-27;19.6;0.0;43.0;6.803;0.0
2015-06-28;21.75;0.0;39.625;7.917;0.0
2015-06-29;24.038;0.0;38.875;8.819;0.0
2015-06-30;24.2;0.0;50.875;7.135;0.0
2015-07-01;26.338;0.0;49.75;7.69;0.0
2015-07-02;27.262;0.0;48.25;8.207;0.0
2015-07-03;25.538;0.0;55.625;6.581;0.0
2015-07-04;16.912;22.0;80.75;1.963;13.008
2015-07-05;14.725;2.0;67.625;2.967;1.358
2015-07-06;12.938;4.0;75.25;2.068;3.092
2015-07-07;16.875;0.1;69.0;3.156;0.059
2015-07-08;15.988;20.0;76.375;2.305;12.51
2015-07-09;15.0;0.0;60.25;3.693;0.0
2015-07-10;16.388;0.0;61.625;3.817;0.0
2015-07-11;17.4;;57.0;4.489;
2016-08-01;17.25;14.0;82.5;1.814;8.116
2016-08-02;17.45;0.0;57.25;4.473;0.0
2016-08-03;17.5;0.0;61.25;4.064;0.0
2016-08-04;20.325;0.0;54.5;5.427;0.0
2016-08-05;18.8;;64.0;4.01;
2016-08-06;24.6;0.0;49.0;7.285;0.0
2016-08-07;22.1;0.3;69.5;3.929;0.136
2016-08-08;16.9;0.0;79.0;2.141;0.0
2016-08-09;17.3;0.5;75.0;2.597;0.289
2016-08-10;16.9;;69.0;3.16;
2016-08-11;17.0;0.0;64.5;3.636;0.0
2016-08-12;18.15;0.0;69.5;3.297;0.0
2016-08-13;18.533;0.0;73.333;2.934;0.0
2016-08-14;19.525;0.0;56.5;5.007;0.0
2016-08-15;18.0;;68.0;3.436;
2016-08-16;22.3;0.0;55.667;5.759;0.0
2016-08-17;20.675;0.0;64.25;4.331;0.0
2016-08-18;18.6;0.0;56.5;4.801;0.0
2016-08-19;18.65;0.3;66.5;3.706;0.161
2016-08-20;15.9;;72.0;2.72;
2016-08-21;12.6;0.0;60.0;3.284;0.0
2016-08-22;14.225;0.3;67.25;2.926;0.211
2016-08-23;15.475;0.0;65.5;3.282;0.0
2016-08-24;18.525;0.5;62.5;4.125;0.27
2016-08-25;14.1;;78.0;1.953;
2016-08-26;19.8;0.0;61.0;4.545;0.0
2016-08-27;21.9;0.0;52.5;6.067;0.0
2016-08-28;19.25;1.6;67.0;3.752;0.831
2016-08-29;19.3;2.7;71.5;3.248;1.399
2016-08-30;13.9;;89.0;0.967;
2016-08-31;12.0;0.0;66.667;2.65;0.0
2016-09-01;12.05;0.0;68.0;2.636;0.0
2016-09-02;15.75;0.0;56.25;4.359;0.0
2016-09-03;14.533;0.0;59.667;3.782;0.0
2016-09-04;14.6;0.0;51.667;4.548;0.0
2016-09-05;16.825;0.0;55.0;4.723;0.0
2016-09-06;19.95;0.0;56.5;5.274;0.0
2016-09-07;18.825;0.0;57.0;4.955;0.0
2016-09-08;20.525;0.0;54.0;5.72;0.0
2016-09-09;19.525;0.0;58.0;4.996;0.0
2016-09-10;18.2;2.0;66.5;3.751;1.099
2016-09-11;20.025;0.0;49.75;6.112;0.0
2016-09-12;16.8;0.0;58.25;4.377;0.0
2016-09-13;14.225;0.0;63.0;3.416;0.0
2016-09-14;16.1;0.0;60.0;4.054;0.0
2016-09-15;14.45;0.0;60.75;3.665;0.0
2016-09-16;16.375;0.0;62.25;3.877;0.0
2016-09-17;16.875;0.0;62.75;3.919;0.0
2016-09-18;18.825;0.0;63.5;4.206;0.0
2016-09-19;18.525;0.0;65.0;3.978;0.0
2016-09-20;14.2;0.0;75.75;2.236;0.0
2016-09-21;14.45;0.0;72.5;2.568;0.0
2016-09-22;12.7;9.0;83.5;1.407;7.087
2016-09-23;12.033;7.0;74.333;2.112;5.817
2016-09-24;10.95;0.0;58.5;3.218;0.0
2016-09-25;9.75;0.0;63.25;2.663;
2016-09-26;7.9;0.0;62.0;2.468;
2016-09-27;7.4;0.0;66.5;2.11;
2016-09-28;8.625;0.0;70.0;2.035;
2016-09-29;6.733;0.0;79.0;1.269;
2016-09-30;4.5;0.0;63.5;1.906;
2016-10-01;3.85;0.0;54.5;2.199;
2016-10-02;2.75;0.0;48.75;2.292;
2016-10-03;1.725;0.0;46.25;2.229;
2016-10-04;1.95;0.0;42.5;2.425;
2016-10-05;0.3;0.0;59.75;1.496;
2016-10-06;2.55;0.0;54.25;2.016;
2016-10-07;1.725;5.4;81.0;0.788;
2016-10-08;0.25;8.0;94.75;0.194;
2016-10-09;0.35;6.9;93.25;0.252;
2016-10-10;0.625;6.0;91.75;0.315;
2016-10-11;0.15;0.5;85.5;0.533;
2016-10-12;-0.075;0.0;82.5;0.631;
2016-10-13;0.075;0.0;68.25;1.159;
2016-10-14;-0.225;0.1;71.75;1.007;
2016-10-15;0.3;5.0;89.0;0.409;
2016-10-16;-0.225;1.0;84.5;0.552;
2016-10-17;-0.95;0.6;77.75;0.747;
2016-10-18;-2.4;0.0;68.5;0.934;
2016-10-19;-3.175;0.0;69.25;0.85;
2016-10-20;-2.25;0.9;85.25;0.443;
2016-10-21;-0.95;11.0;88.0;0.403;
2016-10-22;-2.275;2.0;84.5;0.465;
2016-10-23;-4.625;0.2;76.25;0.572;
2016-10-24;-5.867;11.0;83.0;0.361;
2016-10-25;-4.5;10.3;78.75;0.519;
2016-10-26;-5.3;0.4;80.5;0.439;
2016-10-27;-1.5;6.0;90.75;0.297;
2016-10-28;-0.775;4.0;88.5;0.392;
2016-10-29;-2.15;0.0;80.0;0.606;
2016-10-30;-5.625;0.0;84.75;0.332;
2016-10-31;-6.05;0.7;85.0;0.313;
2016-11-01;0.85;3.3;88.0;0.481;
2016-11-02;0.95;5.0;80.5;0.788;
2016-11-03;-3.133;0.2;72.667;0.784;
2016-11-04;-11.225;0.2;78.25;0.248;
2016-11-05;-11.35;0.4;74.0;0.291;
2016-11-06;-8.175;0.5;77.5;0.382;
2016-11-07;-3.275;3.0;77.5;0.637;
2016-11-08;-4.533;1.2;81.667;0.461;
2016-11-09;-8.35;7.0;86.25;0.229;
2016-11-10;-10.967;4.0;84.333;0.185;
2016-11-11;-13.55;0.2;80.25;0.155;
2016-11-12;-13.55;1.4;82.25;0.14;
2016-11-13;-17.9;0.2;77.667;0.068;
2016-11-14;-17.025;1.0;81.5;0.071;
2016-11-15;-20.6;2.4;75.25;0.029;
2016-11-16;-27.05;1.0;70.5;0.007;
2016-11-17;-26.85;0.0;70.75;0.006;
2016-11-18;-24.925;0.7;72.75;0.0;
2016-11-19;-25.35;0.0;74.5;0.0;
2016-11-20;-24.075;0.3;71.25;0.001;
2016-11-21;-25.125;0.0;73.75;0.0;
2016-11-22;-20.325;1.0;72.25;0.036;
2016-11-23;-14.667;7.0;80.0;0.128;
2016-11-24;-8.975;6.0;84.5;0.239;
2016-11-25;-7.15;9.0;86.5;0.258;
2016-11-26;-6.467;1.4;82.333;0.364;
2016-11-27;-5.75;0.5;72.5;0.611;
2016-11-28;-5.45;2.0;83.5;0.378;
2016-11-29;-3.067;2.3;87.333;0.366;
2016-11-30;-3.25;0.0;75.75;0.688;
2016-12-01;-4.833;0.8;67.0;0.779;
2016-12-02;-6.5;8.0;89.667;0.205;
2016-12-03;-18.6;0.0;71.75;0.067;
2016-12-04;-11.325;0.7;70.0;0.326;
2016-12-05;-4.133;9.0;83.667;0.413;
2016-12-06;-10.525;0.0;84.0;0.195;
2016-12-07;-10.8;0.0;82.25;0.208;
2016-12-08;-9.875;0.7;81.5;0.246;
2016-12-09;-5.725;2.0;81.0;0.41;
2016-12-10;-17.767;1.0;74.0;0.079;
2016-12-11;-11.975;1.3;70.75;0.288;
2016-12-12;-4.25;0.0;71.0;0.725;
2016-12-13;-4.233;0.8;71.0;0.726;
2016-12-14;-3.7;2.0;84.667;0.404;
2016-12-15;-0.075;3.0;85.25;0.532;
2016-12-16;-9.6;3.0;86.75;0.182;
2016-12-17;-13.6;4.8;84.0;0.121;
2016-12-18;-18.35;0.8;79.75;0.052;
2016-12-19;-15.875;1.4;80.5;0.094;
2016-12-20;-10.467;5.0;84.667;0.188;
2016-12-21;-11.325;7.0;86.5;0.147;
2016-12-22;-29.725;0.0;69.0;0.04;
2016-12-23;-28.325;0.5;67.25;0.021;
2016-12-24;-30.125;0.0;72.0;0.043;
2016-12-25;-17.9;1.1;79.667;0.06;
2016-12-26;-12.067;3.6;83.333;0.162;
2016-12-27;-13.125;0.5;83.75;0.133;
2016-12-28;-9.525;0.3;80.25;0.275;
2016-12-29;-11.15;1.2;82.5;0.195;
2016-12-30;-9.6;3.0;83.75;0.224;
2016-12-31;-6.067;0.3;84.667;0.319;
2017-01-08;-7.4;;78.0;0.396;
2017-01-10;-23.0;;78.0;0.005;
2017-01-11;-11.25;0.0;74.0;0.285;
2017-01-12;-12.925;0.6;76.5;0.199;
2017-01-13;-18.475;1.7;78.0;0.054;
2017-01-14;-18.15;1.8;80.75;0.052;
2017-01-15;-22.25;0.4;78.75;0.009;
2017-01-16;-20.4;1.0;79.25;0.025;
2017-01-17;-18.7;0.0;82.0;0.041;
2017-01-18;-18.775;0.2;80.25;0.044;
2017-01-19;-19.333;0.2;79.0;0.039;
2017-01-20;-15.525;0.3;78.25;0.113;
2017-01-21;-7.375;1.2;81.5;0.334;
2017-01-22;-7.55;0.4;75.0;0.442;
2017-01-23;-6.733;0.0;72.0;0.542;
2017-01-24;-11.933;0.6;74.667;0.251;
2017-01-25;-11.3;1.0;77.75;0.242;
2017-01-26;-10.9;3.0;82.333;0.204;
2017-01-27;-23.133;0.0;75.0;0.005;
2017-01-28;-20.975;0.0;71.25;0.027;
2017-01-29;-19.475;0.0;74.0;0.046;
2017-01-30;-18.1;0.0;74.75;0.07;
2017-01-31;-16.75;0.0;81.5;0.073;
2017-02-01;-13.85;0.2;79.25;0.166;
2017-02-02;-9.05;1.0;86.5;0.221;
2017-02-03;-9.725;0.8;84.25;0.236;
2017-02-04;-6.9;0.8;76.0;0.505;
2017-02-05;-16.467;1.3;74.0;0.122;
2017-02-06;-16.175;0.5;71.5;0.143;
2017-02-07;-13.45;0.0;64.25;0.307;
2017-02-08;-10.425;0.0;59.5;0.553;
2017-02-09;-7.4;0.0;61.5;0.767;
2017-02-10;-19.9;2.3;70.5;0.049;
2017-02-11;-23.575;2.0;70.5;0.004;
2017-02-12;-25.6;0.0;70.75;0.001;
2017-02-13;-22.925;0.0;69.25;0.009;
2017-02-14;-21.267;0.2;71.333;0.026;
2017-02-15;-18.075;0.0;65.5;0.106;
2017-02-16;-14.625;0.0;60.0;0.277;
2017-02-17;-11.975;6.0;82.75;0.188;
2017-02-18;-15.2;0.0;75.75;0.15;
2017-02-19;-15.875;0.0;80.75;0.103;
2017-02-20;-11.5;2.0;82.667;0.203;
2017-02-21;-0.6;1.0;87.0;0.498;
2017-02-22;-1.7;0.4;80.5;0.681;
2017-02-23;-4.025;0.0;70.5;0.834;
2017-02-24;-4.9;0.0;65.0;0.909;
2017-02-25;-6.425;0.0;67.25;0.726;
2017-02-26;-6.075;0.0;76.5;0.541;
2017-02-27;-0.45;1.4;86.75;0.513;
2017-02-28;-2.3;1.0;82.25;0.588;
2017-03-01;-2.35;4.0;85.5;0.432;
2017-03-02;-4.55;2.0;82.5;0.425;
2017-03-03;-5.3;;82.25;0.4;
2017-03-04;-3.675;;83.5;0.436;
2017-03-05;-6.667;;81.0;0.371;
2017-03-06;-6.75;;81.75;0.353;
2017-03-07;-6.825;;73.75;0.503;
2017-03-08;-7.575;;77.0;0.405;
2017-03-09;-6.5;;73.0;0.537;
2017-03-10;-10.233;;66.667;0.422;
2017-03-11;-8.85;;66.0;0.515;
2017-03-12;-9.033;;59.333;0.602;
2017-03-13;-6.525;;64.0;0.713;
2017-03-14;-6.4;;64.25;0.718;
2017-03-15;-6.933;;77.667;0.423;
2017-03-16;-8.875;;66.0;0.513;
2017-03-17;-9.175;;68.0;0.465;
2017-03-18;-7.975;;59.75;0.677;
2017-03-19;-5.567;;44.667;1.213;
2017-03-20;-3.967;;46.333;1.379;
2017-03-21;-3.6;;58.0;1.117;
2017-03-22;0.5;;35.333;2.442;
2017-03-23;-0.5;;55.5;1.551;
2017-03-24;-1.233;;60.333;1.301;
2017-03-25;1.75;;66.75;1.381;
2017-03-26;-1.05;;74.25;0.858;
2017-03-27;0.1;;82.75;0.631;
2017-03-28;2.6;;80.0;0.885;
2017-03-29;4.05;;68.75;1.531;
2017-03-30;3.875;;85.75;0.69;
2017-03-31;0.9;;64.0;1.402;
2017-04-01;2.15;;62.25;1.67;
2017-04-02;-3.45;;70.5;0.822;
2017-04-03;-5.55;;58.75;0.936;
2017-04-04;-4.1;;64.0;0.944;
2017-04-05;-3.7;;60.333;1.08;
2017-04-06;-2.667;;74.333;0.768;
2017-04-07;1.3;;79.667;0.844;
2017-04-08;2.5;;72.25;1.259;
2017-04-09;2.4;;77.667;1.006;
2017-04-10;3.133;;79.667;0.966;
2017-04-11;7.35;;60.0;2.512;
2017-04-12;8.85;;56.0;3.025;
2017-04-13;7.033;;68.333;1.95;
2017-04-14;8.25;;61.0;2.587;
2017-04-15;6.225;;53.0;2.75;
2017-04-16;4.967;;69.333;1.652;
2017-04-17;5.667;;74.667;1.429;
2017-04-18;2.133;;80.0;0.883;
2017-04-19;5.7;;68.0;1.81;
2017-04-20;6.475;;61.5;2.288;
2017-04-21;5.375;;46.5;2.962;
2017-04-22;10.3;;31.75;5.103;
2017-04-23;9.2;;68.0;2.246;
2017-04-24;8.125;;66.75;2.189;
2017-04-25;10.175;;60.25;2.951;
2017-04-26;15.0;;42.25;5.544;
2017-04-27;19.725;;32.75;8.071;
2017-04-28;12.825;;70.5;2.532;
2017-04-29;12.3;;51.5;4.049;
2017-04-30;7.05;;64.5;2.188;
2017-05-01;3.8;;57.0;2.071;
2017-05-02;1.45;;59.5;1.645;
2017-05-03;-0.375;;42.25;2.033;
2017-05-04;8.45;;43.75;3.654;
2017-05-05;19.275;;28.25;8.167;
2017-05-06;18.233;;39.667;6.548;
2017-05-07;8.533;;47.667;3.417;
2017-05-08;12.2;;40.667;4.768;
2017-05-09;8.0;;44.0;3.541;
2017-05-10;11.275;;31.5;5.234;
2017-05-11;15.9;;53.0;4.565;
2017-05-12;18.725;;55.75;4.912;
2017-05-13;19.0;;51.0;5.508;
2017-05-14;15.125;;75.0;2.337;
2017-05-15;13.2;;69.25;2.605;
2017-05-16;12.325;;37.25;5.076;
2017-05-17;7.367;;35.667;3.913;
2017-05-18;5.325;;42.25;3.084;
2017-05-19;9.775;;46.0;3.792;
2017-05-20;16.0;;41.0;5.759;
2017-05-21;15.025;;49.0;4.744;
2017-05-22;20.15;;35.0;7.694;
2017-05-23;23.825;;26.25;10.208;
2017-05-24;22.6;;34.0;8.683;
2017-05-25;12.6;;51.0;4.022;
2017-05-26;10.65;;43.0;4.206;
2017-05-27;13.1;;43.5;4.762;
2017-05-28;18.875;;34.5;7.321;
2017-05-29;21.65;;37.25;7.929;
2017-05-30;19.25;;59.0;4.661;
2017-05-31;9.767;;64.333;2.503;
2017-06-01;16.4;;50.5;5.09;
2017-06-02;14.075;;46.5;4.901;
2017-06-03;13.267;;49.0;4.481;
2017-06-04;17.75;;36.5;6.963;
2017-06-05;18.8;;35.5;7.424;
2017-06-06;20.125;;48.0;6.353;
2017-06-07;18.35;;51.75;5.44;
2017-06-08;16.375;;61.75;3.929;
2017-06-09;18.9;;65.75;3.96;
2017-06-10;16.0;;56.5;4.387;
2017-06-11;15.85;;69.25;3.079;
2017-06-12;13.125;;70.5;2.573;
2017-06-13;15.4;;55.5;4.358;
2017-06-14;18.1;;55.333;4.978;
2017-06-15;21.425;;49.5;6.531;
2017-06-16;23.575;;53.75;6.548;
2017-06-17;25.667;;46.333;8.266;
2017-06-18;25.6;;42.333;8.859;
2017-06-19;27.075;;51.75;7.851;
2017-06-20;25.3;;49.5;7.666;
2017-06-21;24.575;;48.75;7.557;
2017-06-22;23.3;;56.0;6.159;
2017-06-23;20.275;;63.0;4.551;
2017-06-24;23.0;;55.5;6.152;
2017-06-25;21.375;;75.0;3.226;
2017-06-26;22.2;;63.75;4.846;
2017-06-27;24.775;;57.25;6.355;
2017-06-28;20.975;;64.75;4.47;
2017-06-29;22.75;;58.75;5.643;
2017-06-30;25.75;;59.5;6.259;
2017-07-01;21.5;;74.0;3.264;
2017-07-02;18.575;;80.25;2.177;
2017-07-03;19.55;;65.75;3.947;
2017-07-04;19.3;;74.5;2.906;
2017-07-05;21.167;;73.0;3.341;
2017-07-06;13.15;;66.0;2.873;
2017-07-07;16.45;;61.0;3.891;
2017-07-08;19.4;;62.5;4.292;
2017-07-09;19.15;;59.0;4.64;
2017-07-10;17.975;;67.0;3.539;
2017-07-11;18.75;;64.0;4.001;
2017-07-12;17.525;;72.0;2.94;
2017-07-13;16.55;;76.5;2.356;
2017-07-14;18.1;;60.5;4.261;
2017-07-15;18.7;;55.75;4.907;
2017-07-16;19.6;;53.25;5.4;
2017-07-17;20.925;;55.0;5.511;
2017-07-18;18.7;;66.25;3.742;
2017-07-19;18.725;;67.75;3.58;
2017-07-20;18.65;7.0;71.5;3.153;3.753
2017-07-21;18.225;4.0;75.25;2.685;2.195
2017-07-22;19.825;2.0;69.0;3.617;1.009
2017-07-23;19.15;1.0;75.25;2.801;0.522
2017-07-24;20.775;0.0;73.5;3.224;0.0
2017-07-25;21.225;0.0;66.5;4.156;0.0
2017-07-26;22.175;0.5;68.75;4.038;0.225
2017-07-27;24.6;0.5;61.75;5.464;0.203
2017-07-28;24.175;0.0;61.5;5.406;0.0
2017-07-29;18.875;7.0;80.5;2.18;3.709
2017-07-30;19.075;0.9;75.5;2.764;0.472
2017-07-31;18.475;1.0;77.75;2.442;0.541
2017-08-01;19.375;4.0;78.5;2.458;2.065
2017-08-02;21.825;0.0;67.25;4.169;0.0
2017-08-03;23.4;0.0;61.0;5.305;0.0
2017-08-04;25.125;0.0;59.0;5.981;0.0
2017-08-05;25.0;3.0;59.25;5.915;1.2
2017-08-06;23.05;0.0;60.5;5.295;0.0
2017-08-07;23.85;0.7;59.0;5.681;0.294
2017-08-08;15.6;1.3;74.75;2.417;0.833
2017-08-09;16.125;2.0;73.5;2.602;1.24
2017-08-10;17.45;1.4;75.25;2.59;0.802
2017-08-11;16.525;0.0;68.25;3.179;0.0
2017-08-12;13.075;21.0;81.75;1.536;16.061
2017-08-13;13.5;0.0;70.25;2.56;0.0
2017-08-14;14.3;2.0;74.25;2.309;1.399
2017-08-15;14.95;0.0;58.0;3.892;0.0
2017-08-16;16.0;0.0;60.25;3.88;0.0
2017-08-17;16.525;0.0;64.75;3.529;0.0
2017-08-18;15.675;10.0;86.25;1.321;6.38
2017-08-19;15.275;0.6;71.75;2.661;0.393
2017-08-20;13.8;2.0;66.0;2.972;1.449
2017-08-21;15.05;0.5;67.75;3.004;0.332
2017-08-22;16.95;0.0;66.5;3.423;0.0
2017-08-23;18.775;0.4;68.0;3.561;0.213
2017-08-24;19.4;0.0;68.0;3.663;0.0
2017-08-25;22.35;1.5;66.0;4.426;0.671
2017-08-26;18.925;0.6;69.75;3.389;0.317
2017-08-27;15.3;0.0;55.0;4.244;0.0
2017-08-28;14.933;0.0;61.0;3.611;0.0
2017-08-29;18.35;0.0;58.75;4.501;0.0
2017-08-30;19.225;0.0;52.5;5.394;0.0
2017-08-31;12.95;1.0;80.5;1.631;0.772
2017-09-01;14.9;0.0;72.25;2.651;0.0
2017-09-02;16.625;0.3;60.75;4.08;0.18
2017-09-03;13.933;0.0;66.0;3.092;0.0
2017-09-04;17.3;0.0;55.25;4.804;0.0
2017-09-05;12.975;0.0;52.25;4.132;0.0
2017-09-06;11.85;0.0;59.25;3.32;0.0
2017-09-07;8.35;3.1;70.75;1.952;
2017-09-08;8.7;4.3;74.0;1.772;
2017-09-09;7.775;0.0;62.75;2.401;
2017-09-10;9.4;0.5;70.25;2.112;
2017-09-11;13.45;6.5;80.25;1.752;4.833
2017-09-12;12.725;4.0;83.0;1.452;3.143
2017-09-13;9.3;2.0;78.25;1.535;
2017-09-14;7.4;0.0;64.5;2.236;
2017-09-15;14.275;0.3;55.25;4.142;0.21
2017-09-16;16.4;0.0;58.25;4.293;0.0
2017-09-17;14.925;0.0;64.0;3.443;0.0
2017-09-18;16.7;4.0;64.0;3.756;2.395
2017-09-19;10.825;2.0;76.0;1.848;1.848
2017-09-20;8.35;0.3;77.5;1.502;
2017-09-21;9.65;3.0;83.0;1.225;
2017-09-22;7.175;1.3;80.75;1.196;
2017-09-23;3.1;7.0;81.5;0.876;
2017-09-24;1.45;0.3;79.0;0.881;
2017-09-25;3.075;1.1;82.75;0.816;
2017-09-26;3.6;0.0;60.0;1.963;
2017-09-27;4.075;0.0;60.25;2.016;
2017-09-28;3.525;0.0;69.5;1.489;
2017-09-29;3.3;0.0;75.75;1.165;
2017-09-30;3.525;0.0;71.75;1.379;
2017-10-01;5.175;0.4;73.75;1.388;
2017-10-02;5.825;0.5;73.75;1.448;
2017-10-03;4.575;0.0;75.5;1.244;
2017-10-04;4.15;0.6;81.25;0.925;
2017-10-05;3.275;0.0;66.0;1.578;
2017-10-06;2.7;0.7;77.0;1.025;
2017-10-07;1.675;0.0;64.75;1.456;
2017-10-08;2.7;0.0;60.25;1.771;
2017-10-09;2.0;0.0;69.25;1.302;
2017-10-10;5.375;0.0;59.0;2.196;
2017-10-11;6.4;0.1;63.25;2.104;
2017-10-12;2.375;0.4;65.5;1.501;
2017-10-13;0.067;0.0;74.667;0.924;
2017-10-14;-0.5;0.0;71.0;1.011;
2017-10-15;4.9;0.0;51.25;2.531;
2017-10-16;7.625;1.1;75.0;1.545;
2017-10-17;2.133;0.0;81.667;0.784;
2017-10-18;0.4;0.0;88.25;0.44;
2017-10-19;3.0;7.0;92.75;0.33;
2017-10-20;6.525;0.7;80.25;1.14;
2017-10-21;5.875;5.0;82.0;0.996;
2017-10-22;3.9;0.0;76.0;1.164;
2017-10-23;0.133;0.0;64.667;1.296;
2017-10-24;1.575;0.0;69.75;1.24;
2017-10-25;-1.1;6.0;72.5;0.912;
2017-10-26;-1.0;0.3;78.0;0.736;
2017-10-27;-1.9;0.0;67.75;0.999;
2017-10-28;0.862;0.0;65.0;1.359;
2017-10-29;1.412;1.0;77.0;0.932;
2017-10-30;-3.625;0.7;75.75;0.643;
2017-10-31;-2.3;0.0;71.75;0.845;
2017-11-01;1.175;0.0;60.75;1.613;
2017-11-02;3.675;0.3;80.75;0.95;
2017-11-03;6.525;0.0;80.625;1.155;
2017-11-04;1.838;1.4;85.0;0.648;
2017-11-05;-0.2;1.0;78.5;0.793;
2017-11-06;-0.212;1.4;83.0;0.627;
2017-11-07;-1.188;3.0;85.875;0.481;
2017-11-08;-1.025;0.6;81.625;0.634;
2017-11-09;2.338;0.0;79.875;0.902;
2017-11-10;-1.838;5.0;85.375;0.471;
2017-11-11;-11.071;0.0;73.714;0.306;
2017-11-12;-10.988;1.0;85.5;0.171;
2017-11-13;-4.162;4.4;87.875;0.316;
2017-11-14;-3.125;1.4;88.0;0.345;
2017-11-15;-13.625;0.3;80.0;0.155;
2017-11-16;-15.562;0.0;78.5;0.115;
2017-11-17;-7.862;0.0;81.0;0.335;
2017-11-18;-1.175;0.0;77.875;0.754;
2017-11-19;-1.138;1.4;83.5;0.564;
2017-11-20;-2.938;3.0;88.125;0.347;
2017-11-21;-1.612;1.2;86.875;0.431;
2017-11-22;-1.8;4.0;83.875;0.521;
2017-11-23;-5.1;0.0;78.5;0.511;
2017-11-24;-5.743;0.0;75.714;0.54;
2017-11-25;-5.462;0.0;69.875;0.69;
2017-11-26;-14.3;0.0;69.875;0.207;
2017-11-27;-17.325;0.0;75.5;0.087;
2017-11-28;-10.471;0.8;69.714;0.384;
2017-11-29;-11.488;0.0;74.625;0.278;
2017-11-30;-8.462;0.2;87.0;0.213;
2017-12-01;-8.8;0.6;83.75;0.248;
2017-12-02;-10.814;0.0;82.857;0.2;
2017-12-03;-11.912;0.0;83.25;0.167;
2017-12-04;-10.575;0.3;80.0;0.242;
2017-12-05;-7.588;6.0;84.75;0.268;
2017-12-06;-7.788;0.0;84.375;0.269;
2017-12-07;-5.925;0.2;84.375;0.33;
2017-12-08;-6.212;0.2;85.625;0.295;
2017-12-09;-9.712;0.2;85.875;0.192;
2017-12-10;-7.275;0.0;86.125;0.253;
2017-12-11;-6.388;0.9;77.375;0.455;
2017-12-12;-9.775;0.4;82.25;0.239;
2017-12-13;-13.138;0.4;86.75;0.108;
2017-12-14;-17.188;0.5;82.875;0.061;
2017-12-15;-19.662;0.0;80.75;0.032;
2017-12-16;-20.25;0.0;79.125;0.027;
2017-12-17;-18.762;0.0;78.0;0.05;
2017-12-18;-18.525;0.0;85.75;0.035;
2017-12-19;-20.638;0.0;87.375;0.014;
2017-12-20;-20.9;0.0;79.5;0.02;
2017-12-21;-17.888;0.0;78.25;0.064;
2017-12-22;-14.962;3.0;81.75;0.107;
2017-12-23;-8.225;1.3;80.125;0.325;
2017-12-24;-9.225;0.7;78.0;0.318;
2017-12-25;-1.412;6.0;73.875;0.844;
2017-12-26;-3.088;9.0;89.75;0.286;
2017-12-27;-3.575;2.6;88.25;0.313;
2017-12-28;-12.0;8.9;82.0;0.177;
2017-12-29;-9.025;4.2;87.875;0.18;
2017-12-30;-4.62;3.0;79.8;0.487;
2017-12-31;-15.933;0.3;82.333;0.084;
2018-01-01;-19.55;0.0;80.5;0.034;
2018-01-02;-14.85;0.0;80.75;0.115;
2018-01-03;-20.388;0.0;83.5;0.02;
2018-01-04;-24.688;0.0;76.0;0.0;
2018-01-05;-25.6;0.0;75.0;0.001;
2018-01-06;-23.212;0.0;77.375;0.004;
2018-01-07;-19.888;0.0;74.375;0.039;
2018-01-08;-18.088;0.0;72.625;0.076;
2018-01-09;-12.612;0.5;69.25;0.274;
2018-01-10;-3.75;3.3;85.875;0.37;
2018-01-11;-3.212;3.0;80.5;0.537;
2018-01-12;-9.962;2.0;77.875;0.29;
2018-01-13;-17.0;0.5;78.375;0.08;
2018-01-14;-23.638;0.4;75.375;0.003;
2018-01-15;-20.625;2.0;77.125;0.025;
2018-01-16;-15.125;12.0;83.875;0.091;
2018-01-17;-10.625;6.8;85.75;0.171;
2018-01-18;-11.538;2.0;81.25;0.197;
2018-01-19;-15.225;0.4;72.0;0.155;
2018-01-20;-28.538;0.0;59.75;0.029;
2018-01-21;-34.4;0.0;58.125;0.215;
2018-01-22;-30.325;0.0;57.625;0.07;
2018-01-23;-29.7;0.2;69.25;0.039;
2018-01-24;-29.925;0.0;68.25;0.045;
2018-01-25;-28.788;0.0;66.75;0.028;
2018-01-26;-24.325;0.0;66.75;0.001;
2018-01-27;-26.388;0.0;72.125;0.003;
2018-01-28;-21.95;0.0;74.125;0.014;
2018-01-29;-17.038;4.3;74.0;0.096;
2018-01-30;-17.625;0.6;69.375;0.097;
2018-01-31;-18.738;0.0;72.5;0.063;
2018-02-01;-17.188;0.0;69.5;0.12;
2018-02-02;-13.975;0.0;66.125;0.265;
2018-02-03;-14.488;0.0;68.625;0.223;
2018-02-04;-12.112;0.0;72.875;0.29;
2018-02-05;-11.857;0.0;70.286;0.33;
2018-02-06;-17.338;0.0;75.875;0.091;
2018-02-07;-13.275;0.0;76.625;0.207;
2018-02-08;-9.688;1.0;78.25;0.328;
2018-02-09;-9.062;0.2;81.5;0.302;
2018-02-10;-8.788;0.0;80.5;0.329;
2018-02-11;-10.462;0.0;75.75;0.329;
2018-02-12;-11.138;0.0;77.25;0.281;
2018-02-13;-12.338;0.0;72.375;0.285;
2018-02-14;-12.175;0.0;66.75;0.352;
2018-02-15;-10.775;0.2;70.25;0.387;
2018-02-16;-18.162;0.0;71.875;0.085;
2018-02-17;-19.675;0.0;75.625;0.044;
2018-02-18;-19.075;0.0;76.0;0.054;
2018-02-19;-16.025;2.0;77.75;0.115;
2018-02-20;-9.629;0.0;71.429;0.434;
2018-02-21;-8.9;0.0;74.0;0.433;
2018-02-22;-6.362;0.5;73.625;0.589;
2018-02-23;-12.438;0.4;80.375;0.199;
2018-02-24;-12.8;0.0;79.375;0.197;
2018-02-25;-16.525;0.0;79.5;0.095;
2018-02-26;-17.312;0.0;75.875;0.092;
2018-02-27;-18.1;0.0;69.25;0.094;
2018-02-28;-14.462;0.0;58.375;0.297;
2018-03-01;-13.425;3.0;77.25;0.177;
2018-03-02;-19.05;1.3;76.75;0.048;
2018-03-03;-16.325;0.8;72.125;0.122;
2018-03-04;-12.85;0.0;70.625;0.252;
2018-03-05;-8.638;0.0;62.375;0.585;
2018-03-06;-5.662;0.0;69.75;0.657;
2018-03-07;-1.788;0.4;67.75;1.009;
2018-03-08;-12.138;0.4;70.0;0.288;
2018-03-09;-12.2;0.0;72.0;0.266;
2018-03-10;-7.45;0.9;75.25;0.443;
2018-03-11;-10.288;0.0;53.875;0.58;
2018-03-12;-13.15;0.0;62.0;0.31;
2018-03-13;-13.412;0.0;63.875;0.282;
2018-03-14;-13.025;0.0;60.5;0.329;
2018-03-15;-9.612;0.0;63.375;0.504;
2018-03-16;-4.675;1.0;77.625;0.537;
2018-03-17;-5.725;0.0;74.625;0.547;
2018-03-18;-4.138;0.0;68.625;0.793;
2018-03-19;-0.325;0.0;57.25;1.511;
2018-03-20;-7.486;3.0;63.286;0.654;
2018-03-21;-4.325;2.0;76.25;0.589;
2018-03-22;-2.4;0.8;85.0;0.445;
2018-03-23;2.938;0.0;83.0;0.77;
2018-03-24;0.729;2.0;73.143;1.032;
2018-03-25;-2.888;1.0;76.75;0.66;
2018-03-26;-2.112;2.3;74.25;0.783;
2018-03-27;-2.738;0.0;70.75;0.842;
2018-03-28;-1.625;0.0;72.0;0.888;
2018-03-29;-2.075;0.0;76.375;0.721;
2018-03-30;-0.987;1.1;72.625;0.917;
2018-03-31;-7.312;0.0;55.0;0.817;
2018-04-01;-5.812;0.2;67.75;0.712;
2018-04-02;-3.65;0.0;74.25;0.704;
2018-04-03;-3.662;1.6;75.75;0.662;
2018-04-04;-6.025;0.0;42.875;1.234;
2018-04-05;-2.5;0.0;43.625;1.712;
2018-04-06;2.938;0.0;38.5;2.88;
2018-04-07;4.45;0.5;69.25;1.6;
2018-04-08;3.012;0.5;83.0;0.8;
2018-04-09;3.312;1.7;76.5;1.13;
2018-04-10;3.088;0.7;74.0;1.231;
2018-04-11;1.612;0.9;82.25;0.754;
2018-04-12;6.1;0.0;68.375;1.835;
2018-04-13;9.662;0.0;55.25;3.226;
2018-04-14;2.688;0.0;58.125;1.926;
2018-04-15;2.3;0.0;50.125;2.23;
2018-04-16;6.938;0.0;49.75;3.075;
2018-04-17;1.338;0.9;54.625;1.888;
2018-04-18;-1.762;0.0;48.75;1.66;
2018-04-19;1.588;0.0;43.625;2.391;
2018-04-20;4.113;0.0;41.875;2.956;
2018-04-21;9.688;0.0;50.875;3.546;
2018-04-22;11.812;2.0;52.875;3.832;1.693
2018-04-23;9.338;9.0;84.375;1.105;
2018-04-24;5.788;0.0;76.5;1.336;
2018-04-25;13.038;0.3;53.125;4.069;0.23
2018-04-26;5.988;7.0;66.875;1.908;
2018-04-27;6.262;1.0;59.25;2.39;
2018-04-28;7.225;0.3;60.5;2.461;
2018-04-29;12.15;0.0;48.625;4.254;0.0
2018-04-30;13.888;0.0;55.125;4.072;0.0
2018-05-01;10.6;3.0;67.75;2.373;2.83
2018-05-02;3.8;2.0;65.375;1.668;
2018-05-03;6.138;0.0;50.375;2.794;
2018-05-04;7.075;0.0;43.625;3.368;
2018-05-05;3.825;12.0;88.0;0.579;
2018-05-06;0.788;0.3;58.875;1.588;
2018-05-07;2.962;0.0;67.875;1.458;
2018-05-08;5.15;10.0;83.5;0.871;
2018-05-09;5.462;0.6;57.625;2.283;
2018-05-10;8.35;0.0;33.125;4.319;
2018-05-11;12.0;0.0;28.0;5.723;0.0
2018-05-12;10.312;0.0;55.0;3.258;0.0
2018-05-13;6.575;4.0;75.5;1.418;
2018-05-14;8.088;2.0;64.75;2.241;
2018-05-15;8.075;2.0;56.0;2.795;
2018-05-16;5.312;3.0;69.375;1.634;
2018-05-17;1.037;0.0;63.375;1.442;
2018-05-18;4.525;0.0;51.375;2.461;
2018-05-19;1.138;9.0;77.0;0.912;
2018-05-20;6.812;0.0;47.25;3.1;
2018-05-21;13.912;2.0;51.125;4.297;1.438
2018-05-22;11.4;4.3;76.125;1.837;3.772
2018-05-23;8.9;0.3;63.0;2.469;
2018-05-24;5.488;1.0;57.875;2.273;
2018-05-25;8.412;6.0;79.5;1.329;
2018-05-26;8.65;2.0;87.0;0.855;
2018-05-27;6.038;2.0;85.75;0.797;
2018-05-28;6.375;0.3;76.875;1.322;
2018-05-29;12.4;0.0;53.75;3.756;0.0
2018-05-30;15.85;0.0;47.125;5.123;0.0
2018-05-31;10.662;4.4;67.125;2.428;4.127
2018-06-01;16.388;3.0;51.375;4.997;1.831
2018-06-02;21.675;0.0;32.5;8.823;0.0
2018-06-03;15.875;0.1;52.625;4.749;0.063
2018-06-04;11.15;2.5;63.75;2.842;2.242
2018-06-05;14.362;4.3;71.375;2.661;2.994
2018-06-06;21.5;0.3;48.5;6.681;0.14
2018-06-07;23.825;0.0;35.25;9.261;0.0
2018-06-08;24.775;0.0;35.5;9.588;0.0
2018-06-09;20.725;0.0;60.0;5.018;0.0
2018-06-10;18.562;3.3;77.25;2.59;1.778
2018-06-11;16.488;25.0;72.375;2.853;15.163
2018-06-12;19.4;0.0;56.0;5.204;0.0
2018-06-13;20.6;0.0;55.5;5.552;0.0
2018-06-14;14.362;27.7;86.875;1.22;19.286
2018-06-15;16.738;0.5;67.25;3.423;0.299
2018-06-16;18.712;0.5;62.75;4.271;0.267
2018-06-17;19.388;1.2;68.875;3.679;0.619
2018-06-18;26.012;0.5;44.75;8.627;0.192
2018-06-19;20.675;7.0;67.25;4.099;3.386
2018-06-20;19.05;0.7;63.0;4.308;0.367
2018-06-21;19.162;0.4;60.625;4.608;0.209
2018-06-22;23.638;0.0;51.375;6.902;0.0
2018-06-23;24.125;0.0;44.0;8.109;0.0
2018-06-24;21.338;4.0;64.375;4.59;1.875
2018-06-25;22.838;0.0;64.375;4.892;0.0
2018-06-26;20.962;9.0;77.125;2.899;4.293
2018-06-27;22.657;0.0;66.429;4.575;0.0
2018-06-28;23.212;0.0;64.0;5.021;0.0
2018-06-29;22.588;0.0;60.5;5.367;0.0
2018-06-30;20.312;0.6;74.75;3.111;0.295
2018-07-01;20.612;2.0;76.0;2.899;0.97
2018-07-02;22.012;0.8;72.125;3.577;0.363
2018-07-03;18.938;2.4;78.875;2.368;1.267
2018-07-04;15.55;0.7;60.0;3.819;0.45
2018-07-05;17.6;3.0;59.75;4.241;1.705
2018-07-06;16.75;0.0;54.625;4.592;0.0
2018-07-07;17.738;0.0;47.375;5.581;0.0
2018-07-08;19.912;0.0;45.75;6.354;0.0
2018-07-09;20.4;0.0;43.375;6.777;0.0
2018-07-10;22.45;0.0;44.125;7.305;0.0
2018-07-11;23.688;0.0;42.875;7.863;0.0
2018-07-12;25.4;0.0;46.125;7.946;0.0
2018-07-13;24.8;0.0;59.0;5.904;0.0
2018-07-14;22.138;0.0;66.25;4.354;0.0
2018-07-15;22.862;0.0;48.875;6.8;0.0
2018-07-16;22.838;0.0;43.75;7.474;0.0
2018-07-17;22.462;0.0;39.875;7.864;0.0
2018-07-18;21.6;0.0;46.125;6.793;0.0
2018-07-19;21.675;0.0;57.0;5.439;0.0
2018-07-20;20.688;0.0;68.5;3.818;0.0
2018-07-21;18.075;0.0;55.5;4.794;0.0
2018-07-22;14.125;23.0;79.375;1.833;16.283
2018-07-23;16.788;6.6;86.0;1.419;3.931
2018-07-24;16.9;9.0;70.875;2.969;5.325
2018-07-25;17.412;0.0;67.25;3.421;0.0
2018-07-26;18.95;2.0;63.875;4.052;1.055
2018-07-27;17.162;0.0;68.875;3.213;0.0
2018-07-28;15.612;1.0;70.25;2.849;0.641
2018-07-29;19.225;0.0;56.0;4.997;0.0
2018-07-30;14.488;1.0;71.0;2.626;0.69
2018-07-31;15.114;0.0;57.429;3.978;0.0
2018-08-01;16.588;0.7;66.75;3.339;0.422
2018-08-02;16.0;0.1;53.75;4.514;0.062
2018-08-03;14.1;0.0;55.75;3.928;0.0
2018-08-04;18.138;0.0;55.625;4.795;0.0
2018-08-05;15.2;2.0;64.5;3.331;1.316
2018-08-06;15.375;0.0;52.875;4.461;0.0
2018-08-07;16.225;0.0;56.5;4.293;0.0
2018-08-08;18.025;0.0;57.375;4.582;0.0
2018-08-09;20.575;0.0;59.0;4.945;0.0
2018-08-10;23.538;0.0;55.5;6.087;0.0
2018-08-11;21.125;2.0;62.625;4.617;0.947
2018-08-12;16.825;3.0;76.125;2.425;1.783
2018-08-13;14.475;0.0;75.75;2.194;0.0
2018-08-14;16.888;2.0;67.625;3.298;1.184
2018-08-15;18.188;0.0;59.625;4.373;0.0
2018-08-16;19.975;0.0;55.375;5.241;0.0
2018-08-17;21.912;0.0;53.5;5.942;0.0
2018-08-18;21.275;0.0;62.5;4.663;0.0
2018-08-19;22.95;0.0;62.5;5.006;0.0
2018-08-20;22.65;0.0;52.75;6.229;0.0
2018-08-21;22.125;0.0;60.25;5.126;0.0
2018-08-22;14.975;7.0;65.0;3.248;4.674
2018-08-23;14.375;3.6;79.75;1.823;2.504
2018-08-24;17.588;0.0;66.5;3.528;0.0
2018-08-25;17.925;4.0;75.0;2.675;2.232
2018-08-26;15.857;6.0;73.143;2.603;3.784
2018-08-27;16.337;0.9;66.875;3.287;0.551
2018-08-28;14.762;9.0;80.625;1.779;6.097
2018-08-29;15.575;0.0;73.875;2.497;0.0
2018-08-30;14.883;0.0;73.333;2.463;0.0
2018-08-31;14.15;1.0;78.25;1.936;0.707
2018-09-01;8.712;5.0;89.0;0.75;
2018-09-02;11.05;2.0;88.875;0.867;1.81
2018-09-03;8.312;12.0;83.5;1.099;
2018-09-04;11.062;0.3;70.0;2.341;0.271
2018-09-05;11.3;0.0;65.375;2.738;0.0
2018-09-06;12.8;0.0;61.25;3.322;0.0
2018-09-07;13.871;0.0;63.429;3.316;0.0
2018-09-08;15.229;0.0;68.429;3.066;0.0
2018-09-09;12.35;0.5;82.625;1.454;0.405
2018-09-10;11.55;5.0;80.5;1.563;4.329
2018-09-11;5.05;0.8;76.625;1.266;
2018-09-12;4.875;0.0;70.875;1.56;
2018-09-13;9.8;3.5;79.0;1.526;
2018-09-14;14.15;0.0;58.25;3.839;0.0
2018-09-15;14.225;2.3;65.75;3.162;1.617
2018-09-16;11.388;0.0;70.0;2.383;0.0
2018-09-17;8.5;0.5;70.625;1.978;
2018-09-18;7.188;0.0;62.0;2.362;
2018-09-19;8.775;0.0;58.625;2.832;
2018-09-20;11.712;0.0;47.25;4.266;0.0
2018-09-21;14.412;0.0;49.625;4.695;0.0
2018-09-22;14.512;0.5;67.625;3.033;0.345
2018-09-23;13.312;0.6;66.5;2.95;0.451
2018-09-24;10.875;0.3;79.0;1.622;0.276
2018-09-25;11.138;2.4;82.0;1.41;2.155
2018-09-26;14.462;0.5;71.5;2.663;0.346
2018-09-27;15.512;0.0;71.75;2.782;0.0
2018-09-28;15.95;0.0;65.75;3.446;0.0
2018-09-29;13.025;0.0;53.875;4.002;0.0
2018-09-30;13.329;0.0;51.714;4.256;0.0
2018-10-01;13.9;0.0;53.0;4.13;0.0
2018-10-02;7.65;0.0;60.125;2.468;
2018-10-03;6.613;0.1;67.25;1.9;
2018-10-04;8.438;0.0;64.75;2.288;
2018-10-05;11.488;0.0;54.125;3.546;0.0
2018-10-06;12.45;0.0;46.125;4.387;0.0
2018-10-07;14.212;0.0;40.125;5.346;0.0
2018-10-08;9.038;0.4;59.0;2.758;
2018-10-09;11.038;0.0;59.375;3.063;0.0
2018-10-10;8.462;0.0;62.0;2.471;
2018-10-11;5.988;0.0;65.125;1.944;
2018-10-12;11.6;0.0;46.875;4.132;0.0
2018-10-13;11.375;0.7;61.125;2.987;0.615
2018-10-14;2.9;5.1;80.0;0.904;
2018-10-15;2.112;0.4;66.625;1.425;
2018-10-16;2.1;0.5;66.25;1.439;
2018-10-17;3.9;0.0;71.125;1.4;
2018-10-18;3.512;0.5;58.625;1.953;
2018-10-19;4.825;0.0;65.375;1.788;
2018-10-20;2.988;0.4;74.625;1.154;
2018-10-21;3.912;12.5;86.25;0.667;
2018-10-22;2.412;5.0;83.375;0.725;
2018-10-23;-0.938;0.9;79.625;0.685;
2018-10-24;1.8;2.0;70.375;1.235;
2018-10-25;4.538;0.0;56.125;2.223;
2018-10-26;5.557;0.0;57.571;2.3;
2018-10-27;7.375;0.0;51.25;2.967;
2018-10-28;11.043;0.0;37.286;4.731;0.0
2018-10-29;2.325;0.7;73.25;1.16;
2018-10-30;1.517;2.0;80.5;0.796;
2018-10-31;-5.029;2.0;76.0;0.556;
2018-11-01;-7.029;0.8;74.286;0.498;
2018-11-02;-5.688;1.0;76.625;0.523;
2018-11-03;-2.037;6.0;84.75;0.482;
2018-11-04;-5.762;0.2;72.375;0.613;
2018-11-05;-0.2;7.0;89.25;0.397;
2018-11-06;-1.838;7.0;90.625;0.302;
2018-11-07;-5.912;0.5;89.625;0.227;
2018-11-08;-0.363;1.3;86.875;0.478;
2018-11-09;-9.5;3.4;78.0;0.317;
2018-11-10;-19.55;0.0;78.5;0.038;
2018-11-11;-18.512;0.0;74.5;0.064;
2018-11-12;-15.988;1.0;79.5;0.1;
2018-11-13;-8.938;3.4;81.25;0.29;
2018-11-14;-8.662;0.7;82.375;0.282;
2018-11-15;-7.7;3.0;84.0;0.287;
2018-11-16;-6.85;6.9;81.375;0.368;
2018-11-17;-12.588;0.4;84.5;0.143;
2018-11-18;-8.438;2.7;86.375;0.224;
2018-11-19;-12.588;0.5;84.5;0.143;
2018-11-20;-7.8;0.4;82.0;0.32;
2018-11-21;-6.538;2.0;82.25;0.363;
2018-11-22;-2.362;1.5;87.25;0.392;
2018-11-23;-2.412;0.7;77.625;0.685;
2018-11-24;-4.775;6.0;89.5;0.258;
2018-11-25;-10.712;7.0;83.375;0.204;
2018-11-26;-9.25;2.8;84.125;0.236;
2018-11-27;-9.162;2.0;86.0;0.211;
2018-11-28;-6.45;0.5;74.75;0.521;
2018-11-29;-7.338;1.0;86.0;0.262;
2018-11-30;-9.3;4.0;71.75;0.418;
2018-12-01;-20.788;1.4;73.125;0.028;
2018-12-02;-20.312;0.3;80.0;0.026;
2018-12-03;-16.188;5.0;82.625;0.078;
2018-12-04;-24.5;0.0;75.0;0.0;
2018-12-05;-28.3;0.0;70.75;0.018;
2018-12-06;-24.95;0.0;71.75;0.0;
2018-12-07;-19.75;0.0;75.125;0.04;
2018-12-08;-16.262;0.0;73.75;0.116;
2018-12-09;-14.638;0.0;78.25;0.136;
2018-12-10;-16.275;0.0;79.875;0.089;
2018-12-11;-15.212;0.0;77.25;0.127;
2018-12-12;-10.925;0.0;73.25;0.308;
2018-12-13;-10.925;0.7;82.75;0.198;
2018-12-14;-10.425;7.0;83.625;0.202;
2018-12-15;-8.825;0.0;80.625;0.294;
2018-12-16;-11.138;0.0;79.125;0.233;
2018-12-17;-12.762;0.3;84.125;0.138;
2018-12-18;-12.075;0.4;84.875;0.147;
2018-12-19;-10.138;3.0;85.25;0.189;
2018-12-20;-19.213;0.5;72.125;0.054;
2018-12-21;-20.7;1.0;76.375;0.025;
2018-12-22;-15.788;0.0;63.5;0.18;
2018-12-23;-18.875;2.0;76.0;0.052;
2018-12-24;-31.25;0.0;61.75;0.087;
2018-12-25;-25.362;0.0;55.0;0.0;
2018-12-26;-24.25;0.0;55.125;0.001;
2018-12-27;-25.5;0.0;72.5;0.0;
2018-12-28;-25.762;0.0;73.25;0.001;
2018-12-29;-24.567;0.0;70.167;0.0;
2018-12-31;-12.1;0.2;79.0;0.203;
2019-01-01;-14.9;0.3;82.667;0.103;
2019-01-02;-19.25;0.0;79.5;0.039;
2019-01-03;-20.675;0.3;76.5;0.026;
2019-01-04;-21.7;0.4;78.5;0.014;
2019-01-05;-20.075;0.4;78.375;0.03;
2019-01-06;-11.212;1.0;82.375;0.195;
2019-01-07;-11.475;0.0;75.25;0.263;
2019-01-08;-7.814;0.0;74.429;0.439;
2019-01-09;-7.25;0.6;74.5;0.466;
2019-01-10;-13.662;0.9;75.125;0.186;
2019-01-11;-21.838;0.0;78.0;0.013;
2019-01-12;-18.257;1.7;79.571;0.054;
2019-01-13;-17.075;0.0;79.5;0.075;
2019-01-14;-11.3;0.0;74.25;0.281;
2019-01-15;-8.525;0.0;66.0;0.536;
2019-01-16;-9.275;0.3;80.375;0.282;
2019-01-17;-14.938;0.0;84.125;0.093;
2019-01-18;-12.075;0.0;84.875;0.147;
2019-01-19;-6.725;0.0;73.625;0.511;
2019-01-20;-3.675;0.3;81.0;0.502;
2019-01-21;-2.7;0.0;71.25;0.83;
2019-01-22;-4.025;3.7;83.125;0.431;
2019-01-23;-9.412;0.0;79.875;0.284;
2019-01-24;-11.4;0.5;83.0;0.183;
2019-01-25;-13.6;0.4;74.875;0.19;
2019-01-26;-16.938;0.3;74.875;0.095;
2019-01-27;-18.2;0.7;72.875;0.073;
2019-01-28;-23.175;1.0;74.625;0.005;
2019-01-29;-22.986;0.0;74.571;0.006;
2019-01-30;-17.212;0.0;60.125;0.14;
2019-01-31;-18.462;0.4;63.625;0.09;
2019-02-01;-31.4;0.0;64.5;0.093;
2019-02-02;-31.25;0.0;65.0;0.088;
2019-02-03;-27.3;0.0;58.875;0.014;
2019-02-04;-31.575;0.0;55.125;0.125;
2019-02-05;-30.0;0.0;56.625;0.07;
2019-02-06;-26.988;0.0;52.625;0.012;
2019-02-07;-28.614;0.0;61.429;0.032;
2019-02-08;-29.071;0.0;64.143;0.038;
2019-02-09;-24.8;0.0;59.0;0.0;
2019-02-10;-17.95;0.0;51.5;0.155;
2019-02-11;-17.588;0.0;65.375;0.122;
2019-02-12;-17.4;0.0;78.25;0.081;
2019-02-13;-15.125;2.0;79.875;0.126;
2019-02-14;-12.05;0.4;76.25;0.256;
2019-02-15;-10.025;0.0;72.0;0.404;
2019-02-16;-7.429;0.2;72.714;0.542;
2019-02-17;-3.025;0.1;72.375;0.858;
2019-02-18;-3.2;0.7;67.375;0.997;
2019-02-19;-3.65;1.0;73.25;0.784;
2019-02-20;-0.662;0.8;69.125;1.176;
2019-02-21;-2.35;1.0;77.375;0.746;
2019-02-22;-9.45;0.0;74.875;0.391;
2019-02-23;-6.95;0.0;72.375;0.579;
2019-02-24;-6.888;0.0;66.75;0.701;
2019-02-25;-9.088;0.0;74.5;0.415;
2019-02-26;-8.438;0.0;73.75;0.463;
2019-02-27;-2.612;3.5;80.875;0.616;
2019-02-28;-5.488;0.5;82.375;0.431;
2019-03-01;-4.05;4.0;84.0;0.408;
2019-03-02;-4.825;0.3;80.875;0.452;
2019-03-03;-2.537;0.0;77.125;0.67;
2019-03-04;1.55;0.0;69.0;1.269;
2019-03-05;-3.112;1.0;71.0;0.807;
2019-03-06;-5.638;4.0;81.0;0.414;
2019-03-07;-3.312;0.5;81.875;0.495;
2019-03-08;-2.0;0.0;72.0;0.86;
2019-03-09;-7.114;0.0;69.429;0.568;
2019-03-10;-7.55;0.0;56.125;0.776;
2019-03-11;-7.475;0.0;69.75;0.539;
2019-03-12;-2.288;1.2;85.125;0.446;
2019-03-13;0.325;0.0;63.75;1.35;
2019-03-14;1.988;0.0;67.75;1.364;
2019-03-15;3.138;0.0;55.25;2.057;
2019-03-16;-0.688;2.0;68.125;1.094;
2019-03-17;-6.312;1.0;77.375;0.459;
2019-03-18;-7.825;0.0;87.375;0.216;
2019-03-19;-5.562;0.0;71.75;0.62;
2019-03-20;-3.5;0.0;67.5;0.872;
2019-03-21;-2.725;0.0;66.375;0.969;
2019-03-22;-0.913;0.0;60.125;1.343;
2019-03-23;0.213;0.0;62.375;1.389;
2019-03-24;1.7;0.0;67.875;1.33;
2019-03-25;1.8;0.0;67.875;1.34;
2019-03-26;2.225;0.0;56.125;1.888;
2019-03-27;0.638;0.0;64.75;1.345;
2019-03-28;1.725;0.3;68.5;1.306;
2019-03-29;3.238;0.0;52.375;2.205;
2019-03-30;3.8;0.8;71.0;1.397;
2019-03-31;4.75;0.0;75.125;1.278;
2019-04-01;2.812;0.9;68.0;1.485;
2019-04-02;3.175;0.0;68.25;1.512;
2019-04-03;4.2;0.0;55.875;2.257;
2019-04-04;4.338;0.0;32.0;3.512;
2019-04-05;3.025;0.9;52.5;2.238;
2019-04-06;5.162;0.0;31.0;3.766;
2019-04-07;2.125;0.5;51.75;2.13;
2019-04-08;2.175;0.0;49.875;2.221;
2019-04-09;4.587;0.0;43.375;2.974;
2019-04-10;4.538;0.0;50.875;2.572;
2019-04-11;4.012;0.0;34.125;3.327;
2019-04-12;7.825;0.0;45.0;3.556;
2019-04-13;12.475;0.0;33.375;5.614;0.0
2019-04-14;6.8;0.0;54.714;2.748;
2019-04-15;0.475;0.3;41.625;2.273;
2019-04-16;1.6;0.0;32.0;2.887;
2019-04-17;2.8;0.0;54.0;2.133;
2019-04-18;-3.375;3.0;72.0;0.786;
2019-04-19;-1.525;1.0;51.625;1.599;
2019-04-20;2.188;0.0;47.625;2.323;
2019-04-21;3.412;0.0;47.875;2.525;
2019-04-22;3.575;0.0;38.125;3.031;
2019-04-23;5.786;0.0;33.0;3.81;
2019-04-24;9.7;0.0;33.125;4.831;
2019-04-25;10.1;0.4;45.375;4.038;0.396
2019-04-26;5.65;7.0;65.25;1.959;
2019-04-27;1.738;0.0;54.375;1.957;
2019-04-28;4.775;0.0;50.75;2.62;
2019-04-29;13.571;0.0;39.429;5.407;0.0
2019-04-30;15.625;1.0;51.375;4.815;0.64
2019-05-01;0.337;4.0;62.0;1.417;
2019-05-02;4.162;0.0;41.75;2.876;
2019-05-03;7.7;0.0;35.625;3.997;
2019-05-04;10.812;0.0;32.75;5.008;0.0
2019-05-05;15.438;0.0;30.375;6.611;0.0
2019-05-06;17.062;0.0;32.0;6.986;0.0
2019-05-07;19.888;0.0;27.5;8.482;0.0
2019-05-08;20.225;0.0;34.625;7.764;0.0
2019-05-09;13.0;0.0;29.0;5.953;0.0
2019-05-10;9.088;0.0;27.75;4.875;
2019-05-11;13.262;0.0;26.75;6.227;0.0
2019-05-12;11.438;0.0;38.5;4.741;0.0
2019-05-13;3.738;0.0;47.125;2.535;
2019-05-14;3.85;0.0;45.5;2.634;
2019-05-15;4.988;0.0;55.0;2.35;
2019-05-16;6.875;0.0;44.875;3.252;
2019-05-17;7.562;0.0;34.625;4.025;
2019-05-18;13.175;0.0;27.625;6.124;0.0
2019-05-19;15.875;0.0;33.125;6.488;0.0
2019-05-20;13.312;0.0;42.375;4.911;0.0
2019-05-21;10.112;6.5;67.25;2.344;6.428
2019-05-22;10.362;0.0;54.75;3.286;0.0
2019-05-23;9.575;16.0;68.0;2.221;
2019-05-24;13.062;0.0;49.125;4.28;0.0
2019-05-25;18.438;0.0;33.75;7.258;0.0
2019-05-26;11.675;0.0;44.0;4.374;0.0
2019-05-27;11.438;0.0;37.125;4.847;0.0
2019-05-28;18.362;0.0;29.125;7.738;0.0
2019-05-29;20.912;0.0;28.25;8.782;0.0
2019-05-30;16.988;14.0;55.5;4.555;8.241
2019-05-31;12.429;0.7;66.857;2.696;0.563
2019-06-01;10.225;0.0;57.75;3.145;0.0
2019-06-02;13.388;0.5;55.625;3.923;0.373
2019-06-03;15.45;2.0;61.625;3.767;1.294
2019-06-04;13.871;0.0;73.571;2.396;0.0
2019-06-05;17.388;0.0;59.25;4.393;0.0
2019-06-06;21.175;0.0;50.125;6.38;0.0
2019-06-07;18.925;0.9;54.5;5.267;0.476
2019-06-08;17.625;2.5;62.875;4.047;1.418
2019-06-09;16.588;0.0;70.0;3.113;0.0
2019-06-10;16.912;0.0;66.0;3.584;0.0
2019-06-11;18.45;0.0;63.0;4.191;0.0
2019-06-12;22.175;0.0;46.375;7.16;0.0
2019-06-13;20.888;6.0;57.0;5.433;2.873
2019-06-14;16.588;0.3;63.625;3.775;0.181
2019-06-15;15.062;0.0;49.0;4.911;0.0
2019-06-16;14.625;0.0;65.875;3.215;0.0
2019-06-17;14.638;3.0;62.25;3.559;2.05
2019-06-18;16.862;0.0;59.375;4.272;0.0
2019-06-19;16.55;3.0;54.0;4.765;1.813
2019-06-20;18.1;0.0;48.25;5.768;0.0
2019-06-21;19.95;0.0;46.25;6.516;0.0
2019-06-22;19.857;0.3;55.429;5.381;0.151
2019-06-23;14.162;2.0;82.75;1.587;1.412
2019-06-24;13.875;0.4;66.625;3.026;0.288
2019-06-25;18.043;0.0;62.286;4.192;0.0
2019-06-26;21.55;0.0;55.125;5.834;0.0
2019-06-27;23.375;0.0;46.125;7.565;0.0
2019-06-28;18.825;0.8;73.25;3.083;0.425
2019-06-29;14.857;0.1;77.857;2.111;0.067
2019-06-30;15.412;0.0;56.625;4.25;0.0
2019-07-01;17.75;0.0;52.75;5.014;0.0
2019-07-02;19.088;0.0;58.625;4.67;0.0
2019-07-03;22.15;0.0;60.875;5.05;0.0
2019-07-04;22.75;0.0;63.375;4.849;0.0
2019-07-05;20.088;12.0;68.875;3.674;5.974
2019-07-06;22.712;0.0;57.25;5.651;0.0
2019-07-07;22.875;0.0;51.25;6.488;0.0
2019-07-08;20.975;0.0;51.25;5.983;0.0
2019-07-09;22.362;0.0;51.375;6.333;0.0
2019-07-10;19.314;4.0;63.571;4.154;2.071
2019-07-11;19.638;0.0;51.5;5.611;0.0
2019-07-12;21.338;0.0;46.375;6.686;0.0
2019-07-13;22.888;0.0;44.75;7.357;0.0
2019-07-14;24.312;0.0;47.5;7.413;0.0
2019-07-15;22.938;0.0;45.25;7.305;0.0
2019-07-16;19.688;7.0;66.75;3.855;3.556
2019-07-17;18.625;29.5;74.875;2.776;15.839
2019-07-18;18.862;4.8;80.625;2.164;2.545
2019-07-19;19.712;6.0;77.875;2.568;3.044
2019-07-20;21.162;0.0;70.875;3.604;0.0
2019-07-21;19.125;0.0;55.5;5.031;0.0
2019-07-22;17.25;0.0;64.875;3.641;0.0
2019-07-23;17.275;0.0;61.375;4.008;0.0
2019-07-24;18.071;0.0;69.429;3.293;0.0
2019-07-25;18.738;0.0;72.375;3.068;0.0
2019-07-26;17.45;0.0;76.375;2.472;0.0
2019-07-27;19.175;0.4;63.875;4.093;0.209
2019-07-28;21.9;0.0;59.125;5.221;0.0
2019-07-29;23.425;0.0;52.875;6.417;0.0
2019-07-30;22.325;0.3;63.125;4.795;0.134
2019-07-31;23.338;0.1;53.25;6.343;0.043
2019-08-01;25.912;0.0;45.875;8.146;0.0
2019-08-02;26.15;0.0;48.25;7.862;0.0
2019-08-03;23.275;0.7;49.5;6.834;0.301
2019-08-04;22.9;0.0;46.75;7.094;0.0
2019-08-05;23.95;0.0;50.0;6.956;0.0
2019-08-06;23.225;0.0;55.0;6.077;0.0
2019-08-07;23.638;0.0;47.75;7.177;0.0
2019-08-08;22.325;0.0;50.75;6.405;0.0
2019-08-09;19.85;0.0;46.125;6.292;0.0
2019-08-10;17.525;0.7;58.125;4.397;0.399
2019-08-11;17.912;1.0;58.75;4.411;0.558
2019-08-12;18.875;0.0;52.5;5.309;0.0
2019-08-13;18.788;0.0;48.25;5.761;0.0
2019-08-14;19.075;0.0;55.625;5.005;0.0
2019-08-15;21.488;0.0;60.625;4.941;0.0
2019-08-16;20.838;0.0;61.875;4.651;0.0
2019-08-17;19.812;0.6;71.875;3.279;0.303
2019-08-18;20.838;0.0;65.0;4.27;0.0
2019-08-19;18.588;2.0;76.375;2.606;1.076
2019-08-20;15.988;0.0;69.75;2.951;0.0
2019-08-21;14.212;4.0;74.125;2.31;2.814
2019-08-22;14.912;0.0;68.125;2.948;0.0
2019-08-23;14.975;0.4;72.5;2.552;0.267
2019-08-24;17.625;0.4;65.375;3.653;0.227
2019-08-25;19.5;0.6;53.5;5.347;0.308
2019-08-26;17.9;0.0;58.5;4.435;0.0
2019-08-27;18.086;3.0;67.143;3.542;1.659
2019-08-28;15.9;4.0;68.0;3.108;2.516
2019-08-29;17.175;0.0;57.875;4.351;0.0
2019-08-30;21.975;0.3;50.25;6.374;0.137
2019-08-31;19.538;0.0;42.875;6.579;0.0
2019-09-01;12.9;1.0;66.5;2.887;0.775
2019-09-02;13.983;0.0;56.0;4.012;0.0
2019-09-03;13.525;0.4;62.25;3.362;0.296
2019-09-04;11.888;0.9;70.25;2.429;0.757
2019-09-05;12.825;0.0;67.125;2.822;0.0
2019-09-06;15.575;0.0;53.75;4.569;0.0
2019-09-07;14.762;0.0;61.625;3.64;0.0
2019-09-08;15.725;0.0;63.25;3.657;0.0
2019-09-09;14.562;0.0;66.125;3.181;0.0
2019-09-10;13.6;0.3;71.375;2.559;0.221
2019-09-11;10.075;4.0;82.875;1.264;3.97
2019-09-12;6.988;1.0;70.25;1.826;
2019-09-13;7.975;9.4;79.25;1.354;
2019-09-14;7.488;0.0;79.625;1.29;
2019-09-15;12.238;14.0;86.75;1.102;11.44
2019-09-16;15.4;0.0;74.5;2.497;0.0
2019-09-17;15.933;0.0;67.0;3.318;0.0
2019-09-18;15.888;3.0;56.875;4.326;1.888
2019-09-19;17.0;0.0;61.25;4.101;0.0
2019-09-20;18.012;0.0;43.5;6.272;0.0
2019-09-21;12.2;0.0;52.5;3.944;0.0
2019-09-22;13.9;0.0;50.25;4.517;0.0
2019-09-23;14.9;3.0;55.125;4.286;2.013
2019-09-24;12.375;0.0;58.0;3.52;0.0
2019-09-25;8.438;0.0;48.875;3.43;
2019-09-26;6.5;0.0;49.25;3.021;
2019-09-27;5.875;0.0;56.875;2.467;
2019-09-28;5.825;8.0;82.375;1.005;
2019-09-29;4.057;1.0;80.0;1.013;
2019-09-30;2.612;0.6;82.625;0.795;
2019-10-01;4.362;0.0;57.125;2.146;
2019-10-02;6.662;0.0;51.875;2.801;
2019-10-03;8.212;0.0;57.125;2.746;
2019-10-04;8.762;0.0;55.125;2.97;
2019-10-05;11.288;0.0;55.0;3.441;0.0
2019-10-06;13.938;0.0;60.375;3.488;0.0
2019-10-07;13.612;0.0;65.75;2.965;0.0
2019-10-08;11.712;0.0;65.25;2.72;0.0
2019-10-09;9.55;0.0;56.625;3.006;
2019-10-10;6.725;0.0;45.25;3.2;
2019-10-11;6.362;0.0;40.375;3.405;
2019-10-12;5.612;0.0;47.625;2.85;
2019-10-13;8.875;0.0;49.125;3.39;
2019-10-14;12.688;0.0;50.625;4.072;0.0
2019-10-15;12.1;0.3;60.375;3.167;0.248
2019-10-16;8.062;7.8;83.0;1.079;
2019-10-17;5.888;2.5;81.625;1.018;
2019-10-18;0.262;5.0;83.625;0.607;
2019-10-19;-2.425;3.0;67.5;0.962;
2019-10-20;-3.55;0.0;59.625;1.079;
2019-10-21;-5.662;0.0;69.5;0.662;
2019-10-22;-3.662;0.0;76.0;0.634;
2019-10-23;0.35;0.0;69.875;1.124;
2019-10-24;2.525;1.0;78.625;0.94;
2019-10-25;2.05;1.6;79.5;0.871;
2019-10-26;-0.212;0.5;86.75;0.473;
2019-10-27;5.138;1.0;81.125;0.995;
2019-10-28;8.212;8.0;80.125;1.273;
2019-10-29;9.7;0.0;61.125;2.718;
2019-10-30;0.975;0.0;62.25;1.479;
2019-10-31;2.475;0.0;78.875;0.926;
2019-11-01;7.062;2.5;79.75;1.249;
2019-11-02;-0.187;0.1;54.125;1.695;
2019-11-03;-3.212;0.0;68.0;0.911;
2019-11-04;-2.412;0.0;59.875;1.228;
2019-11-05;-2.512;0.0;70.375;0.899;
2019-11-06;0.888;0.0;70.5;1.186;
2019-11-07;1.762;0.0;65.25;1.493;
2019-11-08;2.1;2.0;74.625;1.118;
2019-11-09;-5.012;9.0;80.625;0.464;
2019-11-10;-11.8;0.2;75.857;0.252;
2019-11-11;-12.462;0.4;80.125;0.187;
2019-11-12;-9.05;9.0;86.0;0.214;
2019-11-13;-5.137;1.1;83.375;0.394;
2019-11-14;-13.462;0.0;76.75;0.186;
2019-11-15;-18.575;0.3;73.0;0.067;
2019-11-16;-21.125;0.0;73.25;0.024;
2019-11-17;-10.012;3.0;83.125;0.227;
2019-11-18;-4.562;1.9;86.625;0.335;
2019-11-19;-15.075;4.0;78.875;0.125;
2019-11-20;-25.725;0.6;71.375;0.001;
2019-11-21;-24.062;0.0;72.25;0.001;
2019-11-22;-19.014;4.0;78.286;0.047;
2019-11-23;-15.1;1.0;74.875;0.148;
2019-11-24;-13.312;0.0;71.875;0.231;
2019-11-25;-13.962;0.0;80.5;0.143;
2019-11-26;-10.538;0.0;83.75;0.204;
2019-11-27;-10.6;0.2;84.5;0.193;
2019-11-28;-14.488;0.5;81.375;0.123;
2019-11-29;-11.325;3.5;81.125;0.212;
2019-11-30;-10.325;0.5;79.375;0.267;
2019-12-01;-12.171;0.0;73.286;0.255;
2019-12-02;-13.614;0.0;75.571;0.184;
2019-12-03;-11.35;0.0;72.625;0.296;
2019-12-04;-4.05;3.0;84.125;0.405;
2019-12-05;-1.438;0.0;74.875;0.81;
2019-12-06;-1.3;4.0;77.0;0.75;
2019-12-07;-4.225;5.0;87.75;0.307;
2019-12-08;-0.712;5.0;88.375;0.398;
2019-12-09;-0.65;0.1;87.875;0.417;
2019-12-10;-3.525;0.3;87.125;0.345;
2019-12-11;-6.938;0.2;89.375;0.201;
2019-12-12;-7.6;0.0;88.75;0.198;
2019-12-13;-5.05;8.2;85.75;0.329;
2019-12-14;-7.637;2.8;85.25;0.258;
2019-12-15;-9.238;0.8;83.875;0.233;
2019-12-16;-10.625;0.5;82.375;0.211;
2019-12-17;-11.862;2.3;81.75;0.183;
2019-12-18;-8.55;0.9;77.25;0.357;
2019-12-19;-7.362;0.2;73.5;0.479;
2019-12-20;-5.125;2.3;86.5;0.31;
2019-12-21;-3.75;2.0;87.0;0.341;
2019-12-22;-2.675;7.0;87.25;0.369;
2019-12-23;-7.362;0.9;81.25;0.339;
2019-12-24;-10.762;5.5;83.875;0.19;
2019-12-25;-8.238;9.6;87.875;0.198;
2019-12-26;-14.875;1.0;79.25;0.124;
2019-12-27;-23.612;0.0;73.875;0.003;
2019-12-28;-25.212;0.0;74.0;0.0;
2019-12-29;-20.738;0.0;70.75;0.031;
2019-12-30;-10.962;5.0;84.375;0.179;
2019-12-31;-12.862;2.0;81.75;0.156;
2020-01-01;-13.262;1.0;80.125;0.159;
2020-01-02;-0.975;10.0;90.625;0.314;
2020-01-03;-2.838;0.6;80.25;0.563;
2020-01-04;-5.512;0.0;78.75;0.469;
2020-01-05;-2.412;0.2;83.25;0.496;
2020-01-06;-6.1;0.0;84.375;0.324;
2020-01-07;-7.512;0.8;86.125;0.246;
2020-01-08;-9.725;1.2;84.375;0.212;
2020-01-09;-12.975;1.0;83.625;0.137;
2020-01-10;-17.062;0.2;79.625;0.075;
2020-01-11;-16.775;0.3;79.25;0.082;
2020-01-12;-14.462;0.0;77.875;0.143;
2020-01-13;-13.025;1.0;83.75;0.135;
2020-01-14;-10.425;1.1;80.625;0.239;
2020-01-15;-6.812;2.7;82.25;0.341;
2020-01-16;-5.762;2.4;84.625;0.33;
2020-01-17;-7.5;4.2;85.375;0.26;
2020-01-18;-9.538;3.2;77.5;0.312;
2020-01-19;-9.662;2.7;80.5;0.266;
2020-01-20;-18.725;0.0;78.625;0.049;
2020-01-21;-19.612;0.0;80.75;0.032;
2020-01-22;-15.712;0.7;83.0;0.085;
2020-01-23;-5.562;1.6;84.75;0.335;
2020-01-24;-1.388;4.0;90.875;0.295;
2020-01-25;-1.9;5.0;81.125;0.585;
2020-01-26;-9.575;0.0;73.75;0.363;
2020-01-27;-7.088;0.2;71.875;0.524;
2020-01-28;-4.088;1.0;78.875;0.536;
2020-01-29;-11.188;5.0;79.75;0.224;
2020-01-30;-22.712;0.4;73.75;0.008;
2020-01-31;-21.825;0.0;76.25;0.014;
2020-02-01;-18.488;0.0;76.25;0.063;
2020-02-02;-14.975;0.0;64.875;0.219;
2020-02-03;-10.175;0.0;58.5;0.566;
2020-02-04;-4.675;5.0;84.0;0.41;
2020-02-05;-4.275;0.4;81.875;0.483;
2020-02-06;-1.438;0.3;83.125;0.582;
2020-02-07;-4.588;2.9;81.375;0.482;
2020-02-08;0.088;3.0;77.375;0.884;
2020-02-09;0.688;8.0;91.0;0.369;
2020-02-10;-11.65;4.0;81.625;0.203;
2020-02-11;-19.162;0.0;78.5;0.045;
2020-02-12;-15.638;0.0;71.25;0.156;
2020-02-13;-11.425;0.0;64.625;0.405;
2020-02-14;-7.5;0.0;72.875;0.516;
2020-02-15;-6.412;0.0;77.0;0.493;
2020-02-16;-8.0;0.0;78.875;0.379;
2020-02-17;-4.725;0.0;76.25;0.606;
2020-02-18;-7.613;1.1;81.5;0.347;
2020-02-19;-6.762;3.0;85.125;0.307;
2020-02-20;-2.55;3.0;87.625;0.387;
2020-02-21;-4.138;2.6;76.125;0.645;
2020-02-22;-4.5;1.0;82.625;0.453;
2020-02-23;-2.112;0.4;83.125;0.549;
2020-02-24;-2.462;0.0;70.875;0.918;
2020-02-25;-5.6;0.0;77.75;0.52;
2020-02-26;-7.988;0.1;79.5;0.368;
2020-02-27;-4.275;1.0;72.625;0.73;
2020-02-28;-1.3;2.9;82.125;0.623;
2020-02-29;-0.4;2.9;83.375;0.624;
2020-03-01;0.288;0.0;74.625;0.942;
2020-03-02;0.287;0.0;70.0;1.114;
2020-03-03;-2.175;0.0;74.125;0.783;
2020-03-04;-4.175;1.0;84.375;0.393;
2020-03-05;-3.05;4.0;86.625;0.374;
2020-03-06;-10.825;0.1;66.0;0.397;
2020-03-07;-15.325;0.0;67.25;0.178;
2020-03-08;-9.2;2.5;75.25;0.359;
2020-03-09;-5.112;1.2;81.25;0.431;
2020-03-10;-5.35;5.0;73.875;0.586;
2020-03-11;-9.088;0.0;71.125;0.425;
2020-03-12;-4.037;0.0;69.875;0.769;
2020-03-13;-1.525;0.0;53.875;1.476;
2020-03-14;-1.262;0.0;55.625;1.452;
2020-03-15;2.45;0.0;73.75;1.148;
2020-03-16;3.325;0.0;66.75;1.549;
2020-03-17;0.075;0.0;65.375;1.264;
2020-03-18;0.125;1.0;73.75;0.962;
2020-03-19;-1.225;0.0;73.875;0.857;
2020-03-20;0.488;0.0;72.0;1.056;
2020-03-21;2.7;0.0;60.375;1.765;
2020-03-22;1.775;0.3;73.25;1.114;
2020-03-23;-5.662;0.0;50.375;1.077;
2020-03-24;-9.05;0.0;50.5;0.731;
2020-03-25;-6.6;0.0;60.0;0.786;
2020-03-26;-3.85;0.0;68.875;0.808;
2020-03-27;-1.975;0.1;69.125;0.95;
2020-03-28;0.688;2.0;74.25;0.987;
2020-03-29;-0.071;0.0;67.714;1.165;
2020-03-30;1.988;0.0;62.875;1.57;
2020-03-31;3.375;0.0;57.0;2.01;
2020-04-01;4.412;0.0;48.625;2.667;
2020-04-02;6.413;0.0;41.375;3.471;
2020-04-03;5.262;0.3;65.5;1.896;
2020-04-04;2.525;0.0;52.5;2.159;
2020-04-05;5.188;0.0;41.75;3.185;
2020-04-06;5.925;0.0;45.125;3.149;
2020-04-07;8.225;0.0;62.0;2.517;
2020-04-08;5.4;0.0;48.625;2.849;
2020-04-09;2.862;0.0;46.75;2.48;
2020-04-10;3.137;0.1;65.5;1.639;
2020-04-11;5.088;0.0;60.75;2.132;
2020-04-12;7.387;0.0;40.5;3.745;
2020-04-13;8.55;0.0;35.375;4.365;
2020-04-14;10.675;0.0;51.125;3.732;0.0
2020-04-15;7.562;3.0;61.25;2.465;
2020-04-16;7.3;0.0;51.75;3.02;
2020-04-17;9.912;0.0;45.25;4.004;
2020-04-18;11.25;0.0;35.625;5.076;0.0
2020-04-19;12.288;0.0;27.375;6.058;0.0
2020-04-20;14.0;0.0;34.375;5.989;0.0
2020-04-21;17.362;0.0;26.125;7.954;0.0
2020-04-22;18.588;0.0;26.375;8.393;0.0
2020-04-23;21.988;0.0;20.375;10.548;0.0
2020-04-24;16.212;0.0;42.375;5.872;0.0
2020-04-25;11.45;0.0;52.0;3.826;0.0
2020-04-26;11.138;0.0;36.375;4.985;0.0
2020-04-27;13.338;0.0;31.25;6.063;0.0
2020-04-28;11.4;2.0;56.125;3.488;1.754
2020-04-29;17.162;0.7;62.25;4.026;0.408
2020-04-30;15.9;0.0;53.75;4.642;0.0
2020-05-01;9.5;3.0;71.875;1.944;
2020-05-02;10.975;5.0;62.625;2.809;4.556
2020-05-03;14.625;0.0;47.875;4.752;0.0
2020-05-04;7.7;14.0;80.0;1.242;
2020-05-05;6.112;2.0;68.0;1.799;
2020-05-06;7.762;2.0;66.0;2.119;
2020-05-07;13.862;1.0;55.0;3.946;0.721
2020-05-08;15.175;0.0;42.5;5.389;0.0
2020-05-09;17.438;0.0;42.0;6.065;0.0
2020-05-10;21.1;0.0;37.375;7.728;0.0
2020-05-11;22.412;0.0;30.625;9.055;0.0
2020-05-12;23.238;0.0;33.375;9.002;0.0
2020-05-13;23.287;0.0;39.0;8.259;0.0
2020-05-14;20.5;0.0;43.5;6.792;0.0
2020-05-15;18.85;0.0;40.125;6.685;0.0
2020-05-16;18.712;0.4;57.25;4.743;0.214
2020-05-17;19.725;0.8;49.75;5.836;0.406
2020-05-18;22.325;0.0;47.25;6.86;0.0
2020-05-19;23.712;0.0;39.25;8.37;0.0
2020-05-20;19.162;0.0;50.25;5.634;0.0
2020-05-21;13.475;9.0;81.125;1.622;6.679
2020-05-22;16.262;0.0;70.875;2.879;0.0
2020-05-23;18.325;0.0;58.0;4.578;0.0
2020-05-24;18.2;0.0;56.5;4.714;0.0
2020-05-25;17.3;6.0;77.625;2.325;3.468
2020-05-26;22.288;0.0;59.0;5.323;0.0
2020-05-27;11.362;0.3;55.625;3.407;0.264
2020-05-28;12.475;0.0;53.625;3.782;0.0
2020-05-29;16.65;0.0;48.875;5.15;0.0
2020-05-30;16.188;5.0;61.5;3.792;3.089
2020-05-31;13.012;4.0;72.75;2.286;3.074
2020-06-01;15.588;2.0;62.75;3.682;1.283
2020-06-02;15.912;3.0;68.0;3.214;1.885
2020-06-03;12.875;0.0;55.625;3.819;0.0
2020-06-04;12.0;0.0;48.375;4.24;0.0
2020-06-05;9.475;3.0;70.625;2.095;
2020-06-06;12.225;0.5;67.875;2.671;0.409
2020-06-07;18.225;0.0;58.375;4.666;0.0
2020-06-08;17.725;0.9;54.625;4.97;0.508
2020-06-09;16.475;7.0;54.875;4.657;4.249
2020-06-10;14.7;1.0;61.0;3.688;0.68
2020-06-11;17.9;0.0;62.125;4.182;0.0
2020-06-12;22.4;0.0;57.5;5.729;0.0
2020-06-13;22.712;5.5;58.125;5.72;2.422
2020-06-14;19.25;0.0;49.25;5.962;0.0
2020-06-15;14.412;0.0;48.375;4.811;0.0
2020-06-16;14.712;0.0;54.125;4.341;0.0
2020-06-17;18.2;0.0;44.375;6.229;0.0
2020-06-18;18.325;0.0;62.25;4.252;0.0
2020-06-19;13.9;2.9;67.625;2.939;2.086
2020-06-20;11.738;1.0;64.25;2.895;0.852
2020-06-21;14.175;7.0;60.875;3.603;4.938
2020-06-22;19.662;0.0;40.375;7.136;0.0
2020-06-23;21.325;0.0;46.75;6.856;0.0
2020-06-24;22.55;0.0;51.25;6.613;0.0
2020-06-25;21.688;0.0;48.125;6.784;0.0
2020-06-26;22.338;0.0;50.0;6.723;0.0
2020-06-27;24.838;0.0;50.0;7.451;0.0
2020-06-28;18.625;0.0;49.125;5.809;0.0
2020-06-29;20.975;0.0;37.125;7.974;0.0
2020-06-30;22.438;0.0;36.5;8.574;0.0
2020-07-01;23.112;0.0;43.375;7.611;0.0
2020-07-02;21.975;16.0;71.375;3.668;7.281
2020-07-03;22.1;2.0;73.0;3.478;0.905
2020-07-04;23.612;0.0;56.0;6.038;0.0
2020-07-05;22.538;0.6;58.125;5.495;0.266
2020-07-06;19.838;0.0;72.625;3.196;0.0
2020-07-07;21.912;0.4;59.5;5.175;0.183
2020-07-08;23.338;0.0;49.875;6.8;0.0
2020-07-09;23.5;3.0;62.25;5.156;1.277
2020-07-10;19.65;8.0;71.375;3.314;4.071
2020-07-11;19.45;0.0;63.25;4.216;0.0
2020-07-12;22.05;0.0;58.375;5.35;0.0
2020-07-13;20.45;5.0;72.0;3.358;2.445
2020-07-14;22.612;0.0;58.625;5.446;0.0
2020-07-15;20.8;0.0;47.625;6.379;0.0
2020-07-16;21.75;0.0;46.875;6.742;0.0
2020-07-17;25.738;0.0;55.0;6.726;0.0
2020-07-18;22.212;0.0;44.5;7.183;0.0
2020-07-19;23.088;0.0;45.0;7.385;0.0
2020-07-20;24.362;0.0;57.125;6.066;0.0
2020-07-21;19.662;0.0;65.5;3.996;0.0
2020-07-22;18.375;0.0;62.875;4.056;0.0
2020-07-23;16.912;3.0;63.0;3.774;1.774
2020-07-24;18.338;0.0;47.875;5.684;0.0
2020-07-25;17.588;11.0;71.0;3.054;6.254
2020-07-26;17.362;2.0;77.25;2.371;1.152
2020-07-27;18.512;4.5;67.25;3.6;2.431
2020-07-28;19.225;0.0;64.0;4.088;0.0
2020-07-29;18.825;4.1;71.375;3.192;2.178
2020-07-30;17.25;13.0;67.625;3.356;7.536
2020-07-31;15.675;3.0;70.625;2.822;1.914
2020-08-01;19.438;1.0;64.25;4.099;0.514
2020-08-02;22.45;0.0;55.875;5.769;0.0
2020-08-03;23.462;0.0;46.5;7.296;0.0
2020-08-04;24.25;0.0;46.25;7.57;0.0
2020-08-05;23.362;0.0;44.625;7.52;0.0
2020-08-06;22.788;0.0;52.0;6.365;0.0
2020-08-07;21.238;0.3;69.0;3.848;0.141
2020-08-08;22.188;2.0;67.25;4.234;0.901
2020-08-09;24.262;0.0;57.125;6.042;0.0
2020-08-10;24.862;0.0;51.5;7.002;0.0
2020-08-11;24.962;0.0;49.75;7.283;0.0
2020-08-12;22.012;0.0;63.875;4.636;0.0
2020-08-13;19.175;3.4;73.75;2.974;1.773
2020-08-14;18.112;2.0;80.125;2.145;1.104
2020-08-15;17.25;0.0;74.0;2.695;0.0
2020-08-16;17.4;0.0;69.75;3.158;0.0
2020-08-17;20.4;0.0;62.875;4.443;0.0
2020-08-18;20.025;0.8;67.0;3.884;0.4
2020-08-19;17.525;4.3;68.0;3.36;2.454
2020-08-20;16.8;2.0;64.75;3.576;1.19
2020-08-21;17.338;0.0;54.25;4.762;0.0
2020-08-22;16.112;7.0;68.625;3.079;4.344
2020-08-23;16.588;2.0;71.0;2.912;1.206
2020-08-24;16.038;6.0;76.125;2.335;3.741
2020-08-25;15.912;0.0;71.25;2.794;0.0
2020-08-26;14.612;2.0;75.375;2.244;1.369
2020-08-27;16.2;12.0;79.0;2.07;7.407
2020-08-28;17.262;0.0;67.0;3.422;0.0
2020-08-29;17.588;0.0;62.25;3.976;0.0
2020-08-30;19.612;0.0;60.625;4.55;0.0
2020-08-31;18.875;0.0;66.25;3.772;0.0
2020-09-01;18.612;0.1;67.25;3.738;0.054
2020-09-02;17.0;3.0;73.5;2.805;1.765
2020-09-03;21.175;0.0;56.0;5.629;0.0
2020-09-04;10.838;0.0;66.5;2.581;0.0
2020-09-05;8.6;0.4;76.75;1.575;
2020-09-06;9.975;0.1;73.75;1.927;
2020-09-07;10.562;0.0;68.625;2.381;0.0
2020-09-08;8.113;11.0;83.75;1.069;
2020-09-09;9.212;0.0;82.125;1.255;
2020-09-10;9.488;0.0;78.375;1.543;
2020-09-11;12.0;1.0;73.875;2.146;0.833
2020-09-12;12.75;0.0;67.25;2.8;0.0
2020-09-13;13.925;0.0;53.375;4.239;0.0
2020-09-14;14.3;0.0;53.125;4.344;0.0
2020-09-15;14.9;0.0;52.625;4.525;0.0
2020-09-16;14.438;0.0;63.125;3.441;0.0
2020-09-17;15.588;0.5;56.375;4.312;0.321
2020-09-18;11.15;1.6;73.25;2.097;1.435
2020-09-19;11.6;1.0;73.0;2.17;0.862
2020-09-20;15.025;0.0;59.875;3.857;0.0
2020-09-21;15.775;0.0;55.5;4.439;0.0
2020-09-22;13.45;0.0;46.75;4.723;0.0
2020-09-23;9.125;0.7;68.25;2.218;
2020-09-24;8.7;6.0;75.0;1.704;
2020-09-25;8.025;0.3;79.125;1.366;
2020-09-26;8.0;4.0;72.75;1.781;
2020-09-27;7.85;0.0;68.625;2.031;
2020-09-28;7.762;0.0;69.375;1.972;
2020-09-29;6.012;19.1;68.625;1.811;
2020-09-30;4.25;0.0;59.875;2.06;
2020-10-01;5.412;0.0;72.75;1.463;
2020-10-02;5.9;0.0;73.0;1.497;
2020-10-03;7.925;0.0;74.125;1.629;
2020-10-04;8.725;0.0;67.375;2.155;
2020-10-05;1.9;1.3;76.125;1.003;
2020-10-06;0.338;0.0;73.625;0.983;
2020-10-07;1.6;5.0;74.75;1.037;
2020-10-08;-0.488;1.0;72.625;0.955;
2020-10-09;1.075;0.4;74.5;1.007;
2020-10-10;1.538;1.5;85.25;0.603;
2020-10-11;4.037;2.0;91.75;0.404;
2020-10-12;5.738;4.0;90.5;0.521;
2020-10-13;7.438;7.6;82.875;1.046;
2020-10-14;7.438;0.0;75.75;1.482;
2020-10-15;9.388;0.0;62.75;2.558;
2020-10-16;5.188;3.0;81.625;0.972;
2020-10-17;10.388;0.0;54.5;3.308;0.0
2020-10-18;6.375;0.3;51.0;2.801;
2020-10-19;1.425;0.0;59.625;1.637;
2020-10-20;5.675;0.0;56.75;2.363;
2020-10-21;9.175;0.0;46.0;3.662;
2020-10-22;7.225;0.0;55.625;2.676;
2020-10-23;2.15;0.4;70.25;1.273;
2020-10-24;-1.175;3.0;81.5;0.61;
2020-10-25;-2.5;0.9;73.625;0.775;
2020-10-26;3.162;9.0;91.125;0.409;
2020-10-27;7.788;2.0;60.5;2.466;
2020-10-28;1.638;4.0;83.25;0.69;
2020-10-29;-4.5;1.0;73.875;0.637;
2020-10-30;0.4;10.0;91.75;0.309;
2020-10-31;1.362;0.3;86.375;0.55;
2020-11-01;2.1;0.0;82.375;0.777;
2020-11-02;1.638;1.0;81.0;0.809;
2020-11-03;-1.088;0.1;82.375;0.605;
2020-11-04;-1.825;2.2;81.125;0.608;
2020-11-05;1.362;0.5;79.5;0.855;
2020-11-06;1.888;0.9;84.5;0.672;
2020-11-07;4.225;0.0;70.625;1.505;
2020-11-08;7.362;0.0;49.375;3.181;
2020-11-09;5.625;0.0;62.0;2.138;
2020-11-10;1.925;5.0;85.375;0.636;
2020-11-11;1.6;2.1;78.0;0.934;
2020-11-12;-1.312;1.4;73.25;0.901;
2020-11-13;-3.55;9.4;84.375;0.431;
2020-11-14;-5.175;2.2;83.5;0.389;
2020-11-15;-5.55;0.0;84.5;0.352;
2020-11-16;-6.475;4.0;82.0;0.371;
2020-11-17;-13.825;0.2;83.375;0.125;
2020-11-18;-14.038;1.3;81.625;0.132;
2020-11-19;-11.975;0.5;78.125;0.223;
2020-11-20;-6.65;0.0;83.5;0.333;
2020-11-21;-5.475;0.0;74.125;0.592;
2020-11-22;-6.85;0.0;73.5;0.524;
2020-11-23;-5.238;0.0;79.5;0.48;
2020-11-24;-4.55;0.3;80.875;0.48;
2020-11-25;-5.562;0.0;75.25;0.561;
2020-11-26;-11.625;0.6;83.875;0.173;
2020-11-27;-10.7;0.0;79.375;0.253;
2020-11-28;-11.9;0.0;80.375;0.202;
2020-11-29;-12.225;0.0;79.625;0.2;
2020-11-30;-11.188;0.0;87.25;0.146;
2020-12-01;-14.375;0.0;82.625;0.114;
2020-12-02;-15.338;0.2;79.375;0.112;
2020-12-03;-13.362;0.0;81.5;0.145;
2020-12-04;-17.412;0.0;81.875;0.061;
2020-12-05;-16.5;0.0;80.0;0.084;
2020-12-06;-16.888;0.0;79.5;0.078;
2020-12-07;-16.5;0.0;79.125;0.088;
2020-12-08;-12.962;8.0;83.0;0.143;
2020-12-09;-15.862;0.6;81.75;0.088;
2020-12-10;-14.488;3.5;83.5;0.106;
2020-12-11;-8.038;2.2;74.375;0.428;
2020-12-12;-10.312;0.3;79.25;0.26;
2020-12-13;-12.1;0.0;77.25;0.22;
2020-12-14;-11.512;0.5;80.75;0.203;
2020-12-15;-10.4;2.7;82.0;0.223;
2020-12-16;-13.138;1.3;81.125;0.154;
2020-12-17;-10.488;1.5;73.25;0.327;
2020-12-18;-9.25;0.0;67.875;0.463;
2020-12-19;-7.112;0.0;67.625;0.601;
2020-12-20;-9.925;2.0;75.75;0.32;
2020-12-21;-17.362;3.0;79.125;0.071;
2020-12-22;-15.612;0.8;77.25;0.116;
2020-12-23;-13.525;8.0;82.375;0.135;
2020-12-24;-7.975;5.3;85.0;0.252;
2020-12-25;-20.475;0.9;72.25;0.033;
2020-12-26;-32.7;0.0;65.75;0.118;
2020-12-27;-35.2;0.0;62.625;0.226;
2020-12-28;-30.963;0.0;67.0;0.068;
2020-12-29;-18.888;0.0;63.0;0.08;
2020-12-30;-12.0;2.2;76.875;0.227;
2020-12-31;-24.25;1.0;68.25;0.001;
2021-01-01;-27.612;0.0;70.875;0.012;
2021-01-02;-33.275;0.0;65.0;0.139;
2021-01-03;-32.15;0.0;66.0;0.101;
2021-01-04;-29.288;0.0;68.875;0.033;
2021-01-05;-25.625;0.0;71.375;0.001;
2021-01-06;-22.1;0.0;65.5;0.017;
2021-01-07;-20.55;0.0;68.75;0.036;
2021-01-08;-21.9;0.0;72.625;0.015;
2021-01-09;-25.025;0.3;69.5;0.0;
2021-01-10;-14.25;4.5;77.375;0.152;
2021-01-11;-14.25;4.8;81.375;0.125;
2021-01-12;-24.338;0.0;69.0;0.001;
2021-01-13;-23.125;0.0;65.25;0.007;
2021-01-14;-22.875;0.8;73.5;0.007;
2021-01-15;-19.838;0.0;75.375;0.038;
2021-01-16;-15.8;0.0;66.5;0.165;
2021-01-17;-10.0;0.0;62.75;0.487;
2021-01-18;-8.675;0.4;79.125;0.323;
2021-01-19;-19.212;0.0;77.625;0.044;
2021-01-20;-23.2;0.0;71.875;0.005;
2021-01-21;-16.1;0.4;73.0;0.124;
2021-01-22;-15.725;1.4;76.125;0.119;
2021-01-23;-20.362;0.6;72.75;0.034;
2021-01-24;-27.312;0.5;67.5;0.01;
2021-01-25;-34.825;0.0;62.625;0.209;
2021-01-26;-30.038;0.0;67.125;0.048;
2021-01-27;-10.062;8.0;84.25;0.204;
2021-01-28;-5.425;1.4;85.25;0.328;
2021-01-29;-5.912;5.0;84.625;0.325;
2021-01-30;-13.288;2.0;68.125;0.254;
2021-01-31;-21.138;0.0;56.875;0.037;
2021-02-01;-19.425;0.0;66.625;0.067;
2021-02-02;-15.725;0.0;68.125;0.176;
2021-02-03;-9.038;5.0;82.125;0.293;
2021-02-04;-6.85;2.0;78.625;0.453;
2021-02-05;-11.3;0.2;79.125;0.252;
2021-02-06;-2.788;0.2;85.0;0.476;
2021-02-07;-0.65;1.0;70.875;1.11;
2021-02-08;-4.85;9.0;81.625;0.48;
2021-02-09;-15.362;2.3;67.875;0.192;
2021-02-10;-20.262;1.5;70.125;0.043;
2021-02-11;-26.875;0.0;67.875;0.007;
2021-02-12;-26.638;0.0;68.5;0.005;
2021-02-13;-25.571;0.0;65.143;0.001;
2021-02-14;-14.217;2.0;67.667;0.242;
2021-02-15;-4.567;0.3;76.167;0.64;
2021-02-16;-3.538;3.0;80.125;0.589;
2021-02-17;-7.325;8.2;76.375;0.474;
2021-02-18;-15.575;0.0;64.625;0.202;
2021-02-19;-11.875;3.7;76.0;0.266;
2021-02-20;-20.675;0.0;67.0;0.04;
2021-02-21;-17.688;0.0;69.5;0.105;
2021-02-22;-19.138;0.0;71.625;0.063;
2021-02-23;-20.762;0.0;71.875;0.032;
2021-02-24;-16.112;2.0;73.875;0.133;
2021-02-25;-18.938;2.0;66.625;0.079;
2021-02-26;-23.462;0.3;62.375;0.006;
2021-02-27;-23.362;0.4;66.25;0.006;
2021-02-28;-20.262;0.0;70.0;0.043;
2021-03-01;-8.3;7.0;86.0;0.227;
2021-03-02;-12.7;1.0;74.25;0.226;
2021-03-03;-13.55;0.0;76.75;0.177;
2021-03-04;-7.862;0.9;78.375;0.369;
2021-03-05;-3.7;0.4;70.25;0.784;
2021-03-06;-3.788;3.9;78.625;0.558;
2021-03-07;-5.45;1.0;68.5;0.699;
2021-03-08;-4.075;0.0;72.0;0.712;
2021-03-09;-9.15;0.4;67.0;0.481;
2021-03-10;-8.52;0.0;75.0;0.394;
2021-03-11;-4.029;0.0;65.286;0.886;
2021-03-12;-8.562;1.0;64.875;0.551;
2021-03-13;-16.45;0.0;71.875;0.119;
2021-03-14;-15.712;0.0;65.75;0.172;
2021-03-15;-13.238;0.0;67.375;0.262;
2021-03-16;-12.2;0.0;65.5;0.328;
2021-03-17;-9.2;0.0;57.125;0.621;
2021-03-18;-7.875;2.5;74.0;0.443;
2021-03-19;-4.75;0.0;71.125;0.688;
2021-03-20;-0.737;0.0;50.875;1.679;
2021-03-21;1.7;0.0;71.875;1.164;
2021-03-22;0.888;0.6;76.25;0.924;
2021-03-23;0.125;2.0;68.375;1.159;
2021-03-24;-0.738;3.0;75.75;0.829;
2021-03-25;-1.85;1.3;76.5;0.731;
2021-03-26;-1.95;2.1;76.125;0.737;
2021-03-27;-0.45;0.0;63.125;1.29;
2021-03-28;0.975;0.7;75.5;0.96;
2021-03-29;-1.112;5.0;85.375;0.485;
2021-03-30;-3.438;2.8;78.125;0.591;
2021-03-31;-5.488;0.0;69.5;0.674;
2021-04-01;-3.312;0.0;58.625;1.168;
2021-04-02;-2.212;0.0;61.125;1.211;
2021-04-03;2.075;0.1;65.25;1.528;
2021-04-04;1.325;0.0;58.75;1.715;
2021-04-05;5.825;0.0;35.875;3.656;
2021-04-06;4.2;0.0;66.25;1.727;
2021-04-07;2.412;0.0;65.75;1.544;
2021-04-08;1.95;0.0;69.0;1.351;
2021-04-09;3.525;0.0;65.25;1.697;
2021-04-10;5.862;0.0;43.375;3.236;
2021-04-11;6.35;0.0;41.0;3.479;
2021-04-12;5.362;0.0;48.5;2.849;
2021-04-13;5.375;2.0;58.375;2.304;
2021-04-14;5.088;0.0;55.25;2.431;
2021-04-15;7.225;0.0;62.5;2.337;
2021-04-16;11.2;0.0;54.5;3.578;0.0
2021-04-17;1.725;0.0;51.125;2.094;
2021-04-18;3.4;0.0;51.25;2.359;
2021-04-19;-3.362;0.7;60.875;1.099;
2021-04-20;-4.512;0.0;44.375;1.401;
2021-04-21;-1.875;3.0;65.75;1.099;
2021-04-22;1.362;0.0;49.375;2.111;
2021-04-23;5.488;0.0;28.5;3.988;
2021-04-24;6.888;0.0;24.875;4.583;
2021-04-25;7.8;0.0;28.5;4.615;
2021-04-26;10.488;0.0;27.875;5.45;0.0
2021-04-27;11.15;0.1;54.5;3.568;0.09
2021-04-28;10.612;6.0;77.75;1.693;5.654
2021-04-29;10.7;0.0;57.875;3.221;0.0
2021-04-30;11.525;0.0;43.375;4.533;0.0
2021-05-01;6.912;14.0;58.625;2.447;
2021-05-02;7.25;0.0;53.0;2.838;
2021-05-03;12.825;0.0;33.5;5.524;0.0
2021-05-04;10.425;3.0;51.0;3.57;2.878
2021-05-05;13.012;0.0;32.625;5.653;0.0
2021-05-06;19.775;0.0;24.0;8.847;0.0
2021-05-07;16.638;0.0;34.0;6.644;0.0
2021-05-08;15.388;0.0;34.75;6.18;0.0
2021-05-09;10.912;0.0;36.875;4.727;0.0
2021-05-10;13.487;0.0;33.0;5.763;0.0
2021-05-11;16.538;0.0;24.25;7.589;0.0
2021-05-12;17.488;0.0;25.375;7.822;0.0
2021-05-13;14.512;0.0;44.875;4.997;0.0
2021-05-14;13.8;0.0;47.875;4.556;0.0
2021-05-15;18.438;0.0;31.25;7.532;0.0
2021-05-16;18.788;0.5;58.5;4.62;0.266
2021-05-17;17.3;0.0;64.875;3.649;0.0
2021-05-18;17.8;5.0;67.75;3.43;2.809
2021-05-19;13.038;1.4;54.625;3.812;1.074
2021-05-20;6.425;0.0;45.625;3.118;
2021-05-21;7.587;0.0;40.5;3.669;
2021-05-22;12.338;7.0;69.5;2.469;5.674
2021-05-23;21.638;0.0;55.5;5.62;0.0
2021-05-24;21.288;2.0;50.25;6.189;0.94
2021-05-25;21.588;0.0;45.625;6.852;0.0
2021-05-26;23.988;0.0;47.875;7.263;0.0
2021-05-27;21.838;0.9;45.625;6.926;0.412
2021-05-28;10.05;0.0;46.625;3.807;0.0
2021-05-29;13.238;0.0;46.125;4.574;0.0
2021-05-30;17.225;0.0;49.25;5.254;0.0
2021-05-31;21.8;0.0;47.5;6.677;0.0
2021-06-01;23.0;0.0;35.125;8.968;0.0
2021-06-02;22.512;0.0;46.0;7.314;0.0
2021-06-03;18.45;0.0;51.875;5.451;0.0
2021-06-04;14.512;2.0;62.25;3.536;1.378
2021-06-05;12.562;20.3;59.0;3.471;16.159
2021-06-06;18.038;2.0;50.625;5.487;1.109
2021-06-07;20.7;0.0;37.5;7.832;0.0
2021-06-08;21.2;0.0;42.25;7.396;0.0
2021-06-09;12.212;0.0;45.75;4.507;0.0
2021-06-10;12.738;0.0;38.25;5.276;0.0
2021-06-11;13.438;0.0;37.125;5.574;0.0
2021-06-12;14.838;0.0;38.25;5.88;0.0
2021-06-13;14.988;3.0;61.625;3.682;2.002
2021-06-14;17.95;0.3;54.125;5.078;0.167
2021-06-15;20.575;0.0;50.75;6.138;0.0
2021-06-16;24.662;0.0;42.625;8.49;0.0
2021-06-17;24.475;0.0;43.875;8.243;0.0
2021-06-18;25.438;0.0;45.625;8.3;0.0
2021-06-19;19.85;0.0;59.25;4.918;0.0
2021-06-20;11.05;0.8;65.75;2.671;0.724
2021-06-21;12.7;4.6;71.5;2.43;3.622
2021-06-22;12.275;11.0;86.875;1.094;8.961
2021-06-23;13.85;1.0;69.625;2.751;0.722
2021-06-24;13.0;3.0;77.125;1.982;2.308
2021-06-25;13.375;7.0;76.0;2.121;5.234
2021-06-26;16.087;0.0;62.0;3.849;0.0
2021-06-27;18.412;0.0;53.375;5.272;0.0
2021-06-28;16.188;12.6;78.25;2.214;7.784
2021-06-29;19.15;0.0;62.75;4.357;0.0
2021-06-30;17.962;3.6;80.0;2.215;2.004
2021-07-01;20.525;0.0;64.5;4.272;0.0
2021-07-02;20.538;0.0;46.625;6.427;0.0
2021-07-03;24.037;0.0;53.5;6.493;0.0
2021-07-04;26.55;0.0;62.5;5.786;0.0
2021-07-05;28.325;0.0;55.5;7.347;0.0
2021-07-06;25.788;0.0;62.25;5.654;0.0
2021-07-07;15.975;20.4;65.25;3.388;12.77
2021-07-08;17.45;0.0;52.75;4.944;0.0
2021-07-09;20.2;0.0;54.625;5.383;0.0
2021-07-10;21.662;0.0;53.75;5.847;0.0
2021-07-11;22.225;0.0;48.25;6.701;0.0
2021-07-12;22.862;0.0;51.25;6.484;0.0
2021-07-13;23.1;0.0;59.25;5.474;0.0
2021-07-14;22.75;0.6;58.75;5.461;0.264
2021-07-15;16.888;5.0;70.0;3.056;2.961
2021-07-16;17.138;0.0;52.75;4.871;0.0
2021-07-17;16.95;2.0;70.625;3.002;1.18
2021-07-18;17.088;3.0;81.125;1.941;1.756
2021-07-19;17.325;0.0;72.375;2.873;0.0
2021-07-20;20.125;0.0;62.125;4.478;0.0
2021-07-21;21.738;0.0;53.0;5.961;0.0
2021-07-22;22.925;0.0;52.875;6.285;0.0
2021-07-23;25.062;0.0;45.125;7.986;0.0
2021-07-24;23.488;0.0;58.125;5.716;0.0
2021-07-25;24.488;0.0;66.0;4.835;0.0
2021-07-26;23.538;5.0;68.75;4.275;2.124
2021-07-27;16.938;0.0;59.75;4.11;0.0
2021-07-28;17.375;0.0;58.625;4.314;0.0
2021-07-29;19.788;0.0;52.875;5.489;0.0
2021-07-30;19.9;0.0;53.625;5.429;0.0
2021-07-31;20.2;0.0;47.875;6.183;0.0
2021-08-01;24.038;0.0;42.125;8.081;0.0
2021-08-02;22.55;0.0;58.5;5.448;0.0
2021-08-03;21.062;1.0;64.125;4.42;0.475
2021-08-04;19.7;0.0;66.875;3.843;0.0
2021-08-05;18.3;0.3;73.0;2.939;0.164
2021-08-06;17.375;12.0;84.5;1.616;6.906
2021-08-07;19.525;0.0;75.25;2.849;0.0
2021-08-08;21.188;0.0;69.625;3.762;0.0
2021-08-09;21.575;1.1;74.0;3.275;0.51
2021-08-10;21.538;0.7;66.625;4.197;0.325
2021-08-11;18.2;24.4;81.75;1.978;13.407
2021-08-12;17.175;4.0;85.625;1.485;2.329
2021-08-13;12.688;0.0;78.5;1.773;0.0
2021-08-14;14.7;0.0;76.125;2.185;0.0
2021-08-15;17.9;0.0;64.625;3.78;0.0
2021-08-16;20.088;0.0;61.625;4.53;0.0
2021-08-17;21.525;0.0;60.125;5.012;0.0
2021-08-18;20.075;0.0;58.125;4.94;0.0
2021-08-19;19.288;0.8;62.5;4.271;0.415
2021-08-20;16.188;0.0;58.875;4.051;0.0
2021-08-21;13.462;0.0;55.5;3.822;0.0
2021-08-22;16.087;0.0;56.375;4.276;0.0
2021-08-23;19.525;0.0;65.75;3.943;0.0
2021-08-24;20.038;0.0;68.5;3.71;0.0
2021-08-25;21.912;0.0;55.125;5.734;0.0
2021-08-26;23.188;0.0;50.125;6.725;0.0
2021-08-27;23.2;0.0;49.875;6.762;0.0
2021-08-28;21.575;0.0;54.25;5.762;0.0
2021-08-29;19.825;0.0;72.125;3.252;0.0
2021-08-30;15.238;2.0;82.75;1.622;1.313
2021-08-31;11.575;0.1;67.75;2.505;0.086
2021-09-01;12.962;1.0;71.25;2.486;0.771
2021-09-02;13.488;0.0;64.875;3.122;0.0
2021-09-03;14.075;0.0;55.25;4.1;0.0
2021-09-04;16.588;0.0;53.0;4.877;0.0
2021-09-05;18.438;0.0;47.625;5.929;0.0
2021-09-06;19.138;0.0;50.75;5.757;0.0
2021-09-07;17.95;0.0;54.0;5.091;0.0
2021-09-08;15.225;1.0;71.75;2.743;0.657
2021-09-09;11.55;2.0;66.5;2.685;1.732
2021-09-10;11.562;2.1;66.125;2.717;1.816
2021-09-11;13.575;2.0;67.0;2.946;1.473
2021-09-12;10.138;13.5;73.0;2.0;13.317
2021-09-13;8.45;0.0;63.125;2.476;
2021-09-14;8.012;3.0;72.25;1.815;
2021-09-15;13.438;7.0;70.875;2.582;5.209
2021-09-16;16.05;0.0;55.375;4.512;0.0
2021-09-17;17.512;0.0;48.25;5.612;0.0
2021-09-18;10.775;6.0;69.0;2.381;5.568
2021-09-19;9.6;0.6;66.75;2.388;
2021-09-20;4.962;1.0;80.0;1.077;
2021-09-21;5.025;4.0;80.25;1.068;
2021-09-22;3.962;1.1;80.375;0.988;
2021-09-23;4.3;1.5;84.25;0.811;
2021-09-24;3.662;0.0;73.0;1.331;
2021-09-25;4.512;2.4;81.5;0.967;
2021-09-26;2.4;1.2;82.25;0.8;
2021-09-27;5.388;0.4;76.875;1.281;
2021-09-28;3.912;0.0;70.25;1.492;
2021-09-29;3.088;3.0;81.25;0.888;
2021-09-30;4.212;1.7;86.5;0.691;
2021-10-01;4.212;2.8;85.25;0.731;
2021-10-02;2.775;5.0;88.125;0.532;
2021-10-03;2.238;0.4;83.125;0.727;
2021-10-04;2.4;4.0;88.0;0.523;
2021-10-05;2.475;7.0;86.5;0.592;
2021-10-06;4.662;0.0;57.0;2.197;
2021-10-07;1.862;0.0;72.875;1.137;
2021-10-08;6.1;0.7;80.0;1.123;
2021-10-09;7.675;0.0;64.75;2.185;
2021-10-10;5.912;0.0;64.625;1.963;
2021-10-11;1.588;2.0;67.5;1.334;
2021-10-12;0.05;0.0;53.625;1.69;
2021-10-13;1.525;0.0;59.25;1.665;
2021-10-14;3.85;0.0;72.625;1.323;
2021-10-15;4.088;0.0;59.875;1.971;
2021-10-16;4.988;0.0;63.25;1.919;
2021-10-17;3.425;0.0;75.375;1.155;
2021-10-18;4.975;0.0;71.375;1.493;
2021-10-19;6.525;0.0;62.5;2.164;
2021-10-20;7.862;0.0;51.5;3.041;
2021-10-21;9.062;0.0;48.125;3.495;
2021-10-22;5.9;0.0;56.25;2.426;
2021-10-23;3.9;1.0;66.5;1.625;
2021-10-24;8.75;0.0;70.375;1.959;
2021-10-25;9.538;0.0;59.25;2.822;
2021-10-26;7.85;0.0;56.375;2.733;
2021-10-27;0.137;0.0;51.25;1.789;
2021-10-28;-0.588;0.0;55.875;1.527;
2021-10-29;2.65;0.0;53.5;2.064;
2021-10-30;-0.4;0.9;62.375;1.322;
2021-10-31;-1.238;6.0;84.5;0.508;
2021-11-01;-3.15;4.0;82.875;0.491;
2021-11-02;-8.512;7.4;80.125;0.324;
2021-11-03;-16.025;0.0;77.125;0.111;
2021-11-04;-14.988;0.4;76.625;0.141;
2021-11-05;-8.088;0.8;80.25;0.339;
2021-11-06;-4.062;3.0;79.875;0.529;
2021-11-07;-1.162;0.0;72.25;0.946;
2021-11-08;0.175;0.0;58.75;1.569;
2021-11-09;-0.725;0.0;62.625;1.321;
2021-11-10;1.25;0.0;56.875;1.783;
2021-11-11;1.1;10.3;87.5;0.511;
2021-11-12;0.4;6.0;91.5;0.329;
2021-11-13;-0.462;5.5;82.875;0.619;
2021-11-14;-1.388;2.9;84.875;0.506;
2021-11-15;-1.612;1.6;85.75;0.468;
2021-11-16;-10.338;1.9;81.875;0.234;
2021-11-17;-13.475;0.0;83.625;0.131;
2021-11-18;-9.925;0.8;79.5;0.28;
2021-11-19;-15.95;0.0;72.625;0.135;
2021-11-20;-11.362;2.0;75.75;0.271;
2021-11-21;-7.15;0.0;55.375;0.853;
2021-11-22;-2.887;0.0;64.625;1.038;
2021-11-23;-0.388;2.0;82.625;0.632;
2021-11-24;-3.662;0.5;70.625;0.802;
2021-11-25;-5.762;5.8;86.875;0.291;
2021-11-26;-14.0;2.0;81.375;0.135;
2021-11-27;-10.412;2.0;82.0;0.23;
2021-11-28;-6.2;1.9;81.125;0.4;
2021-11-29;-8.975;0.0;73.125;0.414;
2021-11-30;-8.662;0.0;67.875;0.514;
2021-12-01;-9.738;0.0;76.0;0.325;
2021-12-02;-7.338;0.0;70.875;0.528;
2021-12-03;-0.475;6.0;68.0;1.118;
2021-12-04;-3.7;1.5;79.75;0.533;
2021-12-05;-1.925;0.2;86.125;0.429;
2021-12-06;-2.975;0.0;86.875;0.37;
2021-12-07;-2.825;2.5;82.25;0.507;
2021-12-08;-17.662;0.0;77.875;0.069;
2021-12-09;-20.213;0.2;75.25;0.033;
2021-12-10;-14.938;2.0;79.375;0.121;
2021-12-11;-8.062;0.0;66.375;0.56;
2021-12-12;-12.35;0.0;71.125;0.268;
2021-12-13;-15.238;4.2;81.75;0.101;
2021-12-14;-15.838;0.9;78.375;0.105;
2021-12-15;-15.888;0.3;78.875;0.102;
2021-12-16;-7.512;5.0;85.25;0.262;
2021-12-17;-4.938;4.5;85.125;0.348;
2021-12-18;-2.925;2.8;83.875;0.456;
2021-12-19;-7.675;0.0;75.375;0.429;
2021-12-20;-6.412;3.3;85.0;0.301;
2021-12-21;-7.875;0.3;82.125;0.304;
2021-12-22;-3.825;0.2;83.25;0.436;
2021-12-23;-6.875;0.7;80.125;0.379;
2021-12-24;-0.587;0.7;76.5;0.813;
2021-12-25;-7.862;0.0;87.0;0.222;
2021-12-26;-8.088;1.3;80.0;0.332;
2021-12-27;-6.162;2.0;87.5;0.258;
2021-12-28;-10.9;0.5;78.125;0.253;
2021-12-29;-7.712;2.4;79.25;0.36;
2021-12-30;-16.438;2.2;79.125;0.089;
2021-12-31;-20.312;0.5;74.75;0.032;
2022-01-01;-14.225;1.0;75.75;0.163;
2022-01-02;-15.9;0.0;71.75;0.136;
2022-01-03;-9.688;0.0;70.625;0.4;
2022-01-04;-3.275;0.0;70.625;0.805;
2022-01-05;-5.625;0.0;73.75;0.572;
2022-01-06;-13.612;0.2;76.5;0.177;
2022-01-07;-12.038;0.0;74.75;0.246;
2022-01-08;-7.662;0.7;83.375;0.29;
2022-01-09;-1.688;5.0;85.125;0.469;
2022-01-10;-11.062;0.3;77.0;0.259;
2022-01-11;-15.45;0.2;78.5;0.114;
2022-01-12;-15.75;0.0;77.75;0.111;
2022-01-13;-20.338;0.2;77.75;0.028;
2022-01-14;-21.8;0.0;77.25;0.014;
2022-01-15;-10.362;0.3;81.125;0.235;
2022-01-16;-6.062;2.0;72.25;0.578;
2022-01-17;-1.162;1.0;73.375;0.878;
2022-01-18;-10.088;0.0;76.625;0.302;
2022-01-19;-12.512;0.2;84.625;0.139;
2022-01-20;-16.312;0.0;82.375;0.077;
2022-01-21;-14.438;0.6;79.125;0.135;
2022-01-22;-19.175;0.0;78.5;0.042;
2022-01-23;-18.275;0.2;81.125;0.05;
2022-01-24;-16.05;0.0;81.0;0.088;
2022-01-25;-17.475;1.2;78.75;0.07;
2022-01-26;-16.6;2.3;79.0;0.086;
2022-01-27;-19.812;0.5;78.5;0.034;
2022-01-28;-15.925;0.3;76.5;0.112;
2022-01-29;-13.062;0.2;75.625;0.202;
2022-01-30;-12.175;0.0;71.625;0.271;
2022-01-31;-8.588;0.0;75.75;0.379;
2022-02-01;-7.462;0.4;80.75;0.381;
2022-02-02;-6.362;3.0;84.375;0.349;
2022-02-03;-8.712;0.4;84.375;0.266;
2022-02-04;-10.912;0.0;80.75;0.246;
2022-02-05;-11.012;0.0;63.25;0.462;
2022-02-06;-9.175;0.0;61.75;0.616;
2022-02-07;-10.988;0.0;71.875;0.355;
2022-02-08;-13.425;0.0;72.0;0.241;
2022-02-09;-15.525;0.0;65.5;0.199;
2022-02-10;-18.238;0.0;58.125;0.123;
2022-02-11;-18.125;0.0;60.75;0.119;
2022-02-12;-18.325;0.0;64.5;0.102;
2022-02-13;-14.262;0.2;70.0;0.222;
2022-02-14;-9.3;3.4;78.125;0.347;
2022-02-15;-6.362;2.5;83.375;0.371;
2022-02-16;-13.962;1.0;76.25;0.186;
2022-02-17;-15.5;0.6;77.75;0.129;
2022-02-18;-7.538;4.0;81.625;0.36;
2022-02-19;-8.188;0.0;74.125;0.47;
2022-02-20;-11.438;0.0;66.875;0.392;
2022-02-21;-7.362;0.0;49.0;1.02;
2022-02-22;-5.075;0.0;63.5;0.932;
2022-02-23;-3.55;3.5;77.625;0.662;
2022-02-24;-3.588;0.0;77.25;0.671;
2022-02-25;-2.638;0.0;80.0;0.643;
2022-02-26;-4.05;0.2;73.625;0.744;
2022-02-27;-8.012;0.0;79.0;0.39;
2022-02-28;-8.25;3.0;83.625;0.295;
2022-03-01;-7.85;0.8;80.625;0.331;
2022-03-02;-6.475;1.6;71.0;0.578;
2022-03-03;-9.138;0.0;69.5;0.446;
2022-03-04;-6.388;0.0;72.75;0.548;
2022-03-05;-7.25;0.0;75.125;0.455;
2022-03-06;0.525;3.0;75.25;0.936;
2022-03-07;1.75;2.0;77.25;0.945;
2022-03-08;-8.712;2.3;69.75;0.466;
2022-03-09;-13.843;0.0;64.286;0.258;
2022-03-10;-13.938;0.0;61.875;0.271;
2022-03-11;-15.55;0.0;50.375;0.257;
2022-03-12;-13.025;0.0;47.875;0.434;
2022-03-13;-11.938;0.0;47.5;0.52;
2022-03-14;-11.65;0.0;43.125;0.589;
2022-03-15;-10.662;0.0;41.875;0.694;
2022-03-16;-10.275;0.0;50.875;0.618;
2022-03-17;-10.162;0.0;52.0;0.614;
2022-03-18;-8.462;0.0;55.125;0.713;
2022-03-19;-7.862;0.2;72.0;0.477;
2022-03-20;-6.488;0.0;63.375;0.729;
2022-03-21;-7.4;0.0;69.5;0.549;
2022-03-22;-6.075;0.5;70.75;0.608;
2022-03-23;-5.512;0.3;77.875;0.488;
2022-03-24;-3.25;1.9;83.25;0.46;
2022-03-25;-3.838;2.0;78.5;0.559;
2022-03-26;-2.788;0.5;66.125;0.97;
2022-03-27;-5.65;0.0;50.25;1.082;
2022-03-28;-1.212;0.0;42.625;1.885;
2022-03-29;1.162;0.4;79.625;0.81;
2022-03-30;0.55;1.4;77.25;0.862;
2022-03-31;3.438;0.3;68.625;1.473;
2022-04-01;4.375;0.0;63.5;1.89;
2022-04-02;2.612;0.0;71.875;1.287;
2022-04-03;1.288;9.6;86.0;0.58;
2022-04-04;4.062;0.9;82.75;0.874;
2022-04-05;8.812;0.0;55.0;3.087;
2022-04-06;9.788;0.0;55.375;3.24;
2022-04-07;3.725;0.0;60.0;1.98;
2022-04-08;2.975;0.0;64.625;1.661;
2022-04-09;0.738;1.7;70.75;1.163;
2022-04-10;1.2;0.0;51.375;2.003;
2022-04-11;1.4;0.0;33.5;2.781;
2022-04-12;4.488;0.0;34.375;3.424;
2022-04-13;7.275;0.0;35.375;4.039;
2022-04-14;8.8;0.0;25.625;5.098;
2022-04-15;10.888;0.0;24.75;5.815;0.0
2022-04-16;14.575;0.0;23.125;7.224;0.0
2022-04-17;14.938;0.0;29.125;6.783;0.0
2022-04-18;9.975;0.0;43.0;4.184;
2022-04-19;4.462;0.0;35.375;3.366;
2022-04-20;4.238;0.0;53.75;2.372;
2022-04-21;2.938;3.0;85.625;0.673;
2022-04-22;-0.187;0.7;62.125;1.399;
2022-04-23;-1.7;0.1;53.0;1.531;
2022-04-24;-1.712;0.9;65.375;1.127;
2022-04-25;4.25;0.0;52.375;2.445;
2022-04-26;7.775;0.0;40.875;3.811;
2022-04-27;10.95;0.0;31.0;5.351;0.0
2022-04-28;14.438;0.0;29.75;6.556;0.0
2022-04-29;20.5;0.0;26.875;9.083;0.0
2022-04-30;21.262;0.0;22.25;9.984;0.0
2022-05-01;13.188;0.0;48.875;4.329;0.0
2022-05-02;11.362;1.0;55.0;3.455;0.88
2022-05-03;7.925;0.0;39.875;3.785;
2022-05-04;8.137;0.0;29.25;4.511;
2022-05-05;11.575;0.0;19.25;6.272;0.0
2022-05-06;14.725;0.0;26.625;6.723;0.0
2022-05-07;9.375;0.0;30.25;4.786;
2022-05-08;4.875;0.0;36.625;3.284;
2022-05-09;8.738;0.0;44.5;3.668;
2022-05-10;12.4;0.0;20.375;6.467;0.0
2022-05-11;12.738;0.0;19.0;6.698;0.0
2022-05-12;16.7;0.0;16.0;8.481;0.0
2022-05-13;18.225;0.0;25.0;8.137;0.0
2022-05-14;21.075;0.0;24.125;9.353;0.0
2022-05-15;19.875;0.0;42.5;6.723;0.0
2022-05-16;20.125;0.0;47.0;6.266;0.0
2022-05-17;23.325;0.0;35.625;8.729;0.0
2022-05-18;21.875;0.0;31.375;8.755;0.0
2022-05-19;20.562;6.0;49.5;6.087;2.918
2022-05-20;17.962;2.0;35.75;6.886;1.113
2022-05-21;20.55;0.0;36.25;7.68;0.0
2022-05-22;23.888;0.0;33.25;9.263;0.0
2022-05-23;17.175;0.1;37.0;6.507;0.058
2022-05-24;19.325;0.0;33.375;7.601;0.0
2022-05-25;22.675;0.0;28.875;9.387;0.0
2022-05-26;22.912;0.0;36.375;8.481;0.0
2022-05-27;20.662;0.0;31.75;8.263;0.0
2022-05-28;20.45;0.0;34.0;7.916;0.0
2022-05-29;16.612;0.1;60.25;3.997;0.06
2022-05-30;19.775;2.0;39.625;7.028;1.011
2022-05-31;18.788;0.0;43.875;6.248;0.0
2022-06-01;15.038;6.0;71.125;2.777;3.99
2022-06-02;9.675;14.4;70.5;2.128;
2022-06-03;9.1;0.1;44.375;3.881;
2022-06-04;8.225;0.0;41.5;3.875;
2022-06-05;10.675;0.0;47.25;4.028;0.0
2022-06-06;10.425;0.0;50.25;3.746;0.0
2022-06-07;13.95;0.0;47.875;4.745;0.0
2022-06-08;13.238;5.0;60.25;3.487;3.777
2022-06-09;15.612;0.0;41.0;5.839;0.0
2022-06-10;20.8;0.0;32.75;8.464;0.0
2022-06-11;24.712;0.0;32.25;10.046;0.0
2022-06-12;24.412;0.0;35.0;9.522;0.0
2022-06-13;25.05;0.0;36.875;9.488;0.0
2022-06-14;23.975;0.0;47.125;7.609;0.0
2022-06-15;19.4;2.0;63.0;4.376;1.031
2022-06-16;16.562;4.3;72.0;2.902;2.596
2022-06-17;15.325;3.0;77.625;2.183;1.958
2022-06-18;16.7;2.0;76.0;2.504;1.198
2022-06-19;18.625;0.6;70.5;3.369;0.322
2022-06-20;19.262;4.0;69.25;3.615;2.077
2022-06-21;20.962;0.0;59.625;5.118;0.0
2022-06-22;22.0;0.0;56.625;5.749;0.0
2022-06-23;19.438;26.0;70.625;3.48;13.376
2022-06-24;20.425;0.9;64.75;4.364;0.441
2022-06-25;24.375;0.0;55.25;6.546;0.0
2022-06-26;25.312;0.9;59.375;6.17;0.356
2022-06-27;20.8;0.8;74.625;3.194;0.385
2022-06-28;16.812;2.0;62.0;3.986;1.19
2022-06-29;21.2;0.0;52.0;6.147;0.0
2022-06-30;16.138;6.0;55.125;4.557;3.718
2022-07-01;14.725;0.0;60.875;3.585;0.0
2022-07-02;15.9;0.0;65.5;3.351;0.0
2022-07-03;17.612;0.0;58.25;4.402;0.0
2022-07-04;19.075;0.0;53.75;5.217;0.0
2022-07-05;20.6;0.0;56.375;5.267;0.0
2022-07-06;17.7;14.5;76.375;2.501;8.192
2022-07-07;18.988;0.0;75.625;2.739;0.0
2022-07-08;22.188;0.0;54.125;5.931;0.0
2022-07-09;23.612;0.0;44.375;7.633;0.0
2022-07-10;25.075;0.0;45.625;7.917;0.0
2022-07-11;24.575;0.0;50.625;7.046;0.0
2022-07-12;21.862;0.0;45.0;7.013;0.0
2022-07-13;17.775;0.0;48.875;5.432;0.0
2022-07-14;17.6;0.0;46.875;5.598;0.0
2022-07-15;19.688;0.0;47.75;6.059;0.0
2022-07-16;20.225;0.0;51.0;5.819;0.0
2022-07-17;18.488;0.0;59.25;4.475;0.0
2022-07-18;16.45;2.0;62.75;3.716;1.216
2022-07-19;18.662;0.0;58.125;4.635;0.0
2022-07-20;18.55;0.4;61.625;4.226;0.216
2022-07-21;20.288;0.7;65.75;4.079;0.345
2022-07-22;19.712;13.0;68.375;3.671;6.595
2022-07-23;19.188;0.0;59.25;4.62;0.0
2022-07-24;15.912;10.0;73.375;2.588;6.284
2022-07-25;15.638;4.3;74.25;2.469;2.75
2022-07-26;20.275;0.1;63.625;4.329;0.049
2022-07-27;23.488;0.0;57.75;5.768;0.0
2022-07-28;24.1;0.0;54.875;6.317;0.0
2022-07-29;24.1;0.0;48.5;7.209;0.0
2022-07-30;22.512;0.0;66.75;4.358;0.0
2022-07-31;23.088;1.0;63.5;4.901;0.433
2022-08-01;20.287;0.0;75.0;2.977;0.0
2022-08-02;19.212;0.0;55.375;5.065;0.0
2022-08-03;18.35;0.0;52.0;5.238;0.0
2022-08-04;18.0;0.0;50.875;5.274;0.0
2022-08-05;19.238;0.0;50.375;5.639;0.0
2022-08-06;20.825;0.0;52.5;5.792;0.0
2022-08-07;19.65;0.5;70.375;3.429;0.254
2022-08-08;20.325;6.0;67.25;3.907;2.952
2022-08-09;22.362;0.4;55.625;5.78;0.179
2022-08-10;22.962;0.0;50.75;6.578;0.0
2022-08-11;23.988;0.0;50.5;6.897;0.0
2022-08-12;21.925;0.0;58.25;5.338;0.0
2022-08-13;20.05;2.0;60.625;4.64;0.998
2022-08-14;17.225;4.9;69.25;3.183;2.845
2022-08-15;13.712;4.0;65.875;2.97;2.917
2022-08-16;11.5;0.8;66.5;2.591;0.696
2022-08-17;11.25;6.3;74.375;1.955;5.6
2022-08-18;12.112;0.5;64.875;2.809;0.413
2022-08-19;10.85;0.3;82.25;1.325;0.276
2022-08-20;14.775;0.0;71.125;2.652;0.0
2022-08-21;13.55;3.0;78.0;1.898;2.214
2022-08-22;12.638;2.6;78.125;1.799;2.057
2022-08-23;15.112;0.0;60.0;3.737;0.0
2022-08-24;16.275;0.0;61.875;3.771;0.0
2022-08-25;18.588;0.0;60.375;4.371;0.0
2022-08-26;18.35;0.0;67.375;3.56;0.0
2022-08-27;14.738;0.4;65.0;3.209;0.271
2022-08-28;12.35;0.0;58.125;3.392;0.0
2022-08-29;17.675;0.0;48.625;5.433;0.0
2022-08-30;19.725;0.0;52.125;5.561;0.0
2022-08-31;21.438;0.0;46.5;6.699;0.0
2022-09-01;22.788;0.0;48.875;7.005;0.0
2022-09-02;16.038;0.0;70.125;3.019;0.0
2022-09-03;14.525;0.0;57.125;4.019;0.0
2022-09-04;19.162;0.0;43.625;6.597;0.0
2022-09-05;14.412;0.0;51.625;4.509;0.0
2022-09-06;16.425;1.0;58.75;4.247;0.609
2022-09-07;19.862;0.0;49.75;6.068;0.0
2022-09-08;13.0;0.0;47.625;4.538;0.0
2022-09-09;12.65;0.0;50.0;4.253;0.0
2022-09-10;14.088;0.0;47.875;4.778;0.0
2022-09-11;13.65;0.0;54.375;4.089;0.0
2022-09-12;8.962;3.0;76.5;1.626;
2022-09-13;7.475;0.0;62.0;2.405;
2022-09-14;8.55;0.0;54.5;3.073;
2022-09-15;10.762;0.0;46.625;4.096;0.0
2022-09-16;11.3;0.0;51.625;3.825;0.0
2022-09-17;10.212;0.0;58.25;3.106;0.0
2022-09-18;10.35;0.0;56.375;3.271;0.0
2022-09-19;11.875;0.0;57.75;3.447;0.0
2022-09-20;15.7;0.0;46.5;5.317;0.0
2022-09-21;14.212;0.0;58.125;3.863;0.0
2022-09-22;18.112;0.0;49.625;5.618;0.0
2022-09-23;14.15;0.0;42.125;5.322;0.0
2022-09-24;11.375;0.0;41.125;4.674;0.0
2022-09-25;13.738;0.0;49.25;4.569;0.0
2022-09-26;4.8;2.0;69.0;1.652;
2022-09-27;3.475;0.1;71.875;1.368;
2022-09-28;0.838;9.0;85.5;0.581;
2022-09-29;0.025;1.3;81.375;0.7;
2022-09-30;0.588;5.0;84.25;0.619;
2022-10-01;2.875;0.0;65.375;1.562;
2022-10-02;3.762;0.0;69.125;1.483;
2022-10-03;3.45;0.0;58.25;1.962;
2022-10-04;3.412;0.0;61.0;1.828;
2022-10-05;5.838;0.4;69.25;1.698;
2022-10-06;7.175;0.4;72.125;1.676;
2022-10-07;5.05;0.0;70.875;1.527;
2022-10-08;8.862;0.0;54.875;3.004;
2022-10-09;12.8;0.0;41.25;4.874;0.0
2022-10-10;7.675;4.0;76.25;1.472;
2022-10-11;10.338;0.0;57.875;3.054;0.0
2022-10-12;8.738;0.0;62.5;2.478;
2022-10-13;4.738;0.0;66.875;1.701;
2022-10-14;3.9;0.0;62.375;1.825;
2022-10-15;4.588;0.0;61.0;1.982;
2022-10-16;6.325;0.0;57.25;2.436;
2022-10-17;7.95;3.0;68.5;1.986;
2022-10-18;5.25;1.6;83.625;0.87;
2022-10-19;4.45;2.0;82.625;0.875;
2022-10-20;5.95;0.8;72.375;1.537;
2022-10-21;5.588;0.0;80.875;1.039;
2022-10-22;10.25;0.7;61.25;2.796;0.683
2022-10-23;6.125;4.0;73.5;1.491;
2022-10-24;0.712;2.0;73.625;1.012;
2022-10-25;1.512;0.0;61.375;1.576;
2022-10-26;2.013;0.0;61.375;1.636;
2022-10-27;4.7;4.9;74.5;1.306;
2022-10-28;-0.788;0.5;77.75;0.757;
2022-10-29;-2.212;0.8;74.0;0.784;
2022-10-30;-1.288;0.0;70.75;0.955;
2022-10-31;-1.838;0.0;71.5;0.888;
2022-11-01;-0.412;0.0;80.875;0.694;
2022-11-02;1.375;0.0;81.25;0.783;
2022-11-03;1.388;0.0;79.625;0.851;
2022-11-04;0.75;0.0;74.125;1.029;
2022-11-05;1.612;0.0;67.125;1.397;
2022-11-06;-0.125;0.0;71.0;1.077;
2022-11-07;-0.513;0.1;77.875;0.796;
2022-11-08;-0.075;0.0;75.5;0.913;
2022-11-09;-1.85;0.0;74.0;0.836;
2022-11-10;-1.175;0.4;81.25;0.639;
2022-11-11;-0.938;4.0;87.375;0.439;
2022-11-12;-0.95;5.0;89.0;0.382;
2022-11-13;0.625;5.0;87.75;0.483;
2022-11-14;1.012;1.0;78.25;0.883;
2022-11-15;3.2;2.0;82.5;0.835;
2022-11-16;0.138;0.9;73.625;1.0;
2022-11-17;-6.625;2.0;75.625;0.494;
2022-11-18;-12.312;0.8;79.25;0.2;
2022-11-19;-12.738;0.0;78.25;0.196;
2022-11-20;-13.525;2.0;70.125;0.236;
2022-11-21;-12.812;0.0;70.5;0.263;
2022-11-22;-9.35;0.2;76.875;0.34;
2022-11-23;-17.712;0.6;69.0;0.099;
2022-11-24;-21.738;0.0;72.375;0.018;
2022-11-25;-19.55;0.0;75.0;0.045;
2022-11-26;-27.288;0.0;65.25;0.011;
2022-11-27;-28.012;0.2;65.875;0.019;
2022-11-28;-25.45;0.0;66.75;0.0;
2022-11-29;-23.65;0.0;69.0;0.003;
2022-11-30;-22.712;0.0;73.0;0.008;
2022-12-01;-16.725;0.0;67.0;0.131;
2022-12-02;-15.162;0.0;70.125;0.168;
2022-12-03;-19.438;0.4;77.0;0.041;
2022-12-04;-18.012;0.5;78.625;0.061;
2022-12-05;-21.45;0.0;77.0;0.017;
2022-12-06;-20.938;0.0;76.375;0.023;
2022-12-07;-20.262;0.6;73.375;0.035;
2022-12-08;-21.488;0.0;72.5;0.02;
2022-12-09;-20.375;0.0;73.5;0.033;
2022-12-10;-18.188;0.9;76.375;0.064;
2022-12-11;-19.425;3.0;78.625;0.039;
2022-12-12;-19.65;0.0;77.625;0.037;
2022-12-13;-14.038;5.6;79.75;0.141;
2022-12-14;-24.662;0.0;72.875;0.0;
2022-12-15;-24.312;0.0;71.5;0.001;
2022-12-16;-19.325;0.0;74.25;0.048;
2022-12-17;-18.287;0.0;75.0;0.065;
2022-12-18;-19.162;0.0;76.75;0.046;
2022-12-19;-16.462;3.0;79.5;0.087;
2022-12-20;-4.625;10.0;81.75;0.44;
2022-12-21;-8.875;0.0;70.75;0.442;
2022-12-22;-10.738;3.5;80.125;0.235;
2022-12-23;-20.538;1.0;73.75;0.03;
2022-12-24;-13.0;5.5;81.75;0.153;
2022-12-25;-6.938;5.0;86.375;0.258;
2022-12-26;-6.425;1.0;80.625;0.388;
2022-12-27;-12.088;0.0;71.25;0.278;
2022-12-28;-11.075;0.0;69.25;0.346;
2022-12-29;-16.35;2.0;81.0;0.083;
2022-12-30;-21.1;0.0;77.5;0.02;
2022-12-31;-14.088;0.9;80.625;0.134;
2023-01-01;-6.538;3.0;85.5;0.287;
2023-01-02;-12.388;0.0;82.25;0.164;
2023-01-03;-8.113;0.2;80.25;0.327;
2023-01-04;-3.6;2.0;76.625;0.622;
2023-01-05;-4.588;6.0;84.125;0.384;
2023-01-06;-10.175;0.2;81.375;0.238;
2023-01-07;-10.638;0.8;84.0;0.192;
2023-01-08;-1.75;3.0;81.25;0.589;
2023-01-09;-13.0;0.0;65.25;0.291;
2023-01-10;-28.575;0.0;58.5;0.031;
2023-01-11;-31.062;0.0;63.125;0.079;
2023-01-12;-26.75;0.0;67.625;0.006;
2023-01-13;-15.65;5.0;78.125;0.111;
2023-01-14;-13.075;3.3;77.75;0.184;
2023-01-15;-10.362;1.5;79.5;0.255;
2023-01-16;-10.625;1.0;78.875;0.253;
2023-01-17;-8.443;1.4;82.25;0.283;
2023-01-18;-11.862;1.0;78.25;0.218;
2023-01-19;-13.125;0.3;71.75;0.231;
2023-01-20;-10.575;0.9;79.375;0.249;
2023-01-21;-26.35;0.0;64.125;0.004;
2023-01-22;-26.938;0.0;67.625;0.007;
2023-01-23;-12.725;5.0;84.0;0.14;
2023-01-24;-8.2;1.4;85.25;0.242;
2023-01-25;-7.938;1.4;81.875;0.306;
2023-01-26;-8.162;1.0;77.125;0.377;
2023-01-27;-9.512;0.0;72.875;0.378;
2023-01-28;-8.538;17.0;81.5;0.291;
2023-01-29;-10.85;3.0;76.625;0.272;
2023-01-30;-8.812;0.2;79.25;0.316;
2023-01-31;-10.162;0.0;79.625;0.26;
2023-02-01;-15.987;0.0;79.625;0.106;
2023-02-02;-19.325;0.0;75.75;0.05;
2023-02-03;-16.038;0.0;74.5;0.132;
2023-02-04;-15.275;0.0;77.0;0.14;
2023-02-05;-15.225;0.2;77.625;0.137;
2023-02-06;-14.35;0.0;74.125;0.189;
2023-02-07;-12.188;1.3;77.625;0.236;
2023-02-08;-17.888;0.5;76.0;0.078;
2023-02-09;-20.612;0.3;75.875;0.03;
2023-02-10;-22.988;0.0;72.125;0.007;
2023-02-11;-19.412;0.0;69.875;0.06;
2023-02-12;-13.05;0.0;63.125;0.339;
2023-02-13;-11.412;0.8;70.0;0.356;
2023-02-14;-18.388;0.0;73.625;0.074;
2023-02-15;-17.9;0.0;70.125;0.097;
2023-02-16;-16.337;0.0;68.5;0.152;
2023-02-17;-16.087;0.0;70.0;0.153;
2023-02-18;-12.525;0.0;65.75;0.343;
2023-02-19;-9.1;0.9;76.857;0.376;
2023-02-20;-11.05;0.2;79.375;0.258;
2023-02-21;-5.45;0.5;77.125;0.562;
2023-02-22;-1.412;0.4;77.625;0.8;
2023-02-23;-1.071;2.0;81.0;0.699;
2023-02-24;1.614;3.0;80.571;0.885;
2023-02-25;-8.32;0.1;67.0;0.59;
2023-02-26;-10.333;0.0;70.333;0.41;
2023-02-27;-7.312;5.0;78.125;0.44;
2023-02-28;-3.886;0.0;54.429;1.306;
2023-03-01;-0.738;5.0;82.25;0.607;
2023-03-02;1.712;0.5;72.75;1.129;
2023-03-03;-0.688;2.0;71.75;0.97;
2023-03-04;-6.675;0.2;72.5;0.536;
2023-03-05;-4.725;0.4;72.125;0.665;
2023-03-06;-3.9;0.0;75.167;0.642;
2023-03-07;-1.412;0.3;71.25;0.929;
2023-03-08;-0.612;12.5;81.875;0.626;
2023-03-09;-7.875;1.1;73.875;0.445;
2023-03-10;-3.775;1.0;75.0;0.654;
2023-03-11;0.688;0.0;51.625;1.853;
2023-03-12;-0.112;9.0;71.0;1.043;
2023-03-13;-4.438;0.0;53.0;1.154;
2023-03-14;-3.6;0.0;52.5;1.263;
2023-03-15;0.838;0.0;41.125;2.282;
2023-03-16;-0.062;0.0;66.625;1.205;
2023-03-17;0.15;0.0;57.5;1.561;
2023-03-18;-1.213;0.0;57.875;1.384;
2023-03-19;-5.062;5.0;68.125;0.736;
2023-03-20;-11.162;0.0;48.375;0.574;
2023-03-21;-7.212;0.0;55.875;0.811;
2023-03-22;-6.312;0.0;55.625;0.9;
2023-03-23;-2.662;0.0;44.375;1.612;
2023-03-24;-0.425;0.0;71.25;1.008;
2023-03-25;1.188;0.0;65.875;1.359;
2023-03-26;4.475;0.0;70.375;1.494;
2023-03-27;3.138;0.0;72.25;1.276;
2023-03-28;4.225;0.0;77.625;1.11;
2023-03-29;7.538;0.0;70.125;1.836;
2023-03-30;-2.463;4.0;61.25;1.143;
2023-03-31;-6.35;0.0;51.0;0.99;
2023-04-01;-6.188;0.0;44.25;1.184;
2023-04-02;-5.062;0.0;43.0;1.359;
2023-04-03;-1.213;0.0;42.5;1.952;
2023-04-04;3.475;0.0;48.875;2.487;
2023-04-05;1.888;0.0;46.375;2.326;
2023-04-06;3.912;0.0;49.75;2.52;
2023-04-07;1.85;0.1;59.0;1.773;
2023-04-08;-6.788;0.8;39.75;1.199;
2023-04-09;-2.325;1.6;50.875;1.515;
2023-04-10;2.438;0.0;43.125;2.569;
2023-04-11;0.188;0.0;48.5;1.96;
2023-04-12;0.1;0.0;45.0;2.079;
2023-04-13;5.588;0.0;45.0;3.087;
2023-04-14;0.05;5.0;66.875;1.247;
2023-04-15;-6.85;0.0;48.125;1.025;
2023-04-16;-2.925;0.0;46.5;1.564;
2023-04-17;-2.325;0.6;55.25;1.381;
2023-04-18;-8.4;0.5;50.0;0.827;
2023-04-19;-4.525;0.0;40.125;1.506;
2023-04-20;1.725;0.0;39.625;2.587;
2023-04-21;4.088;0.0;38.75;3.109;
2023-04-22;5.125;0.0;38.25;3.362;
2023-04-23;8.075;0.0;29.875;4.603;
2023-04-24;12.175;0.0;32.625;5.587;0.0
2023-04-25;3.438;0.4;43.875;2.723;
2023-04-26;7.1;0.0;64.375;2.203;
2023-04-27;11.412;0.0;55.375;3.55;0.0
2023-04-28;18.925;0.0;28.25;8.306;0.0
2023-04-29;9.638;0.0;35.625;4.634;
2023-04-30;3.475;0.0;42.375;2.803;
2023-05-01;0.138;2.0;77.875;0.812;
2023-05-02;2.062;0.4;65.125;1.483;
2023-05-03;7.838;0.0;42.625;3.592;
2023-05-04;12.162;0.0;27.625;5.804;0.0
2023-05-05;15.65;0.0;26.25;7.076;0.0
2023-05-06;17.038;0.0;27.625;7.426;0.0
2023-05-07;18.812;0.0;29.625;7.844;0.0
2023-05-08;20.862;0.0;23.125;9.389;0.0
2023-05-09;15.162;0.0;32.0;6.369;0.0
2023-05-10;9.488;0.0;33.75;4.575;
2023-05-11;10.35;0.0;35.125;4.707;0.0
2023-05-12;7.138;0.0;62.375;2.256;
2023-05-13;7.362;0.0;34.625;3.976;
2023-05-14;9.288;0.0;21.0;5.393;
2023-05-15;11.45;0.0;23.5;5.902;0.0
2023-05-16;12.288;0.0;36.375;5.136;0.0
2023-05-17;5.6;4.0;54.875;2.453;
2023-05-18;8.225;0.0;38.625;3.934;
2023-05-19;13.662;0.0;27.25;6.314;0.0
2023-05-20;16.988;0.0;29.75;7.191;0.0
2023-05-21;18.162;0.0;21.625;8.478;0.0
2023-05-22;19.125;0.0;31.25;7.772;0.0
2023-05-23;17.625;0.0;23.375;8.084;0.0
2023-05-24;15.862;0.0;28.75;6.908;0.0
2023-05-25;13.4;0.0;29.625;6.025;0.0
2023-05-26;11.625;0.0;31.75;5.316;0.0
2023-05-27;12.325;0.0;35.875;5.187;0.0
2023-05-28;17.1;0.0;28.625;7.345;0.0
2023-05-29;14.7;0.4;46.25;4.919;0.272
2023-05-30;17.275;0.0;47.0;5.5;0.0
2023-05-31;19.975;0.0;27.75;8.486;0.0
2023-06-01;21.138;0.0;31.0;8.813;0.0
2023-06-02;23.375;0.0;32.125;9.53;0.0
2023-06-03;26.188;0.0;35.625;10.12;0.0
2023-06-04;27.175;0.0;39.125;9.943;0.0
2023-06-05;28.7;0.0;39.143;10.53;0.0
2023-06-06;28.775;0.0;34.125;11.43;0.0
2023-06-07;29.325;0.0;35.25;11.465;0.0
2023-06-08;30.129;0.0;28.571;13.025;0.0
2023-06-09;21.938;0.0;55.375;5.899;0.0
2023-06-10;13.612;5.0;77.625;2.002;3.673
2023-06-11;16.8;0.0;51.125;5.124;0.0
2023-06-12;18.55;0.0;45.375;6.216;0.0
2023-06-13;15.15;0.0;55.75;4.28;0.0
2023-06-14;14.338;0.0;45.875;5.025;0.0
2023-06-15;18.525;0.0;36.875;7.175;0.0
2023-06-16;20.938;0.0;38.625;7.771;0.0
2023-06-17;21.475;0.5;39.25;7.873;0.233
2023-06-18;18.938;0.4;55.875;5.111;0.211
2023-06-19;19.762;0.0;47.875;6.267;0.0
2023-06-20;22.262;0.0;37.375;8.393;0.0
2023-06-21;16.462;0.4;43.875;5.789;0.243
2023-06-22;15.275;0.8;50.375;4.83;0.524
2023-06-23;13.762;1.0;54.125;4.136;0.727
2023-06-24;13.912;0.0;54.375;4.145;0.0
2023-06-25;15.975;0.0;43.125;5.729;0.0
2023-06-26;18.175;2.0;48.875;5.718;1.1
2023-06-27;17.65;0.0;55.0;4.911;0.0
2023-06-28;18.212;6.0;66.625;3.739;3.294
2023-06-29;16.912;7.0;65.0;3.689;4.139
2023-06-30;18.175;0.0;56.5;4.865;0.0
2023-07-01;17.425;3.0;58.875;4.298;1.722
2023-07-02;20.162;0.0;51.375;5.759;0.0
2023-07-03;21.525;1.0;59.375;5.106;0.465
2023-07-04;22.5;0.0;41.625;7.648;0.0
2023-07-05;23.712;0.0;40.25;8.232;0.0
2023-07-06;25.188;0.0;46.25;7.861;0.0
2023-07-07;24.65;0.0;54.375;6.531;0.0
2023-07-08;20.775;0.8;72.125;3.391;0.385
2023-07-09;20.0;25.0;72.125;3.278;12.5
2023-07-10;21.125;0.0;54.125;5.667;0.0
2023-07-11;23.475;0.5;63.625;4.963;0.213
2023-07-12;27.138;0.3;62.375;5.939;0.111
2023-07-13;26.812;0.0;62.5;5.845;0.0
2023-07-14;28.15;0.0;52.75;7.75;0.0
2023-07-15;26.312;1.1;48.5;7.873;0.418
2023-07-16;20.438;0.0;56.25;5.245;0.0
2023-07-17;19.562;0.0;64.5;4.093;0.0
2023-07-18;20.92;;60.0;4.898;
2023-07-19;24.362;0.0;49.125;7.198;0.0
2023-07-20;21.038;1.0;65.0;4.307;0.475
2023-07-21;20.938;4.0;75.375;3.017;1.91
2023-07-22;21.525;1.9;67.625;4.069;0.883
2023-07-23;19.562;0.0;71.875;3.243;0.0
2023-07-24;22.6;1.0;62.75;4.901;0.442
2023-07-25;22.638;0.9;58.125;5.518;0.398
2023-07-26;22.425;2.0;56.625;5.665;0.892
2023-07-27;22.512;0.0;57.375;5.587;0.0
2023-07-28;21.75;0.0;62.875;4.711;0.0
2023-07-29;21.7;0.0;61.375;4.891;0.0
2023-07-30;21.15;8.0;73.125;3.324;3.783
2023-07-31;21.038;0.7;73.0;3.323;0.333
2023-08-01;22.862;14.0;65.125;4.639;6.124
2023-08-02;24.238;0.4;58.0;5.912;0.165
2023-08-03;25.025;0.3;58.5;6.03;0.12
2023-08-04;22.025;9.0;75.875;3.098;4.086
2023-08-05;24.275;0.0;59.125;5.763;0.0
2023-08-06;20.325;0.0;45.0;6.561;0.0
2023-08-07;19.9;0.0;52.625;5.546;0.0
2023-08-08;22.414;0.0;48.0;6.788;0.0
2023-08-09;20.643;0.0;59.429;4.908;0.0
2023-08-10;20.15;0.6;64.0;4.261;0.298
2023-08-11;17.188;2.0;67.125;3.397;1.164
2023-08-12;14.138;41.0;85.5;1.29;29.001
2023-08-13;12.575;0.4;76.0;1.968;0.318
2023-08-14;12.375;1.5;79.5;1.663;1.212
2023-08-15;13.929;2.4;80.857;1.684;1.723
2023-08-16;13.538;4.6;82.375;1.52;3.398
2023-08-17;15.65;1.0;74.0;2.495;0.639
2023-08-18;14.85;0.1;65.875;3.147;0.067
2023-08-19;16.3;0.4;75.5;2.426;0.245
2023-08-20;18.9;4.0;77.375;2.532;2.116
2023-08-21;15.775;1.0;77.75;2.148;0.634
2023-08-22;16.675;0.0;72.25;2.798;0.0
2023-08-23;20.212;0.0;58.5;4.926;0.0
2023-08-24;23.312;0.0;55.0;6.099;0.0
2023-08-25;20.175;20.0;78.625;2.533;9.913
2023-08-26;15.0;0.0;72.875;2.52;0.0
2023-08-27;16.912;0.0;69.75;3.085;0.0
2023-08-28;17.625;10.0;84.875;1.596;5.674
2023-08-29;18.788;0.6;74.0;2.895;0.319
2023-08-30;18.75;0.0;66.5;3.723;0.0
2023-08-31;19.962;0.3;70.75;3.434;0.15
2023-09-01;18.0;3.0;65.429;3.835;1.667
2023-09-02;17.575;0.8;63.75;3.942;0.455
2023-09-03;18.25;0.0;60.5;4.433;0.0
2023-09-04;15.588;24.0;72.625;2.706;15.397
2023-09-05;13.25;6.0;78.625;1.876;4.528
2023-09-06;11.575;0.0;70.875;2.338;0.0
2023-09-07;12.012;2.4;68.625;2.579;1.998
2023-09-08;12.338;0.3;78.875;1.767;0.243
2023-09-09;13.088;0.0;70.375;2.579;0.0
2023-09-10;14.412;0.0;60.25;3.705;0.0
2023-09-11;13.45;0.0;62.25;3.349;0.0
2023-09-12;9.488;0.0;78.0;1.57;
2023-09-13;12.488;0.0;78.875;1.781;0.0
2023-09-14;14.162;0.0;75.75;2.232;0.0
2023-09-15;15.6;0.0;65.0;3.462;0.0
2023-09-16;16.138;0.0;60.5;4.011;0.0
2023-09-17;14.375;0.0;68.625;2.919;0.0
2023-09-18;14.85;0.0;71.875;2.68;0.0
2023-09-19;14.625;0.0;71.571;2.678;0.0
2023-09-20;14.8;0.0;78.25;2.067;0.0
2023-09-21;14.95;0.0;72.5;2.633;0.0
2023-09-22;14.8;0.0;68.125;3.029;0.0
2023-09-23;9.525;9.0;71.75;2.02;
2023-09-24;6.012;0.6;81.875;1.046;
2023-09-25;5.85;0.5;78.375;1.235;
2023-09-26;4.988;0.0;77.25;1.227;
2023-09-27;8.462;0.0;65.875;2.293;
2023-09-28;9.075;6.7;76.625;1.628;
2023-09-29;8.95;2.9;85.125;1.029;
2023-09-30;9.8;0.4;76.625;1.698;
2023-10-01;3.112;0.0;62.375;1.727;
2023-10-02;3.975;0.0;70.375;1.444;
2023-10-03;7.062;0.0;67.5;1.94;
2023-10-04;8.45;0.0;68.25;2.063;
2023-10-05;10.338;0.0;56.625;3.145;0.0
2023-10-06;12.212;0.0;61.75;3.076;0.0
2023-10-07;12.4;0.0;72.625;2.223;0.0
2023-10-08;11.237;0.0;75.125;1.897;0.0
2023-10-09;13.075;0.0;68.75;2.631;0.0
2023-10-10;16.138;0.0;57.125;4.213;0.0
2023-10-11;16.186;0.0;55.286;4.404;0.0
2023-10-12;7.262;0.0;71.625;1.715;
2023-10-13;7.0;0.0;67.25;1.947;
2023-10-14;7.712;0.0;57.625;2.633;
2023-10-15;6.912;3.0;83.625;0.968;
2023-10-16;6.162;0.0;78.5;1.212;
2023-10-17;10.1;0.5;80.375;1.404;0.495
2023-10-18;12.257;0.0;69.857;2.429;0.0
2023-10-19;10.612;0.0;65.125;2.568;0.0
2023-10-20;6.038;0.0;58.75;2.307;
2023-10-21;5.062;0.4;72.375;1.45;
2023-10-22;4.75;0.0;69.875;1.548;
2023-10-23;3.562;8.0;89.875;0.48;
2023-10-24;0.25;1.1;86.75;0.491;
2023-10-25;5.3;3.4;78.125;1.166;
2023-10-26;8.65;7.0;79.25;1.364;
2023-10-27;-2.65;1.4;71.125;0.838;
2023-10-28;-3.3;0.0;72.5;0.752;
2023-10-29;-3.538;0.0;69.5;0.816;
2023-10-30;-4.712;0.0;76.25;0.568;
2023-10-31;-4.438;0.7;81.0;0.466;
2023-11-01;-5.738;0.0;84.25;0.351;
2023-11-02;-4.188;8.0;91.75;0.214;
2023-11-03;-8.357;0.2;77.857;0.368;
2023-11-04;-5.425;0.0;79.875;0.463;
2023-11-05;-1.625;3.0;73.625;0.865;
2023-11-06;-4.988;0.0;87.5;0.3;
2023-11-07;-1.075;0.5;89.5;0.361;
2023-11-08;-0.75;0.0;90.875;0.322;
2023-11-09;-1.488;0.0;90.125;0.328;
2023-11-10;-0.162;0.0;90.5;0.352;
2023-11-11;3.5;0.0;86.75;0.646;
2023-11-12;4.2;0.0;81.875;0.927;
2023-11-13;3.412;2.0;94.625;0.26;
2023-11-14;1.138;3.0;93.0;0.287;
2023-11-15;3.462;0.0;82.625;0.845;
2023-11-16;4.725;0.0;62.125;2.008;
2023-11-17;4.229;0.5;87.286;0.652;
2023-11-18;5.262;0.8;87.125;0.707;
2023-11-19;0.825;6.0;79.5;0.82;
2023-11-20;-8.425;0.2;79.5;0.338;
2023-11-21;-11.162;0.2;84.0;0.184;
2023-11-22;-11.912;0.0;68.75;0.321;
2023-11-23;-7.0;0.0;64.875;0.683;
2023-11-24;-0.25;1.3;89.875;0.372;
2023-11-25;-1.862;3.4;83.75;0.522;
2023-11-26;-2.762;3.0;89.25;0.319;
2023-11-27;-1.55;0.0;90.25;0.322;
2023-11-28;-6.35;0.0;90.0;0.209;
2023-11-29;-6.875;0.0;80.25;0.389;
2023-11-30;-2.2;0.0;74.625;0.791;
2023-12-01;0.762;1.3;91.375;0.332;
2023-12-02;-2.825;1.1;89.75;0.293;
2023-12-03;0.262;7.0;91.5;0.315;
2023-12-04;-10.312;1.0;80.25;0.247;
2023-12-05;-12.875;3.0;87.375;0.108;
2023-12-06;-8.962;16.0;94.5;0.082;
2023-12-07;-25.414;2.0;80.5;0.0;
2023-12-08;-34.075;0.0;71.375;0.137;
2023-12-09;-34.1;0.0;71.125;0.139;
2023-12-10;-27.45;0.0;78.625;0.007;
2023-12-11;-28.062;0.0;78.125;0.012;
2023-12-12;-29.175;0.0;77.0;0.023;
2023-12-13;-29.95;0.0;76.0;0.034;
2023-12-14;-20.85;4.7;85.0;0.015;
2023-12-15;-21.788;0.2;78.375;0.013;
2023-12-16;-18.175;0.7;72.625;0.074;
2023-12-17;-24.7;0.0;80.125;0.0;
2023-12-18;-25.1;0.0;79.25;0.0;
2023-12-19;-18.612;0.0;70.375;0.07;
2023-12-20;-6.975;5.0;93.5;0.123;
2023-12-21;-6.438;3.2;92.0;0.16;
2023-12-22;-0.938;2.8;97.25;0.092;
2023-12-23;-1.45;0.1;99.5;0.016;
2023-12-24;-5.012;0.0;99.25;0.017;
2023-12-25;-7.312;0.0;96.875;0.057;
2023-12-26;-1.25;0.0;82.0;0.59;
2023-12-27;-3.612;0.7;81.0;0.505;
2023-12-28;-0.338;4.0;86.625;0.472;
2023-12-29;0.675;0.3;78.375;0.828;
2023-12-30;-3.85;0.6;84.125;0.412;
2023-12-31;-3.9;;97.0;0.078;
2024-01-01;-9.433;1.9;89.5;0.148;
2024-01-02;-1.1;5.0;97.857;0.071;
2024-01-03;-11.857;3.0;91.143;0.089;
2024-01-04;-23.4;0.0;82.75;0.003;
2024-01-05;-11.788;0.0;82.25;0.18;
2024-01-06;-4.975;1.2;83.25;0.39;
2024-01-07;-15.825;0.0;85.875;0.069;
2024-01-08;-2.214;3.0;91.857;0.245;
2024-01-09;-16.025;1.2;76.25;0.111;
2024-01-10;-16.538;1.0;80.375;0.082;
2024-01-11;-11.825;5.0;81.286;0.189;
2024-01-12;-19.875;0.5;73.0;0.041;
2024-01-13;-12.438;0.0;63.375;0.336;
2024-01-14;-5.625;0.7;63.875;0.787;
2024-01-15;-20.988;0.0;70.625;0.027;
2024-01-16;-22.438;0.0;79.625;0.008;
2024-01-17;-22.862;0.0;82.625;0.005;
2024-01-18;-21.6;0.0;83.75;0.011;
2024-01-19;-18.7;0.0;75.125;0.057;
2024-01-20;-15.612;0.0;73.375;0.136;
2024-01-21;-17.112;0.0;81.375;0.067;
2024-01-22;-17.688;0.0;83.375;0.052;
2024-01-23;-15.312;0.0;74.75;0.138;
2024-01-24;-11.675;0.0;62.0;0.392;
2024-01-25;-9.85;0.2;68.375;0.421;
2024-01-26;-4.8;0.0;57.0;1.019;
2024-01-27;-7.6;0.0;77.375;0.398;
2024-01-28;-6.962;0.6;89.5;0.198;
2024-01-29;-14.938;2.0;84.375;0.092;
2024-01-30;-17.812;0.9;81.5;0.055;
2024-01-31;-14.125;0.0;82.625;0.119;
2024-02-01;-8.675;0.2;88.0;0.199;
2024-02-02;-4.925;0.0;80.25;0.494;
2024-02-03;-10.35;0.4;81.875;0.241;
2024-02-04;-5.788;6.0;93.875;0.14;
2024-02-05;-3.725;0.5;81.875;0.509;
2024-02-06;-3.988;0.0;69.625;0.832;
2024-02-07;-4.312;0.0;61.25;1.029;
2024-02-08;-2.525;0.0;68.875;0.976;
2024-02-09;-1.425;3.4;84.5;0.535;
2024-02-10;-0.788;5.0;79.375;0.75;
2024-02-11;-13.312;0.0;73.625;0.224;
2024-02-12;-17.175;1.8;79.125;0.079;
2024-02-13;-16.05;1.3;81.75;0.091;
2024-02-14;-8.85;5.0;78.125;0.354;
2024-02-15;-23.738;0.0;64.75;0.003;
2024-02-16;-28.025;0.0;72.375;0.016;
2024-02-17;-24.788;2.4;77.75;0.0;
2024-02-18;-22.362;0.9;77.125;0.01;
2024-02-19;-24.512;0.0;71.875;0.0;
2024-02-20;-23.95;0.0;70.125;0.002;
2024-02-21;-22.8;0.0;72.714;0.008;
2024-02-22;-19.45;0.0;61.625;0.073;
2024-02-23;-20.138;0.0;64.875;0.052;
2024-02-24;-18.712;0.0;67.125;0.081;
2024-02-25;-15.2;0.6;68.625;0.187;
2024-02-26;-15.875;0.4;80.5;0.101;
2024-02-27;-14.438;0.0;79.5;0.142;
2024-02-28;-10.838;0.0;82.0;0.224;
2024-02-29;-6.0;0.0;84.25;0.353;
2024-03-01;-5.7;4.0;91.0;0.195;
2024-03-02;-4.475;1.1;83.375;0.407;
2024-03-03;-10.075;0.0;79.125;0.27;
2024-03-04;-8.812;6.0;92.125;0.12;
2024-03-05;-5.08;1.5;88.8;0.258;
2024-03-06;-4.788;0.5;81.875;0.43;
2024-03-07;-5.838;0.6;81.5;0.394;
2024-03-08;-8.475;4.4;78.625;0.339;
2024-03-09;-8.688;0.0;82.375;0.272;
2024-03-10;0.175;3.0;89.625;0.382;
2024-03-11;-1.625;0.6;86.25;0.436;
2024-03-12;-5.6;0.4;77.25;0.497;
2024-03-13;-8.1;2.0;79.125;0.346;
2024-03-14;-8.038;0.0;77.875;0.37;
2024-03-15;-10.488;1.0;84.625;0.188;
2024-03-16;-6.525;2.4;90.125;0.196;
2024-03-17;-3.388;3.0;85.875;0.383;
2024-03-18;-1.25;0.0;68.0;1.048;
2024-03-19;-0.362;0.0;73.875;0.921;
2024-03-20;-0.912;0.0;71.875;0.948;
2024-03-21;-5.15;0.0;67.625;0.741;
2024-03-22;-4.488;0.4;75.0;0.611;
2024-03-23;-2.288;0.0;72.375;0.827;
2024-03-24;-0.238;0.0;67.125;1.17;
2024-03-25;-0.05;0.1;79.625;0.736;
2024-03-26;-0.788;0.0;64.125;1.221;
2024-03-27;1.175;0.0;60.625;1.566;
2024-03-28;3.862;0.0;74.625;1.227;
2024-03-29;3.2;4.0;86.625;0.618;
2024-03-30;3.6;1.0;81.5;0.879;
2024-03-31;1.2;0.4;83.5;0.658;
2024-04-01;0.387;0.3;91.25;0.338;
2024-04-02;2.638;0.7;88.0;0.55;
2024-04-03;2.2;0.0;88.125;0.527;
2024-04-04;4.788;0.0;79.5;1.091;
2024-04-05;8.638;0.0;73.375;1.808;
2024-04-06;9.475;0.0;69.625;2.166;
2024-04-07;2.612;0.1;71.0;1.327;
2024-04-08;0.725;0.0;55.0;1.787;
2024-04-09;5.95;1.0;87.0;0.747;
2024-04-10;2.725;3.0;88.875;0.513;
2024-04-11;0.538;0.0;54.875;1.766;
2024-04-12;-3.362;0.0;45.75;1.524;
2024-04-13;2.962;0.8;69.25;1.443;
2024-04-14;7.775;5.0;80.0;1.289;
2024-04-15;6.675;3.0;84.5;0.933;
2024-04-16;2.125;0.0;56.375;1.926;
2024-04-17;5.95;0.0;52.625;2.723;
2024-04-18;9.762;0.3;69.125;2.239;
2024-04-19;10.475;3.0;63.75;2.737;2.864
2024-04-20;4.975;0.0;50.75;2.655;
2024-04-21;7.712;0.0;39.75;3.868;
2024-04-22;8.588;0.0;57.5;2.877;
2024-04-23;0.925;0.8;59.25;1.643;
2024-04-24;-2.4;0.0;54.625;1.391;
2024-04-25;2.925;0.0;55.125;2.1;
2024-04-26;5.088;0.0;54.875;2.451;
2024-04-27;8.5;0.0;42.0;3.905;
2024-04-28;11.538;0.0;36.25;5.106;0.0
2024-04-29;10.175;6.0;66.875;2.459;5.897
2024-04-30;2.362;0.0;49.5;2.269;
2024-05-01;4.55;0.0;37.0;3.194;
2024-05-02;4.012;9.0;77.625;1.094;
2024-05-03;5.662;1.6;72.875;1.481;
2024-05-04;9.888;0.0;52.625;3.348;
2024-05-05;12.138;0.7;74.375;2.052;0.577
2024-05-06;9.262;8.0;55.375;3.042;
2024-05-07;10.7;0.0;40.75;4.385;0.0
2024-05-08;14.275;0.0;43.625;5.049;0.0
2024-05-09;15.9;0.0;37.0;6.119;0.0
2024-05-10;19.812;0.1;40.0;6.996;0.05
2024-05-11;16.988;0.0;47.25;5.4;0.0
2024-05-12;14.575;0.0;30.125;6.354;0.0
2024-05-13;16.5;0.0;37.5;6.25;0.0
2024-05-14;19.6;0.0;37.875;7.175;0.0
2024-05-15;11.412;10.5;71.75;2.175;9.2
2024-05-16;9.925;0.0;42.75;4.055;
2024-05-17;13.15;0.0;43.5;4.775;0.0
2024-05-18;17.125;0.0;40.375;6.144;0.0
2024-05-19;16.45;0.1;57.75;4.215;0.061
2024-05-20;13.1;5.0;84.625;1.296;3.817
2024-05-21;15.0;2.0;72.375;2.566;1.333
2024-05-22;15.138;3.0;68.625;2.935;1.982
2024-05-23;15.375;4.0;65.25;3.289;2.602
2024-05-24;12.438;0.4;74.375;2.085;0.322
2024-05-25;7.587;0.0;76.125;1.472;
2024-05-26;10.375;0.8;77.625;1.626;0.771
2024-05-27;10.088;3.4;72.125;1.993;3.371
2024-05-28;6.25;0.4;64.0;2.041;
2024-05-29;7.4;6.7;58.625;2.522;
2024-05-30;6.088;0.0;45.125;3.079;
2024-05-31;8.7;0.0;42.5;3.792;
2024-06-01;10.913;0.0;41.5;4.527;0.0
2024-06-02;14.138;0.0;44.25;5.124;0.0
2024-06-03;16.275;0.0;45.375;5.584;0.0
2024-06-04;12.1;0.5;73.625;2.178;0.413
2024-06-05;11.5;0.0;63.25;2.938;0.0
2024-06-06;15.362;28.0;87.25;1.246;18.226
2024-06-07;17.312;5.0;89.625;1.114;2.888
2024-06-08;17.243;24.0;93.857;0.658;13.919
2024-06-09;17.575;0.4;66.375;3.657;0.228
2024-06-10;18.95;0.0;54.875;5.23;0.0
2024-06-11;21.225;0.0;48.125;6.651;0.0
2024-06-12;19.762;3.0;74.25;3.096;1.518
2024-06-13;21.988;1.0;77.625;2.964;0.455
2024-06-14;25.188;0.0;50.5;7.481;0.0
2024-06-15;26.225;0.0;43.5;8.895;0.0
2024-06-16;24.4;0.0;63.5;5.344;0.0
2024-06-17;22.325;6.0;79.625;2.738;2.688
2024-06-18;18.65;20.0;75.875;2.758;10.724
2024-06-19;14.85;0.0;54.75;4.311;0.0
2024-06-20;16.825;0.0;57.25;4.487;0.0
2024-06-21;18.562;0.8;73.0;3.074;0.431
2024-06-22;25.062;1.0;58.125;6.297;0.399
2024-06-23;26.15;0.0;59.5;6.358;0.0
2024-06-24;27.675;0.3;61.0;6.493;0.108
2024-06-25;26.712;2.0;68.125;5.114;0.749
2024-06-26;26.35;0.0;62.75;5.893;0.0
2024-06-27;26.8;1.0;59.0;6.601;0.373
2024-06-28;28.125;0.0;57.75;7.154;0.0
2024-06-29;28.962;0.0;55.25;7.819;0.0
2024-06-30;26.288;0.0;55.75;6.984;0.0
2024-07-01;22.0;0.0;68.375;4.056;0.0
2024-07-02;21.438;0.8;71.5;3.569;0.373
2024-07-03;21.675;0.4;67.0;4.174;0.185
2024-07-04;20.738;3.0;72.0;3.401;1.447
2024-07-05;21.3;1.0;73.75;3.267;0.469
2024-07-06;24.0;0.0;66.375;4.688;0.0
2024-07-07;23.875;0.0;65.0;4.855;0.0
2024-07-08;19.588;31.0;79.625;2.352;15.826
2024-07-09;18.283;0.0;71.833;3.064;0.0
2024-07-10;20.914;0.5;61.857;4.669;0.239
2024-07-11;21.125;1.5;65.0;4.324;0.71
2024-07-12;22.412;0.0;55.75;5.776;0.0
2024-07-13;24.038;0.0;50.875;6.859;0.0
2024-07-14;25.438;0.0;52.625;6.998;0.0
2024-07-15;26.788;0.0;52.75;7.358;0.0
2024-07-16;25.525;0.0;58.25;6.188;0.0
2024-07-17;22.138;4.0;79.625;2.629;1.807
2024-07-18;23.125;0.3;74.75;3.396;0.13
2024-07-19;21.912;5.0;81.75;2.332;2.282
2024-07-20;21.05;5.0;75.0;3.078;2.375
2024-07-21;22.025;0.0;71.5;3.659;0.0
2024-07-22;21.9;0.0;76.5;3.001;0.0
2024-07-23;20.938;0.0;78.5;2.634;0.0
2024-07-24;24.25;0.0;64.0;5.07;0.0
2024-07-25;25.112;5.0;69.75;4.411;1.991
2024-07-26;25.257;6.0;68.857;4.567;2.376
2024-07-27;27.412;0.0;62.25;6.021;0.0
2024-07-28;21.962;18.0;83.25;2.145;8.196
2024-07-29;22.0;0.0;74.5;3.271;0.0
2024-07-30;23.162;0.0;57.75;5.691;0.0
2024-07-31;22.462;4.0;61.25;5.069;1.781
2024-08-01;24.3;0.0;61.0;5.504;0.0
2024-08-02;25.512;0.0;58.75;6.111;0.0
2024-08-03;25.762;0.0;55.75;6.621;0.0
2024-08-04;21.9;0.6;78.125;2.794;0.274
2024-08-05;20.638;0.7;79.625;2.464;0.339
2024-08-06;20.425;2.0;73.75;3.145;0.979
2024-08-07;20.762;7.0;75.875;2.934;3.371
2024-08-08;21.3;0.0;76.0;2.987;0.0
2024-08-09;19.112;0.0;79.375;2.33;0.0
2024-08-10;17.475;15.0;90.5;0.995;8.584
2024-08-11;16.912;5.0;75.25;2.524;2.956
2024-08-12;17.712;0.0;63.875;3.827;0.0
2024-08-13;19.825;0.0;63.375;4.273;0.0
2024-08-14;24.262;0.0;53.875;6.5;0.0
2024-08-15;23.45;7.0;61.75;5.214;2.985
2024-08-16;21.362;4.0;70.75;3.651;1.872
2024-08-17;19.825;0.9;69.75;3.529;0.454
2024-08-18;18.025;0.4;74.125;2.781;0.222
2024-08-19;17.162;5.0;80.5;2.013;2.913
2024-08-20;17.525;3.0;84.5;1.628;1.712
2024-08-21;16.825;10.0;85.625;1.46;5.944
2024-08-22;17.65;0.0;73.875;2.759;0.0
2024-08-23;19.862;0.0;65.5;4.032;0.0
2024-08-24;20.188;3.0;68.75;3.705;1.486
2024-08-25;16.538;4.5;84.125;1.59;2.721
2024-08-26;15.338;15.0;88.0;1.134;9.78
2024-08-27;15.338;9.0;82.625;1.642;5.868
2024-08-28;15.025;0.0;80.875;1.779;0.0
2024-08-29;15.412;0.0;80.625;1.837;0.0
2024-08-30;16.488;2.0;74.875;2.511;1.213
2024-08-31;13.8;2.0;81.75;1.595;1.449
2024-09-01;13.35;0.0;73.5;2.338;0.0
2024-09-02;9.375;0.6;83.125;1.196;
2024-09-03;12.788;14.4;81.125;1.617;11.261
2024-09-04;12.938;40.0;91.625;0.723;30.918
2024-09-05;12.562;1.2;86.875;1.111;0.955
2024-09-06;12.912;0.4;83.375;1.434;0.31
2024-09-07;12.1;0.0;84.875;1.249;0.0
2024-09-08;11.912;3.0;90.625;0.766;2.518
2024-09-09;13.675;2.0;86.75;1.189;1.463
2024-09-10;12.088;0.0;65.875;2.816;0.0
2024-09-11;9.188;0.0;73.375;1.867;
2024-09-12;10.05;0.0;64.375;2.626;0.0
2024-09-13;9.712;0.0;74.25;1.862;
2024-09-14;12.075;0.0;75.25;2.041;0.0
2024-09-15;9.538;0.0;66.875;2.371;
2024-09-16;6.238;0.0;69.25;1.8;
2024-09-17;5.7;0.7;76.375;1.336;
2024-09-18;8.962;0.0;68.625;2.171;
2024-09-19;12.062;0.0;73.125;2.215;0.0
2024-09-20;13.1;0.0;73.75;2.286;0.0
2024-09-21;14.738;0.0;65.875;3.233;0.0
2024-09-22;14.262;0.0;66.125;3.133;0.0
2024-09-23;12.462;0.5;61.125;3.274;0.401
2024-09-24;7.812;0.0;62.625;2.414;
2024-09-25;5.375;0.0;69.125;1.709;
2024-09-26;3.35;3.0;80.375;0.946;
2024-09-27;3.3;2.3;88.875;0.535;
2024-09-28;5.512;0.0;75.0;1.397;
2024-09-29;8.212;0.0;58.125;2.771;
2024-09-30;12.025;0.0;55.25;3.681;0.0
2024-10-01;14.088;0.0;55.625;3.937;0.0
2024-10-02;9.75;0.0;52.125;3.357;
2024-10-03;6.25;0.0;60.0;2.268;
2024-10-04;8.612;0.0;59.0;2.69;
2024-10-05;10.038;0.0;48.5;3.671;0.0
2024-10-06;9.95;0.0;57.375;3.023;
2024-10-07;10.038;2.0;60.625;2.807;1.993
2024-10-08;5.9;0.0;56.125;2.432;
2024-10-09;9.212;2.0;61.875;2.591;
2024-10-10;2.225;0.0;67.25;1.409;
2024-10-11;-0.588;0.0;56.5;1.505;
2024-10-12;-1.612;0.0;56.25;1.389;
2024-10-13;-1.688;0.0;60.375;1.25;
2024-10-14;-1.712;0.0;63.125;1.161;
2024-10-15;1.388;0.0;57.125;1.733;
2024-10-16;1.8;0.0;68.125;1.329;
2024-10-17;1.762;0.0;74.875;1.045;
2024-10-18;0.712;0.0;81.5;0.71;
2024-10-19;-1.125;0.0;93.25;0.223;
2024-10-20;1.638;0.0;84.25;0.649;
2024-10-21;5.488;0.3;72.25;1.498;
2024-10-22;3.275;0.1;84.75;0.708;
2024-10-23;2.85;0.0;78.875;0.951;
2024-10-24;4.7;2.0;90.875;0.467;
2024-10-25;6.462;1.4;89.75;0.589;
2024-10-26;7.312;0.0;75.375;1.493;
2024-10-27;5.875;4.0;92.25;0.429;
2024-10-28;4.012;0.0;88.25;0.574;
2024-10-29;3.025;9.0;96.0;0.182;
2024-10-30;0.762;2.0;96.25;0.145;
2024-10-31;-0.225;0.5;85.0;0.535;
2024-11-01;-1.1;0.0;80.0;0.685;
2024-11-02;-1.175;0.2;89.75;0.349;
2024-11-03;5.575;0.0;85.625;0.806;
2024-11-04;9.775;0.0;71.125;2.095;
2024-11-05;0.213;0.9;72.0;1.068;
2024-11-06;-1.175;0.0;81.625;0.626;
2024-11-07;0.825;6.1;67.875;1.286;
2024-11-08;-4.025;1.0;78.625;0.564;
2024-11-09;-6.575;0.0;81.625;0.374;
2024-11-10;-3.95;4.0;89.25;0.286;
2024-11-11;-3.412;5.0;87.0;0.363;
2024-11-12;-10.088;0.2;77.75;0.297;
2024-11-13;-10.5;0.2;82.25;0.224;
2024-11-14;-10.9;1.2;82.625;0.207;
2024-11-15;-6.65;4.0;95.0;0.101;
2024-11-16;-2.312;1.0;88.0;0.371;
2024-11-17;-4.688;0.0;85.625;0.356;
2024-11-18;-1.462;0.0;78.125;0.727;
2024-11-19;-0.938;0.0;72.875;0.942;
2024-11-20;-3.275;0.0;76.25;0.673;
2024-11-21;-0.9;0.0;73.25;0.932;
2024-11-22;-3.088;1.3;83.875;0.465;
2024-11-23;-9.3;0.0;67.0;0.488;
2024-11-24;-5.6;0.6;91.875;0.183;
2024-11-25;-6.65;0.0;90.75;0.187;
2024-11-26;-7.3;0.0;92.5;0.141;
2024-11-27;-7.462;0.0;92.0;0.148;
2024-11-28;-7.988;0.0;94.625;0.093;
2024-11-29;-7.662;0.0;87.5;0.225;
2024-11-30;-3.7;0.0;84.25;0.429;
2024-12-01;-13.862;0.2;89.125;0.078;
2024-12-02;-12.362;0.0;88.375;0.108;
2024-12-03;-5.8;2.0;91.75;0.177;
2024-12-04;-5.7;2.0;88.625;0.246;
2024-12-05;-6.575;0.0;89.125;0.214;
2024-12-06;-5.912;0.3;89.625;0.219;
2024-12-07;-6.4;2.5;94.125;0.118;
2024-12-08;-10.075;1.9;84.625;0.199;
2024-12-09;-16.075;0.4;87.375;0.058;
2024-12-10;-19.475;0.0;86.875;0.023;
2024-12-11;-15.025;2.0;82.875;0.099;
2024-12-12;-7.7;0.0;64.25;0.621;
2024-12-13;-6.225;0.0;63.375;0.75;
2024-12-14;-4.85;0.0;57.25;1.008;
2024-12-15;-0.688;0.0;66.0;1.167;
2024-12-16;-8.588;2.0;80.875;0.299;
2024-12-17;-12.75;0.0;73.375;0.232;
2024-12-18;-11.975;0.0;72.875;0.267;
2024-12-19;-7.8;0.0;71.25;0.494;
2024-12-20;-7.662;0.0;71.0;0.506;
2024-12-21;-5.988;1.7;85.75;0.299;
2024-12-22;-9.962;0.0;86.625;0.176;
2024-12-23;-13.775;0.0;91.5;0.062;
2024-12-24;-16.95;0.0;88.375;0.044;
2024-12-25;-16.712;0.0;88.0;0.048;
2024-12-26;-16.125;0.0;83.0;0.078;
2024-12-27;-11.888;0.0;71.75;0.282;
2024-12-28;-7.438;5.0;92.875;0.128;
2024-12-29;-3.8;0.7;83.0;0.444;
2025-01-01;-12.5;0.2;91.333;0.079;
2025-01-02;-4.45;0.7;90.125;0.242;
2025-01-03;-6.112;2.4;89.25;0.223;
2025-01-04;-0.262;2.4;97.625;0.084;
2025-01-05;-2.788;0.6;94.0;0.172;
2025-01-06;-8.438;0.0;90.75;0.147;
2025-01-07;-8.957;0.3;93.143;0.102;
2025-01-08;-7.512;4.0;92.875;0.127;
2025-01-09;-12.6;1.0;87.0;0.116;
2025-01-10;-6.55;3.0;84.75;0.301;
2025-01-11;-4.288;0.6;86.875;0.327;
2025-01-12;-6.712;0.0;86.25;0.267;
2025-01-13;-10.65;0.2;90.0;0.12;
2025-01-14;-9.075;0.0;79.5;0.302;
2025-01-15;-6.675;0.0;63.875;0.704;
2025-01-16;-7.95;0.0;75.875;0.407;
2025-01-17;-6.538;1.0;86.5;0.267;
2025-01-18;-5.45;1.9;89.875;0.225;
2025-01-19;-7.788;0.5;84.5;0.267;
2025-01-20;-4.6;0.6;91.5;0.205;
2025-01-21;-1.075;0.9;87.0;0.432;
2025-01-22;-5.15;1.2;80.5;0.446;
2025-01-23;-21.088;0.0;67.375;0.029;
2025-01-24;-25.075;0.0;71.625;0.0;
2025-01-25;-18.712;0.5;64.75;0.081;
2025-01-26;-13.425;0.0;61.875;0.297;
2025-01-27;-13.2;0.0;60.5;0.319;
2025-01-28;-11.8;0.8;73.0;0.273;
2025-01-29;-11.562;0.9;84.125;0.166;
2025-01-30;-10.425;0.3;87.25;0.157;
2025-01-31;-12.638;1.5;85.875;0.125;
2025-02-01;-18.075;0.7;80.625;0.06;
2025-02-02;-13.837;0.6;86.25;0.11;
2025-02-03;-9.338;0.0;91.625;0.132;
2025-02-04;-4.562;6.0;89.875;0.272;
2025-02-05;-8.1;0.0;75.375;0.452;
2025-02-06;-12.712;0.0;68.875;0.302;
2025-02-07;-13.75;0.0;74.375;0.208;
2025-02-08;-16.012;0.0;81.375;0.097;
2025-02-09;-9.388;7.0;92.75;0.114;
2025-02-10;-4.462;0.7;87.875;0.329;
2025-02-11;-5.525;2.2;90.875;0.222;
2025-02-12;-6.462;0.0;84.625;0.34;
2025-02-13;-7.838;3.2;91.0;0.17;
2025-02-14;-8.638;2.4;82.625;0.299;
2025-02-15;-12.55;0.0;87.25;0.127;
2025-02-16;-6.725;0.6;90.0;0.215;
2025-02-17;-6.825;0.0;91.625;0.178;
2025-02-18;-8.438;0.0;88.125;0.209;
2025-02-19;-9.488;0.0;87.875;0.188;
2025-02-20;-8.9;0.0;83.875;0.269;
2025-02-21;-7.588;0.0;74.375;0.499;
2025-02-22;-6.462;0.0;78.5;0.475;
2025-02-23;-7.775;0.7;64.625;0.675;
2025-02-24;-10.462;0.0;67.75;0.438;
2025-02-25;-10.4;0.0;70.375;0.406;
2025-02-26;-9.025;0.0;63.5;0.599;
2025-02-27;-9.312;0.0;79.375;0.326;
2025-02-28;-7.475;2.3;88.375;0.23;
2025-03-01;-8.65;1.0;84.125;0.246;
2025-03-02;-8.95;0.8;87.0;0.194;
2025-03-03;-8.2;0.0;88.875;0.182;
2025-03-04;-9.062;0.0;86.625;0.197;
2025-03-05;-7.163;0.2;80.625;0.358;
2025-03-06;-5.362;0.2;67.75;0.722;
2025-03-07;0.138;0.4;75.375;0.904;
2025-03-08;-7.512;0.2;80.125;0.353;
2025-03-09;-7.8;0.0;81.375;0.32;
2025-03-10;-10.85;0.0;78.75;0.247;
2025-03-11;-7.012;2.0;84.625;0.289;
2025-03-12;-11.025;0.0;76.125;0.271;
2025-03-13;-11.438;0.0;71.75;0.302;
2025-03-14;-4.625;0.0;48.375;1.244;
2025-03-15;-2.1;0.0;50.25;1.515;
2025-03-16;0.425;0.0;42.625;2.154;
2025-03-17;1.35;0.0;56.0;1.774;
2025-03-18;3.6;4.1;77.375;1.075;
2025-03-19;5.988;0.1;62.375;2.098;
2025-03-20;6.012;0.0;54.125;2.562;
2025-03-21;4.575;0.3;72.625;1.39;
2025-03-22;-0.85;3.0;67.75;1.092;
2025-03-23;-1.462;0.0;67.125;1.058;
2025-03-24;-3.812;3.0;77.75;0.58;
2025-03-25;-4.762;1.0;72.625;0.651;
2025-03-26;-5.05;0.0;64.625;0.818;
2025-03-27;-1.325;0.0;63.25;1.196;
2025-03-28;2.075;0.0;68.0;1.362;
2025-03-29;4.2;0.0;64.25;1.77;
2025-03-30;5.475;0.0;63.75;1.955;
2025-03-31;5.788;0.0;66.125;1.864;
2025-04-01;4.712;2.0;75.625;1.291;
2025-04-02;1.488;2.0;64.75;1.484;
2025-04-03;4.712;0.0;60.5;2.092;
2025-04-04;9.462;0.0;55.0;3.207;
2025-04-05;4.4;4.0;74.5;1.322;
2025-04-06;8.938;0.0;58.5;2.868;
2025-04-07;9.95;0.0;59.75;2.95;
2025-04-08;12.4;0.4;56.0;3.693;0.323
2025-04-09;4.075;0.0;71.875;1.427;
2025-04-10;4.875;0.0;43.875;3.006;
2025-04-11;13.65;0.0;46.25;4.818;0.0
2025-04-12;18.788;0.0;31.125;7.923;0.0
2025-04-13;15.012;0.0;50.0;4.803;0.0
2025-04-14;6.862;1.0;76.25;1.447;
2025-04-15;4.788;2.5;85.25;0.785;
2025-04-16;3.312;0.0;65.75;1.647;
2025-04-17;5.938;5.0;71.75;1.622;
2025-04-18;-1.025;5.1;74.125;0.892;
2025-04-19;-2.288;8.0;73.375;0.824;
2025-04-20;-0.35;9.0;78.25;0.793;
2025-04-21;4.988;6.0;67.75;1.74;
2025-04-22;4.412;0.0;48.25;2.686;
2025-04-23;11.225;0.8;46.625;4.202;0.713
2025-04-24;3.9;0.0;41.625;2.925;
2025-04-25;7.562;0.0;31.125;4.382;
2025-04-26;15.325;0.0;28.875;6.939;0.0
2025-04-27;17.35;0.0;35.5;6.941;0.0
2025-04-28;14.425;6.0;85.875;1.317;4.159
2025-04-29;16.988;0.1;62.75;3.94;0.059
2025-04-30;7.775;0.9;49.0;3.287;
2025-05-01;9.762;0.0;45.75;3.807;
2025-05-02;12.088;0.0;40.125;4.782;0.0
2025-05-03;6.338;4.0;59.0;2.338;
2025-05-04;7.988;0.0;45.125;3.467;
2025-05-05;13.188;0.4;39.75;5.102;0.303
2025-05-06;12.412;1.0;55.875;3.586;0.806
2025-05-07;14.075;0.4;51.0;4.344;0.284
2025-05-08;19.0;0.0;52.375;5.354;0.0
2025-05-09;22.188;0.0;49.75;6.497;0.0
2025-05-10;20.288;5.0;64.75;4.198;2.465
2025-05-11;10.425;8.0;73.875;1.904;7.674
2025-05-12;8.075;0.0;51.125;3.105;
2025-05-13;10.025;5.0;80.875;1.362;4.988
2025-05-14;12.838;0.0;57.875;3.502;0.0
2025-05-15;11.462;0.0;33.0;5.172;0.0
2025-05-16;9.688;6.0;65.875;2.384;
2025-05-17;12.975;0.0;71.125;2.418;0.0
2025-05-18;13.7;0.0;75.25;2.152;0.0
2025-05-19;13.538;4.0;59.25;3.514;2.955
2025-05-20;17.812;0.0;44.125;5.947;0.0
2025-05-21;20.038;0.0;43.25;6.684;0.0
2025-05-22;21.438;0.0;41.75;7.294;0.0
2025-05-23;23.225;0.0;39.375;8.187;0.0
2025-05-24;17.0;0.5;62.5;3.841;0.294
2025-05-25;12.5;0.0;60.0;3.266;0.0
2025-05-26;9.05;0.0;59.75;2.71;
2025-05-27;3.438;1.0;64.5;1.667;
2025-05-28;5.012;5.6;76.125;1.249;
2025-05-29;7.838;0.9;62.25;2.364;
2025-05-30;13.075;0.0;63.375;3.083;0.0
2025-05-31;16.812;0.0;67.75;3.274;0.0
2025-06-01;21.262;0.0;49.5;6.485;0.0
2025-06-02;23.3;0.0;50.125;6.981;0.0
2025-06-03;22.812;0.0;51.375;6.67;0.0
2025-06-04;23.425;0.0;50.625;6.947;0.0
2025-06-05;23.638;0.0;52.5;6.742;0.0
2025-06-06;19.888;8.0;73.5;3.204;4.023
2025-06-07;22.7;0.0;61.5;5.256;0.0
2025-06-08;15.688;19.0;81.75;1.813;12.112
2025-06-09;17.488;0.0;58.25;4.522;0.0
2025-06-10;20.025;0.0;54.75;5.504;0.0
2025-06-11;21.3;2.0;65.375;4.454;0.939
2025-06-12;23.738;1.0;61.25;5.523;0.421
2025-06-13;25.686;0.0;51.714;7.443;0.0
2025-06-14;26.05;;52.25;7.466;
2025-06-15;24.5;0.0;65.25;5.109;0.0
2025-06-16;22.012;3.0;69.25;4.078;1.363
2025-06-17;23.4;0.0;59.0;5.763;0.0
2025-06-18;25.257;0.0;50.571;7.491;0.0
2025-06-19;27.65;0.0;50.625;8.212;0.0
2025-06-20;24.725;0.0;58.375;6.175;0.0
2025-06-21;19.788;1.0;75.5;2.949;0.505
2025-06-22;22.05;0.0;55.125;5.96;0.0
2025-06-23;22.388;0.5;53.75;6.231;0.223
2025-06-24;19.65;5.1;70.0;3.589;2.595
2025-06-25;17.1;0.0;70.375;3.15;0.0
2025-06-26;18.788;0.1;45.25;6.298;0.053
2025-06-27;20.025;0.0;46.625;6.492;0.0
2025-06-28;20.875;0.0;60.375;5.003;0.0
2025-06-29;19.525;4.0;75.625;2.899;2.049
2025-06-30;21.362;0.0;67.875;4.143;0.0
2025-07-01;19.712;13.0;80.75;2.235;6.595
2025-07-02;21.625;2.0;70.125;3.771;0.925
2025-07-03;24.275;0.0;60.25;5.604;0.0
2025-07-04;25.562;0.0;56.75;6.42;0.0
2025-07-05;24.25;0.1;63.5;5.141;0.041
2025-07-06;19.738;11.0;84.0;1.859;5.573
2025-07-07;20.8;0.0;72.75;3.319;0.0
2025-07-08;18.612;4.0;89.75;1.132;2.149
2025-07-09;18.175;0.0;73.0;2.922;0.0
2025-07-10;20.262;0.0;64.25;4.253;0.0
2025-07-11;21.962;0.0;57.75;5.411;0.0
2025-07-12;20.6;0.1;73.0;3.26;0.049
2025-07-13;17.35;1.3;78.375;2.252;0.749
2025-07-14;18.25;0.1;70.75;3.177;0.055
2025-07-15;17.95;11.0;90.125;1.058;6.128
2025-07-16;20.25;0.4;72.875;3.225;0.198
2025-07-17;22.862;0.0;62.125;5.038;0.0
2025-07-18;21.0;30.0;70.125;3.671;14.286
2025-07-19;19.138;0.4;72.375;3.125;0.209
2025-07-20;16.438;0.3;64.5;3.539;0.183
2025-07-21;15.125;0.0;65.25;3.249;0.0
2025-07-22;12.9;0.4;58.5;3.461;0.31
2025-07-23;15.2;1.0;55.875;4.14;0.658
2025-07-24;16.525;0.0;54.75;4.531;0.0
2025-07-25;19.2;0.0;50.75;5.587;0.0
2025-07-26;22.2;0.0;54.143;5.932;0.0
2025-12-19;-8.45;3.0;92.0;0.127;
2025-12-20;-6.312;6.0;95.625;0.089;
2025-12-21;-18.175;4.6;82.875;0.046;
2025-12-22;-19.038;2.0;78.75;0.044;
2025-12-23;-8.938;1.5;86.25;0.206;
2025-12-24;-5.25;0.0;82.125;0.405;
2025-12-25;-5.45;0.5;87.0;0.289;
2025-12-26;-7.9;5.0;92.75;0.123;
2025-12-27;-19.2;2.9;79.5;0.04;
2025-12-28;-15.975;0.7;77.75;0.105;
2025-12-29;-17.138;0.0;82.25;0.064;
2025-12-30;-7.025;0.0;53.0;0.882;
2025-12-31;-1.8;0.0;74.25;0.805;
2026-01-01;-3.588;1.0;85.75;0.379;
