ActionLatency,APM,NumberOfPACs,AssignToHotkeys,SelectByHotkeys,UniqueHotkeys
53.7352,107.6016,0.0037825513,0.0002131015,0.0010335422,1.0
62.0813,122.8908,0.0023682994,0.0003273259,0.0011360136,2.0
98.7719,44.457,0.0024247065,0.0002552323,0.0009783903,2.0
90.5311,46.9962,0.0019884959,0.0001685166,0.0008201141,6.0
